{"elements":[{"from":[8.157143,8.0,8.0],"to":[8.157143,17.142857,17.142857],"rotation":{"angle":0.0,"axis":"y","origin":[3.4285712,-0.2857151,21.714287]},"faces":{"east":{"uv":[1.0,1.0,17.0,17.0],"rotation":0,"texture":"#missing","tintindex":0},"south":{"uv":[0.0,0.0,0.0,0.5],"rotation":0,"texture":"#2","tintindex":0},"north":{"uv":[0.0,0.0,0.0,0.5],"rotation":0,"texture":"#2","tintindex":0},"west":{"uv":[2.0,14.0,0.0,16.0],"rotation":0,"texture":"#2","tintindex":0},"up":{"uv":[0.0,5.0,0.0,0.0],"rotation":0,"texture":"#2","tintindex":0},"down":{"uv":[0.0,0.0,0.0,5.0],"rotation":0,"texture":"#2","tintindex":0}}},{"from":[7.8428574,8.0,8.0],"to":[7.8428574,17.142857,17.142857],"rotation":{"angle":0.0,"axis":"y","origin":[3.4285712,-0.2857151,21.714287]},"faces":{"east":{"uv":[0.0,14.0,2.0,16.0],"rotation":0,"texture":"#2","tintindex":0},"south":{"uv":[0.0,0.0,0.0,0.5],"rotation":0,"texture":"#2","tintindex":0},"north":{"uv":[0.0,0.0,0.0,0.5],"rotation":0,"texture":"#2","tintindex":0},"up":{"uv":[0.0,5.0,0.0,0.0],"rotation":0,"texture":"#2","tintindex":0},"down":{"uv":[0.0,0.0,0.0,5.0],"rotation":0,"texture":"#2","tintindex":0}}}],"textures":{"2":"modelengine:entity/moon_fang"},"display":{"head":{"translation":[0.0,-6.4,0.0],"scale":[4.0,4.0,4.0]}}}