{"elements":[{"from":[5.422857,10.280001,5.422857],"to":[10.577143,13.148572,10.577143],"rotation":{"angle":0.0,"axis":"y","origin":[8.0,-5.714287,8.0]},"faces":{"east":{"uv":[5.5,5.75,7.75,7.0],"rotation":0,"texture":"#0","tintindex":0},"south":{"uv":[3.0,6.0,5.25,7.25],"rotation":0,"texture":"#0","tintindex":0},"north":{"uv":[5.5,4.5,7.75,5.75],"rotation":0,"texture":"#0","tintindex":0},"west":{"uv":[6.25,0.0,8.5,1.25],"rotation":0,"texture":"#0","tintindex":0},"up":{"uv":[2.25,5.25,0.0,3.0],"rotation":0,"texture":"#0","tintindex":0},"down":{"uv":[4.5,3.0,2.25,5.25],"rotation":0,"texture":"#0","tintindex":0}}},{"from":[10.857143,13.428572,10.857143],"to":[5.142857,10.0,5.142857],"rotation":{"angle":0.0,"axis":"y","origin":[8.0,-5.714287,8.0]},"faces":{"east":{"uv":[0.0,15.25,1.0,14.75],"rotation":0,"texture":"#0","tintindex":0},"south":{"uv":[0.5,15.25,0.75,14.75],"rotation":0,"texture":"#0","tintindex":0},"north":{"uv":[0.0,15.25,1.0,14.75],"rotation":0,"texture":"#0","tintindex":0},"west":{"uv":[1.0,15.25,0.0,14.75],"rotation":0,"texture":"#0","tintindex":0},"up":{"uv":[1.0,15.0,1.25,15.25],"rotation":0,"texture":"#0","tintindex":0},"down":{"uv":[0.0,14.75,0.25,15.0],"rotation":0,"texture":"#0","tintindex":0}}},{"from":[5.428571,7.428571,9.428572],"to":[10.571428,10.285714,10.571428],"rotation":{"angle":-22.5,"axis":"x","origin":[5.428571,10.285714,9.428572]},"faces":{"east":{"uv":[5.75,12.25,6.25,13.5],"rotation":0,"texture":"#0","tintindex":0},"south":{"uv":[5.25,7.0,7.5,8.25],"rotation":0,"texture":"#0","tintindex":0},"north":{"uv":[6.25,1.25,8.5,2.5],"rotation":0,"texture":"#0","tintindex":0},"west":{"uv":[10.25,14.0,10.75,15.25],"rotation":0,"texture":"#0","tintindex":0},"up":{"uv":[12.75,8.5,10.5,8.0],"rotation":0,"texture":"#0","tintindex":0},"down":{"uv":[13.25,11.0,11.0,11.5],"rotation":0,"texture":"#0","tintindex":0}}},{"from":[10.857143,10.0,10.857143],"to":[5.142857,7.142857,9.142858],"rotation":{"angle":-22.5,"axis":"x","origin":[5.428571,10.285714,9.428572]},"faces":{"east":{"uv":[0.0,15.5,1.0,15.0],"rotation":0,"texture":"#0","tintindex":0},"south":{"uv":[1.0,15.5,1.25,15.25],"rotation":90,"texture":"#0","tintindex":0},"north":{"uv":[0.0,15.5,1.0,15.0],"rotation":0,"texture":"#0","tintindex":0},"west":{"uv":[0.0,15.5,1.0,15.0],"rotation":0,"texture":"#0","tintindex":0},"up":{"uv":[0.0,15.25,0.25,15.5],"rotation":0,"texture":"#0","tintindex":0},"down":{"uv":[1.0,15.0,1.25,15.25],"rotation":0,"texture":"#0","tintindex":0}}},{"from":[5.428571,7.428571,5.428571],"to":[6.5714283,10.285714,10.571428],"rotation":{"angle":-22.5,"axis":"z","origin":[6.5714283,10.285714,5.428571]},"faces":{"east":{"uv":[1.0,7.25,3.25,8.5],"rotation":0,"texture":"#0","tintindex":0},"south":{"uv":[12.5,3.0,13.0,4.25],"rotation":0,"texture":"#0","tintindex":0},"north":{"uv":[0.0,12.5,0.5,13.75],"rotation":0,"texture":"#0","tintindex":0},"west":{"uv":[7.5,2.5,9.75,3.75],"rotation":0,"texture":"#0","tintindex":0},"up":{"uv":[7.5,13.0,7.0,10.75],"rotation":0,"texture":"#0","tintindex":0},"down":{"uv":[9.0,11.25,8.5,13.5],"rotation":0,"texture":"#0","tintindex":0}}},{"from":[6.857143,10.0,10.857143],"to":[5.142857,7.142857,5.142857],"rotation":{"angle":-22.5,"axis":"z","origin":[6.5714283,10.285714,5.428571]},"faces":{"east":{"uv":[0.0,15.75,0.25,15.5],"rotation":0,"texture":"#0","tintindex":0},"south":{"uv":[0.25,15.5,0.0,15.0],"rotation":0,"texture":"#0","tintindex":0},"north":{"uv":[0.25,15.0,0.0,15.5],"rotation":180,"texture":"#0","tintindex":0},"west":{"uv":[0.75,15.5,1.75,15.25],"rotation":90,"texture":"#0","tintindex":0},"up":{"uv":[0.0,15.75,0.25,15.5],"rotation":0,"texture":"#0","tintindex":0},"down":{"uv":[1.0,15.5,1.25,15.75],"rotation":0,"texture":"#0","tintindex":0}}},{"from":[10.857143,10.0,10.857143],"to":[9.142858,7.142857,5.142857],"rotation":{"angle":22.5,"axis":"z","origin":[9.428572,10.285714,5.428571]},"faces":{"east":{"uv":[0.75,15.25,1.75,15.5],"rotation":90,"texture":"#0","tintindex":0},"south":{"uv":[0.0,15.5,0.25,15.0],"rotation":0,"texture":"#0","tintindex":0},"north":{"uv":[0.0,15.0,0.25,15.5],"rotation":180,"texture":"#0","tintindex":0},"west":{"uv":[0.25,15.75,0.0,15.5],"rotation":0,"texture":"#0","tintindex":0},"up":{"uv":[0.25,15.75,0.0,15.5],"rotation":0,"texture":"#0","tintindex":0},"down":{"uv":[1.25,15.5,1.0,15.75],"rotation":0,"texture":"#0","tintindex":0}}},{"from":[5.714286,10.285714,3.7142854],"to":[10.285714,10.857143,5.428571],"rotation":{"angle":-22.5,"axis":"x","origin":[5.714286,10.857143,5.428571]},"faces":{"east":{"uv":[7.75,6.75,8.5,7.0],"rotation":0,"texture":"#0","tintindex":0},"south":{"uv":[12.5,8.5,14.5,8.75],"rotation":0,"texture":"#0","tintindex":0},"north":{"uv":[11.5,7.75,13.5,8.0],"rotation":0,"texture":"#0","tintindex":0},"west":{"uv":[12.75,0.5,13.5,0.75],"rotation":0,"texture":"#0","tintindex":0},"up":{"uv":[12.0,4.25,10.0,3.5],"rotation":0,"texture":"#0","tintindex":0},"down":{"uv":[12.0,4.25,10.0,5.0],"rotation":0,"texture":"#0","tintindex":0}}},{"from":[10.571428,11.142858,5.714286],"to":[5.428571,10.0,3.4285712],"rotation":{"angle":-22.5,"axis":"x","origin":[5.714286,10.857143,5.428571]},"faces":{"east":{"uv":[0.0,15.25,0.25,15.5],"rotation":0,"texture":"#0","tintindex":0},"south":{"uv":[0.0,15.25,0.25,15.5],"rotation":0,"texture":"#0","tintindex":0},"north":{"uv":[1.0,15.25,1.25,15.5],"rotation":0,"texture":"#0","tintindex":0},"west":{"uv":[0.0,15.25,0.25,15.5],"rotation":0,"texture":"#0","tintindex":0},"up":{"uv":[1.0,15.25,1.25,15.5],"rotation":0,"texture":"#0","tintindex":0},"down":{"uv":[0.0,15.25,0.25,15.5],"rotation":0,"texture":"#0","tintindex":0}}},{"from":[3.7142854,8.571428,6.0],"to":[5.428571,10.285714,6.5714283],"rotation":{"angle":-22.5,"axis":"z","origin":[6.5714283,10.285714,5.428571]},"faces":{"east":{"uv":[5.25,6.0,5.5,6.75],"rotation":0,"texture":"#0","tintindex":0},"south":{"uv":[7.5,12.5,8.25,13.25],"rotation":0,"texture":"#0","tintindex":0},"north":{"uv":[12.5,4.25,13.25,5.0],"rotation":0,"texture":"#0","tintindex":0},"west":{"uv":[7.5,3.75,7.75,4.5],"rotation":0,"texture":"#0","tintindex":0},"up":{"uv":[13.5,1.0,12.75,0.75],"rotation":0,"texture":"#0","tintindex":0},"down":{"uv":[13.5,1.0,12.75,1.25],"rotation":0,"texture":"#0","tintindex":0}}},{"from":[5.714286,10.571428,6.857143],"to":[3.4285712,8.285714,5.714286],"rotation":{"angle":-22.5,"axis":"z","origin":[6.5714283,10.285714,5.428571]},"faces":{"east":{"uv":[0.0,15.25,0.25,14.75],"rotation":0,"texture":"#0","tintindex":0},"south":{"uv":[0.0,15.25,0.25,14.75],"rotation":0,"texture":"#0","tintindex":0},"north":{"uv":[0.0,15.25,0.25,14.75],"rotation":0,"texture":"#0","tintindex":0},"west":{"uv":[0.0,15.25,0.25,14.75],"rotation":0,"texture":"#0","tintindex":0},"up":{"uv":[0.0,15.0,1.0,15.25],"rotation":0,"texture":"#0","tintindex":0},"down":{"uv":[0.0,14.75,0.25,15.0],"rotation":0,"texture":"#0","tintindex":0}}},{"from":[12.571428,10.571428,6.857143],"to":[10.285714,8.285714,5.714286],"rotation":{"angle":22.5,"axis":"z","origin":[9.428572,10.285714,5.428571]},"faces":{"east":{"uv":[0.25,15.25,0.0,14.75],"rotation":0,"texture":"#0","tintindex":0},"south":{"uv":[0.25,15.25,0.0,14.75],"rotation":0,"texture":"#0","tintindex":0},"north":{"uv":[0.25,15.25,0.0,14.75],"rotation":0,"texture":"#0","tintindex":0},"west":{"uv":[0.25,15.25,0.0,14.75],"rotation":0,"texture":"#0","tintindex":0},"up":{"uv":[1.0,15.0,0.0,15.25],"rotation":0,"texture":"#0","tintindex":0},"down":{"uv":[0.25,14.75,0.0,15.0],"rotation":0,"texture":"#0","tintindex":0}}},{"from":[7.1285715,11.414286,5.1285715],"to":[8.8714285,16.585714,5.1571426],"rotation":{"angle":0.0,"axis":"y","origin":[8.0,-5.714287,7.857143]},"faces":{"east":{"uv":[0.0,14.5,0.25,14.75],"rotation":0,"texture":"#0","tintindex":0},"south":{"uv":[9.5,9.75,10.25,12.0],"rotation":0,"texture":"#0","tintindex":0},"north":{"uv":[10.25,9.75,9.5,12.0],"rotation":0,"texture":"#0","tintindex":0},"west":{"uv":[0.0,14.5,0.25,14.75],"rotation":0,"texture":"#0","tintindex":0},"up":{"uv":[0.0,14.5,0.25,14.75],"rotation":0,"texture":"#0","tintindex":0},"down":{"uv":[0.0,14.5,0.25,14.75],"rotation":0,"texture":"#0","tintindex":0}}},{"from":[6.857143,12.285715,5.285714],"to":[9.142858,15.142858,5.285714],"rotation":{"angle":0.0,"axis":"y","origin":[8.0,-5.714287,7.857143]},"faces":{"east":{"uv":[0.0,0.0,0.0,2.25],"rotation":0,"texture":"#0","tintindex":0},"north":{"uv":[0.5,14.75,0.75,15.0],"rotation":0,"texture":"#0","tintindex":0},"west":{"uv":[0.0,0.0,0.0,2.25],"rotation":0,"texture":"#0","tintindex":0},"up":{"uv":[0.75,0.0,0.0,0.0],"rotation":0,"texture":"#0","tintindex":0},"down":{"uv":[0.75,0.0,0.0,0.0],"rotation":0,"texture":"#0","tintindex":0}}},{"from":[7.428571,15.142858,5.285714],"to":[8.571428,16.285715,5.285714],"rotation":{"angle":0.0,"axis":"y","origin":[8.0,-5.714287,7.857143]},"faces":{"east":{"uv":[0.0,0.0,0.0,2.25],"rotation":0,"texture":"#0","tintindex":0},"north":{"uv":[0.0,14.75,0.25,15.0],"rotation":0,"texture":"#0","tintindex":0},"west":{"uv":[0.0,0.0,0.0,2.25],"rotation":0,"texture":"#0","tintindex":0},"up":{"uv":[0.75,0.0,0.0,0.0],"rotation":0,"texture":"#0","tintindex":0},"down":{"uv":[0.75,0.0,0.0,0.0],"rotation":0,"texture":"#0","tintindex":0}}},{"from":[5.4142857,11.414286,5.1285715],"to":[7.1571426,14.8714285,5.1571426],"rotation":{"angle":22.5,"axis":"z","origin":[7.142857,12.571428,5.142857]},"faces":{"east":{"uv":[0.0,14.5,0.25,14.75],"rotation":0,"texture":"#0","tintindex":0},"south":{"uv":[14.25,0.0,13.5,1.5],"rotation":0,"texture":"#0","tintindex":0},"north":{"uv":[13.5,0.0,14.25,1.5],"rotation":0,"texture":"#0","tintindex":0},"west":{"uv":[0.0,14.5,0.25,14.75],"rotation":0,"texture":"#0","tintindex":0},"up":{"uv":[0.0,14.5,0.25,14.75],"rotation":0,"texture":"#0","tintindex":0},"down":{"uv":[0.0,14.5,0.25,14.75],"rotation":0,"texture":"#0","tintindex":0}}},{"from":[5.142857,12.857143,5.285714],"to":[6.857143,15.142858,5.285714],"rotation":{"angle":22.5,"axis":"z","origin":[7.142857,12.571428,5.142857]},"faces":{"east":{"uv":[0.0,0.0,0.0,2.25],"rotation":0,"texture":"#0","tintindex":0},"north":{"uv":[2.25,15.5,3.0,16.0],"rotation":0,"texture":"#0","tintindex":0},"west":{"uv":[0.0,0.0,0.0,2.25],"rotation":0,"texture":"#0","tintindex":0},"up":{"uv":[0.75,0.0,0.0,0.0],"rotation":0,"texture":"#0","tintindex":0},"down":{"uv":[0.75,0.0,0.0,0.0],"rotation":0,"texture":"#0","tintindex":0}}},{"from":[5.142857,12.857143,5.0],"to":[6.857143,15.142858,5.0],"rotation":{"angle":22.5,"axis":"z","origin":[7.142857,12.571428,10.857143]},"faces":{"east":{"uv":[0.0,0.0,0.0,2.25],"rotation":0,"texture":"#0","tintindex":0},"south":{"uv":[3.0,15.5,2.25,16.0],"rotation":0,"texture":"#0","tintindex":0},"west":{"uv":[0.0,0.0,0.0,2.25],"rotation":0,"texture":"#0","tintindex":0},"up":{"uv":[0.75,0.0,0.0,0.0],"rotation":0,"texture":"#0","tintindex":0},"down":{"uv":[0.75,0.0,0.0,0.0],"rotation":0,"texture":"#0","tintindex":0}}},{"from":[9.142858,12.857143,5.0],"to":[10.857143,15.142858,5.0],"rotation":{"angle":-22.5,"axis":"z","origin":[8.857143,12.571428,10.857143]},"faces":{"east":{"uv":[0.0,0.0,0.0,2.25],"rotation":0,"texture":"#0","tintindex":0},"south":{"uv":[2.25,15.5,3.0,16.0],"rotation":0,"texture":"#0","tintindex":0},"west":{"uv":[0.0,0.0,0.0,2.25],"rotation":0,"texture":"#0","tintindex":0},"up":{"uv":[0.0,0.0,0.75,0.0],"rotation":0,"texture":"#0","tintindex":0},"down":{"uv":[0.0,0.0,0.75,0.0],"rotation":0,"texture":"#0","tintindex":0}}},{"from":[9.142858,12.857143,5.285714],"to":[10.857143,15.142858,5.285714],"rotation":{"angle":-22.5,"axis":"z","origin":[8.857143,12.571428,5.142857]},"faces":{"east":{"uv":[0.0,0.0,0.0,2.25],"rotation":0,"texture":"#0","tintindex":0},"north":{"uv":[3.0,15.5,2.25,16.0],"rotation":0,"texture":"#0","tintindex":0},"west":{"uv":[0.0,0.0,0.0,2.25],"rotation":0,"texture":"#0","tintindex":0},"up":{"uv":[0.0,0.0,0.75,0.0],"rotation":0,"texture":"#0","tintindex":0},"down":{"uv":[0.0,0.0,0.75,0.0],"rotation":0,"texture":"#0","tintindex":0}}},{"from":[9.428572,7.428571,5.428571],"to":[10.571428,10.285714,10.571428],"rotation":{"angle":22.5,"axis":"z","origin":[9.428572,10.285714,5.428571]},"faces":{"east":{"uv":[9.75,2.5,7.5,3.75],"rotation":0,"texture":"#0","tintindex":0},"south":{"uv":[13.0,3.0,12.5,4.25],"rotation":0,"texture":"#0","tintindex":0},"north":{"uv":[0.5,12.5,0.0,13.75],"rotation":0,"texture":"#0","tintindex":0},"west":{"uv":[3.25,7.25,1.0,8.5],"rotation":0,"texture":"#0","tintindex":0},"up":{"uv":[7.0,13.0,7.5,10.75],"rotation":0,"texture":"#0","tintindex":0},"down":{"uv":[8.5,11.25,9.0,13.5],"rotation":0,"texture":"#0","tintindex":0}}},{"from":[10.571428,8.571428,6.0],"to":[12.285715,10.285714,6.5714283],"rotation":{"angle":22.5,"axis":"z","origin":[9.428572,10.285714,5.428571]},"faces":{"east":{"uv":[7.75,3.75,7.5,4.5],"rotation":0,"texture":"#0","tintindex":0},"south":{"uv":[8.25,12.5,7.5,13.25],"rotation":0,"texture":"#0","tintindex":0},"north":{"uv":[13.25,4.25,12.5,5.0],"rotation":0,"texture":"#0","tintindex":0},"west":{"uv":[5.5,6.0,5.25,6.75],"rotation":0,"texture":"#0","tintindex":0},"up":{"uv":[12.75,1.0,13.5,0.75],"rotation":0,"texture":"#0","tintindex":0},"down":{"uv":[12.75,1.0,13.5,1.25],"rotation":0,"texture":"#0","tintindex":0}}},{"from":[8.842857,11.414286,5.1285715],"to":[10.585714,14.8714285,5.1571426],"rotation":{"angle":-22.5,"axis":"z","origin":[8.857143,12.571428,5.142857]},"faces":{"east":{"uv":[0.0,14.5,0.25,14.75],"rotation":0,"texture":"#0","tintindex":0},"south":{"uv":[13.5,0.0,14.25,1.5],"rotation":0,"texture":"#0","tintindex":0},"north":{"uv":[14.25,0.0,13.5,1.5],"rotation":0,"texture":"#0","tintindex":0},"west":{"uv":[0.0,14.5,0.25,14.75],"rotation":0,"texture":"#0","tintindex":0},"up":{"uv":[0.0,14.5,0.25,14.75],"rotation":0,"texture":"#0","tintindex":0},"down":{"uv":[0.0,14.5,0.25,14.75],"rotation":0,"texture":"#0","tintindex":0}}},{"from":[7.6285715,16.2,5.142857],"to":[8.3714285,16.942858,5.142857],"rotation":{"angle":-45.0,"axis":"z","origin":[8.0,16.57143,5.142857]},"faces":{"east":{"uv":[0.0,0.0,0.0,2.25],"rotation":0,"texture":"#0","tintindex":0},"south":{"uv":[10.0,12.0,9.5,12.5],"rotation":0,"texture":"#0","tintindex":0},"north":{"uv":[9.5,12.0,10.0,12.5],"rotation":0,"texture":"#0","tintindex":0},"west":{"uv":[0.0,0.0,0.0,2.25],"rotation":0,"texture":"#0","tintindex":0},"up":{"uv":[0.75,0.0,0.0,0.0],"rotation":0,"texture":"#0","tintindex":0},"down":{"uv":[0.75,0.0,0.0,0.0],"rotation":0,"texture":"#0","tintindex":0}}},{"from":[7.3428574,15.914286,5.285714],"to":[8.657143,17.228573,5.285714],"rotation":{"angle":-45.0,"axis":"z","origin":[8.0,16.57143,5.142857]},"faces":{"east":{"uv":[0.0,0.0,0.0,2.25],"rotation":0,"texture":"#0","tintindex":0},"north":{"uv":[0.0,14.75,0.25,15.0],"rotation":0,"texture":"#0","tintindex":0},"west":{"uv":[0.0,0.0,0.0,2.25],"rotation":0,"texture":"#0","tintindex":0},"up":{"uv":[0.75,0.0,0.0,0.0],"rotation":0,"texture":"#0","tintindex":0},"down":{"uv":[0.75,0.0,0.0,0.0],"rotation":0,"texture":"#0","tintindex":0}}},{"from":[6.857143,12.285715,5.0],"to":[9.142858,15.142858,5.0],"rotation":{"angle":0.0,"axis":"y","origin":[8.0,-5.714287,2.4285712]},"faces":{"east":{"uv":[0.0,0.0,0.0,2.25],"rotation":0,"texture":"#0","tintindex":0},"south":{"uv":[0.75,14.75,0.5,15.0],"rotation":0,"texture":"#0","tintindex":0},"west":{"uv":[0.0,0.0,0.0,2.25],"rotation":0,"texture":"#0","tintindex":0},"up":{"uv":[0.75,0.0,0.0,0.0],"rotation":0,"texture":"#0","tintindex":0},"down":{"uv":[0.75,0.0,0.0,0.0],"rotation":0,"texture":"#0","tintindex":0}}},{"from":[7.428571,15.142858,5.0],"to":[8.571428,16.285715,5.0],"rotation":{"angle":0.0,"axis":"y","origin":[8.0,-5.714287,2.4285712]},"faces":{"east":{"uv":[0.0,0.0,0.0,2.25],"rotation":0,"texture":"#0","tintindex":0},"south":{"uv":[0.25,14.75,0.0,15.0],"rotation":0,"texture":"#0","tintindex":0},"west":{"uv":[0.0,0.0,0.0,2.25],"rotation":0,"texture":"#0","tintindex":0},"up":{"uv":[0.75,0.0,0.0,0.0],"rotation":0,"texture":"#0","tintindex":0},"down":{"uv":[0.75,0.0,0.0,0.0],"rotation":0,"texture":"#0","tintindex":0}}},{"from":[7.3428574,15.914286,5.0],"to":[8.657143,17.228573,5.0],"rotation":{"angle":-45.0,"axis":"z","origin":[8.0,16.57143,5.142857]},"faces":{"east":{"uv":[0.0,0.0,0.0,2.25],"rotation":0,"texture":"#0","tintindex":0},"south":{"uv":[0.25,14.75,0.0,15.0],"rotation":0,"texture":"#0","tintindex":0},"west":{"uv":[0.0,0.0,0.0,2.25],"rotation":0,"texture":"#0","tintindex":0},"up":{"uv":[0.75,0.0,0.0,0.0],"rotation":0,"texture":"#0","tintindex":0},"down":{"uv":[0.75,0.0,0.0,0.0],"rotation":0,"texture":"#0","tintindex":0}}}],"textures":{"0":"modelengine:entity/possessed_samurai_armor"},"display":{"head":{"translation":[0.0,-6.4,0.0],"scale":[4.0,4.0,4.0]}}}