{"elements":[{"from":[6.857143,6.857143,5.714286],"to":[9.142858,9.142858,5.714286],"rotation":{"angle":45.0,"axis":"z","origin":[8.0,8.0,5.714286]},"faces":{"east":{"uv":[0.0,0.0,0.0,1.0],"rotation":0,"texture":"#0","tintindex":0},"south":{"uv":[11.75,0.5,12.75,1.5],"rotation":0,"texture":"#0","tintindex":0},"north":{"uv":[12.75,0.5,11.75,1.5],"rotation":0,"texture":"#0","tintindex":0},"west":{"uv":[0.0,0.0,0.0,1.0],"rotation":0,"texture":"#0","tintindex":0},"up":{"uv":[1.0,0.0,0.0,0.0],"rotation":0,"texture":"#0","tintindex":0},"down":{"uv":[1.0,0.0,0.0,0.0],"rotation":0,"texture":"#0","tintindex":0}}},{"from":[7.428571,7.428571,5.714286],"to":[8.571428,8.571428,12.0],"rotation":{"angle":0.0,"axis":"y","origin":[3.4285712,0.0,8.0]},"faces":{"east":{"uv":[8.75,5.75,11.5,6.25],"rotation":0,"texture":"#0","tintindex":0},"south":{"uv":[10.75,12.5,11.25,13.0],"rotation":0,"texture":"#0","tintindex":0},"north":{"uv":[7.0,2.5,7.5,3.0],"rotation":0,"texture":"#0","tintindex":0},"west":{"uv":[10.0,5.0,12.75,5.5],"rotation":0,"texture":"#0","tintindex":0},"up":{"uv":[1.25,13.25,0.75,10.5],"rotation":0,"texture":"#0","tintindex":0},"down":{"uv":[7.0,10.75,6.5,13.5],"rotation":0,"texture":"#0","tintindex":0}}},{"from":[8.0,7.428571,-5.714287],"to":[8.0,8.571428,5.714286],"rotation":{"angle":0.0,"axis":"y","origin":[3.4285712,0.0,8.0]},"faces":{"east":{"uv":[13.5,0.0,8.5,0.5],"rotation":0,"texture":"#0","tintindex":0},"south":{"uv":[0.0,0.0,0.0,0.5],"rotation":0,"texture":"#0","tintindex":0},"north":{"uv":[0.0,0.0,0.0,0.5],"rotation":0,"texture":"#0","tintindex":0},"west":{"uv":[8.5,0.0,13.5,0.5],"rotation":0,"texture":"#0","tintindex":0},"up":{"uv":[0.0,5.0,0.0,0.0],"rotation":0,"texture":"#0","tintindex":0},"down":{"uv":[0.0,0.0,0.0,5.0],"rotation":0,"texture":"#0","tintindex":0}}},{"from":[7.857143,7.142857,-4.8571434],"to":[7.857143,8.857143,5.714286],"rotation":{"angle":0.0,"axis":"y","origin":[3.4285712,0.0,8.0]},"faces":{"east":{"uv":[0.0,15.0,0.5,16.0],"rotation":90,"texture":"#0","tintindex":0},"south":{"uv":[0.0,0.0,0.0,0.5],"rotation":0,"texture":"#0","tintindex":0},"north":{"uv":[0.0,0.0,0.0,0.5],"rotation":0,"texture":"#0","tintindex":0},"up":{"uv":[0.0,5.0,0.0,0.0],"rotation":0,"texture":"#0","tintindex":0},"down":{"uv":[0.0,0.0,0.0,5.0],"rotation":0,"texture":"#0","tintindex":0}}},{"from":[7.857143,7.714286,-6.000001],"to":[7.857143,8.857143,-4.8571434],"rotation":{"angle":0.0,"axis":"y","origin":[3.4285712,0.0,8.0]},"faces":{"east":{"uv":[0.0,15.0,0.5,15.25],"rotation":90,"texture":"#0","tintindex":0},"south":{"uv":[0.0,0.0,0.0,0.5],"rotation":0,"texture":"#0","tintindex":0},"north":{"uv":[0.0,0.0,0.0,0.5],"rotation":0,"texture":"#0","tintindex":0},"up":{"uv":[0.0,5.0,0.0,0.0],"rotation":0,"texture":"#0","tintindex":0},"down":{"uv":[0.0,0.0,0.0,5.0],"rotation":0,"texture":"#0","tintindex":0}}},{"from":[8.142858,7.714286,-6.000001],"to":[8.142858,8.857143,-4.8571434],"rotation":{"angle":0.0,"axis":"y","origin":[5.714286,0.0,8.0]},"faces":{"south":{"uv":[0.0,0.0,0.0,0.5],"rotation":0,"texture":"#0","tintindex":0},"north":{"uv":[0.0,0.0,0.0,0.5],"rotation":0,"texture":"#0","tintindex":0},"west":{"uv":[0.0,15.25,0.5,15.0],"rotation":90,"texture":"#0","tintindex":0},"up":{"uv":[0.0,5.0,0.0,0.0],"rotation":0,"texture":"#0","tintindex":0},"down":{"uv":[0.0,0.0,0.0,5.0],"rotation":0,"texture":"#0","tintindex":0}}},{"from":[8.142858,7.142857,-4.8571434],"to":[8.142858,8.857143,5.714286],"rotation":{"angle":0.0,"axis":"y","origin":[5.714286,0.0,8.0]},"faces":{"south":{"uv":[0.0,0.0,0.0,0.5],"rotation":0,"texture":"#0","tintindex":0},"north":{"uv":[0.0,0.0,0.0,0.5],"rotation":0,"texture":"#0","tintindex":0},"west":{"uv":[0.0,16.0,0.5,15.0],"rotation":90,"texture":"#0","tintindex":0},"up":{"uv":[0.0,5.0,0.0,0.0],"rotation":0,"texture":"#0","tintindex":0},"down":{"uv":[0.0,0.0,0.0,5.0],"rotation":0,"texture":"#0","tintindex":0}}}],"textures":{"0":"modelengine:entity/possessed_samurai_armor"},"display":{"head":{"translation":[0.0,-6.4,0.0],"scale":[4.0,4.0,4.0]}}}