{"elements":[{"from":[6.5714283,3.7142854,6.5714283],"to":[8.857143,8.285714,9.428572],"rotation":{"angle":-22.5,"axis":"z","origin":[6.5714283,8.285714,6.857143]},"faces":{"east":{"uv":[10.0,3.75,8.75,5.75],"rotation":0,"texture":"#0","tintindex":0},"south":{"uv":[4.25,9.75,3.25,11.75],"rotation":0,"texture":"#0","tintindex":0},"north":{"uv":[8.5,9.5,7.5,11.5],"rotation":0,"texture":"#0","tintindex":0},"west":{"uv":[9.75,0.5,8.5,2.5],"rotation":0,"texture":"#0","tintindex":0},"up":{"uv":[2.25,12.25,3.25,11.0],"rotation":0,"texture":"#0","tintindex":0},"down":{"uv":[11.0,9.75,12.0,11.0],"rotation":0,"texture":"#0","tintindex":0}}},{"from":[9.142858,8.571428,9.714286],"to":[6.285714,3.4285712,6.285714],"rotation":{"angle":-22.5,"axis":"z","origin":[6.5714283,8.285714,6.857143]},"faces":{"east":{"uv":[0.0,16.0,1.0,15.75],"rotation":0,"texture":"#0","tintindex":0},"south":{"uv":[0.0,16.0,1.0,15.75],"rotation":0,"texture":"#0","tintindex":0},"north":{"uv":[0.0,16.0,1.0,15.75],"rotation":0,"texture":"#0","tintindex":0},"west":{"uv":[0.0,16.0,1.0,15.75],"rotation":0,"texture":"#0","tintindex":0},"up":{"uv":[0.25,16.0,0.5,15.75],"rotation":0,"texture":"#0","tintindex":0},"down":{"uv":[0.5,15.75,0.75,16.0],"rotation":0,"texture":"#0","tintindex":0}}}],"textures":{"0":"modelengine:entity/possessed_samurai_armor"},"display":{"head":{"translation":[0.0,-6.4,0.0],"scale":[4.0,4.0,4.0]}}}