{"elements":[{"from":[6.857143,2.8571424,7.428571],"to":[9.142858,8.571428,9.714286],"rotation":{"angle":0.0,"axis":"y","origin":[9.142858,2.8571424,8.571428]},"faces":{"east":{"uv":[9.5,6.75,8.5,9.25],"rotation":0,"texture":"#0","tintindex":0},"south":{"uv":[3.25,8.5,2.25,11.0],"rotation":0,"texture":"#0","tintindex":0},"north":{"uv":[7.5,8.25,6.5,10.75],"rotation":0,"texture":"#0","tintindex":0},"west":{"uv":[2.25,8.5,1.25,11.0],"rotation":0,"texture":"#0","tintindex":0},"up":{"uv":[11.75,3.0,12.75,2.0],"rotation":0,"texture":"#0","tintindex":0},"down":{"uv":[3.25,11.75,4.25,12.75],"rotation":0,"texture":"#0","tintindex":0}}},{"from":[9.428572,8.857143,10.0],"to":[6.5714283,2.5714283,7.142857],"rotation":{"angle":0.0,"axis":"y","origin":[9.142858,2.8571424,8.571428]},"faces":{"east":{"uv":[0.0,15.75,1.0,16.0],"rotation":0,"texture":"#0","tintindex":0},"south":{"uv":[0.0,15.75,1.0,16.0],"rotation":0,"texture":"#0","tintindex":0},"north":{"uv":[0.0,15.75,1.0,16.0],"rotation":0,"texture":"#0","tintindex":0},"west":{"uv":[0.0,15.75,1.0,16.0],"rotation":0,"texture":"#0","tintindex":0},"up":{"uv":[0.25,15.75,0.5,16.0],"rotation":0,"texture":"#0","tintindex":0},"down":{"uv":[0.25,15.75,0.5,16.0],"rotation":0,"texture":"#0","tintindex":0}}},{"from":[7.428571,5.142857,7.285714],"to":[8.571428,6.285714,7.285714],"rotation":{"angle":45.0,"axis":"z","origin":[8.0,5.714286,7.285714]},"faces":{"east":{"uv":[0.0,0.0,0.0,0.5],"rotation":0,"texture":"#0","tintindex":0},"south":{"uv":[11.75,12.5,11.25,13.0],"rotation":0,"texture":"#0","tintindex":0},"north":{"uv":[11.25,12.5,11.75,13.0],"rotation":0,"texture":"#0","tintindex":0},"west":{"uv":[0.0,0.0,0.0,0.5],"rotation":0,"texture":"#0","tintindex":0},"up":{"uv":[0.0,0.0,0.5,0.0],"rotation":0,"texture":"#0","tintindex":0},"down":{"uv":[0.0,0.0,0.5,0.0],"rotation":0,"texture":"#0","tintindex":0}}}],"textures":{"0":"modelengine:entity/possessed_samurai_armor"},"display":{"head":{"translation":[0.0,-6.4,0.0],"scale":[4.0,4.0,4.0]}}}