{"elements":[{"from":[8.285714,8.857143,9.714286],"to":[5.428571,3.7142854,6.285714],"rotation":{"angle":-22.5,"axis":"z","origin":[7.428571,8.571428,6.857143]},"faces":{"east":{"uv":[0.0,16.0,1.0,15.0],"rotation":0,"texture":"#0","tintindex":0},"south":{"uv":[0.0,16.0,1.0,15.0],"rotation":0,"texture":"#0","tintindex":0},"north":{"uv":[0.0,16.0,1.0,15.0],"rotation":0,"texture":"#0","tintindex":0},"west":{"uv":[0.0,16.0,1.0,15.0],"rotation":0,"texture":"#0","tintindex":0},"up":{"uv":[0.25,15.75,0.5,16.0],"rotation":0,"texture":"#0","tintindex":0},"down":{"uv":[0.5,15.0,0.75,15.25],"rotation":0,"texture":"#0","tintindex":0}}},{"from":[8.314285,8.285714,9.428572],"to":[5.457143,1.9999995,6.5714283],"rotation":{"angle":0.0,"axis":"y","origin":[11.428572,-4.5714293,8.0]},"faces":{"east":{"uv":[0.0,16.0,1.0,15.25],"rotation":0,"texture":"#0","tintindex":0},"south":{"uv":[0.0,16.0,1.0,15.25],"rotation":0,"texture":"#0","tintindex":0},"north":{"uv":[0.0,16.0,1.0,15.25],"rotation":0,"texture":"#0","tintindex":0},"west":{"uv":[0.0,16.0,1.0,15.25],"rotation":0,"texture":"#0","tintindex":0},"up":{"uv":[0.25,15.75,0.5,16.0],"rotation":0,"texture":"#0","tintindex":0},"down":{"uv":[0.5,15.25,0.75,15.5],"rotation":0,"texture":"#0","tintindex":0}}},{"from":[5.714286,2.2857141,6.857143],"to":[8.0,8.0,9.142858],"rotation":{"angle":0.0,"axis":"y","origin":[11.428572,-4.5714293,8.0]},"faces":{"east":{"uv":[8.75,3.75,7.75,6.25],"rotation":0,"texture":"#0","tintindex":0},"south":{"uv":[8.5,7.0,7.5,9.5],"rotation":0,"texture":"#0","tintindex":0},"north":{"uv":[4.25,7.25,3.25,9.75],"rotation":0,"texture":"#0","tintindex":0},"west":{"uv":[5.25,7.25,4.25,9.75],"rotation":0,"texture":"#0","tintindex":0},"up":{"uv":[7.5,12.5,8.5,11.5],"rotation":0,"texture":"#0","tintindex":0},"down":{"uv":[11.5,8.5,12.5,9.5],"rotation":0,"texture":"#0","tintindex":0}}},{"from":[5.714286,4.0,6.5714283],"to":[8.0,8.571428,9.428572],"rotation":{"angle":-22.5,"axis":"z","origin":[7.428571,8.571428,6.857143]},"faces":{"east":{"uv":[1.25,8.5,0.0,10.5],"rotation":0,"texture":"#0","tintindex":0},"south":{"uv":[10.5,6.75,9.5,8.75],"rotation":0,"texture":"#0","tintindex":0},"north":{"uv":[9.5,9.25,8.5,11.25],"rotation":0,"texture":"#0","tintindex":0},"west":{"uv":[6.5,8.25,5.25,10.25],"rotation":0,"texture":"#0","tintindex":0},"up":{"uv":[10.5,8.0,11.5,6.75],"rotation":0,"texture":"#0","tintindex":0},"down":{"uv":[1.25,11.0,2.25,12.25],"rotation":0,"texture":"#0","tintindex":0}}}],"textures":{"0":"modelengine:entity/possessed_samurai_armor"},"display":{"head":{"translation":[0.0,-6.4,0.0],"scale":[4.0,4.0,4.0]}}}