{"elements":[{"from":[7.4228573,3.4228568,6.2799997],"to":[9.148571,8.005714,7.4342856],"rotation":{"angle":0.0,"axis":"y","origin":[9.142858,8.0,6.285714]},"faces":{"east":{"uv":[10.75,11.75,10.25,13.75],"rotation":0,"texture":"#0","tintindex":0},"south":{"uv":[6.5,10.25,5.75,12.25],"rotation":0,"texture":"#0","tintindex":0},"north":{"uv":[5.75,10.25,5.0,12.25],"rotation":0,"texture":"#0","tintindex":0},"west":{"uv":[9.5,11.25,9.0,13.25],"rotation":0,"texture":"#0","tintindex":0},"up":{"uv":[6.25,3.0,7.0,2.5],"rotation":0,"texture":"#0","tintindex":0},"down":{"uv":[12.5,9.25,13.25,9.75],"rotation":0,"texture":"#0","tintindex":0}}},{"from":[9.428572,8.285714,7.714286],"to":[7.142857,3.142857,6.0],"rotation":{"angle":0.0,"axis":"y","origin":[9.142858,8.0,6.285714]},"faces":{"east":{"uv":[0.0,16.0,1.0,15.75],"rotation":0,"texture":"#0","tintindex":0},"south":{"uv":[0.0,16.0,1.0,15.75],"rotation":0,"texture":"#0","tintindex":0},"north":{"uv":[0.0,16.0,1.0,15.75],"rotation":0,"texture":"#0","tintindex":0},"west":{"uv":[0.0,16.0,1.0,15.75],"rotation":0,"texture":"#0","tintindex":0},"up":{"uv":[0.25,15.75,0.5,16.0],"rotation":0,"texture":"#0","tintindex":0},"down":{"uv":[0.5,15.75,0.75,16.0],"rotation":0,"texture":"#0","tintindex":0}}},{"from":[7.4228573,3.565714,8.422857],"to":[9.148571,8.148571,9.577143],"rotation":{"angle":-22.5,"axis":"x","origin":[9.142858,8.142858,8.428572]},"faces":{"east":{"uv":[4.75,12.0,4.25,14.0],"rotation":0,"texture":"#0","tintindex":0},"south":{"uv":[0.75,10.5,0.0,12.5],"rotation":0,"texture":"#0","tintindex":0},"north":{"uv":[11.0,9.75,10.25,11.75],"rotation":0,"texture":"#0","tintindex":0},"west":{"uv":[12.5,3.0,12.0,5.0],"rotation":0,"texture":"#0","tintindex":0},"up":{"uv":[12.5,10.25,13.25,9.75],"rotation":0,"texture":"#0","tintindex":0},"down":{"uv":[12.5,10.25,13.25,10.75],"rotation":0,"texture":"#0","tintindex":0}}},{"from":[9.428572,8.428572,9.857143],"to":[7.142857,3.2857141,8.142858],"rotation":{"angle":-22.5,"axis":"x","origin":[9.142858,8.142858,8.428572]},"faces":{"east":{"uv":[0.0,16.0,1.0,15.75],"rotation":0,"texture":"#0","tintindex":0},"south":{"uv":[0.0,16.0,1.0,15.75],"rotation":0,"texture":"#0","tintindex":0},"north":{"uv":[0.0,16.0,1.0,15.75],"rotation":0,"texture":"#0","tintindex":0},"west":{"uv":[0.0,16.0,1.0,15.75],"rotation":0,"texture":"#0","tintindex":0},"up":{"uv":[0.25,15.75,0.5,16.0],"rotation":0,"texture":"#0","tintindex":0},"down":{"uv":[0.5,15.75,0.75,16.0],"rotation":0,"texture":"#0","tintindex":0}}}],"textures":{"0":"modelengine:entity/possessed_samurai_armor"},"display":{"head":{"translation":[0.0,-6.4,0.0],"scale":[4.0,4.0,4.0]}}}