{"elements":[{"from":[5.142857,-3.4285717,8.0],"to":[8.0,8.0,13.714286],"rotation":{"angle":0.0,"axis":"y","origin":[6.5714283,30.857143,40.0]},"faces":{"east":{"uv":[8.375,5.0,9.625,7.5],"rotation":0,"texture":"#2","tintindex":0},"south":{"uv":[10.875,7.5,11.5,10.0],"rotation":0,"texture":"#2","tintindex":0},"north":{"uv":[10.625,5.0,11.25,7.5],"rotation":0,"texture":"#2","tintindex":0},"west":{"uv":[8.625,7.5,9.875,10.0],"rotation":0,"texture":"#2","tintindex":0},"up":{"uv":[11.875,1.25,11.25,0.0],"rotation":0,"texture":"#2","tintindex":0},"down":{"uv":[11.875,1.25,11.25,2.5],"rotation":0,"texture":"#2","tintindex":0}}},{"from":[8.571428,8.571428,14.285715],"to":[4.5714283,-4.000001,7.428571],"rotation":{"angle":0.0,"axis":"y","origin":[6.5714283,30.857143,40.0]},"faces":{"east":{"uv":[15.875,16.0,16.0,15.8125],"rotation":0,"texture":"#2","tintindex":0},"south":{"uv":[15.875,16.0,16.0,15.8125],"rotation":0,"texture":"#2","tintindex":0},"north":{"uv":[15.875,16.0,16.0,15.8125],"rotation":0,"texture":"#2","tintindex":0},"west":{"uv":[15.875,16.0,16.0,15.8125],"rotation":0,"texture":"#2","tintindex":0},"up":{"uv":[15.875,16.0,16.0,15.875],"rotation":0,"texture":"#2","tintindex":0},"down":{"uv":[15.875,15.875,16.0,15.8125],"rotation":0,"texture":"#2","tintindex":0}}}],"textures":{"2":"modelengine:entity/moon_fang"},"display":{"head":{"translation":[0.0,-6.4,0.0],"scale":[4.0,4.0,4.0]}}}