{"elements":[{"from":[7.142857,3.7142854,6.5714283],"to":[9.428572,8.285714,9.428572],"rotation":{"angle":22.5,"axis":"z","origin":[9.428572,8.285714,6.857143]},"faces":{"east":{"uv":[8.5,0.5,9.75,2.5],"rotation":0,"texture":"#0","tintindex":0},"south":{"uv":[3.25,9.75,4.25,11.75],"rotation":0,"texture":"#0","tintindex":0},"north":{"uv":[7.5,9.5,8.5,11.5],"rotation":0,"texture":"#0","tintindex":0},"west":{"uv":[8.75,3.75,10.0,5.75],"rotation":0,"texture":"#0","tintindex":0},"up":{"uv":[3.25,12.25,2.25,11.0],"rotation":0,"texture":"#0","tintindex":0},"down":{"uv":[12.0,9.75,11.0,11.0],"rotation":0,"texture":"#0","tintindex":0}}},{"from":[9.714286,8.571428,9.714286],"to":[6.857143,3.4285712,6.285714],"rotation":{"angle":22.5,"axis":"z","origin":[9.428572,8.285714,6.857143]},"faces":{"east":{"uv":[1.0,16.0,0.0,15.75],"rotation":0,"texture":"#0","tintindex":0},"south":{"uv":[1.0,16.0,0.0,15.75],"rotation":0,"texture":"#0","tintindex":0},"north":{"uv":[1.0,16.0,0.0,15.75],"rotation":0,"texture":"#0","tintindex":0},"west":{"uv":[1.0,16.0,0.0,15.75],"rotation":0,"texture":"#0","tintindex":0},"up":{"uv":[0.5,16.0,0.25,15.75],"rotation":0,"texture":"#0","tintindex":0},"down":{"uv":[0.75,15.75,0.5,16.0],"rotation":0,"texture":"#0","tintindex":0}}}],"textures":{"0":"modelengine:entity/possessed_samurai_armor"},"display":{"head":{"translation":[0.0,-6.4,0.0],"scale":[4.0,4.0,4.0]}}}