{"elements":[{"from":[6.8514285,3.4228568,6.2799997],"to":[8.577143,8.005714,7.4342856],"rotation":{"angle":0.0,"axis":"y","origin":[6.857143,8.0,6.285714]},"faces":{"east":{"uv":[9.0,11.25,9.5,13.25],"rotation":0,"texture":"#0","tintindex":0},"south":{"uv":[5.75,10.25,6.5,12.25],"rotation":0,"texture":"#0","tintindex":0},"north":{"uv":[5.0,10.25,5.75,12.25],"rotation":0,"texture":"#0","tintindex":0},"west":{"uv":[10.25,11.75,10.75,13.75],"rotation":0,"texture":"#0","tintindex":0},"up":{"uv":[7.0,3.0,6.25,2.5],"rotation":0,"texture":"#0","tintindex":0},"down":{"uv":[13.25,9.25,12.5,9.75],"rotation":0,"texture":"#0","tintindex":0}}},{"from":[8.857143,8.428572,9.857143],"to":[6.5714283,3.2857141,8.142858],"rotation":{"angle":-22.5,"axis":"x","origin":[6.857143,8.142858,8.428572]},"faces":{"east":{"uv":[1.0,16.0,0.0,15.75],"rotation":0,"texture":"#0","tintindex":0},"south":{"uv":[1.0,16.0,0.0,15.75],"rotation":0,"texture":"#0","tintindex":0},"north":{"uv":[1.0,16.0,0.0,15.75],"rotation":0,"texture":"#0","tintindex":0},"west":{"uv":[1.0,16.0,0.0,15.75],"rotation":0,"texture":"#0","tintindex":0},"up":{"uv":[0.5,15.75,0.25,16.0],"rotation":0,"texture":"#0","tintindex":0},"down":{"uv":[0.75,15.75,0.5,16.0],"rotation":0,"texture":"#0","tintindex":0}}},{"from":[8.857143,8.285714,7.714286],"to":[6.5714283,3.142857,6.0],"rotation":{"angle":0.0,"axis":"y","origin":[6.857143,8.0,6.285714]},"faces":{"east":{"uv":[1.0,16.0,0.0,15.75],"rotation":0,"texture":"#0","tintindex":0},"south":{"uv":[1.0,16.0,0.0,15.75],"rotation":0,"texture":"#0","tintindex":0},"north":{"uv":[1.0,16.0,0.0,15.75],"rotation":0,"texture":"#0","tintindex":0},"west":{"uv":[1.0,16.0,0.0,15.75],"rotation":0,"texture":"#0","tintindex":0},"up":{"uv":[0.5,15.75,0.25,16.0],"rotation":0,"texture":"#0","tintindex":0},"down":{"uv":[0.75,15.75,0.5,16.0],"rotation":0,"texture":"#0","tintindex":0}}},{"from":[6.8514285,3.565714,8.422857],"to":[8.577143,8.148571,9.577143],"rotation":{"angle":-22.5,"axis":"x","origin":[6.857143,8.142858,8.428572]},"faces":{"east":{"uv":[12.0,3.0,12.5,5.0],"rotation":0,"texture":"#0","tintindex":0},"south":{"uv":[0.0,10.5,0.75,12.5],"rotation":0,"texture":"#0","tintindex":0},"north":{"uv":[10.25,9.75,11.0,11.75],"rotation":0,"texture":"#0","tintindex":0},"west":{"uv":[4.25,12.0,4.75,14.0],"rotation":0,"texture":"#0","tintindex":0},"up":{"uv":[13.25,10.25,12.5,9.75],"rotation":0,"texture":"#0","tintindex":0},"down":{"uv":[13.25,10.25,12.5,10.75],"rotation":0,"texture":"#0","tintindex":0}}}],"textures":{"0":"modelengine:entity/possessed_samurai_armor"},"display":{"head":{"translation":[0.0,-6.4,0.0],"scale":[4.0,4.0,4.0]}}}