{"elements":[{"from":[6.857143,2.8571424,7.428571],"to":[9.142858,8.571428,9.714286],"rotation":{"angle":0.0,"axis":"y","origin":[6.857143,2.8571424,8.571428]},"faces":{"east":{"uv":[1.25,8.5,2.25,11.0],"rotation":0,"texture":"#0","tintindex":0},"south":{"uv":[2.25,8.5,3.25,11.0],"rotation":0,"texture":"#0","tintindex":0},"north":{"uv":[6.5,8.25,7.5,10.75],"rotation":0,"texture":"#0","tintindex":0},"west":{"uv":[8.5,6.75,9.5,9.25],"rotation":0,"texture":"#0","tintindex":0},"up":{"uv":[12.75,3.0,11.75,2.0],"rotation":0,"texture":"#0","tintindex":0},"down":{"uv":[4.25,11.75,3.25,12.75],"rotation":0,"texture":"#0","tintindex":0}}},{"from":[9.428572,8.857143,10.0],"to":[6.5714283,2.5714283,7.142857],"rotation":{"angle":0.0,"axis":"y","origin":[6.857143,2.8571424,8.571428]},"faces":{"east":{"uv":[1.0,15.75,0.0,16.0],"rotation":0,"texture":"#0","tintindex":0},"south":{"uv":[1.0,15.75,0.0,16.0],"rotation":0,"texture":"#0","tintindex":0},"north":{"uv":[1.0,15.75,0.0,16.0],"rotation":0,"texture":"#0","tintindex":0},"west":{"uv":[1.0,15.75,0.0,16.0],"rotation":0,"texture":"#0","tintindex":0},"up":{"uv":[0.5,15.75,0.25,16.0],"rotation":0,"texture":"#0","tintindex":0},"down":{"uv":[0.5,15.75,0.25,16.0],"rotation":0,"texture":"#0","tintindex":0}}},{"from":[7.428571,5.142857,7.285714],"to":[8.571428,6.285714,7.285714],"rotation":{"angle":-45.0,"axis":"z","origin":[8.0,5.714286,7.285714]},"faces":{"east":{"uv":[0.0,0.0,0.0,0.5],"rotation":0,"texture":"#0","tintindex":0},"south":{"uv":[11.25,12.5,11.75,13.0],"rotation":0,"texture":"#0","tintindex":0},"north":{"uv":[11.75,12.5,11.25,13.0],"rotation":0,"texture":"#0","tintindex":0},"west":{"uv":[0.0,0.0,0.0,0.5],"rotation":0,"texture":"#0","tintindex":0},"up":{"uv":[0.5,0.0,0.0,0.0],"rotation":0,"texture":"#0","tintindex":0},"down":{"uv":[0.5,0.0,0.0,0.0],"rotation":0,"texture":"#0","tintindex":0}}}],"textures":{"0":"modelengine:entity/possessed_samurai_armor"},"display":{"head":{"translation":[0.0,-6.4,0.0],"scale":[4.0,4.0,4.0]}}}