{"elements":[{"from":[10.571428,8.857143,9.714286],"to":[7.714286,3.7142854,6.285714],"rotation":{"angle":22.5,"axis":"z","origin":[8.571428,8.571428,6.857143]},"faces":{"east":{"uv":[1.0,16.0,0.0,15.0],"rotation":0,"texture":"#0","tintindex":0},"south":{"uv":[1.0,16.0,0.0,15.0],"rotation":0,"texture":"#0","tintindex":0},"north":{"uv":[1.0,16.0,0.0,15.0],"rotation":0,"texture":"#0","tintindex":0},"west":{"uv":[1.0,16.0,0.0,15.0],"rotation":0,"texture":"#0","tintindex":0},"up":{"uv":[0.5,15.75,0.25,16.0],"rotation":0,"texture":"#0","tintindex":0},"down":{"uv":[0.75,15.0,0.5,15.25],"rotation":0,"texture":"#0","tintindex":0}}},{"from":[10.542857,8.285714,9.428572],"to":[7.6857142,1.9999995,6.5714283],"rotation":{"angle":0.0,"axis":"y","origin":[4.5714283,-4.5714293,8.0]},"faces":{"east":{"uv":[1.0,16.0,0.0,15.25],"rotation":0,"texture":"#0","tintindex":0},"south":{"uv":[1.0,16.0,0.0,15.25],"rotation":0,"texture":"#0","tintindex":0},"north":{"uv":[1.0,16.0,0.0,15.25],"rotation":0,"texture":"#0","tintindex":0},"west":{"uv":[1.0,16.0,0.0,15.25],"rotation":0,"texture":"#0","tintindex":0},"up":{"uv":[0.5,15.75,0.25,16.0],"rotation":0,"texture":"#0","tintindex":0},"down":{"uv":[0.75,15.25,0.5,15.5],"rotation":0,"texture":"#0","tintindex":0}}},{"from":[8.0,2.2857141,6.857143],"to":[10.285714,8.0,9.142858],"rotation":{"angle":0.0,"axis":"y","origin":[4.5714283,-4.5714293,8.0]},"faces":{"east":{"uv":[4.25,7.25,5.25,9.75],"rotation":0,"texture":"#0","tintindex":0},"south":{"uv":[7.5,7.0,8.5,9.5],"rotation":0,"texture":"#0","tintindex":0},"north":{"uv":[3.25,7.25,4.25,9.75],"rotation":0,"texture":"#0","tintindex":0},"west":{"uv":[7.75,3.75,8.75,6.25],"rotation":0,"texture":"#0","tintindex":0},"up":{"uv":[8.5,12.5,7.5,11.5],"rotation":0,"texture":"#0","tintindex":0},"down":{"uv":[12.5,8.5,11.5,9.5],"rotation":0,"texture":"#0","tintindex":0}}},{"from":[8.0,4.0,6.5714283],"to":[10.285714,8.571428,9.428572],"rotation":{"angle":22.5,"axis":"z","origin":[8.571428,8.571428,6.857143]},"faces":{"east":{"uv":[5.25,8.25,6.5,10.25],"rotation":0,"texture":"#0","tintindex":0},"south":{"uv":[9.5,6.75,10.5,8.75],"rotation":0,"texture":"#0","tintindex":0},"north":{"uv":[8.5,9.25,9.5,11.25],"rotation":0,"texture":"#0","tintindex":0},"west":{"uv":[0.0,8.5,1.25,10.5],"rotation":0,"texture":"#0","tintindex":0},"up":{"uv":[11.5,8.0,10.5,6.75],"rotation":0,"texture":"#0","tintindex":0},"down":{"uv":[2.25,11.0,1.25,12.25],"rotation":0,"texture":"#0","tintindex":0}}}],"textures":{"0":"modelengine:entity/possessed_samurai_armor"},"display":{"head":{"translation":[0.0,-6.4,0.0],"scale":[4.0,4.0,4.0]}}}