{"elements":[{"from":[8.0,7.0,-19.2],"to":[8.0,9.0,32.0],"rotation":{"angle":0.0,"axis":"y","origin":[8.0,-0.19999981,-25.600002]},"faces":{"east":{"uv":[3.5,14.25,10.0,15.5],"rotation":0,"texture":"#0","tintindex":0},"south":{"uv":[3.5,14.25,10.0,15.5],"rotation":0,"texture":"#0","tintindex":0},"north":{"uv":[3.5,14.25,10.0,15.5],"rotation":0,"texture":"#0","tintindex":0},"west":{"uv":[10.0,14.25,3.5,15.5],"rotation":0,"texture":"#0","tintindex":0},"up":{"uv":[3.5,14.25,10.0,15.5],"rotation":0,"texture":"#0","tintindex":0},"down":{"uv":[3.5,14.25,10.0,15.5],"rotation":0,"texture":"#0","tintindex":0}}}],"textures":{"0":"modelengine:entity/possessed_samurai_armor"},"display":{"head":{"translation":[0.0,-6.4,108.8],"scale":[4.0,4.0,4.0]}}}