{"elements":[{"from":[8.157143,8.0,8.0],"to":[8.157143,17.142857,17.142857],"rotation":{"angle":0.0,"axis":"y","origin":[3.4285712,-0.2857151,21.714287]},"faces":{"south":{"uv":[0.0,0.0,0.0,0.5],"rotation":0,"texture":"#0","tintindex":0},"north":{"uv":[0.0,0.0,0.0,0.5],"rotation":0,"texture":"#0","tintindex":0},"west":{"uv":[16.0,12.0,12.0,16.0],"rotation":0,"texture":"#0","tintindex":0},"up":{"uv":[0.0,5.0,0.0,0.0],"rotation":0,"texture":"#0","tintindex":0},"down":{"uv":[0.0,0.0,0.0,5.0],"rotation":0,"texture":"#0","tintindex":0}}},{"from":[7.8428574,8.0,8.0],"to":[7.8428574,17.142857,17.142857],"rotation":{"angle":0.0,"axis":"y","origin":[3.4285712,-0.2857151,21.714287]},"faces":{"east":{"uv":[12.0,12.0,16.0,16.0],"rotation":0,"texture":"#0","tintindex":0},"south":{"uv":[0.0,0.0,0.0,0.5],"rotation":0,"texture":"#0","tintindex":0},"north":{"uv":[0.0,0.0,0.0,0.5],"rotation":0,"texture":"#0","tintindex":0},"up":{"uv":[0.0,5.0,0.0,0.0],"rotation":0,"texture":"#0","tintindex":0},"down":{"uv":[0.0,0.0,0.0,5.0],"rotation":0,"texture":"#0","tintindex":0}}}],"textures":{"0":"modelengine:entity/possessed_samurai_armor"},"display":{"head":{"translation":[0.0,-6.4,0.0],"scale":[4.0,4.0,4.0]}}}