{"elements":[{"from":[5.714286,7.428571,6.857143],"to":[10.285714,14.285715,9.142858],"rotation":{"angle":0.0,"axis":"y","origin":[8.0,0.5714283,8.0]},"faces":{"east":{"uv":[4.5,3.0,5.5,6.0],"rotation":0,"texture":"#0","tintindex":0},"south":{"uv":[2.0,0.0,4.0,3.0],"rotation":0,"texture":"#0","tintindex":0},"north":{"uv":[0.0,0.0,2.0,3.0],"rotation":0,"texture":"#0","tintindex":0},"west":{"uv":[0.0,5.25,1.0,8.25],"rotation":0,"texture":"#0","tintindex":0},"up":{"uv":[11.5,9.75,9.5,8.75],"rotation":0,"texture":"#0","tintindex":0},"down":{"uv":[11.75,0.5,9.75,1.5],"rotation":0,"texture":"#0","tintindex":0}}},{"from":[10.571428,14.285715,9.428572],"to":[5.428571,7.142857,6.5714283],"rotation":{"angle":0.0,"axis":"y","origin":[8.0,0.5714283,8.0]},"faces":{"east":{"uv":[0.0,16.0,1.0,15.25],"rotation":0,"texture":"#0","tintindex":0},"south":{"uv":[0.0,16.0,1.0,15.25],"rotation":0,"texture":"#0","tintindex":0},"north":{"uv":[0.0,16.0,1.0,15.25],"rotation":0,"texture":"#0","tintindex":0},"west":{"uv":[0.0,16.0,1.0,15.25],"rotation":0,"texture":"#0","tintindex":0},"up":{"uv":[0.25,15.75,0.5,16.0],"rotation":0,"texture":"#0","tintindex":0},"down":{"uv":[1.0,15.25,1.25,15.5],"rotation":0,"texture":"#0","tintindex":0}}},{"from":[5.5714283,9.428572,6.714286],"to":[10.428572,10.285714,9.285714],"rotation":{"angle":0.0,"axis":"y","origin":[8.0,0.42857122,8.0]},"faces":{"east":{"uv":[0.0,8.25,1.0,8.5],"rotation":0,"texture":"#0","tintindex":0},"south":{"uv":[12.5,9.0,14.5,9.25],"rotation":0,"texture":"#0","tintindex":0},"north":{"uv":[12.5,8.75,14.5,9.0],"rotation":0,"texture":"#0","tintindex":0},"west":{"uv":[10.0,5.5,11.0,5.75],"rotation":0,"texture":"#0","tintindex":0},"up":{"uv":[11.75,2.5,9.75,1.5],"rotation":0,"texture":"#0","tintindex":0},"down":{"uv":[11.75,2.5,9.75,3.5],"rotation":0,"texture":"#0","tintindex":0}}},{"from":[6.857143,9.0,6.285714],"to":[9.142858,10.714286,6.857143],"rotation":{"angle":0.0,"axis":"y","origin":[8.0,0.42857122,8.0]},"faces":{"east":{"uv":[10.75,11.75,11.0,12.5],"rotation":0,"texture":"#0","tintindex":0},"south":{"uv":[1.25,12.25,2.25,13.0],"rotation":0,"texture":"#0","tintindex":0},"north":{"uv":[11.0,11.5,12.0,12.25],"rotation":0,"texture":"#0","tintindex":0},"west":{"uv":[10.0,12.0,10.25,12.75],"rotation":0,"texture":"#0","tintindex":0},"up":{"uv":[11.5,8.75,10.5,8.5],"rotation":0,"texture":"#0","tintindex":0},"down":{"uv":[13.5,10.75,12.5,11.0],"rotation":0,"texture":"#0","tintindex":0}}},{"from":[6.285714,7.857143,6.5714283],"to":[9.714286,9.571428,6.5714283],"rotation":{"angle":22.5,"axis":"x","origin":[8.0,9.0,6.5714283]},"faces":{"east":{"uv":[0.0,0.0,0.0,0.75],"rotation":0,"texture":"#0","tintindex":0},"south":{"uv":[4.5,5.25,3.0,6.0],"rotation":0,"texture":"#0","tintindex":0},"north":{"uv":[3.0,5.25,4.5,6.0],"rotation":0,"texture":"#0","tintindex":0},"west":{"uv":[0.0,0.0,0.0,0.75],"rotation":0,"texture":"#0","tintindex":0},"up":{"uv":[1.5,0.0,0.0,0.0],"rotation":0,"texture":"#0","tintindex":0},"down":{"uv":[1.5,0.0,0.0,0.0],"rotation":0,"texture":"#0","tintindex":0}}},{"from":[5.7085714,10.851429,9.137143],"to":[10.291429,14.2914295,10.291429],"rotation":{"angle":-22.5,"axis":"x","origin":[8.0,13.142858,9.142858]},"faces":{"east":{"uv":[2.25,12.25,2.75,13.75],"rotation":0,"texture":"#0","tintindex":0},"south":{"uv":[5.5,3.0,7.5,4.5],"rotation":0,"texture":"#0","tintindex":0},"north":{"uv":[1.0,5.25,3.0,6.75],"rotation":0,"texture":"#0","tintindex":0},"west":{"uv":[2.75,12.25,3.25,13.75],"rotation":0,"texture":"#0","tintindex":0},"up":{"uv":[3.0,7.25,1.0,6.75],"rotation":0,"texture":"#0","tintindex":0},"down":{"uv":[13.75,1.5,11.75,2.0],"rotation":0,"texture":"#0","tintindex":0}}},{"from":[10.571428,14.571428,10.571428],"to":[5.428571,10.571428,8.857143],"rotation":{"angle":-22.5,"axis":"x","origin":[8.0,13.142858,9.142858]},"faces":{"east":{"uv":[0.25,15.75,0.5,15.25],"rotation":0,"texture":"#0","tintindex":0},"south":{"uv":[0.25,15.75,0.5,15.25],"rotation":0,"texture":"#0","tintindex":0},"north":{"uv":[0.25,15.75,0.5,15.25],"rotation":0,"texture":"#0","tintindex":0},"west":{"uv":[0.25,15.75,0.5,15.25],"rotation":0,"texture":"#0","tintindex":0},"up":{"uv":[0.25,15.75,0.5,15.5],"rotation":0,"texture":"#0","tintindex":0},"down":{"uv":[1.0,15.5,1.25,15.25],"rotation":0,"texture":"#0","tintindex":0}}},{"from":[5.422857,8.565714,7.9942856],"to":[10.577143,12.005714,9.148571],"rotation":{"angle":-22.5,"axis":"x","origin":[8.0,13.142858,9.142858]},"faces":{"east":{"uv":[4.75,12.25,5.25,13.75],"rotation":0,"texture":"#0","tintindex":0},"south":{"uv":[4.0,1.5,6.25,3.0],"rotation":0,"texture":"#0","tintindex":0},"north":{"uv":[4.0,0.0,6.25,1.5],"rotation":0,"texture":"#0","tintindex":0},"west":{"uv":[5.25,12.25,5.75,13.75],"rotation":0,"texture":"#0","tintindex":0},"up":{"uv":[13.75,7.25,11.5,6.75],"rotation":0,"texture":"#0","tintindex":0},"down":{"uv":[13.75,7.25,11.5,7.75],"rotation":0,"texture":"#0","tintindex":0}}},{"from":[10.857143,12.285715,9.428572],"to":[5.142857,8.285714,7.714286],"rotation":{"angle":-22.5,"axis":"x","origin":[8.0,13.142858,9.142858]},"faces":{"east":{"uv":[0.0,16.0,1.0,15.5],"rotation":0,"texture":"#0","tintindex":0},"south":{"uv":[0.0,16.0,1.0,15.5],"rotation":0,"texture":"#0","tintindex":0},"north":{"uv":[0.0,16.0,1.0,15.5],"rotation":0,"texture":"#0","tintindex":0},"west":{"uv":[0.0,16.0,1.0,15.5],"rotation":0,"texture":"#0","tintindex":0},"up":{"uv":[0.25,15.75,0.5,16.0],"rotation":0,"texture":"#0","tintindex":0},"down":{"uv":[1.0,15.5,1.25,15.75],"rotation":0,"texture":"#0","tintindex":0}}}],"textures":{"0":"modelengine:entity/possessed_samurai_armor"},"display":{"head":{"translation":[0.0,-6.4,0.0],"scale":[4.0,4.0,4.0]}}}