{"elements":[{"from":[4.5714283,8.0,8.0],"to":[11.428572,26.285715,8.0],"rotation":{"angle":0.0,"axis":"y","origin":[5.142857,8.0,17.142857]},"faces":{"east":{"uv":[12.25,0.0,12.25,2.0],"rotation":0,"texture":"#0","tintindex":0},"south":{"uv":[12.25,0.0,13.0,2.0],"rotation":0,"texture":"#0","tintindex":0},"north":{"uv":[12.25,0.0,13.0,2.0],"rotation":0,"texture":"#0","tintindex":0},"west":{"uv":[12.25,0.0,12.25,2.0],"rotation":0,"texture":"#0","tintindex":0},"up":{"uv":[0.0,0.0,0.75,0.0],"rotation":0,"texture":"#0","tintindex":0},"down":{"uv":[0.0,0.0,0.75,0.0],"rotation":0,"texture":"#0","tintindex":0}}},{"from":[8.0,8.0,4.5714283],"to":[8.0,26.285715,11.428572],"rotation":{"angle":0.0,"axis":"y","origin":[8.0,17.142857,8.0]},"faces":{"east":{"uv":[13.0,0.0,13.75,2.0],"rotation":0,"texture":"#0","tintindex":0},"south":{"uv":[12.25,0.0,12.25,2.0],"rotation":0,"texture":"#0","tintindex":0},"north":{"uv":[12.25,0.0,12.25,2.0],"rotation":0,"texture":"#0","tintindex":0},"west":{"uv":[13.0,0.0,13.75,2.0],"rotation":0,"texture":"#0","tintindex":0},"up":{"uv":[0.0,0.0,0.75,0.0],"rotation":270,"texture":"#0","tintindex":0},"down":{"uv":[0.0,0.0,0.75,0.0],"rotation":90,"texture":"#0","tintindex":0}}}],"textures":{"0":"modelengine:entity/wendigo_full"},"display":{"head":{"translation":[0.0,-6.4,0.0],"scale":[4.0,4.0,4.0]}}}