{"elements":[{"from":[4.0,8.0,8.0],"to":[12.0,14.285715,8.0],"rotation":{"angle":0.0,"axis":"y","origin":[5.714286,12.0,11.428572]},"faces":{"east":{"uv":[0.0,0.0,0.0,0.6875],"rotation":0,"texture":"#0","tintindex":0},"south":{"uv":[5.1875,2.0625,6.0625,2.75],"rotation":0,"texture":"#0","tintindex":0},"north":{"uv":[5.1875,1.375,6.0625,2.0625],"rotation":0,"texture":"#0","tintindex":0},"west":{"uv":[0.0,0.0,0.0,0.6875],"rotation":0,"texture":"#0","tintindex":0},"up":{"uv":[0.875,0.0,0.0,0.0],"rotation":0,"texture":"#0","tintindex":0},"down":{"uv":[0.875,0.0,0.0,0.0],"rotation":0,"texture":"#0","tintindex":0}}}],"textures":{"0":"modelengine:entity/wendigo_full"},"display":{"head":{"translation":[0.0,-6.4,0.0],"scale":[4.0,4.0,4.0]}}}