{"elements":[{"from":[8.0,4.0,8.0],"to":[8.0,12.0,12.0],"rotation":{"angle":0.0,"axis":"y","origin":[14.285715,8.0,4.5714283]},"faces":{"east":{"uv":[0.4375,6.6875,0.875,7.5625],"rotation":0,"texture":"#0","tintindex":0},"south":{"uv":[0.0,0.0,0.0,0.875],"rotation":0,"texture":"#0","tintindex":0},"north":{"uv":[0.0,0.0,0.0,0.875],"rotation":0,"texture":"#0","tintindex":0},"west":{"uv":[3.25,6.875,3.6875,7.75],"rotation":0,"texture":"#0","tintindex":0},"up":{"uv":[0.0,0.4375,0.0,0.0],"rotation":0,"texture":"#0","tintindex":0},"down":{"uv":[0.0,0.0,0.0,0.4375],"rotation":0,"texture":"#0","tintindex":0}}}],"textures":{"0":"modelengine:entity/wendigo_full"},"display":{"head":{"translation":[0.0,-6.4,0.0],"scale":[4.0,4.0,4.0]}}}