{"elements":[{"from":[6.301671,2.8614044,6.285714],"to":[8.015957,8.004262,9.714286],"rotation":{"angle":0.0,"axis":"y","origin":[-1.698329,14.289976,-8.57143]},"faces":{"east":{"uv":[1.875,7.75,1.5,8.3125],"rotation":0,"texture":"#0","tintindex":0},"south":{"uv":[1.25,3.1875,1.0625,3.75],"rotation":0,"texture":"#0","tintindex":0},"north":{"uv":[1.25,2.625,1.0625,3.1875],"rotation":0,"texture":"#0","tintindex":0},"west":{"uv":[7.9375,7.6875,7.5625,8.25],"rotation":0,"texture":"#0","tintindex":0},"up":{"uv":[1.4375,5.6875,1.625,5.3125],"rotation":0,"texture":"#0","tintindex":0},"down":{"uv":[6.75,2.375,6.9375,2.75],"rotation":0,"texture":"#0","tintindex":0}}},{"from":[9.0,0.7714286,6.285714],"to":[9.0,5.9142857,9.714286],"rotation":{"angle":22.5,"axis":"z","origin":[9.0,3.3428574,8.0]},"faces":{"east":{"uv":[8.125,6.875,7.75,7.4375],"rotation":0,"texture":"#0","tintindex":0},"south":{"uv":[0.0,0.0,0.0,0.5625],"rotation":0,"texture":"#0","tintindex":0},"north":{"uv":[0.0,0.0,0.0,0.5625],"rotation":0,"texture":"#0","tintindex":0},"west":{"uv":[3.5,7.75,3.125,8.3125],"rotation":0,"texture":"#0","tintindex":0},"up":{"uv":[0.0,0.375,0.0,0.0],"rotation":0,"texture":"#0","tintindex":0},"down":{"uv":[0.0,0.0,0.0,0.375],"rotation":0,"texture":"#0","tintindex":0}}}],"textures":{"0":"modelengine:entity/wendigo_full"},"display":{"head":{"translation":[0.0,-6.4,0.0],"scale":[4.0,4.0,4.0]}}}