{"elements":[{"from":[6.857143,4.5714283,7.142857],"to":[9.142858,8.0,9.428572],"rotation":{"angle":0.0,"axis":"y","origin":[7.428571,11.38673,9.362219]},"faces":{"east":{"uv":[9.5,8.75,8.5,10.25],"rotation":0,"texture":"#0","tintindex":0},"south":{"uv":[4.25,9.0,3.25,10.5],"rotation":0,"texture":"#0","tintindex":0},"north":{"uv":[2.25,9.0,1.25,10.5],"rotation":0,"texture":"#0","tintindex":0},"west":{"uv":[3.25,9.0,2.25,10.5],"rotation":0,"texture":"#0","tintindex":0},"up":{"uv":[11.0,10.25,10.0,11.25],"rotation":270,"texture":"#0","tintindex":0},"down":{"uv":[1.75,11.5,0.75,10.5],"rotation":90,"texture":"#0","tintindex":0}}}],"textures":{"0":"modelengine:entity/parry_knight_dmg"},"display":{"head":{"translation":[0.0,-6.4,0.0],"scale":[4.0,4.0,4.0]}}}