{"elements":[{"from":[7.2092094,7.184699,6.428571],"to":[8.923495,8.898985,7.0],"rotation":{"angle":0.0,"axis":"y","origin":[8.352067,6.0,9.219362]},"faces":{"east":{"uv":[3.25,11.75,3.0,12.5],"rotation":0,"texture":"#0","tintindex":0},"south":{"uv":[12.25,7.75,11.5,8.5],"rotation":0,"texture":"#0","tintindex":0},"north":{"uv":[8.0,11.5,7.25,12.25],"rotation":0,"texture":"#0","tintindex":0},"west":{"uv":[3.5,11.75,3.25,12.5],"rotation":0,"texture":"#0","tintindex":0},"up":{"uv":[3.75,11.75,3.5,12.5],"rotation":270,"texture":"#0","tintindex":0},"down":{"uv":[4.0,12.5,3.75,11.75],"rotation":90,"texture":"#0","tintindex":0}}},{"from":[5.4949236,7.7561274,6.714286],"to":[7.780638,10.0418415,9.571428],"rotation":{"angle":0.0,"axis":"y","origin":[8.352067,6.0,9.219362]},"faces":{"east":{"uv":[10.75,6.25,9.5,7.25],"rotation":0,"texture":"#0","tintindex":0},"south":{"uv":[11.75,0.0,10.75,1.0],"rotation":0,"texture":"#0","tintindex":0},"north":{"uv":[6.75,10.5,5.75,11.5],"rotation":0,"texture":"#0","tintindex":0},"west":{"uv":[10.75,7.25,9.5,8.25],"rotation":0,"texture":"#0","tintindex":0},"up":{"uv":[10.75,8.25,9.5,9.25],"rotation":270,"texture":"#0","tintindex":0},"down":{"uv":[10.75,10.25,9.5,9.25],"rotation":90,"texture":"#0","tintindex":0}}},{"from":[7.2092094,7.184699,9.285714],"to":[8.923495,8.898985,9.857143],"rotation":{"angle":0.0,"axis":"y","origin":[8.352067,6.0,9.219362]},"faces":{"east":{"uv":[4.25,11.75,4.0,12.5],"rotation":0,"texture":"#0","tintindex":0},"south":{"uv":[0.75,11.75,0.0,12.5],"rotation":0,"texture":"#0","tintindex":0},"north":{"uv":[12.25,8.5,11.5,9.25],"rotation":0,"texture":"#0","tintindex":0},"west":{"uv":[4.5,11.75,4.25,12.5],"rotation":0,"texture":"#0","tintindex":0},"up":{"uv":[4.75,11.75,4.5,12.5],"rotation":270,"texture":"#0","tintindex":0},"down":{"uv":[5.0,12.5,4.75,11.75],"rotation":90,"texture":"#0","tintindex":0}}}],"textures":{"0":"modelengine:entity/parry_knight_dmg"},"display":{"head":{"translation":[0.0,-6.4,0.0],"scale":[4.0,4.0,4.0]}}}