{"elements":[{"from":[7.142857,5.714286,6.285714],"to":[8.857143,8.0,8.0],"rotation":{"angle":0.0,"axis":"y","origin":[9.428572,7.958158,8.219362]},"faces":{"east":{"uv":[11.5,5.5,10.75,6.5],"rotation":0,"texture":"#0","tintindex":0},"south":{"uv":[11.5,8.5,10.75,9.5],"rotation":0,"texture":"#0","tintindex":0},"north":{"uv":[11.5,6.5,10.75,7.5],"rotation":0,"texture":"#0","tintindex":0},"west":{"uv":[11.5,7.5,10.75,8.5],"rotation":0,"texture":"#0","tintindex":0},"up":{"uv":[12.25,5.5,11.5,6.25],"rotation":270,"texture":"#0","tintindex":0},"down":{"uv":[6.75,12.25,6.0,11.5],"rotation":90,"texture":"#0","tintindex":0}}},{"from":[6.5714283,1.7142854,3.4285712],"to":[7.142857,8.571428,10.285714],"rotation":{"angle":0.0,"axis":"y","origin":[7.142857,8.571428,9.714286]},"faces":{"east":{"uv":[0.0,3.0,3.0,6.0],"rotation":0,"texture":"#0","tintindex":0},"south":{"uv":[7.25,10.5,7.0,13.5],"rotation":0,"texture":"#0","tintindex":0},"north":{"uv":[7.0,10.5,6.75,13.5],"rotation":0,"texture":"#0","tintindex":0},"west":{"uv":[3.0,3.0,0.0,6.0],"rotation":0,"texture":"#0","tintindex":0},"up":{"uv":[3.0,11.5,0.0,11.75],"rotation":270,"texture":"#0","tintindex":0},"down":{"uv":[6.0,11.75,3.0,11.5],"rotation":90,"texture":"#0","tintindex":0}}},{"from":[6.0,4.0,5.714286],"to":[6.5714283,6.285714,8.0],"rotation":{"angle":0.0,"axis":"y","origin":[6.5714283,8.571428,9.714286]},"faces":{"east":{"uv":[9.0,10.25,8.0,11.25],"rotation":0,"texture":"#0","tintindex":0},"south":{"uv":[2.0,11.75,1.75,12.75],"rotation":0,"texture":"#0","tintindex":0},"north":{"uv":[6.0,8.0,5.75,9.0],"rotation":0,"texture":"#0","tintindex":0},"west":{"uv":[10.0,10.25,9.0,11.25],"rotation":0,"texture":"#0","tintindex":0},"up":{"uv":[12.75,1.75,11.75,2.0],"rotation":270,"texture":"#0","tintindex":0},"down":{"uv":[3.0,12.0,2.0,11.75],"rotation":90,"texture":"#0","tintindex":0}}}],"textures":{"0":"modelengine:entity/parry_knight_dmg"},"display":{"head":{"translation":[0.0,-6.4,0.0],"scale":[4.0,4.0,4.0]}}}