{"elements":[{"from":[7.142857,5.714286,6.285714],"to":[8.857143,8.0,8.0],"rotation":{"angle":0.0,"axis":"y","origin":[6.5714283,7.958158,8.219362]},"faces":{"east":{"uv":[10.75,7.5,11.5,8.5],"rotation":0,"texture":"#0","tintindex":0},"south":{"uv":[10.75,8.5,11.5,9.5],"rotation":0,"texture":"#0","tintindex":0},"north":{"uv":[10.75,6.5,11.5,7.5],"rotation":0,"texture":"#0","tintindex":0},"west":{"uv":[10.75,5.5,11.5,6.5],"rotation":0,"texture":"#0","tintindex":0},"up":{"uv":[12.25,6.25,11.5,5.5],"rotation":270,"texture":"#0","tintindex":0},"down":{"uv":[6.75,11.5,6.0,12.25],"rotation":90,"texture":"#0","tintindex":0}}}],"textures":{"0":"modelengine:entity/parry_knight_dmg"},"display":{"head":{"translation":[0.0,-6.4,0.0],"scale":[4.0,4.0,4.0]}}}