{"elements":[{"from":[7.142857,7.9565024,7.781324],"to":[9.428572,9.670788,7.781324],"rotation":{"angle":-22.5,"axis":"x","origin":[8.285714,8.527931,7.781324]},"faces":{"east":{"uv":[0.0,0.0,0.0,0.75],"rotation":0,"texture":"#0","tintindex":0},"south":{"uv":[11.0,10.25,12.0,11.0],"rotation":0,"texture":"#0","tintindex":0},"north":{"uv":[10.75,9.5,11.75,10.25],"rotation":0,"texture":"#0","tintindex":0},"west":{"uv":[0.0,0.0,0.0,0.75],"rotation":0,"texture":"#0","tintindex":0},"up":{"uv":[0.0,1.0,0.0,0.0],"rotation":270,"texture":"#0","tintindex":0},"down":{"uv":[0.0,0.0,0.0,1.0],"rotation":90,"texture":"#0","tintindex":0}}},{"from":[7.142857,4.5714283,8.0],"to":[9.428572,8.0,10.285714],"rotation":{"angle":0.0,"axis":"y","origin":[8.857143,14.815302,10.219362]},"faces":{"east":{"uv":[5.25,9.0,6.25,10.5],"rotation":0,"texture":"#0","tintindex":0},"south":{"uv":[6.25,9.0,7.25,10.5],"rotation":0,"texture":"#0","tintindex":0},"north":{"uv":[9.0,4.75,10.0,6.25],"rotation":0,"texture":"#0","tintindex":0},"west":{"uv":[4.25,9.0,5.25,10.5],"rotation":0,"texture":"#0","tintindex":0},"up":{"uv":[2.75,11.5,1.75,10.5],"rotation":270,"texture":"#0","tintindex":0},"down":{"uv":[3.75,10.5,2.75,11.5],"rotation":90,"texture":"#0","tintindex":0}}}],"textures":{"0":"modelengine:entity/parry_knight_dmg"},"display":{"head":{"translation":[0.0,-6.4,0.0],"scale":[4.0,4.0,4.0]}}}