{"elements":[{"from":[7.0765047,7.184699,6.428571],"to":[8.790791,8.898985,7.0],"rotation":{"angle":0.0,"axis":"y","origin":[7.6479335,6.0,9.219362]},"faces":{"east":{"uv":[3.25,11.75,3.5,12.5],"rotation":0,"texture":"#0","tintindex":0},"south":{"uv":[11.5,7.75,12.25,8.5],"rotation":0,"texture":"#0","tintindex":0},"north":{"uv":[7.25,11.5,8.0,12.25],"rotation":0,"texture":"#0","tintindex":0},"west":{"uv":[3.0,11.75,3.25,12.5],"rotation":0,"texture":"#0","tintindex":0},"up":{"uv":[3.75,12.5,3.5,11.75],"rotation":270,"texture":"#0","tintindex":0},"down":{"uv":[4.0,11.75,3.75,12.5],"rotation":90,"texture":"#0","tintindex":0}}},{"from":[8.219362,7.7561274,6.714286],"to":[10.505076,10.0418415,9.571428],"rotation":{"angle":0.0,"axis":"y","origin":[7.6479335,6.0,9.219362]},"faces":{"east":{"uv":[9.5,7.25,10.75,8.25],"rotation":0,"texture":"#0","tintindex":0},"south":{"uv":[10.75,0.0,11.75,1.0],"rotation":0,"texture":"#0","tintindex":0},"north":{"uv":[5.75,10.5,6.75,11.5],"rotation":0,"texture":"#0","tintindex":0},"west":{"uv":[9.5,6.25,10.75,7.25],"rotation":0,"texture":"#0","tintindex":0},"up":{"uv":[10.75,9.25,9.5,8.25],"rotation":270,"texture":"#0","tintindex":0},"down":{"uv":[10.75,9.25,9.5,10.25],"rotation":90,"texture":"#0","tintindex":0}}},{"from":[7.0765047,7.184699,9.285714],"to":[8.790791,8.898985,9.857143],"rotation":{"angle":0.0,"axis":"y","origin":[7.6479335,6.0,9.219362]},"faces":{"east":{"uv":[4.25,11.75,4.5,12.5],"rotation":0,"texture":"#0","tintindex":0},"south":{"uv":[0.0,11.75,0.75,12.5],"rotation":0,"texture":"#0","tintindex":0},"north":{"uv":[11.5,8.5,12.25,9.25],"rotation":0,"texture":"#0","tintindex":0},"west":{"uv":[4.0,11.75,4.25,12.5],"rotation":0,"texture":"#0","tintindex":0},"up":{"uv":[4.75,12.5,4.5,11.75],"rotation":270,"texture":"#0","tintindex":0},"down":{"uv":[5.0,11.75,4.75,12.5],"rotation":90,"texture":"#0","tintindex":0}}}],"textures":{"0":"modelengine:entity/parry_knight_dmg"},"display":{"head":{"translation":[0.0,-6.4,0.0],"scale":[4.0,4.0,4.0]}}}