{"elements":[{"from":[8.0,5.714286,6.857143],"to":[9.714286,9.142858,8.571428],"rotation":{"angle":0.0,"axis":"y","origin":[7.428571,5.672444,8.790791]},"faces":{"east":{"uv":[10.0,4.75,10.75,6.25],"rotation":0,"texture":"#0","tintindex":0},"south":{"uv":[7.25,10.0,8.0,11.5],"rotation":0,"texture":"#0","tintindex":0},"north":{"uv":[10.0,2.0,10.75,3.5],"rotation":0,"texture":"#0","tintindex":0},"west":{"uv":[0.0,10.0,0.75,11.5],"rotation":0,"texture":"#0","tintindex":0},"up":{"uv":[12.25,7.0,11.5,6.25],"rotation":270,"texture":"#0","tintindex":0},"down":{"uv":[12.25,7.0,11.5,7.75],"rotation":90,"texture":"#0","tintindex":0}}}],"textures":{"0":"modelengine:entity/parry_knight_dmg"},"display":{"head":{"translation":[0.0,-6.4,0.0],"scale":[4.0,4.0,4.0]}}}