{"elements":[{"from":[6.5714283,5.714286,7.142857],"to":[8.285714,8.0,9.428572],"rotation":{"angle":0.0,"axis":"y","origin":[6.0,7.958158,9.076505]},"faces":{"east":{"uv":[10.75,2.0,11.75,3.0],"rotation":0,"texture":"#0","tintindex":0},"south":{"uv":[8.0,11.25,8.75,12.25],"rotation":0,"texture":"#0","tintindex":0},"north":{"uv":[11.0,11.0,11.75,12.0],"rotation":0,"texture":"#0","tintindex":0},"west":{"uv":[10.75,1.0,11.75,2.0],"rotation":0,"texture":"#0","tintindex":0},"up":{"uv":[9.75,12.0,8.75,11.25],"rotation":270,"texture":"#0","tintindex":0},"down":{"uv":[10.75,11.25,9.75,12.0],"rotation":90,"texture":"#0","tintindex":0}}},{"from":[7.142857,6.285714,6.8],"to":[7.714286,7.428571,11.3714285],"rotation":{"angle":0.0,"axis":"y","origin":[7.142857,6.857143,6.8]},"faces":{"east":{"uv":[10.75,4.75,12.75,5.25],"rotation":0,"texture":"#0","tintindex":0},"south":{"uv":[5.0,11.75,5.25,12.25],"rotation":0,"texture":"#0","tintindex":0},"north":{"uv":[11.75,2.5,12.0,3.0],"rotation":0,"texture":"#0","tintindex":0},"west":{"uv":[10.75,3.0,12.75,3.5],"rotation":0,"texture":"#0","tintindex":0},"up":{"uv":[13.5,9.5,11.5,9.25],"rotation":270,"texture":"#0","tintindex":0},"down":{"uv":[13.75,0.0,11.75,0.25],"rotation":90,"texture":"#0","tintindex":0}}},{"from":[7.142857,5.428571,6.2285714],"to":[7.714286,8.285714,6.8],"rotation":{"angle":0.0,"axis":"y","origin":[7.142857,6.5714283,6.8]},"faces":{"east":{"uv":[1.25,11.75,1.5,13.0],"rotation":0,"texture":"#0","tintindex":0},"south":{"uv":[1.5,11.75,1.75,13.0],"rotation":0,"texture":"#0","tintindex":0},"north":{"uv":[10.75,11.25,11.0,12.5],"rotation":0,"texture":"#0","tintindex":0},"west":{"uv":[7.0,4.75,7.25,6.0],"rotation":0,"texture":"#0","tintindex":0},"up":{"uv":[9.25,6.5,9.0,6.25],"rotation":270,"texture":"#0","tintindex":0},"down":{"uv":[9.5,2.0,9.25,2.25],"rotation":90,"texture":"#0","tintindex":0}}},{"from":[7.142857,6.285714,-1.7142859],"to":[7.714286,7.428571,6.285714],"rotation":{"angle":0.0,"axis":"y","origin":[7.142857,6.857143,6.857143]},"faces":{"east":{"uv":[8.75,4.25,12.25,4.75],"rotation":0,"texture":"#0","tintindex":0},"south":{"uv":[5.5,11.75,5.75,12.25],"rotation":0,"texture":"#0","tintindex":0},"north":{"uv":[5.25,11.75,5.5,12.25],"rotation":0,"texture":"#0","tintindex":0},"west":{"uv":[8.75,3.75,12.25,4.25],"rotation":0,"texture":"#0","tintindex":0},"up":{"uv":[13.5,3.75,10.0,3.5],"rotation":270,"texture":"#0","tintindex":0},"down":{"uv":[14.25,5.25,10.75,5.5],"rotation":90,"texture":"#0","tintindex":0}}},{"from":[7.142857,6.5714283,-2.285715],"to":[7.714286,7.142857,-1.7142859],"rotation":{"angle":0.0,"axis":"y","origin":[7.142857,7.142857,6.857143]},"faces":{"east":{"uv":[9.75,2.0,10.0,2.25],"rotation":0,"texture":"#0","tintindex":0},"south":{"uv":[8.0,10.0,8.25,10.25],"rotation":0,"texture":"#0","tintindex":0},"north":{"uv":[9.5,2.0,9.75,2.25],"rotation":0,"texture":"#0","tintindex":0},"west":{"uv":[9.25,6.25,9.5,6.5],"rotation":0,"texture":"#0","tintindex":0},"up":{"uv":[8.5,10.25,8.25,10.0],"rotation":270,"texture":"#0","tintindex":0},"down":{"uv":[6.0,11.75,5.75,12.0],"rotation":90,"texture":"#0","tintindex":0}}}],"textures":{"0":"modelengine:entity/parry_knight_dmg"},"display":{"head":{"translation":[0.0,-6.4,0.0],"scale":[4.0,4.0,4.0]}}}