{"elements":[{"from":[8.0,5.714286,7.428571],"to":[9.142858,8.571428,8.571428],"rotation":{"angle":0.0,"axis":"y","origin":[5.142857,7.5276337,7.5714283]},"faces":{"east":{"uv":[0.0,8.0,0.5,9.25],"rotation":0,"texture":"#0","tintindex":0},"south":{"uv":[0.5,8.0,1.0,9.25],"rotation":0,"texture":"#0","tintindex":0},"north":{"uv":[4.75,7.5,5.25,8.75],"rotation":0,"texture":"#0","tintindex":0},"west":{"uv":[1.0,8.0,1.5,9.25],"rotation":0,"texture":"#0","tintindex":0},"up":{"uv":[2.0,5.0,1.5,4.5],"rotation":0,"texture":"#0","tintindex":0},"down":{"uv":[9.0,5.0,8.5,5.5],"rotation":0,"texture":"#0","tintindex":0}}}],"textures":{"0":"modelengine:entity/cavalier"},"display":{"head":{"translation":[0.0,-6.4,0.0],"scale":[4.0,4.0,4.0]}}}