{"elements":[{"from":[4.5714283,5.142857,-2.8571434],"to":[11.428572,12.0,10.857143],"rotation":{"angle":0.0,"axis":"y","origin":[22.857143,1.7142854,-20.57143]},"faces":{"east":{"uv":[5.38125,7.81875,6.86875,8.55625],"rotation":0,"texture":"#0","tintindex":0},"south":{"uv":[9.13125,8.69375,9.86875,9.43125],"rotation":0,"texture":"#0","tintindex":0},"north":{"uv":[9.13125,6.19375,9.86875,6.93125],"rotation":0,"texture":"#0","tintindex":0},"west":{"uv":[7.94375,0.63125,9.43125,1.36875],"rotation":0,"texture":"#0","tintindex":0},"up":{"uv":[4.11875,9.43125,3.38125,7.94375],"rotation":0,"texture":"#0","tintindex":0},"down":{"uv":[4.86875,7.94375,4.13125,9.43125],"rotation":0,"texture":"#0","tintindex":0}}}],"textures":{"0":"modelengine:entity/bufo_bufo"},"display":{"head":{"translation":[0.0,-6.4,0.0],"scale":[4.0,4.0,4.0]}}}