{"elements":[{"from":[6.1142855,9.1285715,6.0327373],"to":[9.8714285,12.685715,6.9041657],"rotation":{"angle":0.0,"axis":"y","origin":[-8.200733,11.235383,2.7117138]},"faces":{"east":{"uv":[9.0125,7.5125,11.485,7.985],"rotation":270,"texture":"#0","tintindex":0},"south":{"uv":[9.0125,7.5125,11.485,7.985],"rotation":270,"texture":"#0","tintindex":0},"north":{"uv":[9.0125,7.5125,11.485,7.985],"rotation":270,"texture":"#0","tintindex":0},"west":{"uv":[9.0125,7.5125,11.485,7.985],"rotation":270,"texture":"#0","tintindex":0},"up":{"uv":[9.0125,7.5125,11.485,7.985],"rotation":270,"texture":"#0","tintindex":0},"down":{"uv":[9.0125,7.5125,11.485,7.985],"rotation":270,"texture":"#0","tintindex":0}}},{"from":[6.1142855,8.557143,6.0327373],"to":[9.8714285,9.257143,6.9041657],"rotation":{"angle":0.0,"axis":"y","origin":[-8.200733,11.235383,2.7117138]},"faces":{"east":{"uv":[9.0125,7.5125,11.485,7.985],"rotation":270,"texture":"#0","tintindex":0},"south":{"uv":[9.0125,7.5125,11.485,7.985],"rotation":270,"texture":"#0","tintindex":0},"north":{"uv":[9.0125,7.5125,11.485,7.985],"rotation":270,"texture":"#0","tintindex":0},"west":{"uv":[9.0125,7.5125,11.485,7.985],"rotation":270,"texture":"#0","tintindex":0},"up":{"uv":[9.0125,7.5125,11.485,7.985],"rotation":270,"texture":"#0","tintindex":0},"down":{"uv":[9.0125,7.5125,11.485,7.985],"rotation":270,"texture":"#0","tintindex":0}}},{"from":[5.714286,8.428572,5.8571424],"to":[10.285714,13.0,10.428572],"rotation":{"angle":0.0,"axis":"y","origin":[5.714286,8.428572,5.8571424]},"faces":{"east":{"uv":[0.9375,0.5625,1.4375,1.0625],"rotation":0,"texture":"#8","tintindex":0},"south":{"uv":[0.9375,1.125,1.4375,1.625],"rotation":0,"texture":"#8","tintindex":0},"north":{"uv":[0.9375,0.0,1.4375,0.5],"rotation":0,"texture":"#8","tintindex":0},"west":{"uv":[0.0,1.375,0.5,1.875],"rotation":0,"texture":"#8","tintindex":0},"up":{"uv":[2.0,0.5,1.5,0.0],"rotation":0,"texture":"#8","tintindex":0},"down":{"uv":[2.0,0.5625,1.5,1.0625],"rotation":0,"texture":"#8","tintindex":0}}},{"from":[6.3142858,7.957143,6.742857],"to":[9.685715,8.471429,10.114286],"rotation":{"angle":0.0,"axis":"y","origin":[5.714286,8.5,5.8571424]},"faces":{"east":{"uv":[4.3125,2.4375,4.6875,2.5],"rotation":0,"texture":"#8","tintindex":0},"south":{"uv":[4.125,4.3125,4.5,4.375],"rotation":0,"texture":"#8","tintindex":0},"north":{"uv":[2.375,4.3125,2.75,4.375],"rotation":0,"texture":"#8","tintindex":0},"west":{"uv":[2.8125,4.375,3.1875,4.4375],"rotation":0,"texture":"#8","tintindex":0},"up":{"uv":[2.625,2.75,2.25,2.375],"rotation":0,"texture":"#8","tintindex":0},"down":{"uv":[0.375,2.5,0.0,2.875],"rotation":0,"texture":"#8","tintindex":0}}},{"from":[6.857143,13.0,5.8571424],"to":[9.142858,13.571428,10.428572],"rotation":{"angle":0.0,"axis":"y","origin":[5.714286,7.857143,5.8571424]},"faces":{"east":{"uv":[5.5625,2.875,6.0625,2.9375],"rotation":0,"texture":"#8","tintindex":0},"south":{"uv":[5.0,7.1875,5.25,7.25],"rotation":0,"texture":"#8","tintindex":0},"north":{"uv":[7.1875,3.625,7.4375,3.6875],"rotation":0,"texture":"#8","tintindex":0},"west":{"uv":[5.5625,3.125,6.0625,3.1875],"rotation":0,"texture":"#8","tintindex":0},"up":{"uv":[2.9375,2.875,2.6875,2.375],"rotation":0,"texture":"#8","tintindex":0},"down":{"uv":[3.0,0.3125,2.75,0.8125],"rotation":0,"texture":"#8","tintindex":0}}},{"from":[9.146286,12.889143,5.8605714],"to":[9.710857,13.453714,10.425143],"rotation":{"angle":-22.5,"axis":"z","origin":[9.428572,13.285715,8.142858]},"faces":{"east":{"uv":[5.375,2.4375,5.875,2.5],"rotation":0,"texture":"#8","tintindex":0},"south":{"uv":[7.8125,9.0625,7.875,9.125],"rotation":0,"texture":"#8","tintindex":0},"north":{"uv":[7.6875,9.0625,7.75,9.125],"rotation":0,"texture":"#8","tintindex":0},"west":{"uv":[5.375,2.5625,5.875,2.625],"rotation":0,"texture":"#8","tintindex":0},"up":{"uv":[0.3125,5.6875,0.25,5.1875],"rotation":0,"texture":"#8","tintindex":0},"down":{"uv":[2.3125,5.1875,2.25,5.6875],"rotation":0,"texture":"#8","tintindex":0}}},{"from":[8.717143,12.874286,8.702857],"to":[9.882857,13.468573,9.868571],"rotation":{"angle":-45.0,"axis":"z","origin":[9.585714,13.285715,8.714286]},"faces":{"east":{"uv":[3.625,8.5625,3.75,8.625],"rotation":0,"texture":"#8","tintindex":0},"south":{"uv":[8.5625,3.6875,8.6875,3.75],"rotation":0,"texture":"#8","tintindex":0},"north":{"uv":[8.5625,3.5625,8.6875,3.625],"rotation":0,"texture":"#8","tintindex":0},"west":{"uv":[3.8125,8.5625,3.9375,8.625],"rotation":0,"texture":"#8","tintindex":0},"up":{"uv":[7.375,1.1875,7.25,1.0625],"rotation":0,"texture":"#8","tintindex":0},"down":{"uv":[1.4375,7.25,1.3125,7.375],"rotation":0,"texture":"#8","tintindex":0}}},{"from":[8.717143,12.874286,6.417143],"to":[9.882857,13.468573,7.582857],"rotation":{"angle":-45.0,"axis":"z","origin":[9.585714,13.285715,7.5714283]},"faces":{"east":{"uv":[4.0,8.5625,4.125,8.625],"rotation":0,"texture":"#8","tintindex":0},"south":{"uv":[4.375,8.5625,4.5,8.625],"rotation":0,"texture":"#8","tintindex":0},"north":{"uv":[8.5625,3.8125,8.6875,3.875],"rotation":0,"texture":"#8","tintindex":0},"west":{"uv":[4.5625,8.5625,4.6875,8.625],"rotation":0,"texture":"#8","tintindex":0},"up":{"uv":[1.875,7.375,1.75,7.25],"rotation":0,"texture":"#8","tintindex":0},"down":{"uv":[2.5,7.25,2.375,7.375],"rotation":0,"texture":"#8","tintindex":0}}},{"from":[6.1171427,12.874286,6.417143],"to":[7.282857,13.468573,7.582857],"rotation":{"angle":45.0,"axis":"z","origin":[6.4142857,13.285715,7.5714283]},"faces":{"east":{"uv":[5.3125,8.5625,5.4375,8.625],"rotation":0,"texture":"#8","tintindex":0},"south":{"uv":[5.5,8.5625,5.625,8.625],"rotation":0,"texture":"#8","tintindex":0},"north":{"uv":[5.125,8.5625,5.25,8.625],"rotation":0,"texture":"#8","tintindex":0},"west":{"uv":[6.0,8.5625,6.125,8.625],"rotation":0,"texture":"#8","tintindex":0},"up":{"uv":[7.375,5.0,7.25,4.875],"rotation":0,"texture":"#8","tintindex":0},"down":{"uv":[7.375,5.0625,7.25,5.1875],"rotation":0,"texture":"#8","tintindex":0}}},{"from":[6.1171427,12.874286,8.702857],"to":[7.282857,13.468573,9.868571],"rotation":{"angle":45.0,"axis":"z","origin":[6.4142857,13.285715,8.714286]},"faces":{"east":{"uv":[4.9375,8.5625,5.0625,8.625],"rotation":0,"texture":"#8","tintindex":0},"south":{"uv":[8.5625,4.9375,8.6875,5.0],"rotation":0,"texture":"#8","tintindex":0},"north":{"uv":[4.75,8.5625,4.875,8.625],"rotation":0,"texture":"#8","tintindex":0},"west":{"uv":[8.5625,5.0625,8.6875,5.125],"rotation":0,"texture":"#8","tintindex":0},"up":{"uv":[7.375,2.6875,7.25,2.5625],"rotation":0,"texture":"#8","tintindex":0},"down":{"uv":[7.375,4.6875,7.25,4.8125],"rotation":0,"texture":"#8","tintindex":0}}},{"from":[6.2891426,12.889143,5.8605714],"to":[6.853714,13.453714,10.425143],"rotation":{"angle":22.5,"axis":"z","origin":[6.5714283,13.285715,8.142858]},"faces":{"east":{"uv":[5.4375,4.625,5.9375,4.6875],"rotation":0,"texture":"#8","tintindex":0},"south":{"uv":[9.1875,2.0,9.25,2.0625],"rotation":0,"texture":"#8","tintindex":0},"north":{"uv":[1.9375,9.1875,2.0,9.25],"rotation":0,"texture":"#8","tintindex":0},"west":{"uv":[5.5,1.9375,6.0,2.0],"rotation":0,"texture":"#8","tintindex":0},"up":{"uv":[2.1875,5.875,2.125,5.375],"rotation":0,"texture":"#8","tintindex":0},"down":{"uv":[3.8125,5.375,3.75,5.875],"rotation":0,"texture":"#8","tintindex":0}}},{"from":[7.4274287,7.856,10.427429],"to":[8.572572,13.0011425,11.0011425],"rotation":{"angle":0.0,"axis":"y","origin":[5.714286,8.428572,5.8571424]},"faces":{"east":{"uv":[2.5,5.0,2.5625,5.5625],"rotation":0,"texture":"#8","tintindex":0},"south":{"uv":[2.4375,3.375,2.5625,3.9375],"rotation":0,"texture":"#8","tintindex":0},"north":{"uv":[0.1875,3.375,0.3125,3.9375],"rotation":0,"texture":"#8","tintindex":0},"west":{"uv":[0.0,5.0625,0.0625,5.625],"rotation":0,"texture":"#8","tintindex":0},"up":{"uv":[6.3125,4.1875,6.1875,4.125],"rotation":0,"texture":"#8","tintindex":0},"down":{"uv":[8.375,7.6875,8.25,7.75],"rotation":0,"texture":"#8","tintindex":0}}},{"from":[6.8599997,7.86,10.26],"to":[7.4257145,12.997143,10.825714],"rotation":{"angle":-22.5,"axis":"y","origin":[7.142857,9.857143,10.542857]},"faces":{"east":{"uv":[0.5,5.0625,0.5625,5.625],"rotation":0,"texture":"#8","tintindex":0},"south":{"uv":[0.9375,5.0625,1.0,5.625],"rotation":0,"texture":"#8","tintindex":0},"north":{"uv":[0.375,5.0625,0.4375,5.625],"rotation":0,"texture":"#8","tintindex":0},"west":{"uv":[1.0625,5.0625,1.125,5.625],"rotation":0,"texture":"#8","tintindex":0},"up":{"uv":[9.125,6.9375,9.0625,6.875],"rotation":0,"texture":"#8","tintindex":0},"down":{"uv":[7.125,9.0625,7.0625,9.125],"rotation":0,"texture":"#8","tintindex":0}}},{"from":[8.5742855,7.86,10.26],"to":[9.14,12.997143,10.825714],"rotation":{"angle":22.5,"axis":"y","origin":[8.857143,9.857143,10.542857]},"faces":{"east":{"uv":[3.25,5.0625,3.3125,5.625],"rotation":0,"texture":"#8","tintindex":0},"south":{"uv":[3.375,5.0625,3.4375,5.625],"rotation":0,"texture":"#8","tintindex":0},"north":{"uv":[3.125,5.0625,3.1875,5.625],"rotation":0,"texture":"#8","tintindex":0},"west":{"uv":[5.125,0.0,5.1875,0.5625],"rotation":0,"texture":"#8","tintindex":0},"up":{"uv":[7.5,9.125,7.4375,9.0625],"rotation":0,"texture":"#8","tintindex":0},"down":{"uv":[7.625,9.0625,7.5625,9.125],"rotation":0,"texture":"#8","tintindex":0}}},{"from":[6.285714,7.857143,5.8571424],"to":[9.714286,8.428572,6.428571],"rotation":{"angle":0.0,"axis":"y","origin":[5.714286,8.428572,5.8571424]},"faces":{"east":{"uv":[2.0,9.0625,2.0625,9.125],"rotation":0,"texture":"#8","tintindex":0},"south":{"uv":[6.25,3.8125,6.625,3.875],"rotation":0,"texture":"#8","tintindex":0},"north":{"uv":[5.6875,3.0,6.0625,3.0625],"rotation":0,"texture":"#8","tintindex":0},"west":{"uv":[2.125,9.0625,2.1875,9.125],"rotation":0,"texture":"#8","tintindex":0},"up":{"uv":[6.6875,0.625,6.3125,0.5625],"rotation":0,"texture":"#8","tintindex":0},"down":{"uv":[6.6875,3.5,6.3125,3.5625],"rotation":0,"texture":"#8","tintindex":0}}},{"from":[10.285714,10.142858,5.8571424],"to":[10.857143,12.428572,7.5714283],"rotation":{"angle":0.0,"axis":"y","origin":[8.0,11.594223,12.551424]},"faces":{"east":{"uv":[1.1875,4.4375,1.375,4.6875],"rotation":0,"texture":"#8","tintindex":0},"south":{"uv":[0.25,6.9375,0.3125,7.1875],"rotation":0,"texture":"#8","tintindex":0},"north":{"uv":[0.125,6.9375,0.1875,7.1875],"rotation":0,"texture":"#8","tintindex":0},"west":{"uv":[4.4375,1.375,4.625,1.625],"rotation":0,"texture":"#8","tintindex":0},"up":{"uv":[0.5,2.6875,0.4375,2.5],"rotation":0,"texture":"#8","tintindex":0},"down":{"uv":[2.1875,2.5625,2.125,2.75],"rotation":0,"texture":"#8","tintindex":0}}},{"from":[5.142857,10.142858,5.8571424],"to":[5.714286,12.428572,7.5714283],"rotation":{"angle":0.0,"axis":"y","origin":[8.0,11.594223,12.551424]},"faces":{"east":{"uv":[2.6875,4.5625,2.875,4.8125],"rotation":0,"texture":"#8","tintindex":0},"south":{"uv":[6.125,7.1875,6.1875,7.4375],"rotation":0,"texture":"#8","tintindex":0},"north":{"uv":[4.625,7.1875,4.6875,7.4375],"rotation":0,"texture":"#8","tintindex":0},"west":{"uv":[2.9375,4.5625,3.125,4.8125],"rotation":0,"texture":"#8","tintindex":0},"up":{"uv":[7.25,8.1875,7.1875,8.0],"rotation":0,"texture":"#8","tintindex":0},"down":{"uv":[7.5,8.0,7.4375,8.1875],"rotation":0,"texture":"#8","tintindex":0}}},{"from":[5.142857,10.142858,7.5714283],"to":[5.714286,11.857143,9.285714],"rotation":{"angle":0.0,"axis":"y","origin":[5.428571,11.0,8.428572]},"faces":{"east":{"uv":[5.0625,2.0625,5.25,2.25],"rotation":0,"texture":"#8","tintindex":0},"south":{"uv":[7.6875,8.0,7.75,8.1875],"rotation":0,"texture":"#8","tintindex":0},"north":{"uv":[7.5625,8.0,7.625,8.1875],"rotation":0,"texture":"#8","tintindex":0},"west":{"uv":[5.125,1.375,5.3125,1.5625],"rotation":0,"texture":"#8","tintindex":0},"up":{"uv":[7.875,8.1875,7.8125,8.0],"rotation":0,"texture":"#8","tintindex":0},"down":{"uv":[8.0,8.0,7.9375,8.1875],"rotation":0,"texture":"#8","tintindex":0}}},{"from":[5.85561,8.748437,5.523714],"to":[6.9938955,9.315294,6.0905714],"rotation":{"angle":-22.5,"axis":"z","origin":[6.846145,9.251227,5.8071427]},"faces":{"east":{"uv":[9.1875,1.5,9.25,1.5625],"rotation":0,"texture":"#8","tintindex":0},"south":{"uv":[8.5,0.0,8.625,0.0625],"rotation":0,"texture":"#8","tintindex":0},"north":{"uv":[8.4375,8.4375,8.5625,8.5],"rotation":0,"texture":"#8","tintindex":0},"west":{"uv":[1.5625,9.1875,1.625,9.25],"rotation":0,"texture":"#8","tintindex":0},"up":{"uv":[8.625,0.4375,8.5,0.375],"rotation":0,"texture":"#8","tintindex":0},"down":{"uv":[8.625,0.5,8.5,0.5625],"rotation":0,"texture":"#8","tintindex":0}}},{"from":[5.8672953,8.112255,5.521428],"to":[7.0101523,9.255113,6.0928574],"rotation":{"angle":0.0,"axis":"y","origin":[6.438724,8.397969,5.8071427]},"faces":{"east":{"uv":[8.4375,8.125,8.5,8.25],"rotation":0,"texture":"#8","tintindex":0},"south":{"uv":[7.1875,4.5,7.3125,4.625],"rotation":0,"texture":"#8","tintindex":0},"north":{"uv":[4.0,7.1875,4.125,7.3125],"rotation":0,"texture":"#8","tintindex":0},"west":{"uv":[8.1875,8.4375,8.25,8.5625],"rotation":0,"texture":"#8","tintindex":0},"up":{"uv":[8.5625,7.75,8.4375,7.6875],"rotation":0,"texture":"#8","tintindex":0},"down":{"uv":[8.5625,8.3125,8.4375,8.375],"rotation":0,"texture":"#8","tintindex":0}}},{"from":[9.006104,8.748437,5.523714],"to":[10.14439,9.315294,6.0905714],"rotation":{"angle":22.5,"axis":"z","origin":[9.153854,9.251227,5.8071427]},"faces":{"east":{"uv":[2.1875,9.1875,2.25,9.25],"rotation":0,"texture":"#8","tintindex":0},"south":{"uv":[8.5,5.1875,8.625,5.25],"rotation":0,"texture":"#8","tintindex":0},"north":{"uv":[4.1875,8.5,4.3125,8.5625],"rotation":0,"texture":"#8","tintindex":0},"west":{"uv":[2.3125,9.1875,2.375,9.25],"rotation":0,"texture":"#8","tintindex":0},"up":{"uv":[5.8125,8.5625,5.6875,8.5],"rotation":0,"texture":"#8","tintindex":0},"down":{"uv":[8.625,6.125,8.5,6.1875],"rotation":0,"texture":"#8","tintindex":0}}},{"from":[8.989847,8.112255,5.521428],"to":[10.132705,9.255113,6.0928574],"rotation":{"angle":0.0,"axis":"y","origin":[9.561276,8.397969,5.8071427]},"faces":{"east":{"uv":[2.8125,8.5,2.875,8.625],"rotation":0,"texture":"#8","tintindex":0},"south":{"uv":[5.9375,7.1875,6.0625,7.3125],"rotation":0,"texture":"#8","tintindex":0},"north":{"uv":[7.1875,5.875,7.3125,6.0],"rotation":0,"texture":"#8","tintindex":0},"west":{"uv":[8.5,3.0,8.5625,3.125],"rotation":0,"texture":"#8","tintindex":0},"up":{"uv":[8.625,1.75,8.5,1.6875],"rotation":0,"texture":"#8","tintindex":0},"down":{"uv":[8.625,3.4375,8.5,3.5],"rotation":0,"texture":"#8","tintindex":0}}},{"from":[10.048473,8.550621,5.5277143],"to":[10.611901,9.685478,6.0911427],"rotation":{"angle":0.0,"axis":"y","origin":[9.473044,7.6894784,5.809428]},"faces":{"east":{"uv":[1.625,8.5,1.6875,8.625],"rotation":0,"texture":"#8","tintindex":0},"south":{"uv":[1.75,8.5,1.8125,8.625],"rotation":0,"texture":"#8","tintindex":0},"north":{"uv":[8.5,1.5,8.5625,1.625],"rotation":0,"texture":"#8","tintindex":0},"west":{"uv":[2.0,8.5,2.0625,8.625],"rotation":0,"texture":"#8","tintindex":0},"up":{"uv":[2.125,9.25,2.0625,9.1875],"rotation":0,"texture":"#8","tintindex":0},"down":{"uv":[9.25,2.125,9.1875,2.1875],"rotation":0,"texture":"#8","tintindex":0}}},{"from":[5.3880987,8.550621,5.5277143],"to":[5.951527,9.685478,6.0911427],"rotation":{"angle":0.0,"axis":"y","origin":[6.5269556,7.6894784,5.809428]},"faces":{"east":{"uv":[2.0625,8.5,2.0,8.625],"rotation":0,"texture":"#8","tintindex":0},"south":{"uv":[1.8125,8.5,1.75,8.625],"rotation":0,"texture":"#8","tintindex":0},"north":{"uv":[8.5625,1.5,8.5,1.625],"rotation":0,"texture":"#8","tintindex":0},"west":{"uv":[1.6875,8.5,1.625,8.625],"rotation":0,"texture":"#8","tintindex":0},"up":{"uv":[2.0625,9.25,2.125,9.1875],"rotation":0,"texture":"#8","tintindex":0},"down":{"uv":[9.1875,2.125,9.25,2.1875],"rotation":0,"texture":"#8","tintindex":0}}},{"from":[7.424,8.995429,5.2811427],"to":[8.576,10.718857,5.8617144],"rotation":{"angle":0.0,"axis":"y","origin":[8.0,10.714286,5.5714283]},"faces":{"east":{"uv":[6.3125,8.0,6.375,8.1875],"rotation":0,"texture":"#8","tintindex":0},"south":{"uv":[3.3125,6.5625,3.4375,6.75],"rotation":0,"texture":"#8","tintindex":0},"north":{"uv":[2.0,6.5625,2.125,6.75],"rotation":0,"texture":"#8","tintindex":0},"west":{"uv":[6.4375,8.0,6.5,8.1875],"rotation":0,"texture":"#8","tintindex":0},"up":{"uv":[8.5625,6.0625,8.4375,6.0],"rotation":0,"texture":"#8","tintindex":0},"down":{"uv":[8.5625,6.25,8.4375,6.3125],"rotation":0,"texture":"#8","tintindex":0}}},{"from":[8.003428,9.003428,5.2891426],"to":[9.139429,10.139429,5.853714],"rotation":{"angle":45.0,"axis":"z","origin":[8.571428,9.285714,5.5714283]},"faces":{"east":{"uv":[7.3125,8.4375,7.375,8.5625],"rotation":0,"texture":"#8","tintindex":0},"south":{"uv":[7.1875,3.25,7.3125,3.375],"rotation":0,"texture":"#8","tintindex":0},"north":{"uv":[7.1875,2.75,7.3125,2.875],"rotation":0,"texture":"#8","tintindex":0},"west":{"uv":[8.4375,7.9375,8.5,8.0625],"rotation":0,"texture":"#8","tintindex":0},"up":{"uv":[8.5625,7.0625,8.4375,7.0],"rotation":0,"texture":"#8","tintindex":0},"down":{"uv":[8.5625,7.25,8.4375,7.3125],"rotation":0,"texture":"#8","tintindex":0}}},{"from":[5.7345715,9.284572,5.2631426],"to":[7.451143,10.429714,5.836857],"rotation":{"angle":-22.5,"axis":"z","origin":[7.428571,10.142858,5.55]},"faces":{"east":{"uv":[8.5,1.3125,8.5625,1.4375],"rotation":0,"texture":"#8","tintindex":0},"south":{"uv":[6.5625,3.625,6.75,3.75],"rotation":0,"texture":"#8","tintindex":0},"north":{"uv":[3.5,6.5625,3.6875,6.6875],"rotation":0,"texture":"#8","tintindex":0},"west":{"uv":[1.5,8.5,1.5625,8.625],"rotation":0,"texture":"#8","tintindex":0},"up":{"uv":[6.875,8.0625,6.6875,8.0],"rotation":0,"texture":"#8","tintindex":0},"down":{"uv":[7.125,8.0,6.9375,8.0625],"rotation":0,"texture":"#8","tintindex":0}}},{"from":[5.5367823,9.999885,5.2648573],"to":[5.9715805,11.05443,5.835143],"rotation":{"angle":0.0,"axis":"y","origin":[5.8219247,10.570742,5.55]},"faces":{"east":{"uv":[6.75,8.5,6.8125,8.625],"rotation":0,"texture":"#8","tintindex":0},"south":{"uv":[6.875,8.5,6.9375,8.625],"rotation":0,"texture":"#8","tintindex":0},"north":{"uv":[6.625,8.5,6.6726813,8.615466],"rotation":0,"texture":"#8","tintindex":0},"west":{"uv":[7.1875,8.5,7.25,8.625],"rotation":0,"texture":"#8","tintindex":0},"up":{"uv":[2.875,9.25,2.8125,9.1875],"rotation":0,"texture":"#8","tintindex":0},"down":{"uv":[3.0,9.1875,2.9375,9.25],"rotation":0,"texture":"#8","tintindex":0}}},{"from":[10.0284195,9.999885,5.2648573],"to":[10.463218,11.05443,5.835143],"rotation":{"angle":0.0,"axis":"y","origin":[10.178076,10.570742,5.55]},"faces":{"east":{"uv":[7.6875,8.5,7.75,8.625],"rotation":0,"texture":"#8","tintindex":0},"south":{"uv":[7.8125,8.5,7.875,8.625],"rotation":0,"texture":"#8","tintindex":0},"north":{"uv":[7.5625,8.5,7.6101813,8.615466],"rotation":0,"texture":"#8","tintindex":0},"west":{"uv":[7.9375,8.5,8.0,8.625],"rotation":0,"texture":"#8","tintindex":0},"up":{"uv":[3.125,9.25,3.0625,9.1875],"rotation":0,"texture":"#8","tintindex":0},"down":{"uv":[3.4375,9.1875,3.375,9.25],"rotation":0,"texture":"#8","tintindex":0}}},{"from":[8.548857,9.284572,5.2631426],"to":[10.265429,10.429714,5.836857],"rotation":{"angle":22.5,"axis":"z","origin":[8.571428,10.142858,5.55]},"faces":{"east":{"uv":[7.4375,8.5,7.5,8.625],"rotation":0,"texture":"#8","tintindex":0},"south":{"uv":[6.25,6.5625,6.4375,6.6875],"rotation":0,"texture":"#8","tintindex":0},"north":{"uv":[6.5625,4.3125,6.75,4.4375],"rotation":0,"texture":"#8","tintindex":0},"west":{"uv":[8.5,7.5,8.5625,7.625],"rotation":0,"texture":"#8","tintindex":0},"up":{"uv":[8.25,1.9375,8.0625,1.875],"rotation":0,"texture":"#8","tintindex":0},"down":{"uv":[8.25,2.0,8.0625,2.0625],"rotation":0,"texture":"#8","tintindex":0}}},{"from":[10.020286,10.091715,5.8345714],"to":[10.594,11.236857,8.122571],"rotation":{"angle":-22.5,"axis":"x","origin":[10.592857,10.142858,8.714286]},"faces":{"east":{"uv":[5.5625,3.875,5.8125,4.0],"rotation":0,"texture":"#8","tintindex":0},"south":{"uv":[8.5625,2.8125,8.625,2.9375],"rotation":0,"texture":"#8","tintindex":0},"north":{"uv":[8.5625,2.625,8.625,2.75],"rotation":0,"texture":"#8","tintindex":0},"west":{"uv":[5.5625,4.0625,5.8125,4.1875],"rotation":0,"texture":"#8","tintindex":0},"up":{"uv":[6.9375,7.4375,6.875,7.1875],"rotation":0,"texture":"#8","tintindex":0},"down":{"uv":[0.0625,7.25,0.0,7.5],"rotation":0,"texture":"#8","tintindex":0}}},{"from":[5.406,10.091715,5.8345714],"to":[5.9797144,11.236857,8.122571],"rotation":{"angle":-22.5,"axis":"x","origin":[5.4071426,10.142858,8.714286]},"faces":{"east":{"uv":[5.5625,5.125,5.8125,5.25],"rotation":0,"texture":"#8","tintindex":0},"south":{"uv":[3.0625,8.5625,3.125,8.6875],"rotation":0,"texture":"#8","tintindex":0},"north":{"uv":[2.9375,8.5625,3.0,8.6875],"rotation":0,"texture":"#8","tintindex":0},"west":{"uv":[5.5625,5.3125,5.8125,5.4375],"rotation":0,"texture":"#8","tintindex":0},"up":{"uv":[0.1875,7.5,0.125,7.25],"rotation":0,"texture":"#8","tintindex":0},"down":{"uv":[0.3125,7.25,0.25,7.5],"rotation":0,"texture":"#8","tintindex":0}}},{"from":[6.0421696,9.400448,10.428572],"to":[7.7564554,10.543304,11.0],"rotation":{"angle":-22.5,"axis":"z","origin":[7.735027,10.25759,10.714286]},"faces":{"east":{"uv":[8.0625,8.5,8.125,8.625],"rotation":0,"texture":"#8","tintindex":0},"south":{"uv":[6.5625,6.4375,6.75,6.5625],"rotation":0,"texture":"#8","tintindex":0},"north":{"uv":[6.5625,6.25,6.75,6.375],"rotation":0,"texture":"#8","tintindex":0},"west":{"uv":[8.3125,8.5,8.375,8.625],"rotation":0,"texture":"#8","tintindex":0},"up":{"uv":[8.25,2.1875,8.0625,2.125],"rotation":0,"texture":"#8","tintindex":0},"down":{"uv":[8.25,4.25,8.0625,4.3125],"rotation":0,"texture":"#8","tintindex":0}}},{"from":[5.7493124,10.750447,10.428572],"to":[7.4635983,11.321877,11.0],"rotation":{"angle":-22.5,"axis":"z","origin":[7.4421697,10.25759,10.714286]},"faces":{"east":{"uv":[4.25,9.1875,4.3125,9.25],"rotation":0,"texture":"#8","tintindex":0},"south":{"uv":[8.0625,4.625,8.25,4.6875],"rotation":0,"texture":"#8","tintindex":0},"north":{"uv":[8.0625,4.5,8.25,4.5625],"rotation":0,"texture":"#8","tintindex":0},"west":{"uv":[4.375,9.1875,4.4375,9.25],"rotation":0,"texture":"#8","tintindex":0},"up":{"uv":[4.9375,8.125,4.75,8.0625],"rotation":0,"texture":"#8","tintindex":0},"down":{"uv":[8.25,4.75,8.0625,4.8125],"rotation":0,"texture":"#8","tintindex":0}}},{"from":[6.2883153,11.320119,10.431429],"to":[7.425458,13.02869,10.997143],"rotation":{"angle":0.0,"axis":"y","origin":[7.9783154,10.824405,10.714286]},"faces":{"east":{"uv":[5.0,8.0625,5.0625,8.25],"rotation":0,"texture":"#8","tintindex":0},"south":{"uv":[4.625,6.5625,4.75,6.75],"rotation":0,"texture":"#8","tintindex":0},"north":{"uv":[4.0625,6.5625,4.1875,6.75],"rotation":0,"texture":"#8","tintindex":0},"west":{"uv":[5.125,8.0625,5.1875,8.25],"rotation":0,"texture":"#8","tintindex":0},"up":{"uv":[8.6875,2.5625,8.5625,2.5],"rotation":0,"texture":"#8","tintindex":0},"down":{"uv":[2.6875,8.5625,2.5625,8.625],"rotation":0,"texture":"#8","tintindex":0}}},{"from":[8.574542,11.320119,10.431429],"to":[9.711684,13.02869,10.997143],"rotation":{"angle":0.0,"axis":"y","origin":[8.021685,10.824405,10.714286]},"faces":{"east":{"uv":[5.25,8.0625,5.3125,8.25],"rotation":0,"texture":"#8","tintindex":0},"south":{"uv":[1.375,6.625,1.5,6.8125],"rotation":0,"texture":"#8","tintindex":0},"north":{"uv":[6.625,1.25,6.75,1.4375],"rotation":0,"texture":"#8","tintindex":0},"west":{"uv":[5.75,8.0625,5.8125,8.25],"rotation":0,"texture":"#8","tintindex":0},"up":{"uv":[8.6875,7.4375,8.5625,7.375],"rotation":0,"texture":"#8","tintindex":0},"down":{"uv":[8.6875,8.1875,8.5625,8.25],"rotation":0,"texture":"#8","tintindex":0}}},{"from":[8.536402,10.750447,10.428572],"to":[10.250688,11.321877,11.0],"rotation":{"angle":22.5,"axis":"z","origin":[8.55783,10.25759,10.714286]},"faces":{"east":{"uv":[4.5,9.1875,4.5625,9.25],"rotation":0,"texture":"#8","tintindex":0},"south":{"uv":[8.0625,5.375,8.25,5.4375],"rotation":0,"texture":"#8","tintindex":0},"north":{"uv":[8.0625,4.875,8.25,4.9375],"rotation":0,"texture":"#8","tintindex":0},"west":{"uv":[4.625,9.1875,4.6875,9.25],"rotation":0,"texture":"#8","tintindex":0},"up":{"uv":[5.6875,8.125,5.5,8.0625],"rotation":0,"texture":"#8","tintindex":0},"down":{"uv":[8.25,5.5,8.0625,5.5625],"rotation":0,"texture":"#8","tintindex":0}}},{"from":[8.243545,9.400448,10.428572],"to":[9.95783,10.543304,11.0],"rotation":{"angle":22.5,"axis":"z","origin":[8.264973,10.25759,10.714286]},"faces":{"east":{"uv":[8.5625,2.3125,8.625,2.4375],"rotation":0,"texture":"#8","tintindex":0},"south":{"uv":[6.625,1.0625,6.8125,1.1875],"rotation":0,"texture":"#8","tintindex":0},"north":{"uv":[6.625,0.375,6.8125,0.5],"rotation":0,"texture":"#8","tintindex":0},"west":{"uv":[2.4375,8.5625,2.5,8.6875],"rotation":0,"texture":"#8","tintindex":0},"up":{"uv":[4.5625,8.125,4.375,8.0625],"rotation":0,"texture":"#8","tintindex":0},"down":{"uv":[8.25,4.375,8.0625,4.4375],"rotation":0,"texture":"#8","tintindex":0}}},{"from":[6.6135983,8.086162,10.428572],"to":[7.7564554,9.229019,11.0],"rotation":{"angle":-22.5,"axis":"z","origin":[7.735027,8.943305,10.714286]},"faces":{"east":{"uv":[3.1875,8.5625,3.25,8.6875],"rotation":0,"texture":"#8","tintindex":0},"south":{"uv":[0.75,7.25,0.875,7.375],"rotation":0,"texture":"#8","tintindex":0},"north":{"uv":[7.25,0.3125,7.375,0.4375],"rotation":0,"texture":"#8","tintindex":0},"west":{"uv":[3.3125,8.5625,3.375,8.6875],"rotation":0,"texture":"#8","tintindex":0},"up":{"uv":[8.6875,3.25,8.5625,3.1875],"rotation":0,"texture":"#8","tintindex":0},"down":{"uv":[3.5625,8.5625,3.4375,8.625],"rotation":0,"texture":"#8","tintindex":0}}},{"from":[6.373805,8.583417,10.431429],"to":[6.805443,9.633565,10.997143],"rotation":{"angle":0.0,"axis":"y","origin":[6.942376,9.151989,10.714286]},"faces":{"east":{"uv":[8.5625,6.5625,8.625,6.6875],"rotation":0,"texture":"#8","tintindex":0},"south":{"uv":[7.0,8.5625,7.0625,8.6875],"rotation":0,"texture":"#8","tintindex":0},"north":{"uv":[8.5625,6.375,8.610335,6.4904847],"rotation":0,"texture":"#8","tintindex":0},"west":{"uv":[8.5625,7.8125,8.625,7.9375],"rotation":0,"texture":"#8","tintindex":0},"up":{"uv":[4.8125,9.25,4.75,9.1875],"rotation":0,"texture":"#8","tintindex":0},"down":{"uv":[9.25,5.1875,9.1875,5.25],"rotation":0,"texture":"#8","tintindex":0}}},{"from":[5.8458734,10.116379,10.428572],"to":[6.280369,11.169384,10.997143],"rotation":{"angle":0.0,"axis":"y","origin":[6.9887304,9.116379,10.711429]},"faces":{"east":{"uv":[1.125,8.625,1.1875,8.75],"rotation":0,"texture":"#8","tintindex":0},"south":{"uv":[8.625,1.3125,8.6875,1.4375],"rotation":0,"texture":"#8","tintindex":0},"north":{"uv":[8.625,1.0,8.673148,1.1157974],"rotation":0,"texture":"#8","tintindex":0},"west":{"uv":[8.625,1.5,8.6875,1.625],"rotation":0,"texture":"#8","tintindex":0},"up":{"uv":[9.25,6.125,9.1875,6.0625],"rotation":0,"texture":"#8","tintindex":0},"down":{"uv":[9.25,6.3125,9.1875,6.375],"rotation":0,"texture":"#8","tintindex":0}}},{"from":[9.719631,10.116379,10.428572],"to":[10.154127,11.169384,10.997143],"rotation":{"angle":0.0,"axis":"y","origin":[9.01127,9.116379,10.711429]},"faces":{"east":{"uv":[1.875,8.625,1.9375,8.75],"rotation":0,"texture":"#8","tintindex":0},"south":{"uv":[8.625,2.0,8.6875,2.125],"rotation":0,"texture":"#8","tintindex":0},"north":{"uv":[8.625,1.8125,8.673148,1.9282974],"rotation":0,"texture":"#8","tintindex":0},"west":{"uv":[2.3125,8.625,2.375,8.75],"rotation":0,"texture":"#8","tintindex":0},"up":{"uv":[9.25,6.9375,9.1875,6.875],"rotation":0,"texture":"#8","tintindex":0},"down":{"uv":[7.0625,9.1875,7.0,9.25],"rotation":0,"texture":"#8","tintindex":0}}},{"from":[6.8599997,7.86,10.26],"to":[7.4257145,12.997143,10.825714],"rotation":{"angle":-22.5,"axis":"y","origin":[7.142857,9.857143,10.542857]},"faces":{"east":{"uv":[3.5,5.125,3.5625,5.6875],"rotation":0,"texture":"#8","tintindex":0},"south":{"uv":[3.625,5.125,3.6875,5.6875],"rotation":0,"texture":"#8","tintindex":0},"north":{"uv":[1.1875,5.125,1.25,5.6875],"rotation":0,"texture":"#8","tintindex":0},"west":{"uv":[3.875,5.125,3.9375,5.6875],"rotation":0,"texture":"#8","tintindex":0},"up":{"uv":[5.875,9.25,5.8125,9.1875],"rotation":0,"texture":"#8","tintindex":0},"down":{"uv":[6.0,9.1875,5.9375,9.25],"rotation":0,"texture":"#8","tintindex":0}}},{"from":[9.194557,8.583417,10.431429],"to":[9.626195,9.633565,10.997143],"rotation":{"angle":0.0,"axis":"y","origin":[9.057624,9.151989,10.714286]},"faces":{"east":{"uv":[8.625,0.625,8.6875,0.75],"rotation":0,"texture":"#8","tintindex":0},"south":{"uv":[8.625,0.8125,8.6875,0.9375],"rotation":0,"texture":"#8","tintindex":0},"north":{"uv":[8.5625,8.5625,8.610335,8.677985],"rotation":0,"texture":"#8","tintindex":0},"west":{"uv":[0.875,8.625,0.9375,8.75],"rotation":0,"texture":"#8","tintindex":0},"up":{"uv":[5.5,9.25,5.4375,9.1875],"rotation":0,"texture":"#8","tintindex":0},"down":{"uv":[5.75,9.1875,5.6875,9.25],"rotation":0,"texture":"#8","tintindex":0}}},{"from":[8.243545,8.086162,10.428572],"to":[9.386402,9.229019,11.0],"rotation":{"angle":22.5,"axis":"z","origin":[8.264973,8.943305,10.714286]},"faces":{"east":{"uv":[8.5625,8.0,8.625,8.125],"rotation":0,"texture":"#8","tintindex":0},"south":{"uv":[7.25,5.4375,7.375,5.5625],"rotation":0,"texture":"#8","tintindex":0},"north":{"uv":[7.25,5.25,7.375,5.375],"rotation":0,"texture":"#8","tintindex":0},"west":{"uv":[8.4375,8.5625,8.5,8.6875],"rotation":0,"texture":"#8","tintindex":0},"up":{"uv":[8.6875,6.8125,8.5625,6.75],"rotation":0,"texture":"#8","tintindex":0},"down":{"uv":[8.6875,7.125,8.5625,7.1875],"rotation":0,"texture":"#8","tintindex":0}}},{"from":[8.514286,10.978572,5.3999996],"to":[9.542857,11.435715,5.8571424],"rotation":{"angle":22.5,"axis":"z","origin":[8.571428,10.142858,5.55]},"faces":{"east":{"uv":[4.0,9.1875,4.0625,9.25],"rotation":0,"texture":"#8","tintindex":0},"south":{"uv":[1.3125,8.5625,1.4375,8.625],"rotation":0,"texture":"#8","tintindex":0},"north":{"uv":[0.375,8.5625,0.5,8.625],"rotation":0,"texture":"#8","tintindex":0},"west":{"uv":[4.125,9.1875,4.1875,9.25],"rotation":0,"texture":"#8","tintindex":0},"up":{"uv":[2.25,8.625,2.125,8.5625],"rotation":0,"texture":"#8","tintindex":0},"down":{"uv":[8.6875,2.1875,8.5625,2.25],"rotation":0,"texture":"#8","tintindex":0}}},{"from":[6.899225,11.072498,5.3999996],"to":[7.927797,11.529641,5.8571424],"rotation":{"angle":-22.5,"axis":"z","origin":[7.413511,11.30107,5.6285715]},"faces":{"east":{"uv":[3.875,9.1875,3.9375,9.25],"rotation":0,"texture":"#8","tintindex":0},"south":{"uv":[0.0,8.5625,0.125,8.625],"rotation":0,"texture":"#8","tintindex":0},"north":{"uv":[8.5,6.875,8.625,6.9375],"rotation":0,"texture":"#8","tintindex":0},"west":{"uv":[9.1875,3.9375,9.25,4.0],"rotation":0,"texture":"#8","tintindex":0},"up":{"uv":[8.6875,0.1875,8.5625,0.125],"rotation":0,"texture":"#8","tintindex":0},"down":{"uv":[0.3125,8.5625,0.1875,8.625],"rotation":0,"texture":"#8","tintindex":0}}},{"from":[6.8605714,9.003428,5.2891426],"to":[7.9965715,10.139429,5.853714],"rotation":{"angle":-45.0,"axis":"z","origin":[7.428571,9.285714,5.5714283]},"faces":{"east":{"uv":[1.0,8.5,1.0625,8.625],"rotation":0,"texture":"#8","tintindex":0},"south":{"uv":[5.75,7.1875,5.875,7.3125],"rotation":0,"texture":"#8","tintindex":0},"north":{"uv":[5.5625,7.1875,5.6875,7.3125],"rotation":0,"texture":"#8","tintindex":0},"west":{"uv":[8.5,1.0,8.5625,1.125],"rotation":0,"texture":"#8","tintindex":0},"up":{"uv":[1.25,8.5625,1.125,8.5],"rotation":0,"texture":"#8","tintindex":0},"down":{"uv":[8.625,1.1875,8.5,1.25],"rotation":0,"texture":"#8","tintindex":0}}},{"from":[7.7125716,7.284,5.284],"to":[8.287429,9.573143,5.858857],"rotation":{"angle":0.0,"axis":"y","origin":[7.714286,13.879938,11.979996]},"faces":{"east":{"uv":[0.375,7.0,0.4375,7.25],"rotation":0,"texture":"#8","tintindex":0},"south":{"uv":[0.625,7.0,0.6875,7.25],"rotation":0,"texture":"#8","tintindex":0},"north":{"uv":[6.9375,6.25,7.0,6.5],"rotation":0,"texture":"#8","tintindex":0},"west":{"uv":[2.125,7.0,2.1875,7.25],"rotation":0,"texture":"#8","tintindex":0},"up":{"uv":[4.875,9.125,4.8125,9.0625],"rotation":0,"texture":"#8","tintindex":0},"down":{"uv":[9.125,5.1875,9.0625,5.25],"rotation":0,"texture":"#8","tintindex":0}}},{"from":[8.254402,7.285714,5.29601],"to":[8.820116,9.565714,5.861724],"rotation":{"angle":-22.5,"axis":"y","origin":[8.2959385,8.4257145,5.3695707]},"faces":{"east":{"uv":[3.75,7.0,3.8125,7.25],"rotation":0,"texture":"#8","tintindex":0},"south":{"uv":[4.25,7.0,4.3125,7.25],"rotation":0,"texture":"#8","tintindex":0},"north":{"uv":[2.25,7.0,2.3125,7.25],"rotation":0,"texture":"#8","tintindex":0},"west":{"uv":[4.375,7.0,4.4375,7.25],"rotation":0,"texture":"#8","tintindex":0},"up":{"uv":[5.5,9.125,5.4375,9.0625],"rotation":0,"texture":"#8","tintindex":0},"down":{"uv":[5.8125,9.0625,5.75,9.125],"rotation":0,"texture":"#8","tintindex":0}}},{"from":[7.2783475,7.285714,5.372428],"to":[7.844062,9.565714,5.938142],"rotation":{"angle":22.5,"axis":"y","origin":[7.5612044,8.4257145,5.655285]},"faces":{"east":{"uv":[3.125,7.1875,3.1875,7.4375],"rotation":0,"texture":"#8","tintindex":0},"south":{"uv":[3.25,7.1875,3.3125,7.4375],"rotation":0,"texture":"#8","tintindex":0},"north":{"uv":[3.0,7.1875,3.0625,7.4375],"rotation":0,"texture":"#8","tintindex":0},"west":{"uv":[3.375,7.1875,3.4375,7.4375],"rotation":0,"texture":"#8","tintindex":0},"up":{"uv":[9.25,1.4375,9.1875,1.375],"rotation":0,"texture":"#8","tintindex":0},"down":{"uv":[1.5,9.1875,1.4375,9.25],"rotation":0,"texture":"#8","tintindex":0}}},{"from":[6.8599997,11.860001,5.438571],"to":[7.4257145,14.14,6.004286],"rotation":{"angle":22.5,"axis":"y","origin":[7.142857,13.0,5.7214284]},"faces":{"east":{"uv":[6.375,7.0,6.4375,7.25],"rotation":0,"texture":"#8","tintindex":0},"south":{"uv":[6.5,7.0,6.5625,7.25],"rotation":0,"texture":"#8","tintindex":0},"north":{"uv":[6.25,7.0,6.3125,7.25],"rotation":0,"texture":"#8","tintindex":0},"west":{"uv":[7.0,6.5625,7.0625,6.8125],"rotation":0,"texture":"#8","tintindex":0},"up":{"uv":[9.125,6.125,9.0625,6.0625],"rotation":0,"texture":"#8","tintindex":0},"down":{"uv":[9.125,6.375,9.0625,6.4375],"rotation":0,"texture":"#8","tintindex":0}}},{"from":[6.2885714,11.860001,5.438571],"to":[6.8542857,13.568571,6.004286],"rotation":{"angle":22.5,"axis":"y","origin":[7.142857,13.0,5.7214284]},"faces":{"east":{"uv":[1.375,8.0625,1.4375,8.25],"rotation":0,"texture":"#8","tintindex":0},"south":{"uv":[2.5,8.0625,2.5625,8.25],"rotation":0,"texture":"#8","tintindex":0},"north":{"uv":[0.5,8.0625,0.5625,8.25],"rotation":0,"texture":"#8","tintindex":0},"west":{"uv":[2.625,8.0625,2.6875,8.25],"rotation":0,"texture":"#8","tintindex":0},"up":{"uv":[9.25,3.5,9.1875,3.4375],"rotation":0,"texture":"#8","tintindex":0},"down":{"uv":[3.5625,9.1875,3.5,9.25],"rotation":0,"texture":"#8","tintindex":0}}},{"from":[9.145715,11.860001,5.438571],"to":[9.711429,13.568571,6.004286],"rotation":{"angle":-22.5,"axis":"y","origin":[8.857143,13.0,5.7214284]},"faces":{"east":{"uv":[3.5625,8.0625,3.625,8.25],"rotation":0,"texture":"#8","tintindex":0},"south":{"uv":[3.875,8.0625,3.9375,8.25],"rotation":0,"texture":"#8","tintindex":0},"north":{"uv":[2.75,8.0625,2.8125,8.25],"rotation":0,"texture":"#8","tintindex":0},"west":{"uv":[8.0625,4.0,8.125,4.1875],"rotation":0,"texture":"#8","tintindex":0},"up":{"uv":[3.6875,9.25,3.625,9.1875],"rotation":0,"texture":"#8","tintindex":0},"down":{"uv":[3.8125,9.1875,3.75,9.25],"rotation":0,"texture":"#8","tintindex":0}}},{"from":[7.4257145,11.854286,5.4328566],"to":[8.5742855,13.5742855,6.01],"rotation":{"angle":0.0,"axis":"y","origin":[8.0,16.165653,12.129995]},"faces":{"east":{"uv":[2.625,0.3125,2.6875,0.5],"rotation":0,"texture":"#8","tintindex":0},"south":{"uv":[6.5,3.0,6.625,3.1875],"rotation":0,"texture":"#8","tintindex":0},"north":{"uv":[2.9375,6.5,3.0625,6.6875],"rotation":0,"texture":"#8","tintindex":0},"west":{"uv":[0.8125,5.4375,0.875,5.625],"rotation":0,"texture":"#8","tintindex":0},"up":{"uv":[8.4375,6.1875,8.3125,6.125],"rotation":0,"texture":"#8","tintindex":0},"down":{"uv":[8.4375,6.875,8.3125,6.9375],"rotation":0,"texture":"#8","tintindex":0}}},{"from":[8.5742855,11.860001,5.438571],"to":[9.14,14.14,6.004286],"rotation":{"angle":-22.5,"axis":"y","origin":[8.857143,13.0,5.7214284]},"faces":{"east":{"uv":[4.75,7.0,4.8125,7.25],"rotation":0,"texture":"#8","tintindex":0},"south":{"uv":[4.875,7.0,4.9375,7.25],"rotation":0,"texture":"#8","tintindex":0},"north":{"uv":[4.5,7.0,4.5625,7.25],"rotation":0,"texture":"#8","tintindex":0},"west":{"uv":[7.0,5.125,7.0625,5.375],"rotation":0,"texture":"#8","tintindex":0},"up":{"uv":[5.9375,9.125,5.875,9.0625],"rotation":0,"texture":"#8","tintindex":0},"down":{"uv":[6.0625,9.0625,6.0,9.125],"rotation":0,"texture":"#8","tintindex":0}}},{"from":[5.714286,11.285714,5.285714],"to":[10.285714,11.857143,5.8571424],"rotation":{"angle":0.0,"axis":"y","origin":[8.0,11.594223,11.979996]},"faces":{"east":{"uv":[9.0625,2.125,9.125,2.1875],"rotation":0,"texture":"#8","tintindex":0},"south":{"uv":[5.375,0.875,5.875,0.9375],"rotation":0,"texture":"#8","tintindex":0},"north":{"uv":[5.375,0.75,5.875,0.8125],"rotation":0,"texture":"#8","tintindex":0},"west":{"uv":[2.375,9.0625,2.4375,9.125],"rotation":0,"texture":"#8","tintindex":0},"up":{"uv":[5.875,1.375,5.375,1.3125],"rotation":0,"texture":"#8","tintindex":0},"down":{"uv":[5.875,1.4375,5.375,1.5],"rotation":0,"texture":"#8","tintindex":0}}},{"from":[7.428571,10.714286,5.285714],"to":[8.571428,11.285714,5.8571424],"rotation":{"angle":0.0,"axis":"y","origin":[8.0,11.022795,11.979996]},"faces":{"east":{"uv":[9.1875,0.0,9.25,0.0625],"rotation":0,"texture":"#8","tintindex":0},"south":{"uv":[8.4375,5.625,8.5625,5.6875],"rotation":0,"texture":"#8","tintindex":0},"north":{"uv":[8.4375,5.5,8.5625,5.5625],"rotation":0,"texture":"#8","tintindex":0},"west":{"uv":[0.125,9.1875,0.1875,9.25],"rotation":0,"texture":"#8","tintindex":0},"up":{"uv":[8.5625,5.8125,8.4375,5.75],"rotation":0,"texture":"#8","tintindex":0},"down":{"uv":[8.5625,5.875,8.4375,5.9375],"rotation":0,"texture":"#8","tintindex":0}}},{"from":[9.714286,10.714286,5.285714],"to":[10.285714,11.285714,5.8571424],"rotation":{"angle":0.0,"axis":"y","origin":[8.0,11.594223,11.979996]},"faces":{"east":{"uv":[2.5,9.0625,2.5625,9.125],"rotation":0,"texture":"#8","tintindex":0},"south":{"uv":[9.0625,2.5625,9.125,2.625],"rotation":0,"texture":"#8","tintindex":0},"north":{"uv":[9.0625,2.4375,9.125,2.5],"rotation":0,"texture":"#8","tintindex":0},"west":{"uv":[2.625,9.0625,2.6875,9.125],"rotation":0,"texture":"#8","tintindex":0},"up":{"uv":[9.125,2.75,9.0625,2.6875],"rotation":0,"texture":"#8","tintindex":0},"down":{"uv":[2.8125,9.0625,2.75,9.125],"rotation":0,"texture":"#8","tintindex":0}}},{"from":[5.714286,10.714286,5.285714],"to":[6.285714,11.285714,5.8571424],"rotation":{"angle":0.0,"axis":"y","origin":[8.0,11.594223,11.979996]},"faces":{"east":{"uv":[3.0,9.0625,3.0625,9.125],"rotation":0,"texture":"#8","tintindex":0},"south":{"uv":[3.125,9.0625,3.1875,9.125],"rotation":0,"texture":"#8","tintindex":0},"north":{"uv":[2.875,9.0625,2.9375,9.125],"rotation":0,"texture":"#8","tintindex":0},"west":{"uv":[3.4375,9.0625,3.5,9.125],"rotation":0,"texture":"#8","tintindex":0},"up":{"uv":[3.625,9.125,3.5625,9.0625],"rotation":0,"texture":"#8","tintindex":0},"down":{"uv":[3.75,9.0625,3.6875,9.125],"rotation":0,"texture":"#8","tintindex":0}}},{"from":[4.95,11.278572,6.428571],"to":[5.521428,11.85,7.0],"rotation":{"angle":0.0,"axis":"y","origin":[7.9428573,11.822794,11.644281]},"faces":{"east":{"uv":[9.0625,3.9375,9.125,4.0],"rotation":0,"texture":"#8","tintindex":0},"south":{"uv":[4.3125,9.0625,4.375,9.125],"rotation":0,"texture":"#8","tintindex":0},"north":{"uv":[3.8125,9.0625,3.875,9.125],"rotation":0,"texture":"#8","tintindex":0},"west":{"uv":[4.4375,9.0625,4.5,9.125],"rotation":0,"texture":"#8","tintindex":0},"up":{"uv":[4.625,9.125,4.5625,9.0625],"rotation":0,"texture":"#8","tintindex":0},"down":{"uv":[4.75,9.0625,4.6875,9.125],"rotation":0,"texture":"#8","tintindex":0}}},{"from":[5.288,10.89175,8.454398],"to":[5.854857,12.030036,9.592684],"rotation":{"angle":-22.5,"axis":"x","origin":[5.5714283,11.460894,9.0235405]},"faces":{"east":{"uv":[1.1875,6.9375,1.3125,7.0625],"rotation":0,"texture":"#8","tintindex":0},"south":{"uv":[8.3125,8.3125,8.375,8.4375],"rotation":0,"texture":"#8","tintindex":0},"north":{"uv":[8.3125,8.125,8.375,8.25],"rotation":0,"texture":"#8","tintindex":0},"west":{"uv":[6.9375,3.9375,7.0625,4.0625],"rotation":0,"texture":"#8","tintindex":0},"up":{"uv":[8.4375,0.5,8.375,0.375],"rotation":0,"texture":"#8","tintindex":0},"down":{"uv":[8.4375,0.5625,8.375,0.6875],"rotation":0,"texture":"#8","tintindex":0}}},{"from":[10.285714,10.142858,7.5714283],"to":[10.857143,11.857143,9.285714],"rotation":{"angle":0.0,"axis":"y","origin":[10.571428,11.0,8.428572]},"faces":{"east":{"uv":[5.125,2.4375,5.3125,2.625],"rotation":0,"texture":"#8","tintindex":0},"south":{"uv":[0.125,8.0625,0.1875,8.25],"rotation":0,"texture":"#8","tintindex":0},"north":{"uv":[0.0,8.0625,0.0625,8.25],"rotation":0,"texture":"#8","tintindex":0},"west":{"uv":[5.125,2.6875,5.3125,2.875],"rotation":0,"texture":"#8","tintindex":0},"up":{"uv":[0.3125,8.25,0.25,8.0625],"rotation":0,"texture":"#8","tintindex":0},"down":{"uv":[0.4375,8.0625,0.375,8.25],"rotation":0,"texture":"#8","tintindex":0}}},{"from":[10.1451435,10.89175,8.454398],"to":[10.712,12.030036,9.592684],"rotation":{"angle":-22.5,"axis":"x","origin":[10.428572,11.460894,9.0235405]},"faces":{"east":{"uv":[7.1875,6.875,7.3125,7.0],"rotation":0,"texture":"#8","tintindex":0},"south":{"uv":[6.25,8.5,6.3125,8.625],"rotation":0,"texture":"#8","tintindex":0},"north":{"uv":[5.875,8.5,5.9375,8.625],"rotation":0,"texture":"#8","tintindex":0},"west":{"uv":[7.125,7.1875,7.25,7.3125],"rotation":0,"texture":"#8","tintindex":0},"up":{"uv":[6.4375,8.625,6.375,8.5],"rotation":0,"texture":"#8","tintindex":0},"down":{"uv":[6.5625,8.5,6.5,8.625],"rotation":0,"texture":"#8","tintindex":0}}},{"from":[10.478572,11.278572,6.428571],"to":[11.05,11.85,7.0],"rotation":{"angle":0.0,"axis":"y","origin":[8.057143,11.822794,11.644281]},"faces":{"east":{"uv":[2.4375,9.1875,2.5,9.25],"rotation":0,"texture":"#8","tintindex":0},"south":{"uv":[9.1875,2.5,9.25,2.5625],"rotation":0,"texture":"#8","tintindex":0},"north":{"uv":[9.1875,2.375,9.25,2.4375],"rotation":0,"texture":"#8","tintindex":0},"west":{"uv":[2.5625,9.1875,2.625,9.25],"rotation":0,"texture":"#8","tintindex":0},"up":{"uv":[9.25,2.6875,9.1875,2.625],"rotation":0,"texture":"#8","tintindex":0},"down":{"uv":[2.75,9.1875,2.6875,9.25],"rotation":0,"texture":"#8","tintindex":0}}},{"from":[10.285714,13.0,10.428572],"to":[5.714286,8.428572,5.8571424],"rotation":{"angle":0.0,"axis":"y","origin":[5.714286,8.428572,5.8571424]},"faces":{"east":{"uv":[0.5625,1.6875,1.0625,2.1875],"rotation":0,"texture":"#8","tintindex":0},"south":{"uv":[1.125,1.6875,1.625,2.1875],"rotation":0,"texture":"#8","tintindex":0},"west":{"uv":[1.6875,1.6875,2.1875,2.1875],"rotation":0,"texture":"#8","tintindex":0},"up":{"uv":[0.5,2.4375,0.0,1.9375],"rotation":0,"texture":"#8","tintindex":0},"down":{"uv":[2.5625,0.0,2.0625,0.5],"rotation":0,"texture":"#8","tintindex":0}}}],"textures":{"0":"modelengine:entity/boneshadingdefender","8":"modelengine:entity/fallendefender"},"display":{"head":{"translation":[0.0,-6.4,0.0],"scale":[4.0,4.0,4.0]}}}