{"elements":[{"from":[6.857143,6.285714,6.5714283],"to":[9.142858,9.714286,8.857143],"rotation":{"angle":0.0,"axis":"y","origin":[8.0,8.0,7.714286]},"faces":{"east":{"uv":[6.125,0.0,6.5,0.625],"rotation":0,"texture":"#0","tintindex":0},"south":{"uv":[5.0,4.125,5.5,4.75],"rotation":0,"texture":"#0","tintindex":0},"north":{"uv":[4.875,0.0,5.375,0.625],"rotation":0,"texture":"#0","tintindex":0},"west":{"uv":[6.125,0.625,6.5,1.25],"rotation":0,"texture":"#0","tintindex":0},"up":{"uv":[6.625,2.25,6.125,1.875],"rotation":0,"texture":"#0","tintindex":0},"down":{"uv":[4.375,6.25,3.875,6.625],"rotation":0,"texture":"#0","tintindex":0}}}],"textures":{"0":"modelengine:entity/em_dyerftum2"},"display":{"head":{"translation":[0.0,-6.4,0.0],"scale":[4.0,4.0,4.0]}}}