{"textures":{"0":"modelengine:entity/boneshadingravager","1":"modelengine:entity/fallenravager"},"elements":[{"from":[7.1,3.7999997,7.1],"to":[9.2,6.2,9.5],"rotation":{"angle":0.0,"axis":"y","origin":[8.15,10.7,8.3]},"faces":{"east":{"uv":[4.6885,2.5635,4.9365,2.8115],"rotation":0,"texture":"#1","tintindex":0},"south":{"uv":[3.001,4.6885,3.249,4.9365],"rotation":0,"texture":"#1","tintindex":0},"north":{"uv":[4.626,1.626,4.874,1.874],"rotation":0,"texture":"#1","tintindex":0},"west":{"uv":[4.751,2.876,4.999,3.124],"rotation":0,"texture":"#1","tintindex":0},"up":{"uv":[4.999,3.4365,4.751,3.1885],"rotation":0,"texture":"#1","tintindex":0},"down":{"uv":[4.999,3.501,4.751,3.749],"rotation":0,"texture":"#1","tintindex":0}}},{"from":[6.9049997,3.1999998,7.1],"to":[9.365,3.7999997,9.515],"rotation":{"angle":0.0,"axis":"y","origin":[8.15,8.3,8.3]},"faces":{"east":{"uv":[7.126,5.001,7.374,5.0615],"rotation":0,"texture":"#1","tintindex":0},"south":{"uv":[7.126,5.126,7.374,5.1865],"rotation":0,"texture":"#1","tintindex":0},"north":{"uv":[7.126,4.5635,7.374,4.624],"rotation":0,"texture":"#1","tintindex":0},"west":{"uv":[7.126,5.251,7.374,5.3115],"rotation":0,"texture":"#1","tintindex":0},"up":{"uv":[0.999,5.0615,0.751,4.8135],"rotation":0,"texture":"#1","tintindex":0},"down":{"uv":[1.624,4.8135,1.376,5.0615],"rotation":0,"texture":"#1","tintindex":0}}},{"from":[7.1,6.2,7.4],"to":[8.9,8.15,9.2],"rotation":{"angle":0.0,"axis":"y","origin":[7.01,3.7999997,8.3]},"faces":{"east":{"uv":[5.496,6.5,0.504,11.996],"rotation":0,"texture":"#0","tintindex":0},"south":{"uv":[5.496,6.5,0.504,11.996],"rotation":0,"texture":"#0","tintindex":0},"north":{"uv":[5.496,6.5,0.504,11.996],"rotation":0,"texture":"#0","tintindex":0},"west":{"uv":[5.496,6.5,0.504,11.996],"rotation":0,"texture":"#0","tintindex":0},"up":{"uv":[5.496,7.0,0.504,11.996],"rotation":0,"texture":"#0","tintindex":0},"down":{"uv":[5.496,7.0,0.504,11.996],"rotation":0,"texture":"#0","tintindex":0}}},{"from":[8.3,7.4,6.8],"to":[8.9,8.6,7.4],"rotation":{"angle":-22.5,"axis":"y","origin":[8.6,8.0,7.1]},"faces":{"east":{"uv":[1.8135,7.9385,1.874,8.0615],"rotation":0,"texture":"#1","tintindex":0},"south":{"uv":[2.376,7.9385,2.4365,8.0615],"rotation":0,"texture":"#1","tintindex":0},"north":{"uv":[7.9385,1.6885,7.999,1.8115],"rotation":0,"texture":"#1","tintindex":0},"west":{"uv":[7.9385,2.501,7.999,2.624],"rotation":0,"texture":"#1","tintindex":0},"up":{"uv":[8.4365,4.124,8.376,4.0635],"rotation":0,"texture":"#1","tintindex":0},"down":{"uv":[8.4365,4.1885,8.376,4.249],"rotation":0,"texture":"#1","tintindex":0}}},{"from":[8.731596,3.7294998,6.9861746],"to":[9.337596,6.1355,7.592175],"rotation":{"angle":-22.5,"axis":"y","origin":[9.0345955,4.9325,7.289175]},"faces":{"east":{"uv":[7.001,7.126,7.0615,7.374],"rotation":0,"texture":"#1","tintindex":0},"south":{"uv":[7.126,7.126,7.1865,7.374],"rotation":0,"texture":"#1","tintindex":0},"north":{"uv":[6.876,7.126,6.9365,7.374],"rotation":0,"texture":"#1","tintindex":0},"west":{"uv":[0.001,7.1885,0.0615,7.4365],"rotation":0,"texture":"#1","tintindex":0},"up":{"uv":[8.4365,4.999,8.376,4.9385],"rotation":0,"texture":"#1","tintindex":0},"down":{"uv":[8.4365,5.0635,8.376,5.124],"rotation":0,"texture":"#1","tintindex":0}}},{"from":[7.7,7.4,6.8],"to":[8.3,9.2,7.4],"rotation":{"angle":0.0,"axis":"y","origin":[8.0,8.0,7.1]},"faces":{"east":{"uv":[7.5635,4.4385,7.624,4.624],"rotation":0,"texture":"#1","tintindex":0},"south":{"uv":[7.5635,5.001,7.624,5.1865],"rotation":0,"texture":"#1","tintindex":0},"north":{"uv":[7.5635,4.1885,7.624,4.374],"rotation":0,"texture":"#1","tintindex":0},"west":{"uv":[7.5635,5.251,7.624,5.4365],"rotation":0,"texture":"#1","tintindex":0},"up":{"uv":[8.4365,4.5615,8.376,4.501],"rotation":0,"texture":"#1","tintindex":0},"down":{"uv":[8.4365,4.626,8.376,4.6865],"rotation":0,"texture":"#1","tintindex":0}}},{"from":[7.1,7.4,6.8],"to":[7.7,8.6,7.4],"rotation":{"angle":22.5,"axis":"y","origin":[7.4,8.0,7.1]},"faces":{"east":{"uv":[0.876,7.9385,0.9365,8.0615],"rotation":0,"texture":"#1","tintindex":0},"south":{"uv":[7.9385,1.001,7.999,1.124],"rotation":0,"texture":"#1","tintindex":0},"north":{"uv":[0.751,7.9385,0.8115,8.0615],"rotation":0,"texture":"#1","tintindex":0},"west":{"uv":[1.501,7.9385,1.5615,8.0615],"rotation":0,"texture":"#1","tintindex":0},"up":{"uv":[8.4365,3.999,8.376,3.9385],"rotation":0,"texture":"#1","tintindex":0},"down":{"uv":[4.0615,8.376,4.001,8.4365],"rotation":0,"texture":"#1","tintindex":0}}},{"from":[6.9049997,6.1099997,6.995],"to":[9.485001,6.89,9.575],"rotation":{"angle":0.0,"axis":"y","origin":[8.15,5.93,8.3]},"faces":{"east":{"uv":[7.126,4.001,7.374,4.0615],"rotation":0,"texture":"#1","tintindex":0},"south":{"uv":[7.126,4.126,7.374,4.1865],"rotation":0,"texture":"#1","tintindex":0},"north":{"uv":[7.126,3.376,7.374,3.4365],"rotation":0,"texture":"#1","tintindex":0},"west":{"uv":[7.126,4.251,7.374,4.3115],"rotation":0,"texture":"#1","tintindex":0},"up":{"uv":[4.874,0.874,4.626,0.626],"rotation":0,"texture":"#1","tintindex":0},"down":{"uv":[4.874,0.9385,4.626,1.1865],"rotation":0,"texture":"#1","tintindex":0}}},{"from":[7.022404,3.7294998,9.007825],"to":[7.628404,6.1355,9.613825],"rotation":{"angle":-22.5,"axis":"y","origin":[7.325404,4.9325,9.310825]},"faces":{"east":{"uv":[6.251,7.1885,6.3115,7.4365],"rotation":0,"texture":"#1","tintindex":0},"south":{"uv":[7.1885,6.4385,7.249,6.6865],"rotation":0,"texture":"#1","tintindex":0},"north":{"uv":[6.126,7.1885,6.1865,7.4365],"rotation":0,"texture":"#1","tintindex":0},"west":{"uv":[6.5635,7.1885,6.624,7.4365],"rotation":0,"texture":"#1","tintindex":0},"up":{"uv":[7.124,8.4365,7.0635,8.376],"rotation":0,"texture":"#1","tintindex":0},"down":{"uv":[8.4365,7.1885,8.376,7.249],"rotation":0,"texture":"#1","tintindex":0}}},{"from":[7.022404,3.7294998,6.9861746],"to":[7.628404,6.1355,7.592175],"rotation":{"angle":22.5,"axis":"y","origin":[7.325404,4.9325,7.289175]},"faces":{"east":{"uv":[0.4385,7.1885,0.499,7.4365],"rotation":0,"texture":"#1","tintindex":0},"south":{"uv":[0.5635,7.1885,0.624,7.4365],"rotation":0,"texture":"#1","tintindex":0},"north":{"uv":[0.126,7.1885,0.1865,7.4365],"rotation":0,"texture":"#1","tintindex":0},"west":{"uv":[0.6885,7.1885,0.749,7.4365],"rotation":0,"texture":"#1","tintindex":0},"up":{"uv":[8.4365,5.249,8.376,5.1885],"rotation":0,"texture":"#1","tintindex":0},"down":{"uv":[5.374,8.376,5.3135,8.4365],"rotation":0,"texture":"#1","tintindex":0}}},{"from":[6.95,7.4,7.355],"to":[9.05,8.6,9.305],"rotation":{"angle":0.0,"axis":"y","origin":[7.01,3.7999997,8.255]},"faces":{"east":{"uv":[6.1885,0.001,6.374,0.124],"rotation":0,"texture":"#1","tintindex":0},"south":{"uv":[5.751,3.0635,5.999,3.1865],"rotation":0,"texture":"#1","tintindex":0},"north":{"uv":[5.751,1.5635,5.999,1.6865],"rotation":0,"texture":"#1","tintindex":0},"west":{"uv":[6.1885,2.8135,6.374,2.9365],"rotation":0,"texture":"#1","tintindex":0},"up":{"uv":[4.4365,5.374,4.1885,5.1885],"rotation":0,"texture":"#1","tintindex":0},"down":{"uv":[0.249,5.251,0.001,5.4365],"rotation":0,"texture":"#1","tintindex":0}}},{"from":[8.731596,3.7294998,9.007825],"to":[9.337596,6.1355,9.613825],"rotation":{"angle":22.5,"axis":"y","origin":[9.0345955,4.9325,9.310825]},"faces":{"east":{"uv":[3.5635,7.1885,3.624,7.4365],"rotation":0,"texture":"#1","tintindex":0},"south":{"uv":[7.1885,5.6885,7.249,5.9365],"rotation":0,"texture":"#1","tintindex":0},"north":{"uv":[7.1885,3.501,7.249,3.749],"rotation":0,"texture":"#1","tintindex":0},"west":{"uv":[7.1885,6.001,7.249,6.249],"rotation":0,"texture":"#1","tintindex":0},"up":{"uv":[6.874,8.4365,6.8135,8.376],"rotation":0,"texture":"#1","tintindex":0},"down":{"uv":[6.999,8.376,6.9385,8.4365],"rotation":0,"texture":"#1","tintindex":0}}}],"display":{"head":{"translation":[0.0,-6.4,0.0],"scale":[3.8095,3.8095,3.8095]}}}