{"elements":[{"from":[7.3954544,4.8643436,6.981597],"to":[9.10974,8.292915,8.695883],"rotation":{"angle":0.0,"axis":"y","origin":[11.739255,6.8605185,10.371357]},"faces":{"east":{"uv":[1.0,9.0,1.75,10.5],"rotation":0,"texture":"#0","tintindex":0},"south":{"uv":[2.0,9.0,2.75,10.5],"rotation":0,"texture":"#0","tintindex":0},"north":{"uv":[0.0,9.0,0.75,10.5],"rotation":0,"texture":"#0","tintindex":0},"west":{"uv":[3.0,9.0,3.75,10.5],"rotation":0,"texture":"#0","tintindex":0},"up":{"uv":[3.75,11.5,3.0,10.75],"rotation":0,"texture":"#0","tintindex":0},"down":{"uv":[4.75,10.75,4.0,11.5],"rotation":0,"texture":"#0","tintindex":0}}}],"textures":{"0":"modelengine:entity/nocsy_toom_baby"},"display":{"head":{"translation":[0.0,-6.4,0.0],"scale":[4.0,4.0,4.0]}}}