{"elements":[{"from":[6.429308,7.5715766,7.714286],"to":[9.28645,8.714434,8.857143],"rotation":{"angle":0.0,"axis":"z","origin":[8.982872,4.9954557,8.285714]},"faces":{"east":{"uv":[11.5,6.75,12.0,7.25],"rotation":0,"texture":"#0","tintindex":0},"south":{"uv":[10.0,2.25,11.25,2.75],"rotation":0,"texture":"#0","tintindex":0},"north":{"uv":[10.0,1.5,11.25,2.0],"rotation":0,"texture":"#0","tintindex":0},"west":{"uv":[7.5,11.5,8.0,12.0],"rotation":0,"texture":"#0","tintindex":0},"up":{"uv":[11.25,3.5,10.0,3.0],"rotation":0,"texture":"#0","tintindex":0},"down":{"uv":[11.25,3.75,10.0,4.25],"rotation":0,"texture":"#0","tintindex":0}}},{"from":[4.1435933,4.7144337,8.228572],"to":[9.28645,8.714434,8.285714],"rotation":{"angle":0.0,"axis":"z","origin":[8.982872,4.9954557,8.857143]},"faces":{"east":{"uv":[11.5,0.0,11.75,1.75],"rotation":0,"texture":"#0","tintindex":0},"south":{"uv":[7.5,0.0,9.75,1.75],"rotation":0,"texture":"#0","tintindex":0},"north":{"uv":[7.0,6.75,9.25,8.5],"rotation":0,"texture":"#0","tintindex":0},"west":{"uv":[11.5,2.0,11.75,3.75],"rotation":0,"texture":"#0","tintindex":0},"up":{"uv":[11.75,11.0,9.5,10.75],"rotation":0,"texture":"#0","tintindex":0},"down":{"uv":[9.25,11.0,7.0,11.25],"rotation":0,"texture":"#0","tintindex":0}}}],"textures":{"0":"modelengine:entity/nocsy_toom_baby"},"display":{"head":{"translation":[0.0,-6.4,0.0],"scale":[4.0,4.0,4.0]}}}