{"elements":[{"from":[6.8335657,7.2,3.598404],"to":[9.11928,8.342857,8.169833],"rotation":{"angle":0.0,"axis":"y","origin":[6.8335657,10.6285715,7.0269756]},"faces":{"east":{"uv":[9.5,7.75,11.5,8.25],"rotation":0,"texture":"#0","tintindex":0},"south":{"uv":[10.75,11.25,11.75,11.75],"rotation":0,"texture":"#0","tintindex":0},"north":{"uv":[9.5,11.25,10.5,11.75],"rotation":0,"texture":"#0","tintindex":0},"west":{"uv":[9.5,8.5,11.5,9.0],"rotation":0,"texture":"#0","tintindex":0},"up":{"uv":[8.0,10.75,7.0,8.75],"rotation":0,"texture":"#0","tintindex":0},"down":{"uv":[9.25,8.75,8.25,10.75],"rotation":0,"texture":"#0","tintindex":0}}},{"from":[6.83928,8.148488,5.7364025],"to":[8.542137,9.851345,7.43926],"rotation":{"angle":-22.5,"axis":"x","origin":[7.976423,8.542774,7.15926]},"faces":{"east":{"uv":[6.25,15.25,7.0,16.0],"rotation":0,"texture":"#0","tintindex":0},"south":{"uv":[11.5,15.0,12.5,15.5],"rotation":0,"texture":"#0","tintindex":0},"north":{"uv":[9.75,14.5,10.75,15.0],"rotation":0,"texture":"#0","tintindex":0},"west":{"uv":[10.25,13.0,11.0,13.5],"rotation":0,"texture":"#0","tintindex":0},"up":{"uv":[5.5,14.75,4.75,14.0],"rotation":0,"texture":"#0","tintindex":0},"down":{"uv":[8.5,14.0,7.5,14.75],"rotation":0,"texture":"#0","tintindex":0}}}],"textures":{"0":"modelengine:entity/nocsy_toom_baby"},"display":{"head":{"translation":[0.0,-6.4,0.0],"scale":[4.0,4.0,4.0]}}}