{"elements":[{"from":[6.713549,7.5715766,7.714286],"to":[9.570692,8.714434,8.857143],"rotation":{"angle":0.0,"axis":"z","origin":[7.017128,4.9954557,8.285714]},"faces":{"east":{"uv":[8.0,11.5,7.5,12.0],"rotation":0,"texture":"#0","tintindex":0},"south":{"uv":[11.25,2.25,10.0,2.75],"rotation":0,"texture":"#0","tintindex":0},"north":{"uv":[11.25,1.5,10.0,2.0],"rotation":0,"texture":"#0","tintindex":0},"west":{"uv":[12.0,6.75,11.5,7.25],"rotation":0,"texture":"#0","tintindex":0},"up":{"uv":[10.0,3.5,11.25,3.0],"rotation":0,"texture":"#0","tintindex":0},"down":{"uv":[10.0,3.75,11.25,4.25],"rotation":0,"texture":"#0","tintindex":0}}},{"from":[6.713549,4.7144337,8.228572],"to":[11.856407,8.714434,8.285714],"rotation":{"angle":0.0,"axis":"z","origin":[7.017128,4.9954557,8.857143]},"faces":{"east":{"uv":[11.75,2.0,11.5,3.75],"rotation":0,"texture":"#0","tintindex":0},"south":{"uv":[9.75,0.0,7.5,1.75],"rotation":0,"texture":"#0","tintindex":0},"north":{"uv":[9.25,6.75,7.0,8.5],"rotation":0,"texture":"#0","tintindex":0},"west":{"uv":[11.75,0.0,11.5,1.75],"rotation":0,"texture":"#0","tintindex":0},"up":{"uv":[9.5,11.0,11.75,10.75],"rotation":0,"texture":"#0","tintindex":0},"down":{"uv":[7.0,11.0,9.25,11.25],"rotation":0,"texture":"#0","tintindex":0}}}],"textures":{"0":"modelengine:entity/nocsy_toom_baby"},"display":{"head":{"translation":[0.0,-6.4,0.0],"scale":[4.0,4.0,4.0]}}}