{"elements":[{"from":[7.428571,6.857143,7.428571],"to":[8.571428,9.142858,8.571428],"rotation":{"angle":0.0,"axis":"y","origin":[7.714286,-5.1428576,8.285714]},"faces":{"east":{"uv":[6.0,9.5,7.0,11.5],"rotation":0,"texture":"#0","tintindex":0},"south":{"uv":[7.0,9.5,8.0,11.5],"rotation":0,"texture":"#0","tintindex":0},"north":{"uv":[9.5,4.5,10.5,6.5],"rotation":0,"texture":"#0","tintindex":0},"west":{"uv":[9.5,9.0,10.5,11.0],"rotation":0,"texture":"#0","tintindex":0},"up":{"uv":[11.0,1.0,10.0,0.0],"rotation":0,"texture":"#0","tintindex":0},"down":{"uv":[3.5,10.0,2.5,11.0],"rotation":0,"texture":"#0","tintindex":0}}}],"textures":{"0":"modelengine:entity/anubis_pet_pillar"},"display":{"head":{"translation":[0.0,-6.4,0.0],"scale":[4.0,4.0,4.0]}}}