{"elements":[{"from":[6.5714283,7.044538,7.4554853],"to":[9.428572,9.901681,10.884057],"rotation":{"angle":-45.0,"axis":"x","origin":[9.142858,9.615967,10.026914]},"faces":{"east":{"uv":[9.375,1.625,8.625,2.25],"rotation":0,"texture":"#0","tintindex":0},"south":{"uv":[9.625,3.375,9.0,4.0],"rotation":0,"texture":"#0","tintindex":0},"north":{"uv":[7.0,8.75,6.375,9.375],"rotation":0,"texture":"#0","tintindex":0},"west":{"uv":[9.375,1.0,8.625,1.625],"rotation":0,"texture":"#0","tintindex":0},"up":{"uv":[3.5,9.375,4.125,8.625],"rotation":0,"texture":"#0","tintindex":0},"down":{"uv":[4.125,8.625,4.75,9.375],"rotation":0,"texture":"#0","tintindex":0}}},{"from":[7.142857,4.187395,7.4554853],"to":[8.857143,7.044538,9.7411995],"rotation":{"angle":-45.0,"axis":"x","origin":[9.714286,9.615967,10.026914]},"faces":{"east":{"uv":[1.0,9.375,0.5,10.0],"rotation":0,"texture":"#0","tintindex":0},"south":{"uv":[6.375,9.5,6.0,10.125],"rotation":0,"texture":"#0","tintindex":0},"north":{"uv":[7.0,9.375,6.625,10.0],"rotation":0,"texture":"#0","tintindex":0},"west":{"uv":[9.75,8.0,9.25,8.625],"rotation":0,"texture":"#0","tintindex":0},"up":{"uv":[7.75,10.375,8.125,9.875],"rotation":0,"texture":"#0","tintindex":0},"down":{"uv":[8.125,9.875,8.5,10.375],"rotation":0,"texture":"#0","tintindex":0}}}],"textures":{"0":"modelengine:entity/kur"},"display":{"head":{"translation":[0.0,-6.4,0.0],"scale":[4.0,4.0,4.0]}}}