{"elements":[{"from":[6.0,4.5714283,6.5714283],"to":[8.285714,8.571428,9.428572],"rotation":{"angle":0.0,"axis":"y","origin":[6.0,8.0,8.0]},"faces":{"east":{"uv":[7.75,2.75,8.375,3.625],"rotation":0,"texture":"#1","tintindex":0},"south":{"uv":[8.25,8.375,8.75,9.25],"rotation":0,"texture":"#1","tintindex":0},"north":{"uv":[8.375,5.25,8.875,6.125],"rotation":0,"texture":"#1","tintindex":0},"west":{"uv":[7.75,5.25,8.375,6.125],"rotation":0,"texture":"#1","tintindex":0},"up":{"uv":[10.0,8.375,9.5,7.75],"rotation":0,"texture":"#1","tintindex":0},"down":{"uv":[10.125,4.625,9.625,5.25],"rotation":0,"texture":"#1","tintindex":0}}},{"from":[6.285714,3.4285712,6.5714283],"to":[8.0,4.5714283,8.857143],"rotation":{"angle":0.0,"axis":"y","origin":[6.285714,4.0,8.0]},"faces":{"east":{"uv":[8.25,2.0,8.75,2.25],"rotation":0,"texture":"#1","tintindex":0},"south":{"uv":[10.125,9.375,10.5,9.625],"rotation":0,"texture":"#1","tintindex":0},"north":{"uv":[9.125,7.125,9.5,7.375],"rotation":0,"texture":"#1","tintindex":0},"west":{"uv":[8.375,6.625,8.875,6.875],"rotation":0,"texture":"#1","tintindex":0},"up":{"uv":[10.5,1.5,10.125,1.0],"rotation":0,"texture":"#1","tintindex":0},"down":{"uv":[10.5,2.0,10.125,2.5],"rotation":0,"texture":"#1","tintindex":0}}}],"textures":{"1":"modelengine:entity/rot"},"display":{"head":{"translation":[0.0,-6.4,0.0],"scale":[4.0,4.0,4.0]}}}