{"elements":[{"from":[5.714286,9.108801,7.324487],"to":[10.285714,11.394515,9.610202],"rotation":{"angle":0.0,"axis":"y","origin":[7.428571,10.35072,8.038773]},"faces":{"east":{"uv":[3.0,6.75,4.0,7.75],"rotation":0,"texture":"#0","tintindex":0},"south":{"uv":[0.0,3.5,2.0,4.5],"rotation":0,"texture":"#0","tintindex":0},"north":{"uv":[3.25,3.0,5.25,4.0],"rotation":0,"texture":"#0","tintindex":0},"west":{"uv":[4.0,6.75,3.0,7.75],"rotation":0,"texture":"#0","tintindex":0},"up":{"uv":[4.0,5.0,2.0,4.0],"rotation":0,"texture":"#0","tintindex":0},"down":{"uv":[6.0,4.0,4.0,5.0],"rotation":0,"texture":"#0","tintindex":0}}},{"from":[6.5714283,7.518981,8.25156],"to":[9.428572,9.804695,9.965846],"rotation":{"angle":22.5,"axis":"x","origin":[7.428571,10.35072,8.038773]},"faces":{"east":{"uv":[7.25,7.25,8.0,8.25],"rotation":0,"texture":"#0","tintindex":0},"south":{"uv":[6.5,0.0,7.75,1.0],"rotation":0,"texture":"#0","tintindex":0},"north":{"uv":[6.0,6.25,7.25,7.25],"rotation":0,"texture":"#0","tintindex":0},"west":{"uv":[8.0,7.25,7.25,8.25],"rotation":0,"texture":"#0","tintindex":0},"up":{"uv":[7.25,8.0,6.0,7.25],"rotation":0,"texture":"#0","tintindex":0},"down":{"uv":[8.5,6.0,7.25,6.75],"rotation":0,"texture":"#0","tintindex":0}}},{"from":[6.5714283,6.510247,7.151703],"to":[9.428572,7.6531043,7.151703],"rotation":{"angle":0.0,"axis":"y","origin":[7.428571,10.35072,8.038773]},"faces":{"east":{"uv":[0.0,0.0,0.0,0.5],"rotation":0,"texture":"#0","tintindex":0},"south":{"uv":[7.75,5.5,9.0,6.0],"rotation":0,"texture":"#0","tintindex":0},"north":{"uv":[2.0,3.5,3.25,4.0],"rotation":0,"texture":"#0","tintindex":0},"west":{"uv":[0.0,0.0,0.0,0.5],"rotation":0,"texture":"#0","tintindex":0},"up":{"uv":[1.25,0.0,0.0,0.0],"rotation":0,"texture":"#0","tintindex":0},"down":{"uv":[1.25,0.0,0.0,0.0],"rotation":0,"texture":"#0","tintindex":0}}}],"textures":{"0":"modelengine:entity/cavalier"},"display":{"head":{"translation":[0.0,-6.4,0.0],"scale":[4.0,4.0,4.0]}}}