{
	"credit": "Made with Blockbench",
	"texture_size": [64, 64],
	"textures": {
		"0": "modelengine:entity/oog_pet"
	},
	"elements": [
		{
			"from": [-5, 6.14701, 7.76641],
			"to": [5, 12.14701, 14.76641],
			"rotation": {"angle": 0, "axis": "y", "origin": [0, 7.64701, 10.76641]},
			"faces": {
				"north": {"uv": [8.5, 2.25, 11, 3.75], "texture": "#0"},
				"east": {"uv": [11, 1.5, 12.75, 3], "texture": "#0"},
				"south": {"uv": [9, 7.75, 11.5, 9.25], "texture": "#0"},
				"west": {"uv": [0, 11.25, 1.75, 12.75], "texture": "#0"},
				"up": {"uv": [8.5, 3.75, 6, 2], "texture": "#0"},
				"down": {"uv": [7.5, 6, 5, 7.75], "texture": "#0"}
			}
		},
		{
			"from": [-4, 4.6376, 9.26012],
			"to": [4, 7.6376, 16.26012],
			"rotation": {"angle": -22.5, "axis": "x", "origin": [0, 3.1376, 12.26012]},
			"faces": {
				"north": {"uv": [12.75, 2.5, 14.75, 3.25], "texture": "#0"},
				"east": {"uv": [12.75, 5, 14.5, 5.75], "texture": "#0"},
				"south": {"uv": [12.75, 3.25, 14.75, 4], "texture": "#0"},
				"west": {"uv": [12.75, 5.75, 14.5, 6.5], "texture": "#0"},
				"up": {"uv": [3.75, 10.5, 1.75, 8.75], "texture": "#0"},
				"down": {"uv": [11.25, 3.75, 9.25, 5.5], "texture": "#0"}
			}
		},
		{
			"from": [-4, 2.6376, 9.26012],
			"to": [4, 4.6376, 9.26012],
			"rotation": {"angle": -22.5, "axis": "x", "origin": [0, 3.1376, 12.26012]},
			"faces": {
				"north": {"uv": [9.5, 7.25, 11.5, 7.75], "texture": "#0"},
				"east": {"uv": [0, 0, 0, 0.5], "texture": "#0"},
				"south": {"uv": [7.75, 13, 9.75, 13.5], "texture": "#0"},
				"west": {"uv": [0, 0, 0, 0.5], "texture": "#0"},
				"up": {"uv": [2, 0, 0, 0], "texture": "#0"},
				"down": {"uv": [2, 0, 0, 0], "texture": "#0"}
			}
		},
		{
			"from": [-6, 11, 6],
			"to": [6, 20, 14],
			"rotation": {"angle": -22.5, "axis": "x", "origin": [0, 13.5, 11.5]},
			"faces": {
				"north": {"uv": [0, 0, 3, 2.25], "texture": "#0"},
				"east": {"uv": [3, 4, 5, 6.25], "texture": "#0"},
				"south": {"uv": [0, 2.25, 3, 4.5], "texture": "#0"},
				"west": {"uv": [0, 4.5, 2, 6.75], "texture": "#0"},
				"up": {"uv": [6, 2, 3, 0], "texture": "#0"},
				"down": {"uv": [6, 2, 3, 4], "texture": "#0"}
			}
		},
		{
			"from": [-4, 11.84154, 0.18884],
			"to": [4, 17.84154, 8.18884],
			"rotation": {"angle": 0, "axis": "y", "origin": [0, 0.84154, 3.18884]},
			"faces": {
				"north": {"uv": [10.25, 0, 12.25, 1.5], "texture": "#0"},
				"east": {"uv": [1.75, 10.5, 3.75, 12], "texture": "#0"},
				"south": {"uv": [10.75, 9.25, 12.75, 10.75], "texture": "#0"},
				"west": {"uv": [3.75, 10.5, 1.75, 12], "texture": "#0"},
				"up": {"uv": [9.25, 5.75, 7.25, 3.75], "texture": "#0"},
				"down": {"uv": [9.5, 5.75, 7.5, 7.75], "texture": "#0"}
			}
		},
		{
			"from": [-6.82843, 8.84154, 0.01727],
			"to": [-6.82843, 17.84154, 7.01727],
			"rotation": {"angle": -45, "axis": "y", "origin": [-6.82843, 14.34154, 6.01727]},
			"faces": {
				"north": {"uv": [0, 0, 0, 2.25], "texture": "#0"},
				"east": {"uv": [3.75, 7.75, 5.5, 10], "texture": "#0"},
				"south": {"uv": [0, 0, 0, 2.25], "texture": "#0"},
				"west": {"uv": [5.5, 7.75, 7.25, 10], "texture": "#0"},
				"up": {"uv": [0, 1.75, 0, 0], "texture": "#0"},
				"down": {"uv": [0, 0, 0, 1.75], "texture": "#0"}
			}
		},
		{
			"from": [6.82843, 8.84154, 0.01727],
			"to": [6.82843, 17.84154, 7.01727],
			"rotation": {"angle": 45, "axis": "y", "origin": [6.82843, 14.34154, 6.01727]},
			"faces": {
				"north": {"uv": [0, 0, 0, 2.25], "texture": "#0"},
				"east": {"uv": [7.25, 7.75, 5.5, 10], "texture": "#0"},
				"south": {"uv": [0, 0, 0, 2.25], "texture": "#0"},
				"west": {"uv": [5.5, 7.75, 3.75, 10], "texture": "#0"},
				"up": {"uv": [0, 1.75, 0, 0], "texture": "#0"},
				"down": {"uv": [0, 0, 0, 1.75], "texture": "#0"}
			}
		},
		{
			"from": [-3, 8.84154, 0.18884],
			"to": [3, 11.84154, 6.18884],
			"rotation": {"angle": 0, "axis": "y", "origin": [0, 0.84154, 3.18884]},
			"faces": {
				"north": {"uv": [12.75, 10.75, 14.25, 11.5], "texture": "#0"},
				"east": {"uv": [12.75, 11.5, 14.25, 12.25], "texture": "#0"},
				"south": {"uv": [13, 6.5, 14.5, 7.25], "texture": "#0"},
				"west": {"uv": [14.25, 11.5, 12.75, 12.25], "texture": "#0"},
				"up": {"uv": [7.75, 13.25, 6.25, 11.75], "texture": "#0"},
				"down": {"uv": [3.25, 12, 1.75, 13.5], "texture": "#0"}
			}
		},
		{
			"from": [-3, 5.42733, -1.22537],
			"to": [3, 9.42733, -1.22537],
			"rotation": {"angle": 45, "axis": "x", "origin": [0, 7.42733, -1.22537]},
			"faces": {
				"north": {"uv": [0, 12.75, 1.5, 13.75], "texture": "#0"},
				"east": {"uv": [0, 0, 0, 1], "texture": "#0"},
				"south": {"uv": [12.75, 4, 14.25, 5], "texture": "#0"},
				"west": {"uv": [0, 0, 0, 1], "texture": "#0"},
				"up": {"uv": [1.5, 0, 0, 0], "texture": "#0"},
				"down": {"uv": [1.5, 0, 0, 0], "texture": "#0"}
			}
		},
		{
			"from": [-4, 17.4022, 1.2495],
			"to": [4, 20.4022, 1.2495],
			"rotation": {"angle": 45, "axis": "x", "origin": [0, 18.9022, 1.2495]},
			"faces": {
				"north": {"uv": [12.75, 1, 14.75, 1.75], "texture": "#0"},
				"east": {"uv": [0, 0, 0, 0.75], "texture": "#0"},
				"south": {"uv": [12.75, 1.75, 14.75, 2.5], "texture": "#0"},
				"west": {"uv": [0, 0, 0, 0.75], "texture": "#0"},
				"up": {"uv": [2, 0, 0, 0], "texture": "#0"},
				"down": {"uv": [2, 0, 0, 0], "texture": "#0"}
			}
		},
		{
			"from": [-5.5, 0, 9],
			"to": [-3.5, 3, 12],
			"rotation": {"angle": 0, "axis": "y", "origin": [-3.5, 1, 10]},
			"faces": {
				"north": {"uv": [13.5, 13.25, 14, 14], "texture": "#0"},
				"east": {"uv": [10.25, 1.5, 11, 2.25], "texture": "#0"},
				"south": {"uv": [0, 13.75, 0.5, 14.5], "texture": "#0"},
				"west": {"uv": [4.25, 13.5, 5, 14.25], "texture": "#0"},
				"up": {"uv": [1, 14.5, 0.5, 13.75], "texture": "#0"},
				"down": {"uv": [1.5, 13.75, 1, 14.5], "texture": "#0"}
			}
		},
		{
			"from": [-6, 3, 9],
			"to": [-3, 7, 13],
			"rotation": {"angle": 0, "axis": "y", "origin": [-4, 5, 10]},
			"faces": {
				"north": {"uv": [7, 13.25, 7.75, 14.25], "texture": "#0"},
				"east": {"uv": [3.75, 6.25, 4.75, 7.25], "texture": "#0"},
				"south": {"uv": [12, 13.25, 12.75, 14.25], "texture": "#0"},
				"west": {"uv": [8, 10, 9, 11], "texture": "#0"},
				"up": {"uv": [13.5, 14.25, 12.75, 13.25], "texture": "#0"},
				"down": {"uv": [2.25, 13.5, 1.5, 14.5], "texture": "#0"}
			}
		},
		{
			"from": [3.5, 0, 9],
			"to": [5.5, 3, 12],
			"rotation": {"angle": 0, "axis": "y", "origin": [3.5, 1, 10]},
			"faces": {
				"north": {"uv": [14, 13.25, 13.5, 14], "texture": "#0"},
				"east": {"uv": [5, 13.5, 4.25, 14.25], "texture": "#0"},
				"south": {"uv": [0.5, 13.75, 0, 14.5], "texture": "#0"},
				"west": {"uv": [11, 1.5, 10.25, 2.25], "texture": "#0"},
				"up": {"uv": [0.5, 14.5, 1, 13.75], "texture": "#0"},
				"down": {"uv": [1, 13.75, 1.5, 14.5], "texture": "#0"}
			}
		},
		{
			"from": [3, 3, 9],
			"to": [6, 7, 13],
			"rotation": {"angle": 0, "axis": "y", "origin": [4, 5, 10]},
			"faces": {
				"north": {"uv": [7.75, 13.25, 7, 14.25], "texture": "#0"},
				"east": {"uv": [9, 10, 8, 11], "texture": "#0"},
				"south": {"uv": [12.75, 13.25, 12, 14.25], "texture": "#0"},
				"west": {"uv": [4.75, 6.25, 3.75, 7.25], "texture": "#0"},
				"up": {"uv": [12.75, 14.25, 13.5, 13.25], "texture": "#0"},
				"down": {"uv": [1.5, 13.5, 2.25, 14.5], "texture": "#0"}
			}
		},
		{
			"from": [-12, 11, 5],
			"to": [-5, 19, 14],
			"rotation": {"angle": -22.5, "axis": "z", "origin": [-6, 16, 11]},
			"faces": {
				"north": {"uv": [0, 9.25, 1.75, 11.25], "texture": "#0"},
				"east": {"uv": [5, 4, 7.25, 6], "texture": "#0"},
				"south": {"uv": [9, 9.25, 10.75, 11.25], "texture": "#0"},
				"west": {"uv": [6, 0, 8.25, 2], "texture": "#0"},
				"up": {"uv": [9, 10, 7.25, 7.75], "texture": "#0"},
				"down": {"uv": [10.25, 0, 8.5, 2.25], "texture": "#0"}
			}
		},
		{
			"from": [-13, 19, 8],
			"to": [-5, 23, 12],
			"rotation": {"angle": -22.5, "axis": "z", "origin": [-6, 24, 11]},
			"faces": {
				"north": {"uv": [11.5, 8.25, 13.5, 9.25], "texture": "#0"},
				"east": {"uv": [9.75, 13, 10.75, 14], "texture": "#0"},
				"south": {"uv": [12.25, 0, 14.25, 1], "texture": "#0"},
				"west": {"uv": [6, 13.25, 7, 14.25], "texture": "#0"},
				"up": {"uv": [14, 13.25, 12, 12.25], "texture": "#0"},
				"down": {"uv": [5.25, 12.5, 3.25, 13.5], "texture": "#0"}
			}
		},
		{
			"from": [-12.5, 1, 6],
			"to": [-7.5, 11, 13],
			"rotation": {"angle": -22.5, "axis": "z", "origin": [-5.5, 9, 11]},
			"faces": {
				"north": {"uv": [3.75, 10, 5, 12.5], "texture": "#0"},
				"east": {"uv": [2, 6.25, 3.75, 8.75], "texture": "#0"},
				"south": {"uv": [5, 10, 6.25, 12.5], "texture": "#0"},
				"west": {"uv": [0, 6.75, 1.75, 9.25], "texture": "#0"},
				"up": {"uv": [10.75, 13, 9.5, 11.25], "texture": "#0"},
				"down": {"uv": [12, 12.25, 10.75, 14], "texture": "#0"}
			}
		},
		{
			"from": [-12.5, -2, 6],
			"to": [-9.5, 1, 13],
			"rotation": {"angle": -22.5, "axis": "z", "origin": [-5.5, 9, 11]},
			"faces": {
				"north": {"uv": [7.75, 13.5, 8.5, 14.25], "texture": "#0"},
				"east": {"uv": [12.75, 9.25, 14.5, 10], "texture": "#0"},
				"south": {"uv": [13.5, 8, 14.25, 8.75], "texture": "#0"},
				"west": {"uv": [12.75, 10, 14.5, 10.75], "texture": "#0"},
				"up": {"uv": [2.75, 6.25, 2, 4.5], "texture": "#0"},
				"down": {"uv": [6, 12.5, 5.25, 14.25], "texture": "#0"}
			}
		},
		{
			"from": [-9.34568, -3.22417, 6],
			"to": [-7.34568, -0.22417, 10],
			"rotation": {"angle": -22.5, "axis": "z", "origin": [-2.34568, 8.77583, 11]},
			"faces": {
				"north": {"uv": [9.5, 14, 10, 14.75], "texture": "#0"},
				"east": {"uv": [2.25, 13.5, 3.25, 14.25], "texture": "#0"},
				"south": {"uv": [10, 14, 10.5, 14.75], "texture": "#0"},
				"west": {"uv": [3.25, 13.5, 4.25, 14.25], "texture": "#0"},
				"up": {"uv": [9, 14.5, 8.5, 13.5], "texture": "#0"},
				"down": {"uv": [9.5, 13.5, 9, 14.5], "texture": "#0"}
			}
		},
		{
			"from": [5, 11, 6],
			"to": [11, 18, 13],
			"rotation": {"angle": 22.5, "axis": "z", "origin": [6, 16, 11]},
			"faces": {
				"north": {"uv": [12.75, 3, 11.25, 4.75], "texture": "#0"},
				"east": {"uv": [8, 10, 6.25, 11.75], "texture": "#0"},
				"south": {"uv": [12.75, 4.75, 11.25, 6.5], "texture": "#0"},
				"west": {"uv": [11.25, 5.5, 9.5, 7.25], "texture": "#0"},
				"up": {"uv": [8, 13, 9.5, 11.25], "texture": "#0"},
				"down": {"uv": [11.5, 6.5, 13, 8.25], "texture": "#0"}
			}
		},
		{
			"from": [8.5, 0.25, 6],
			"to": [13.5, 10.25, 13],
			"rotation": {"angle": 22.5, "axis": "z", "origin": [5.5, 9, 11]},
			"faces": {
				"north": {"uv": [5, 10, 3.75, 12.5], "texture": "#0"},
				"east": {"uv": [1.75, 6.75, 0, 9.25], "texture": "#0"},
				"south": {"uv": [6.25, 10, 5, 12.5], "texture": "#0"},
				"west": {"uv": [3.75, 6.25, 2, 8.75], "texture": "#0"},
				"up": {"uv": [9.5, 13, 10.75, 11.25], "texture": "#0"},
				"down": {"uv": [10.75, 12.25, 12, 14], "texture": "#0"}
			}
		},
		{
			"from": [10.5, -2.75, 6],
			"to": [13.5, 0.25, 13],
			"rotation": {"angle": 22.5, "axis": "z", "origin": [5.5, 9, 11]},
			"faces": {
				"north": {"uv": [8.5, 13.5, 7.75, 14.25], "texture": "#0"},
				"east": {"uv": [14.5, 10, 12.75, 10.75], "texture": "#0"},
				"south": {"uv": [14.25, 8, 13.5, 8.75], "texture": "#0"},
				"west": {"uv": [14.5, 9.25, 12.75, 10], "texture": "#0"},
				"up": {"uv": [2, 6.25, 2.75, 4.5], "texture": "#0"},
				"down": {"uv": [5.25, 12.5, 6, 14.25], "texture": "#0"}
			}
		},
		{
			"from": [8.72836, -3.89805, 6],
			"to": [10.72836, -0.89805, 10],
			"rotation": {"angle": 22.5, "axis": "z", "origin": [2.72836, 7.85195, 11]},
			"faces": {
				"north": {"uv": [10, 14, 9.5, 14.75], "texture": "#0"},
				"east": {"uv": [4.25, 13.5, 3.25, 14.25], "texture": "#0"},
				"south": {"uv": [10.5, 14, 10, 14.75], "texture": "#0"},
				"west": {"uv": [3.25, 13.5, 2.25, 14.25], "texture": "#0"},
				"up": {"uv": [8.5, 14.5, 9, 13.5], "texture": "#0"},
				"down": {"uv": [9, 13.5, 9.5, 14.5], "texture": "#0"}
			}
		}
	],
	"gui_light": "front",
	"display": {
		"gui": {
			"rotation": [13, -141, 0],
			"translation": [-2.5, -3.25, 0],
			"scale": [0.55, 0.55, 0.55]
		}
	},
	"groups": [
		{
			"name": "torso",
			"origin": [0, 6.5, 0.5],
			"color": 0,
			"children": [
				0,
				1,
				2,
				3,
				{
					"name": "h_head",
					"origin": [0, 13.9022, -5.7505],
					"color": 0,
					"children": [4, 5, 6, 7, 8, 9]
				},
				{
					"name": "left_leg",
					"origin": [-3, 6, 0],
					"color": 0,
					"children": [
						{
							"name": "left_foot",
							"origin": [-4.5, 3, -2],
							"color": 0,
							"children": [10]
						},
						11
					]
				},
				{
					"name": "right_leg",
					"origin": [3, 6, 0],
					"color": 0,
					"children": [
						{
							"name": "right_foot",
							"origin": [4.5, 3, -2],
							"color": 0,
							"children": [12]
						},
						13
					]
				},
				{
					"name": "left_arm",
					"origin": [-5.5, 16, -1],
					"color": 0,
					"children": [
						14,
						15,
						{
							"name": "left_forearm",
							"origin": [-7.5, 11, 2],
							"color": 0,
							"children": [16, 17, 18]
						}
					]
				},
				{
					"name": "right_arm",
					"origin": [5.5, 16, -1],
					"color": 0,
					"children": [
						19,
						{
							"name": "right_forearm",
							"origin": [7.5, 11, 2],
							"color": 0,
							"children": [20, 21, 22]
						}
					]
				}
			]
		}
	]
}