{
	"credit": "Made with Blockbench",
	"texture_size": [128, 128],
	"textures": {
		"1": "modelengine:entity/oog"
	},
	"elements": [
		{
			"from": [2, 2, 1],
			"to": [14, 10, 13],
			"rotation": {"angle": 0, "axis": "y", "origin": [8, -36, -7]},
			"faces": {
				"north": {"uv": [0, 8.75, 0.75, 9.375], "texture": "#1"},
				"east": {"uv": [8.4375, 8.75, 9.1875, 9.375], "texture": "#1"},
				"south": {"uv": [6.6875, 8.875, 7.4375, 9.5], "texture": "#1"},
				"west": {"uv": [8.9375, 1.375, 9.6875, 2], "texture": "#1"},
				"up": {"uv": [7.375, 3.75, 6.625, 3], "texture": "#1"},
				"down": {"uv": [9.25, 7.25, 8.5, 8], "texture": "#1"}
			}
		},
		{
			"from": [3, 9.88582, 1.57403],
			"to": [13, 12.88582, 1.57403],
			"rotation": {"angle": 22.5, "axis": "x", "origin": [9, 11.38582, 1.57403]},
			"faces": {
				"north": {"uv": [10.0625, 7.5625, 10.6875, 7.75], "texture": "#1"},
				"east": {"uv": [0, 0, 0, 0.1875], "texture": "#1"},
				"south": {"uv": [10.125, 6.9375, 10.75, 7.125], "texture": "#1"},
				"west": {"uv": [0, 0, 0, 0.1875], "texture": "#1"},
				"up": {"uv": [0.625, 0, 0, 0], "texture": "#1"},
				"down": {"uv": [0.625, 0, 0, 0], "texture": "#1"}
			}
		},
		{
			"from": [4, 1, 2],
			"to": [12, 2, 4],
			"rotation": {"angle": 0, "axis": "y", "origin": [8, -36, -7]},
			"faces": {
				"north": {"uv": [4.75, 1, 5.25, 1.0625], "texture": "#1"},
				"east": {"uv": [5.5625, 4.75, 5.6875, 4.8125], "texture": "#1"},
				"south": {"uv": [4.75, 1.0625, 5.25, 1.125], "texture": "#1"},
				"west": {"uv": [5.5625, 4.8125, 5.6875, 4.875], "texture": "#1"},
				"up": {"uv": [4, 2.75, 3.5, 2.625], "texture": "#1"},
				"down": {"uv": [4.875, 3.75, 4.375, 3.875], "texture": "#1"}
			}
		},
		{
			"from": [1.04329, 1, 8.8097],
			"to": [1.04329, 6, 13.8097],
			"rotation": {"angle": -22.5, "axis": "y", "origin": [1.04329, 3.5, 11.3097]},
			"faces": {
				"north": {"uv": [0, 0, 0, 0.3125], "texture": "#1"},
				"east": {"uv": [1.3125, 7.9375, 1.625, 8.25], "texture": "#1"},
				"south": {"uv": [0, 0, 0, 0.3125], "texture": "#1"},
				"west": {"uv": [8.9375, 2, 9.25, 2.3125], "texture": "#1"},
				"up": {"uv": [0, 0.3125, 0, 0], "texture": "#1"},
				"down": {"uv": [0, 0, 0, 0.3125], "texture": "#1"}
			}
		},
		{
			"from": [-2.26777, 0, 8.76777],
			"to": [2.73223, 10, 8.76777],
			"rotation": {"angle": 45, "axis": "y", "origin": [0.23223, 5, 8.76777]},
			"faces": {
				"north": {"uv": [7.375, 4, 7.6875, 4.625], "texture": "#1"},
				"east": {"uv": [0, 0, 0, 0.625], "texture": "#1"},
				"south": {"uv": [7.6875, 4, 7.375, 4.625], "texture": "#1"},
				"west": {"uv": [0, 0, 0, 0.625], "texture": "#1"},
				"up": {"uv": [0.3125, 0, 0, 0], "texture": "#1"},
				"down": {"uv": [0.3125, 0, 0, 0], "texture": "#1"}
			}
		},
		{
			"from": [-6.34523, 0, 11.49224],
			"to": [-1.34523, 10, 11.49224],
			"rotation": {"angle": 22.5, "axis": "y", "origin": [-3.84523, 5, 11.49224]},
			"faces": {
				"north": {"uv": [8.875, 9.375, 9.1875, 10], "texture": "#1"},
				"east": {"uv": [0, 0, 0, 0.625], "texture": "#1"},
				"south": {"uv": [9.1875, 9.375, 8.875, 10], "texture": "#1"},
				"west": {"uv": [0, 0, 0, 0.625], "texture": "#1"},
				"up": {"uv": [0.3125, 0, 0, 0], "texture": "#1"},
				"down": {"uv": [0.3125, 0, 0, 0], "texture": "#1"}
			}
		},
		{
			"from": [17.34523, 0, 11.49224],
			"to": [22.34523, 10, 11.49224],
			"rotation": {"angle": -22.5, "axis": "y", "origin": [19.84523, 5, 11.49224]},
			"faces": {
				"north": {"uv": [1.125, 9.75, 1.4375, 10.375], "texture": "#1"},
				"east": {"uv": [0, 0, 0, 0.625], "texture": "#1"},
				"south": {"uv": [1.4375, 9.75, 1.125, 10.375], "texture": "#1"},
				"west": {"uv": [0, 0, 0, 0.625], "texture": "#1"},
				"up": {"uv": [0.3125, 0, 0, 0], "texture": "#1"},
				"down": {"uv": [0.3125, 0, 0, 0], "texture": "#1"}
			}
		},
		{
			"from": [13.26777, 0, 8.76777],
			"to": [18.26777, 10, 8.76777],
			"rotation": {"angle": -45, "axis": "y", "origin": [15.76777, 5, 8.76777]},
			"faces": {
				"north": {"uv": [9.875, 4.625, 10.1875, 5.25], "texture": "#1"},
				"east": {"uv": [0, 0, 0, 0.625], "texture": "#1"},
				"south": {"uv": [10.1875, 4.625, 9.875, 5.25], "texture": "#1"},
				"west": {"uv": [0, 0, 0, 0.625], "texture": "#1"},
				"up": {"uv": [0.3125, 0, 0, 0], "texture": "#1"},
				"down": {"uv": [0.3125, 0, 0, 0], "texture": "#1"}
			}
		},
		{
			"from": [5, 3, 0],
			"to": [11, 9, 6],
			"rotation": {"angle": 0, "axis": "y", "origin": [8, -36, -7]},
			"faces": {
				"north": {"uv": [10.6875, 7.1875, 11.0625, 7.5625], "texture": "#1"},
				"east": {"uv": [10.6875, 7.1875, 11.0625, 7.5625], "texture": "#1"},
				"south": {"uv": [10.6875, 7.1875, 11.0625, 7.5625], "texture": "#1"},
				"west": {"uv": [10.6875, 7.1875, 11.0625, 7.5625], "texture": "#1"},
				"up": {"uv": [11.0625, 7.5625, 10.6875, 7.1875], "texture": "#1"},
				"down": {"uv": [11.0625, 7.1875, 10.6875, 7.5625], "texture": "#1"}
			}
		},
		{
			"from": [6, 1.76641, 0.14701],
			"to": [10, 4.76641, 2.14701],
			"rotation": {"angle": 22.5, "axis": "x", "origin": [4, 3.26641, -0.35299]},
			"faces": {
				"north": {"uv": [3.8125, 7.125, 4.0625, 7.3125], "texture": "#1"},
				"east": {"uv": [3, 5.0625, 3.125, 5.25], "texture": "#1"},
				"south": {"uv": [5.0625, 9.125, 5.3125, 9.3125], "texture": "#1"},
				"west": {"uv": [6.6875, 8.4375, 6.8125, 8.625], "texture": "#1"},
				"up": {"uv": [4.25, 2.75, 4, 2.625], "texture": "#1"},
				"down": {"uv": [1.625, 4.125, 1.375, 4.25], "texture": "#1"}
			}
		}
	],
	"gui_light": "front",
	"display": {
		"thirdperson_righthand": {
			"rotation": [47, 12, -18],
			"translation": [0, 3, 0],
			"scale": [0.6, 0.6, 0.6]
		},
		"thirdperson_lefthand": {
			"rotation": [47, 12, -18],
			"translation": [0, 3, 0],
			"scale": [0.6, 0.6, 0.6]
		},
		"firstperson_righthand": {
			"rotation": [-8, 116, -10],
			"translation": [3, 3, 0],
			"scale": [0.6, 0.6, 0.6]
		},
		"firstperson_lefthand": {
			"rotation": [-8, 116, -10],
			"translation": [3, 3, 0],
			"scale": [0.6, 0.6, 0.6]
		},
		"ground": {
			"rotation": [18, 0, 0],
			"translation": [0, 1.5, 0],
			"scale": [0.5, 0.5, 0.5]
		},
		"gui": {
			"rotation": [4, -169, -8],
			"translation": [0, 1, 0],
			"scale": [0.6, 0.6, 0.6]
		},
		"head": {
			"rotation": [13, 0, 0],
			"translation": [0, 7.75, 2.5],
			"scale": [1.2, 1.2, 1.2]
		},
		"fixed": {
			"rotation": [-8, 0, 0]
		}
	}
}