{
	"credit": "Made with Blockbench",
	"texture_size": [128, 128],
	"textures": {
		"1": "modelengine:entity/oog"
	},
	"elements": [
		{
			"from": [3.5, 9, 3],
			"to": [11, 17, 12],
			"rotation": {"angle": 0, "axis": "y", "origin": [4.25, 8.625, 7.5]},
			"faces": {
				"north": {"uv": [6.4375, 3.75, 7.375, 4.75], "texture": "#1"},
				"east": {"uv": [5.3125, 3.75, 6.4375, 4.75], "texture": "#1"},
				"south": {"uv": [6.5, 1, 7.4375, 2], "texture": "#1"},
				"west": {"uv": [5.375, 1, 6.5, 2], "texture": "#1"},
				"up": {"uv": [0.9375, 6.9375, 0, 5.8125], "texture": "#1"},
				"down": {"uv": [6.8125, 4.75, 5.875, 5.875], "texture": "#1"}
			}
		},
		{
			"from": [1.48483, 9.42, 3],
			"to": [3.98483, 9.42, 12],
			"rotation": {"angle": 45, "axis": "z", "origin": [4.25, 8.625, 7.5]},
			"faces": {
				"north": {"uv": [14.8125, 2.75, 15.4375, 2.75], "texture": "#1"},
				"east": {"uv": [13.6875, 2.75, 15.9375, 2.75], "texture": "#1"},
				"south": {"uv": [14.875, 0, 15.5, 0], "texture": "#1"},
				"west": {"uv": [13.75, 0, 16, 0], "texture": "#1"},
				"up": {"uv": [12.625, 3.8125, 12.3125, 2.875], "texture": "#1"},
				"down": {"uv": [12.625, 2.875, 12.3125, 3.8125], "texture": "#1"}
			}
		},
		{
			"from": [3.5, 12.07165, 2.08318],
			"to": [11, 12.07165, 4.58318],
			"rotation": {"angle": -45, "axis": "x", "origin": [4.25, 8.625, 7.5]},
			"faces": {
				"north": {"uv": [13.75, 0, 16, 0], "texture": "#1"},
				"east": {"uv": [14.8125, 2.75, 15.4375, 2.75], "texture": "#1"},
				"south": {"uv": [13.6875, 2.875, 15.9375, 2.75], "texture": "#1"},
				"west": {"uv": [14.875, 0, 15.5, 0], "texture": "#1"},
				"up": {"uv": [12.625, 3.8125, 12.3125, 3], "rotation": 90, "texture": "#1"},
				"down": {"uv": [12.625, 3, 12.3125, 3.8125], "rotation": 270, "texture": "#1"}
			}
		},
		{
			"from": [3.5, 12.07165, 10.41682],
			"to": [11, 12.07165, 12.91682],
			"rotation": {"angle": 45, "axis": "x", "origin": [4.25, 8.625, 7.5]},
			"faces": {
				"north": {"uv": [15.9375, 2.875, 13.6875, 2.75], "texture": "#1"},
				"east": {"uv": [15.4375, 2.75, 14.8125, 2.75], "texture": "#1"},
				"south": {"uv": [16, 0, 13.75, 0], "texture": "#1"},
				"west": {"uv": [15.5, 0, 14.875, 0], "texture": "#1"},
				"up": {"uv": [12.3125, 3.8125, 12.625, 3], "rotation": 90, "texture": "#1"},
				"down": {"uv": [12.3125, 3, 12.625, 3.8125], "rotation": 270, "texture": "#1"}
			}
		},
		{
			"from": [2.5, 14, 2],
			"to": [9.5, 18, 13],
			"rotation": {"angle": 0, "axis": "y", "origin": [4.25, 8.625, 7.5]},
			"faces": {
				"north": {"uv": [7.4375, 9.0625, 8.3125, 9.5625], "texture": "#1"},
				"east": {"uv": [5.4375, 7.9375, 6.8125, 8.4375], "texture": "#1"},
				"south": {"uv": [9.1875, 8.75, 10.0625, 9.25], "texture": "#1"},
				"west": {"uv": [2.4375, 8, 3.8125, 8.5], "texture": "#1"},
				"up": {"uv": [5.875, 6.25, 5, 4.875], "texture": "#1"},
				"down": {"uv": [1.8125, 5.25, 0.9375, 6.625], "texture": "#1"}
			}
		},
		{
			"from": [2, 11, 1.5],
			"to": [9.5, 14, 13.5],
			"rotation": {"angle": 0, "axis": "y", "origin": [4.25, 8.625, 7.5]},
			"faces": {
				"north": {"uv": [8.6875, 0.5, 9.625, 0.875], "texture": "#1"},
				"east": {"uv": [8.5, 8, 10, 8.375], "texture": "#1"},
				"south": {"uv": [4.3125, 9.3125, 5.25, 9.6875], "texture": "#1"},
				"west": {"uv": [8.5, 8.375, 10, 8.75], "texture": "#1"},
				"up": {"uv": [4.4375, 2.625, 3.5, 1.125], "texture": "#1"},
				"down": {"uv": [4.0625, 3.875, 3.125, 5.375], "texture": "#1"}
			}
		},
		{
			"from": [-1, 12.5, 2.5],
			"to": [2, 12.5, 5.5],
			"rotation": {"angle": 0, "axis": "y", "origin": [4.25, 8.625, 7.5]},
			"faces": {
				"north": {"uv": [0.375, 0, 0, 0], "rotation": 180, "texture": "#1"},
				"east": {"uv": [0, 0, 0, 0.375], "rotation": 270, "texture": "#1"},
				"south": {"uv": [0.375, 0, 0, 0], "texture": "#1"},
				"west": {"uv": [0, 0, 0, 0.375], "rotation": 90, "texture": "#1"},
				"up": {"uv": [10.125, 0.75, 10.5, 1.125], "rotation": 180, "texture": "#1"},
				"down": {"uv": [10.5, 0.75, 10.125, 1.125], "texture": "#1"}
			}
		},
		{
			"from": [-1, 11, 4],
			"to": [2, 14, 4],
			"rotation": {"angle": 0, "axis": "y", "origin": [4.25, 8.625, 7.5]},
			"faces": {
				"north": {"uv": [10.125, 0.75, 10.5, 1.125], "texture": "#1"},
				"east": {"uv": [0, 0, 0, 0.375], "texture": "#1"},
				"south": {"uv": [10.5, 0.75, 10.125, 1.125], "texture": "#1"},
				"west": {"uv": [0, 0, 0, 0.375], "texture": "#1"},
				"up": {"uv": [0.375, 0, 0, 0], "texture": "#1"},
				"down": {"uv": [0.375, 0, 0, 0], "texture": "#1"}
			}
		},
		{
			"from": [-1, 12.5, 9],
			"to": [2, 12.5, 12],
			"rotation": {"angle": 0, "axis": "y", "origin": [4.25, 8.625, 7.5]},
			"faces": {
				"north": {"uv": [0.375, 0, 0, 0], "rotation": 180, "texture": "#1"},
				"east": {"uv": [0, 0, 0, 0.375], "rotation": 270, "texture": "#1"},
				"south": {"uv": [0.375, 0, 0, 0], "texture": "#1"},
				"west": {"uv": [0, 0, 0, 0.375], "rotation": 90, "texture": "#1"},
				"up": {"uv": [10.125, 0.75, 10.5, 1.125], "rotation": 180, "texture": "#1"},
				"down": {"uv": [10.5, 0.75, 10.125, 1.125], "texture": "#1"}
			}
		},
		{
			"from": [-1, 11, 10.5],
			"to": [2, 14, 10.5],
			"rotation": {"angle": 0, "axis": "y", "origin": [4.25, 8.625, 7.5]},
			"faces": {
				"north": {"uv": [10.125, 0.75, 10.5, 1.125], "texture": "#1"},
				"east": {"uv": [0, 0, 0, 0.375], "texture": "#1"},
				"south": {"uv": [10.5, 0.75, 10.125, 1.125], "texture": "#1"},
				"west": {"uv": [0, 0, 0, 0.375], "texture": "#1"},
				"up": {"uv": [0.375, 0, 0, 0], "texture": "#1"},
				"down": {"uv": [0.375, 0, 0, 0], "texture": "#1"}
			}
		},
		{
			"from": [4, 12.5, -1.5],
			"to": [7, 12.5, 1.5],
			"rotation": {"angle": 0, "axis": "y", "origin": [4.25, 8.625, 7.5]},
			"faces": {
				"north": {"uv": [0, 0, 0, 0.375], "rotation": 90, "texture": "#1"},
				"east": {"uv": [0.375, 0, 0, 0], "rotation": 180, "texture": "#1"},
				"south": {"uv": [0, 0, 0, 0.375], "rotation": 270, "texture": "#1"},
				"west": {"uv": [0.375, 0, 0, 0], "texture": "#1"},
				"up": {"uv": [10.125, 0.75, 10.5, 1.125], "rotation": 270, "texture": "#1"},
				"down": {"uv": [10.5, 0.75, 10.125, 1.125], "rotation": 270, "texture": "#1"}
			}
		},
		{
			"from": [5.5, 11, -1.5],
			"to": [5.5, 14, 1.5],
			"rotation": {"angle": 0, "axis": "y", "origin": [4.25, 8.625, 7.5]},
			"faces": {
				"north": {"uv": [0, 0, 0, 0.375], "texture": "#1"},
				"east": {"uv": [10.125, 0.75, 10.5, 1.125], "texture": "#1"},
				"south": {"uv": [0, 0, 0, 0.375], "texture": "#1"},
				"west": {"uv": [10.5, 0.75, 10.125, 1.125], "texture": "#1"},
				"up": {"uv": [0.375, 0, 0, 0], "rotation": 90, "texture": "#1"},
				"down": {"uv": [0.375, 0, 0, 0], "rotation": 270, "texture": "#1"}
			}
		},
		{
			"from": [4, 12.5, 13.5],
			"to": [7, 12.5, 16.5],
			"rotation": {"angle": 0, "axis": "y", "origin": [4.25, 8.625, 7.5]},
			"faces": {
				"north": {"uv": [0, 0.375, 0, 0], "rotation": 270, "texture": "#1"},
				"east": {"uv": [0, 0, 0.375, 0], "rotation": 180, "texture": "#1"},
				"south": {"uv": [0, 0.375, 0, 0], "rotation": 90, "texture": "#1"},
				"west": {"uv": [0, 0, 0.375, 0], "texture": "#1"},
				"up": {"uv": [10.5, 0.75, 10.125, 1.125], "rotation": 270, "texture": "#1"},
				"down": {"uv": [10.125, 0.75, 10.5, 1.125], "rotation": 270, "texture": "#1"}
			}
		},
		{
			"from": [5.5, 11, 13.5],
			"to": [5.5, 14, 16.5],
			"rotation": {"angle": 0, "axis": "y", "origin": [4.25, 8.625, 7.5]},
			"faces": {
				"north": {"uv": [0, 0, 0, 0.375], "texture": "#1"},
				"east": {"uv": [10.5, 0.75, 10.125, 1.125], "texture": "#1"},
				"south": {"uv": [0, 0, 0, 0.375], "texture": "#1"},
				"west": {"uv": [10.125, 0.75, 10.5, 1.125], "texture": "#1"},
				"up": {"uv": [0, 0, 0.375, 0], "rotation": 90, "texture": "#1"},
				"down": {"uv": [0, 0, 0.375, 0], "rotation": 270, "texture": "#1"}
			}
		},
		{
			"from": [-0.5, 18, 5],
			"to": [10.5, 22, 9],
			"rotation": {"angle": 0, "axis": "y", "origin": [4.25, 8.625, 7.5]},
			"faces": {
				"north": {"uv": [8.1875, 2.875, 9.5625, 3.375], "texture": "#1"},
				"east": {"uv": [9.6875, 1.125, 10.1875, 1.625], "texture": "#1"},
				"south": {"uv": [8.1875, 3.375, 9.5625, 3.875], "texture": "#1"},
				"west": {"uv": [4.0625, 9.6875, 4.5625, 10.1875], "texture": "#1"},
				"up": {"uv": [1.375, 8.75, 0, 8.25], "texture": "#1"},
				"down": {"uv": [9.625, 0.875, 8.25, 1.375], "texture": "#1"}
			}
		},
		{
			"from": [4, 1, 3.125],
			"to": [12, 5.5, 11.625],
			"rotation": {"angle": 0, "axis": "y", "origin": [4.25, 8.625, 7.5]},
			"faces": {
				"north": {"uv": [9, 5.5, 9.8125, 6.0625], "texture": "#1"},
				"east": {"uv": [8.25, 2.3125, 9.3125, 2.875], "texture": "#1"},
				"south": {"uv": [9, 6.0625, 9.8125, 6.625], "texture": "#1"},
				"west": {"uv": [8.5, 6.6875, 9.5625, 7.25], "texture": "#1"},
				"up": {"uv": [2.4375, 8.3125, 1.625, 7.25], "texture": "#1"},
				"down": {"uv": [4.625, 7.3125, 3.8125, 8.375], "texture": "#1"}
			}
		},
		{
			"from": [8, 1, 11.625],
			"to": [8, 5.5, 14.125],
			"rotation": {"angle": 0, "axis": "y", "origin": [4.25, 8.625, 7.5]},
			"faces": {
				"north": {"uv": [0, 0, 0, 0.5625], "texture": "#1"},
				"east": {"uv": [10.3125, 10, 10, 10.5625], "texture": "#1"},
				"south": {"uv": [0, 0, 0, 0.5625], "texture": "#1"},
				"west": {"uv": [10, 10, 10.3125, 10.5625], "texture": "#1"},
				"up": {"uv": [0, 0.3125, 0, 0], "texture": "#1"},
				"down": {"uv": [0, 0, 0, 0.3125], "texture": "#1"}
			}
		}
	],
	"gui_light": "front",
	"display": {
		"thirdperson_righthand": {
			"rotation": [90, 180, 0],
			"translation": [-0.25, -1.75, 6.5],
			"scale": [0.7, 0.7, 0.7]
		},
		"thirdperson_lefthand": {
			"rotation": [90, 0, 0],
			"translation": [0, -2.25, 6.5],
			"scale": [0.7, 0.7, 0.7]
		},
		"firstperson_righthand": {
			"scale": [0, 0, 0]
		},
		"firstperson_lefthand": {
			"scale": [0, 0, 0]
		},
		"ground": {
			"rotation": [0, 0, -59],
			"translation": [0, 1.5, 0],
			"scale": [0.6, 0.6, 0.6]
		},
		"gui": {
			"rotation": [11, 6, -47],
			"translation": [0, -2.75, 0],
			"scale": [0.65, 0.65, 0.65]
		}
	}
}