{
	"credit": "Made with Blockbench",
	"texture_size": [128, 128],
	"textures": {
		"2": "modelengine:entity/gp2_goblin_shaman"
	},
	"elements": [
		{
			"from": [2, 1.1366, 0.54884],
			"to": [13, 10.1366, 6.54884],
			"rotation": {"angle": 22.5, "axis": "x", "origin": [7.5, 3.1366, -0.45116]},
			"faces": {
				"north": {"uv": [1.5, 0, 2.875, 1.125], "texture": "#2"},
				"east": {"uv": [4.125, 6.125, 4.875, 7.25], "texture": "#2"},
				"south": {"uv": [1.5, 1.125, 2.875, 2.25], "texture": "#2"},
				"west": {"uv": [4.875, 6.125, 5.625, 7.25], "texture": "#2"},
				"up": {"uv": [5.375, 0.75, 4, 0], "texture": "#2"},
				"down": {"uv": [5.375, 0.75, 4, 1.5], "texture": "#2"}
			}
		},
		{
			"from": [0, 7.11212, 3.72657],
			"to": [5, 15.11212, 10.72657],
			"rotation": {"angle": 45, "axis": "x", "origin": [3, 10.11212, 6.22657]},
			"faces": {
				"north": {"uv": [6.875, 3.875, 7.5, 4.875], "texture": "#2"},
				"east": {"uv": [5.375, 0, 6.25, 1], "texture": "#2"},
				"south": {"uv": [7, 1.625, 7.625, 2.625], "texture": "#2"},
				"west": {"uv": [0, 5.5, 0.875, 6.5], "texture": "#2"},
				"up": {"uv": [7.875, 3.5, 7.25, 2.625], "texture": "#2"},
				"down": {"uv": [4.625, 7.25, 4, 8.125], "texture": "#2"}
			}
		},
		{
			"from": [-5, 11.11212, 6.72657],
			"to": [0, 15.11212, 10.72657],
			"rotation": {"angle": 45, "axis": "x", "origin": [3, 10.11212, 6.22657]},
			"faces": {
				"north": {"uv": [8.375, 6.375, 9, 6.875], "texture": "#2"},
				"east": {"uv": [6.625, 8.875, 7.125, 9.375], "texture": "#2"},
				"south": {"uv": [8.5, 2, 9.125, 2.5], "texture": "#2"},
				"west": {"uv": [7.125, 8.875, 7.625, 9.375], "texture": "#2"},
				"up": {"uv": [9.125, 3, 8.5, 2.5], "texture": "#2"},
				"down": {"uv": [9.125, 3, 8.5, 3.5], "texture": "#2"}
			}
		},
		{
			"from": [-7, 12.11212, 3.72657],
			"to": [-4, 14.11212, 10.72657],
			"rotation": {"angle": 45, "axis": "x", "origin": [3, 10.11212, 6.22657]},
			"faces": {
				"north": {"uv": [2.25, 9.375, 2.625, 9.625], "texture": "#2"},
				"east": {"uv": [6.25, 0.75, 7.125, 1], "texture": "#2"},
				"south": {"uv": [2.625, 9.375, 3, 9.625], "texture": "#2"},
				"west": {"uv": [8.875, 7.875, 9.75, 8.125], "texture": "#2"},
				"up": {"uv": [1.5, 9, 1.125, 8.125], "texture": "#2"},
				"down": {"uv": [1.875, 8.125, 1.5, 9], "texture": "#2"}
			}
		},
		{
			"from": [10, 7.11212, 3.72657],
			"to": [15, 15.11212, 10.72657],
			"rotation": {"angle": 45, "axis": "x", "origin": [13, 10.11212, 6.22657]},
			"faces": {
				"north": {"uv": [0.75, 7.125, 1.375, 8.125], "texture": "#2"},
				"east": {"uv": [2.125, 5.5, 3, 6.5], "texture": "#2"},
				"south": {"uv": [1.375, 7.125, 2, 8.125], "texture": "#2"},
				"west": {"uv": [5.5, 3.25, 6.375, 4.25], "texture": "#2"},
				"up": {"uv": [5.25, 8.125, 4.625, 7.25], "texture": "#2"},
				"down": {"uv": [7.875, 7.125, 7.25, 8], "texture": "#2"}
			}
		},
		{
			"from": [15, 11.11212, 6.72657],
			"to": [20, 15.11212, 10.72657],
			"rotation": {"angle": 45, "axis": "x", "origin": [13, 10.11212, 6.22657]},
			"faces": {
				"north": {"uv": [8.5, 6.875, 9.125, 7.375], "texture": "#2"},
				"east": {"uv": [8.875, 7.375, 9.375, 7.875], "texture": "#2"},
				"south": {"uv": [8.625, 3.75, 9.25, 4.25], "texture": "#2"},
				"west": {"uv": [7.625, 8.875, 8.125, 9.375], "texture": "#2"},
				"up": {"uv": [9.25, 4.75, 8.625, 4.25], "texture": "#2"},
				"down": {"uv": [9.25, 5.625, 8.625, 6.125], "texture": "#2"}
			}
		},
		{
			"from": [19, 12.11212, 3.72657],
			"to": [22, 14.11212, 10.72657],
			"rotation": {"angle": 45, "axis": "x", "origin": [13, 10.11212, 6.22657]},
			"faces": {
				"north": {"uv": [3, 9.375, 3.375, 9.625], "texture": "#2"},
				"east": {"uv": [9.125, 2.125, 10, 2.375], "texture": "#2"},
				"south": {"uv": [4.25, 9.375, 4.625, 9.625], "texture": "#2"},
				"west": {"uv": [9.125, 2.375, 10, 2.625], "texture": "#2"},
				"up": {"uv": [3.375, 9, 3, 8.125], "texture": "#2"},
				"down": {"uv": [4.375, 8.125, 4, 9], "texture": "#2"}
			}
		},
		{
			"from": [5, -3.09385, -0.29264],
			"to": [10, 3.90615, 2.70736],
			"rotation": {"angle": 0, "axis": "y", "origin": [7.5, -5.09385, -1.29264]},
			"faces": {
				"north": {"uv": [6.625, 7.125, 7.25, 8], "texture": "#2"},
				"east": {"uv": [7.375, 8, 7.75, 8.875], "texture": "#2"},
				"south": {"uv": [7.25, 0.75, 7.875, 1.625], "texture": "#2"},
				"west": {"uv": [0.75, 8.125, 1.125, 9], "texture": "#2"},
				"up": {"uv": [9.625, 5.125, 9, 4.75], "texture": "#2"},
				"down": {"uv": [9.625, 5.125, 9, 5.5], "texture": "#2"}
			}
		},
		{
			"from": [5, -6.09385, -0.29264],
			"to": [10, -3.09385, -0.29264],
			"rotation": {"angle": 0, "axis": "y", "origin": [7.5, -5.09385, -1.29264]},
			"faces": {
				"north": {"uv": [9, 6.375, 9.625, 6.75], "texture": "#2"},
				"east": {"uv": [0, 0, 0, 0.375], "texture": "#2"},
				"south": {"uv": [9.125, 1.75, 9.75, 2.125], "texture": "#2"},
				"west": {"uv": [0, 0, 0, 0.375], "texture": "#2"},
				"up": {"uv": [0.625, 0, 0, 0], "texture": "#2"},
				"down": {"uv": [0.625, 0, 0, 0], "texture": "#2"}
			}
		}
	],
	"gui_light": "front",
	"display": {
		"thirdperson_righthand": {
			"rotation": [32, 35, 0],
			"translation": [1.5, 1.25, 2.25],
			"scale": [0.5, 0.5, 0.5]
		},
		"thirdperson_lefthand": {
			"rotation": [32, 35, 0],
			"translation": [0.5, 1.25, 2.25],
			"scale": [0.5, 0.5, 0.5]
		},
		"firstperson_righthand": {
			"rotation": [24, 97, -24],
			"translation": [1.5, 5.75, -0.75],
			"scale": [0.5, 0.5, 0.5]
		},
		"firstperson_lefthand": {
			"rotation": [24, 97, -24],
			"translation": [1.5, 5.75, -0.75],
			"scale": [0.5, 0.5, 0.5]
		},
		"ground": {
			"rotation": [32, 0, 0],
			"translation": [0, 2.25, 0],
			"scale": [0.5, 0.5, 0.5]
		},
		"gui": {
			"rotation": [-7, 146, 26],
			"scale": [0.5, 0.5, 0.5]
		},
		"head": {
			"rotation": [8, 0, 0],
			"translation": [0.5, 7.25, 0.25],
			"scale": [1.25, 1.25, 1.25]
		},
		"fixed": {
			"rotation": [-38, 0, 0],
			"translation": [0, 7.5, -4.25],
			"scale": [1.65, 1.65, 1.65]
		}
	},
	"groups": [
		{
			"name": "h_mask",
			"origin": [7.83333, 5.30533, 9.32121],
			"color": 0,
			"children": [0, 1, 2, 3, 4, 5, 6, 7, 8]
		}
	]
}