{"elements":[{"from":[5.714286,8.0,6.0],"to":[10.285714,12.0,10.0],"rotation":{"angle":0.0,"axis":"y","origin":[3.4285712,3.4285712,3.4285712]},"faces":{"east":{"uv":[0.0,7.0,3.5,10.5],"rotation":0,"texture":"#0","tintindex":0},"south":{"uv":[0.0,3.5,4.0,7.0],"rotation":0,"texture":"#0","tintindex":0},"north":{"uv":[0.0,0.0,4.0,3.5],"rotation":0,"texture":"#0","tintindex":0},"west":{"uv":[3.5,7.0,7.0,10.5],"rotation":0,"texture":"#0","tintindex":0},"up":{"uv":[8.0,3.5,4.0,0.0],"rotation":0,"texture":"#0","tintindex":0},"down":{"uv":[8.0,3.5,4.0,7.0],"rotation":0,"texture":"#0","tintindex":0}}},{"from":[10.428572,12.142858,10.142858],"to":[5.5714283,7.857143,5.8571424],"rotation":{"angle":0.0,"axis":"y","origin":[3.4285712,3.4285712,3.4285712]},"faces":{"east":{"uv":[15.5,15.5,16.0,16.0],"rotation":0,"texture":"#0","tintindex":0},"south":{"uv":[15.5,15.5,16.0,16.0],"rotation":0,"texture":"#0","tintindex":0},"north":{"uv":[15.5,15.5,16.0,16.0],"rotation":0,"texture":"#0","tintindex":0},"west":{"uv":[15.5,15.5,16.0,16.0],"rotation":0,"texture":"#0","tintindex":0},"up":{"uv":[15.5,15.5,16.0,16.0],"rotation":0,"texture":"#0","tintindex":0},"down":{"uv":[15.5,15.5,16.0,16.0],"rotation":0,"texture":"#0","tintindex":0}}}],"textures":{"0":"modelengine:entity/baby_shadow"},"display":{"head":{"translation":[0.0,-6.4,0.0],"scale":[4.0,4.0,4.0]}}}