{"elements":[{"from":[7.9857144,7.285714,7.714286],"to":[7.9857144,8.142858,8.428572],"rotation":{"angle":0.0,"axis":"y","origin":[7.142857,6.285714,12.0]},"faces":{"east":{"uv":[15.5,15.5,16.0,16.0],"rotation":0,"texture":"#0","tintindex":0},"south":{"uv":[15.5,15.5,16.0,16.0],"rotation":0,"texture":"#0","tintindex":0},"north":{"uv":[15.5,15.5,16.0,16.0],"rotation":0,"texture":"#0","tintindex":0},"west":{"uv":[15.5,15.0,16.0,15.5],"rotation":0,"texture":"#0","tintindex":0},"up":{"uv":[15.5,15.5,16.0,16.0],"rotation":0,"texture":"#0","tintindex":0},"down":{"uv":[15.5,15.5,16.0,16.0],"rotation":0,"texture":"#0","tintindex":0}}},{"from":[7.9857144,6.714286,7.142857],"to":[7.9857144,8.142858,8.0],"rotation":{"angle":0.0,"axis":"y","origin":[7.142857,6.285714,12.0]},"faces":{"east":{"uv":[15.5,15.5,16.0,16.0],"rotation":0,"texture":"#0","tintindex":0},"south":{"uv":[15.5,15.5,16.0,16.0],"rotation":0,"texture":"#0","tintindex":0},"north":{"uv":[15.5,15.5,16.0,16.0],"rotation":0,"texture":"#0","tintindex":0},"west":{"uv":[15.5,15.0,16.0,15.5],"rotation":0,"texture":"#0","tintindex":0},"up":{"uv":[15.5,15.5,16.0,16.0],"rotation":0,"texture":"#0","tintindex":0},"down":{"uv":[15.5,15.5,16.0,16.0],"rotation":0,"texture":"#0","tintindex":0}}},{"from":[8.014286,6.714286,7.142857],"to":[8.014286,8.142858,8.0],"rotation":{"angle":0.0,"axis":"y","origin":[7.142857,6.285714,12.0]},"faces":{"east":{"uv":[16.0,15.0,15.5,15.5],"rotation":0,"texture":"#0","tintindex":0},"south":{"uv":[16.0,15.5,15.5,16.0],"rotation":0,"texture":"#0","tintindex":0},"north":{"uv":[16.0,15.5,15.5,16.0],"rotation":0,"texture":"#0","tintindex":0},"west":{"uv":[16.0,15.5,15.5,16.0],"rotation":0,"texture":"#0","tintindex":0},"up":{"uv":[16.0,15.5,15.5,16.0],"rotation":0,"texture":"#0","tintindex":0},"down":{"uv":[16.0,15.5,15.5,16.0],"rotation":0,"texture":"#0","tintindex":0}}},{"from":[8.014286,7.285714,7.714286],"to":[8.014286,8.142858,8.428572],"rotation":{"angle":0.0,"axis":"y","origin":[7.142857,6.285714,12.0]},"faces":{"east":{"uv":[16.0,15.0,15.5,15.5],"rotation":0,"texture":"#0","tintindex":0},"south":{"uv":[16.0,15.5,15.5,16.0],"rotation":0,"texture":"#0","tintindex":0},"north":{"uv":[16.0,15.5,15.5,16.0],"rotation":0,"texture":"#0","tintindex":0},"west":{"uv":[16.0,15.5,15.5,16.0],"rotation":0,"texture":"#0","tintindex":0},"up":{"uv":[16.0,15.5,15.5,16.0],"rotation":0,"texture":"#0","tintindex":0},"down":{"uv":[16.0,15.5,15.5,16.0],"rotation":0,"texture":"#0","tintindex":0}}},{"from":[8.0,6.857143,7.285714],"to":[8.0,8.0,8.428572],"rotation":{"angle":0.0,"axis":"y","origin":[7.142857,6.285714,12.0]},"faces":{"east":{"uv":[10.5,2.0,9.5,3.0],"rotation":0,"texture":"#0","tintindex":0},"south":{"uv":[0.0,0.0,0.0,1.0],"rotation":0,"texture":"#0","tintindex":0},"north":{"uv":[0.0,0.0,0.0,1.0],"rotation":0,"texture":"#0","tintindex":0},"west":{"uv":[9.5,2.0,10.5,3.0],"rotation":0,"texture":"#0","tintindex":0},"up":{"uv":[0.0,1.0,0.0,0.0],"rotation":0,"texture":"#0","tintindex":0},"down":{"uv":[0.0,0.0,0.0,1.0],"rotation":0,"texture":"#0","tintindex":0}}}],"textures":{"0":"modelengine:entity/bunk_spiderling"},"display":{"head":{"translation":[0.0,-6.4,0.0],"scale":[4.0,4.0,4.0]}}}