{"elements":[{"from":[6.5714283,6.216884,7.187552],"to":[8.285714,8.502599,8.901837],"rotation":{"angle":0.0,"axis":"y","origin":[8.571428,8.216885,8.330409]},"faces":{"east":{"uv":[9.25,8.75,10.0,9.75],"rotation":0,"texture":"#0","tintindex":0},"south":{"uv":[9.5,0.0,10.25,1.0],"rotation":0,"texture":"#0","tintindex":0},"north":{"uv":[7.75,9.25,8.5,10.25],"rotation":0,"texture":"#0","tintindex":0},"west":{"uv":[1.25,9.5,2.0,10.5],"rotation":0,"texture":"#0","tintindex":0},"up":{"uv":[5.0,7.0,4.25,6.25],"rotation":0,"texture":"#0","tintindex":0},"down":{"uv":[7.5,2.25,6.75,3.0],"rotation":0,"texture":"#0","tintindex":0}}}],"textures":{"0":"modelengine:entity/anubis_pet"},"display":{"head":{"translation":[0.0,-6.4,0.0],"scale":[4.0,4.0,4.0]}}}