{"elements":[{"from":[7.428571,6.285714,6.285714],"to":[8.571428,8.0,8.0],"rotation":{"angle":0.0,"axis":"y","origin":[9.714286,4.0,10.285714]},"faces":{"east":{"uv":[4.75,10.25,4.0,11.0],"rotation":0,"texture":"#0","tintindex":0},"south":{"uv":[11.5,0.0,11.0,0.75],"rotation":0,"texture":"#0","tintindex":0},"north":{"uv":[11.25,10.25,10.75,11.0],"rotation":0,"texture":"#0","tintindex":0},"west":{"uv":[11.0,0.0,10.25,0.75],"rotation":0,"texture":"#0","tintindex":0},"up":{"uv":[11.0,2.75,11.5,2.0],"rotation":0,"texture":"#0","tintindex":0},"down":{"uv":[4.0,11.0,4.5,11.75],"rotation":0,"texture":"#0","tintindex":0}}},{"from":[7.2533927,5.4050307,6.285714],"to":[8.39625,6.547888,8.0],"rotation":{"angle":-22.5,"axis":"z","origin":[7.824821,5.9764595,7.142857]},"faces":{"east":{"uv":[11.75,4.5,11.0,5.0],"rotation":0,"texture":"#0","tintindex":0},"south":{"uv":[11.5,7.25,11.0,7.75],"rotation":0,"texture":"#0","tintindex":0},"north":{"uv":[7.75,11.0,7.25,11.5],"rotation":0,"texture":"#0","tintindex":0},"west":{"uv":[11.75,4.0,11.0,4.5],"rotation":0,"texture":"#0","tintindex":0},"up":{"uv":[11.0,5.75,11.5,5.0],"rotation":0,"texture":"#0","tintindex":0},"down":{"uv":[5.5,11.0,6.0,11.75],"rotation":0,"texture":"#0","tintindex":0}}}],"textures":{"0":"modelengine:entity/anubis_pet"},"display":{"head":{"translation":[0.0,-6.4,0.0],"scale":[4.0,4.0,4.0]}}}