{"elements":[{"from":[7.714286,6.857143,6.857143],"to":[10.0,9.142858,9.714286],"rotation":{"angle":0.0,"axis":"y","origin":[10.571428,1.7142854,11.428572]},"faces":{"east":{"uv":[8.5,0.0,7.25,1.0],"rotation":0,"texture":"#0","tintindex":0},"south":{"uv":[9.75,2.0,8.75,3.0],"rotation":0,"texture":"#0","tintindex":0},"north":{"uv":[9.5,5.5,8.5,6.5],"rotation":0,"texture":"#0","tintindex":0},"west":{"uv":[8.0,7.0,6.75,8.0],"rotation":0,"texture":"#0","tintindex":0},"up":{"uv":[1.25,8.5,2.25,7.25],"rotation":0,"texture":"#0","tintindex":0},"down":{"uv":[2.25,7.5,3.25,8.75],"rotation":0,"texture":"#0","tintindex":0}}},{"from":[8.857143,8.0,8.0],"to":[10.571428,9.142858,8.571428],"rotation":{"angle":22.5,"axis":"z","origin":[9.142858,8.571428,8.285714]},"faces":{"east":{"uv":[1.25,10.0,1.0,10.5],"rotation":0,"texture":"#0","tintindex":0},"south":{"uv":[2.75,10.75,2.0,11.25],"rotation":0,"texture":"#0","tintindex":0},"north":{"uv":[11.25,3.0,10.5,3.5],"rotation":0,"texture":"#0","tintindex":0},"west":{"uv":[4.25,9.75,4.0,10.25],"rotation":0,"texture":"#0","tintindex":0},"up":{"uv":[2.25,7.5,3.0,7.25],"rotation":0,"texture":"#0","tintindex":0},"down":{"uv":[8.0,2.0,8.75,2.25],"rotation":0,"texture":"#0","tintindex":0}}},{"from":[8.285714,5.714286,7.428571],"to":[9.428572,6.857143,9.142858],"rotation":{"angle":0.0,"axis":"y","origin":[10.571428,1.7142854,11.428572]},"faces":{"east":{"uv":[5.5,10.75,4.75,11.25],"rotation":0,"texture":"#0","tintindex":0},"south":{"uv":[11.5,6.75,11.0,7.25],"rotation":0,"texture":"#0","tintindex":0},"north":{"uv":[7.25,11.0,6.75,11.5],"rotation":0,"texture":"#0","tintindex":0},"west":{"uv":[3.5,10.75,2.75,11.25],"rotation":0,"texture":"#0","tintindex":0},"up":{"uv":[0.0,11.5,0.5,10.75],"rotation":0,"texture":"#0","tintindex":0},"down":{"uv":[3.5,10.75,4.0,11.5],"rotation":0,"texture":"#0","tintindex":0}}}],"textures":{"0":"modelengine:entity/anubis_pet"},"display":{"head":{"translation":[0.0,-6.4,0.0],"scale":[4.0,4.0,4.0]}}}