{"elements":[{"from":[-14.4,-12.799999,8.0],"to":[30.4,32.0,8.0],"rotation":{"angle":0.0,"axis":"y","origin":[2.4,-12.799999,4.8]},"faces":{"east":{"uv":[0.0,0.0,0.0,16.0],"rotation":0,"texture":"#4","tintindex":0},"south":{"uv":[12.0,4.0,10.0,6.0],"rotation":0,"texture":"#4","tintindex":0},"north":{"uv":[12.0,4.0,10.0,6.0],"rotation":0,"texture":"#4","tintindex":0},"west":{"uv":[0.0,0.0,0.0,16.0],"rotation":0,"texture":"#4","tintindex":0},"up":{"uv":[0.0,0.0,16.0,0.0],"rotation":0,"texture":"#4","tintindex":0},"down":{"uv":[0.0,0.0,16.0,0.0],"rotation":0,"texture":"#4","tintindex":0}}},{"from":[8.0,-12.799999,-14.4],"to":[8.0,32.0,30.4],"rotation":{"angle":0.0,"axis":"y","origin":[8.0,9.6,8.0]},"faces":{"east":{"uv":[12.0,4.0,10.0,6.0],"rotation":0,"texture":"#4","tintindex":0},"south":{"uv":[0.0,0.0,0.0,16.0],"rotation":0,"texture":"#4","tintindex":0},"north":{"uv":[0.0,0.0,0.0,16.0],"rotation":0,"texture":"#4","tintindex":0},"west":{"uv":[12.0,4.0,10.0,6.0],"rotation":0,"texture":"#4","tintindex":0},"up":{"uv":[0.0,0.0,16.0,0.0],"rotation":90,"texture":"#4","tintindex":0},"down":{"uv":[0.0,0.0,16.0,0.0],"rotation":270,"texture":"#4","tintindex":0}}}],"textures":{"4":"modelengine:entity/fravager_ravage_effects"},"display":{"head":{"translation":[0.0,25.6,0.0],"scale":[4.0,4.0,4.0]}}}