{
	"credit": "Made with Blockbench",
	"texture_size": [64, 64],
	"textures": {
		"0": "modelengine:entity/miner_mole"
	},
	"elements": [
		{
			"from": [5, 3, 6],
			"to": [11, 8, 10],
			"rotation": {"angle": 0, "axis": "y", "origin": [9, 0, 8]},
			"faces": {
				"north": {"uv": [2, 6.5, 3.5, 7.75], "texture": "#0"},
				"east": {"uv": [1.5, 7.75, 2.5, 9], "texture": "#0"},
				"south": {"uv": [3.5, 7, 5, 8.25], "texture": "#0"},
				"west": {"uv": [2.5, 7.75, 3.5, 9], "texture": "#0"},
				"up": {"uv": [8.75, 3.5, 7.25, 2.5], "texture": "#0"},
				"down": {"uv": [1.5, 7.75, 0, 8.75], "texture": "#0"}
			}
		},
		{
			"from": [5, 4, 10],
			"to": [11, 9, 13],
			"rotation": {"angle": 0, "axis": "y", "origin": [9, 0, 8]},
			"faces": {
				"north": {"uv": [5, 7, 6.5, 8.25], "texture": "#0"},
				"east": {"uv": [7.25, 8.25, 8, 9.5], "texture": "#0"},
				"south": {"uv": [6.5, 7, 8, 8.25], "texture": "#0"},
				"west": {"uv": [8, 8.5, 8.75, 9.75], "texture": "#0"},
				"up": {"uv": [5, 9, 3.5, 8.25], "texture": "#0"},
				"down": {"uv": [9.75, 3.5, 8.25, 4.25], "texture": "#0"}
			}
		},
		{
			"from": [14, 0.75, 4],
			"to": [15, 2.75, 11],
			"rotation": {"angle": 22.5, "axis": "z", "origin": [9, 0.75, 8]},
			"faces": {
				"north": {"uv": [8.5, 2, 8.75, 2.5], "texture": "#0"},
				"east": {"uv": [8.75, 2.75, 10.5, 3.25], "texture": "#0"},
				"south": {"uv": [8.5, 9.75, 8.75, 10.25], "texture": "#0"},
				"west": {"uv": [5, 8.75, 6.75, 9.25], "texture": "#0"},
				"up": {"uv": [9.75, 1.75, 9.5, 0], "texture": "#0"},
				"down": {"uv": [7.5, 9.5, 7.25, 11.25], "texture": "#0"}
			}
		},
		{
			"from": [14, -1.25, 2],
			"to": [15, 4.75, 4],
			"rotation": {"angle": 22.5, "axis": "z", "origin": [9, 0.75, 8]},
			"faces": {
				"north": {"uv": [7.5, 9.5, 7.75, 11], "texture": "#0"},
				"east": {"uv": [6.75, 8.75, 7.25, 10.25], "texture": "#0"},
				"south": {"uv": [7.75, 9.5, 8, 11], "texture": "#0"},
				"west": {"uv": [8.75, 8.5, 9.25, 10], "texture": "#0"},
				"up": {"uv": [10, 9.5, 9.75, 9], "texture": "#0"},
				"down": {"uv": [10, 9.5, 9.75, 10], "texture": "#0"}
			}
		},
		{
			"from": [14, 3.75, 3],
			"to": [15, 5.75, 5],
			"rotation": {"angle": 22.5, "axis": "z", "origin": [9, 0.75, 8]},
			"faces": {
				"north": {"uv": [0, 10, 0.25, 10.5], "texture": "#0"},
				"east": {"uv": [3.5, 6.5, 4, 7], "texture": "#0"},
				"south": {"uv": [0.25, 10, 0.5, 10.5], "texture": "#0"},
				"west": {"uv": [9.75, 1, 10.25, 1.5], "texture": "#0"},
				"up": {"uv": [0.75, 10.5, 0.5, 10], "texture": "#0"},
				"down": {"uv": [1, 10, 0.75, 10.5], "texture": "#0"}
			}
		},
		{
			"from": [14, -2.25, 3],
			"to": [15, -0.25, 5],
			"rotation": {"angle": 22.5, "axis": "z", "origin": [9, 0.75, 8]},
			"faces": {
				"north": {"uv": [1, 10, 1.25, 10.5], "texture": "#0"},
				"east": {"uv": [9.75, 1.5, 10.25, 2], "texture": "#0"},
				"south": {"uv": [1.25, 10, 1.5, 10.5], "texture": "#0"},
				"west": {"uv": [9.75, 3.25, 10.25, 3.75], "texture": "#0"},
				"up": {"uv": [1.75, 10.5, 1.5, 10], "texture": "#0"},
				"down": {"uv": [2, 10, 1.75, 10.5], "texture": "#0"}
			}
		},
		{
			"from": [14, 2, 6],
			"to": [16, 7, 10],
			"rotation": {"angle": 22.5, "axis": "z", "origin": [9, 0, 8]},
			"faces": {
				"north": {"uv": [4.5, 9, 5, 10.25], "texture": "#0"},
				"east": {"uv": [8, 6, 9, 7.25], "texture": "#0"},
				"south": {"uv": [5, 9.25, 5.5, 10.5], "texture": "#0"},
				"west": {"uv": [8, 7.25, 9, 8.5], "texture": "#0"},
				"up": {"uv": [6.75, 10.25, 6.25, 9.25], "texture": "#0"},
				"down": {"uv": [9.75, 9, 9.25, 10], "texture": "#0"}
			}
		},
		{
			"from": [14, 0, 7],
			"to": [16, 2, 7],
			"rotation": {"angle": 22.5, "axis": "z", "origin": [9, 0, 8]},
			"faces": {
				"north": {"uv": [9.75, 3.75, 10.25, 4.25], "texture": "#0"},
				"east": {"uv": [0, 0, 0, 0.5], "texture": "#0"},
				"south": {"uv": [8, 9.75, 8.5, 10.25], "texture": "#0"},
				"west": {"uv": [0, 0, 0, 0.5], "texture": "#0"},
				"up": {"uv": [0.5, 0, 0, 0], "texture": "#0"},
				"down": {"uv": [0.5, 0, 0, 0], "texture": "#0"}
			}
		},
		{
			"from": [14, 0, 8],
			"to": [16, 2, 8],
			"rotation": {"angle": 22.5, "axis": "z", "origin": [9, 0, 8]},
			"faces": {
				"north": {"uv": [9.75, 3.75, 10.25, 4.25], "texture": "#0"},
				"east": {"uv": [0, 0, 0, 0.5], "texture": "#0"},
				"south": {"uv": [8, 9.75, 8.5, 10.25], "texture": "#0"},
				"west": {"uv": [0, 0, 0, 0.5], "texture": "#0"},
				"up": {"uv": [0.5, 0, 0, 0], "texture": "#0"},
				"down": {"uv": [0.5, 0, 0, 0], "texture": "#0"}
			}
		},
		{
			"from": [14, 0, 9],
			"to": [16, 2, 9],
			"rotation": {"angle": 22.5, "axis": "z", "origin": [9, 0, 8]},
			"faces": {
				"north": {"uv": [9.75, 3.75, 10.25, 4.25], "texture": "#0"},
				"east": {"uv": [0, 0, 0, 0.5], "texture": "#0"},
				"south": {"uv": [8, 9.75, 8.5, 10.25], "texture": "#0"},
				"west": {"uv": [0, 0, 0, 0.5], "texture": "#0"},
				"up": {"uv": [0.5, 0, 0, 0], "texture": "#0"},
				"down": {"uv": [0.5, 0, 0, 0], "texture": "#0"}
			}
		},
		{
			"from": [0, 2, 6],
			"to": [2, 7, 10],
			"rotation": {"angle": -22.5, "axis": "z", "origin": [7, 0, 8]},
			"faces": {
				"north": {"uv": [5, 9, 4.5, 10.25], "texture": "#0"},
				"east": {"uv": [9, 7.25, 8, 8.5], "texture": "#0"},
				"south": {"uv": [5.5, 9.25, 5, 10.5], "texture": "#0"},
				"west": {"uv": [9, 6, 8, 7.25], "texture": "#0"},
				"up": {"uv": [6.25, 10.25, 6.75, 9.25], "texture": "#0"},
				"down": {"uv": [9.25, 9, 9.75, 10], "texture": "#0"}
			}
		},
		{
			"from": [0, 0, 7],
			"to": [2, 2, 7],
			"rotation": {"angle": -22.5, "axis": "z", "origin": [7, 0, 8]},
			"faces": {
				"north": {"uv": [10.25, 3.75, 9.75, 4.25], "texture": "#0"},
				"east": {"uv": [0, 0, 0, 0.5], "texture": "#0"},
				"south": {"uv": [8.5, 9.75, 8, 10.25], "texture": "#0"},
				"west": {"uv": [0, 0, 0, 0.5], "texture": "#0"},
				"up": {"uv": [0, 0, 0.5, 0], "texture": "#0"},
				"down": {"uv": [0, 0, 0.5, 0], "texture": "#0"}
			}
		},
		{
			"from": [0, 0, 8],
			"to": [2, 2, 8],
			"rotation": {"angle": -22.5, "axis": "z", "origin": [7, 0, 8]},
			"faces": {
				"north": {"uv": [10.25, 3.75, 9.75, 4.25], "texture": "#0"},
				"east": {"uv": [0, 0, 0, 0.5], "texture": "#0"},
				"south": {"uv": [8.5, 9.75, 8, 10.25], "texture": "#0"},
				"west": {"uv": [0, 0, 0, 0.5], "texture": "#0"},
				"up": {"uv": [0, 0, 0.5, 0], "texture": "#0"},
				"down": {"uv": [0, 0, 0.5, 0], "texture": "#0"}
			}
		},
		{
			"from": [0, 0, 9],
			"to": [2, 2, 9],
			"rotation": {"angle": -22.5, "axis": "z", "origin": [7, 0, 8]},
			"faces": {
				"north": {"uv": [10.25, 3.75, 9.75, 4.25], "texture": "#0"},
				"east": {"uv": [0, 0, 0, 0.5], "texture": "#0"},
				"south": {"uv": [8.5, 9.75, 8, 10.25], "texture": "#0"},
				"west": {"uv": [0, 0, 0, 0.5], "texture": "#0"},
				"up": {"uv": [0, 0, 0.5, 0], "texture": "#0"},
				"down": {"uv": [0, 0, 0.5, 0], "texture": "#0"}
			}
		},
		{
			"from": [9, 0, 6.5],
			"to": [12, 4, 9.5],
			"rotation": {"angle": 0, "axis": "y", "origin": [9, 0, 8]},
			"faces": {
				"north": {"uv": [1.5, 9, 2.25, 10], "texture": "#0"},
				"east": {"uv": [2.25, 9, 3, 10], "texture": "#0"},
				"south": {"uv": [3, 9, 3.75, 10], "texture": "#0"},
				"west": {"uv": [3.75, 9, 4.5, 10], "texture": "#0"},
				"up": {"uv": [6.25, 10, 5.5, 9.25], "texture": "#0"},
				"down": {"uv": [10, 8.25, 9.25, 9], "texture": "#0"}
			}
		},
		{
			"from": [4, 0, 6.5],
			"to": [7, 4, 9.5],
			"rotation": {"angle": 0, "axis": "y", "origin": [7, 0, 8]},
			"faces": {
				"north": {"uv": [2.25, 9, 1.5, 10], "texture": "#0"},
				"east": {"uv": [4.5, 9, 3.75, 10], "texture": "#0"},
				"south": {"uv": [3.75, 9, 3, 10], "texture": "#0"},
				"west": {"uv": [3, 9, 2.25, 10], "texture": "#0"},
				"up": {"uv": [5.5, 10, 6.25, 9.25], "texture": "#0"},
				"down": {"uv": [9.25, 8.25, 10, 9], "texture": "#0"}
			}
		},
		{
			"from": [4, 8, 4],
			"to": [12, 13, 12],
			"rotation": {"angle": 0, "axis": "y", "origin": [7, 8, 8]},
			"faces": {
				"north": {"uv": [4, 5.75, 6, 7], "texture": "#0"},
				"east": {"uv": [6, 5.75, 8, 7], "texture": "#0"},
				"south": {"uv": [6.25, 3.75, 8.25, 5], "texture": "#0"},
				"west": {"uv": [0, 6.5, 2, 7.75], "texture": "#0"},
				"up": {"uv": [2, 6.5, 0, 4.5], "texture": "#0"},
				"down": {"uv": [4, 4.5, 2, 6.5], "texture": "#0"}
			}
		},
		{
			"from": [3.5, 12, 3.5],
			"to": [12.5, 17, 12.5],
			"rotation": {"angle": 0, "axis": "y", "origin": [7, 8, 8]},
			"faces": {
				"north": {"uv": [4, 4.5, 6.25, 5.75], "texture": "#0"},
				"east": {"uv": [5, 0, 7.25, 1.25], "texture": "#0"},
				"south": {"uv": [5, 1.25, 7.25, 2.5], "texture": "#0"},
				"west": {"uv": [5, 2.5, 7.25, 3.75], "texture": "#0"},
				"up": {"uv": [5, 2.25, 2.75, 0], "texture": "#0"},
				"down": {"uv": [5, 2.25, 2.75, 4.5], "texture": "#0"}
			}
		},
		{
			"from": [2.5, 12, 1.5],
			"to": [13.5, 14, 10.5],
			"rotation": {"angle": 0, "axis": "y", "origin": [7, 8, 8]},
			"faces": {
				"north": {"uv": [6.25, 5, 9, 5.5], "texture": "#0"},
				"east": {"uv": [8.25, 4.25, 10.5, 4.75], "texture": "#0"},
				"south": {"uv": [8, 5.5, 10.75, 6], "texture": "#0"},
				"west": {"uv": [5, 8.25, 7.25, 8.75], "texture": "#0"},
				"up": {"uv": [2.75, 2.25, 0, 0], "texture": "#0"},
				"down": {"uv": [2.75, 2.25, 0, 4.5], "texture": "#0"}
			}
		},
		{
			"from": [6, 10, 0],
			"to": [10, 13, 4],
			"rotation": {"angle": 0, "axis": "y", "origin": [8, 11, 2]},
			"faces": {
				"north": {"uv": [9, 4.75, 10, 5.5], "texture": "#0"},
				"east": {"uv": [9, 6, 10, 6.75], "texture": "#0"},
				"south": {"uv": [9, 6.75, 10, 7.5], "texture": "#0"},
				"west": {"uv": [9, 7.5, 10, 8.25], "texture": "#0"},
				"up": {"uv": [9.5, 1, 8.5, 0], "texture": "#0"},
				"down": {"uv": [9.5, 1, 8.5, 2], "texture": "#0"}
			}
		},
		{
			"from": [5.5, 14, 2.5],
			"to": [10.5, 19, 5.5],
			"rotation": {"angle": 0, "axis": "y", "origin": [7, 8, 8]},
			"faces": {
				"north": {"uv": [7.25, 0, 8.5, 1.25], "texture": "#0"},
				"east": {"uv": [0, 8.75, 0.75, 10], "texture": "#0"},
				"south": {"uv": [7.25, 1.25, 8.5, 2.5], "texture": "#0"},
				"west": {"uv": [0.75, 8.75, 1.5, 10], "texture": "#0"},
				"up": {"uv": [6.25, 4.5, 5, 3.75], "texture": "#0"},
				"down": {"uv": [10, 2, 8.75, 2.75], "texture": "#0"}
			}
		},
		{
			"from": [6.5, 8, 3],
			"to": [9.5, 10, 4],
			"rotation": {"angle": 0, "axis": "y", "origin": [7, 8, 8]},
			"faces": {
				"north": {"uv": [9.75, 0, 10.5, 0.5], "texture": "#0"},
				"east": {"uv": [2, 10, 2.25, 10.5], "texture": "#0"},
				"south": {"uv": [9.75, 0.5, 10.5, 1], "texture": "#0"},
				"west": {"uv": [10, 2, 10.25, 2.5], "texture": "#0"},
				"up": {"uv": [7, 5.75, 6.25, 5.5], "texture": "#0"},
				"down": {"uv": [7.75, 5.5, 7, 5.75], "texture": "#0"}
			}
		}
	],
	"gui_light": "front",
	"display": {
		"gui": {
			"rotation": [15, -165, 0],
			"translation": [0, -0.5, 0],
			"scale": [0.75, 0.75, 0.75]
		}
	},
	"groups": [
		{
			"name": "torso",
			"origin": [8, 4, 8],
			"color": 0,
			"children": [
				0,
				1,
				{
					"name": "arm_right",
					"origin": [11, 8, 8],
					"color": 0,
					"children": [
						{
							"name": "pickaxe",
							"origin": [11.5, 2.75, 7.625],
							"color": 0,
							"children": [2, 3, 4, 5]
						},
						6,
						7,
						8,
						9
					]
				},
				{
					"name": "arm_left",
					"origin": [5, 8, 8],
					"color": 0,
					"children": [10, 11, 12, 13]
				},
				{
					"name": "leg_right",
					"origin": [11, 4, 8],
					"color": 0,
					"children": [14]
				},
				{
					"name": "leg_left",
					"origin": [5, 4, 8],
					"color": 0,
					"children": [15]
				},
				{
					"name": "h_head",
					"origin": [8, 8, 8],
					"color": 0,
					"children": [16, 17, 18, 19, 20, 21]
				}
			]
		}
	]
}