{"elements":[{"from":[7.911816,3.4138117,7.428571],"to":[9.6261015,7.9852405,8.571428],"rotation":{"angle":0.0,"axis":"y","origin":[9.054673,19.98524,8.0]},"faces":{"east":{"uv":[2.8125,4.9375,2.9375,5.4375],"rotation":0,"texture":"#2","tintindex":0},"south":{"uv":[3.125,7.5625,3.3125,8.0625],"rotation":0,"texture":"#2","tintindex":0},"north":{"uv":[4.875,7.5,5.0625,8.0],"rotation":0,"texture":"#2","tintindex":0},"west":{"uv":[4.375,5.125,4.5,5.625],"rotation":0,"texture":"#2","tintindex":0},"up":{"uv":[2.0,6.375,1.8125,6.25],"rotation":0,"texture":"#2","tintindex":0},"down":{"uv":[6.5,6.5,6.3125,6.625],"rotation":0,"texture":"#2","tintindex":0}}},{"from":[8.0,2.7142854,7.428571],"to":[11.428572,3.8571424,8.571428],"rotation":{"angle":-22.5,"axis":"z","origin":[9.714286,3.2857141,8.0]},"faces":{"east":{"uv":[3.25,3.9375,3.375,4.0625],"rotation":0,"texture":"#2","tintindex":0},"south":{"uv":[7.625,1.8125,8.0,1.9375],"rotation":0,"texture":"#2","tintindex":0},"north":{"uv":[7.625,1.6875,8.0,1.8125],"rotation":0,"texture":"#2","tintindex":0},"west":{"uv":[3.25,4.0625,3.375,4.1875],"rotation":0,"texture":"#2","tintindex":0},"up":{"uv":[8.0,2.0625,7.625,1.9375],"rotation":0,"texture":"#2","tintindex":0},"down":{"uv":[8.0,2.0625,7.625,2.1875],"rotation":0,"texture":"#2","tintindex":0}}}],"textures":{"2":"modelengine:entity/astral_archon_2_damaged"},"display":{"head":{"translation":[0.0,-6.4,0.0],"scale":[4.0,4.0,4.0]}}}