{"elements":[{"from":[7.142857,8.0,7.142857],"to":[8.857143,10.285714,8.857143],"rotation":{"angle":0.0,"axis":"y","origin":[7.142857,5.142857,8.285714]},"faces":{"east":{"uv":[9.0,7.0,10.5,9.0],"rotation":0,"texture":"#0","tintindex":0},"south":{"uv":[8.5,9.0,10.0,11.0],"rotation":0,"texture":"#0","tintindex":0},"north":{"uv":[7.0,9.0,8.5,11.0],"rotation":0,"texture":"#0","tintindex":0},"west":{"uv":[0.0,10.0,1.5,12.0],"rotation":0,"texture":"#0","tintindex":0},"up":{"uv":[3.0,11.5,1.5,10.0],"rotation":0,"texture":"#0","tintindex":0},"down":{"uv":[11.5,9.0,10.0,10.5],"rotation":0,"texture":"#0","tintindex":0}}}],"textures":{"0":"modelengine:entity/wendigo_heart"},"display":{"head":{"translation":[0.0,-6.4,0.0],"scale":[4.0,4.0,4.0]}}}