{"elements":[{"from":[-11.200001,4.8,-11.200001],"to":[27.2,4.8,27.2],"rotation":{"angle":0.0,"axis":"y","origin":[8.0,4.8,8.0]},"faces":{"east":{"uv":[0.0,0.0,6.0,0.0],"rotation":0,"texture":"#3","tintindex":0},"south":{"uv":[0.0,0.0,6.0,0.0],"rotation":0,"texture":"#3","tintindex":0},"north":{"uv":[0.0,0.0,6.0,0.0],"rotation":0,"texture":"#3","tintindex":0},"west":{"uv":[0.0,0.0,6.0,0.0],"rotation":0,"texture":"#3","tintindex":0},"up":{"uv":[0.0,0.0,16.0,16.0],"rotation":0,"texture":"#3","tintindex":0}}}],"textures":{"3":"modelengine:entity/azriel_circle"},"display":{"head":{"translation":[0.0,-6.4,0.0],"scale":[4.0,4.0,4.0]}}}