{"elements":[{"from":[2.2117658,2.2954497,7.885714],"to":[7.9260516,8.009735,8.0],"rotation":{"angle":0.0,"axis":"y","origin":[5.142857,5.142857,8.0]},"faces":{"east":{"uv":[3.0,7.375,3.125,8.625],"rotation":0,"texture":"#0","tintindex":0},"south":{"uv":[2.125,1.375,3.375,2.625],"rotation":0,"texture":"#0","tintindex":0},"north":{"uv":[2.125,0.0,3.375,1.25],"rotation":0,"texture":"#0","tintindex":0},"west":{"uv":[3.25,7.375,3.375,8.625],"rotation":0,"texture":"#0","tintindex":0},"up":{"uv":[4.75,7.5,3.5,7.375],"rotation":0,"texture":"#0","tintindex":0},"down":{"uv":[8.625,4.75,7.375,4.875],"rotation":0,"texture":"#0","tintindex":0}}},{"from":[3.9260516,6.8668785,7.428571],"to":[7.9260516,8.009735,8.571428],"rotation":{"angle":0.0,"axis":"y","origin":[5.142857,5.142857,8.0]},"faces":{"east":{"uv":[2.125,5.25,2.375,5.5],"rotation":0,"texture":"#0","tintindex":0},"south":{"uv":[3.0,7.0,3.875,7.25],"rotation":0,"texture":"#0","tintindex":0},"north":{"uv":[2.5,4.125,3.375,4.375],"rotation":0,"texture":"#0","tintindex":0},"west":{"uv":[6.75,7.375,7.0,7.625],"rotation":0,"texture":"#0","tintindex":0},"up":{"uv":[4.875,7.25,4.0,7.0],"rotation":0,"texture":"#0","tintindex":0},"down":{"uv":[5.875,7.0,5.0,7.25],"rotation":0,"texture":"#0","tintindex":0}}}],"textures":{"0":"modelengine:entity/nocsy_toom_old"},"display":{"head":{"translation":[0.0,-6.4,0.0],"scale":[4.0,4.0,4.0]}}}