{"elements":[{"from":[8.073948,2.2954497,7.885714],"to":[13.788235,8.009735,8.0],"rotation":{"angle":0.0,"axis":"y","origin":[10.857143,5.142857,8.0]},"faces":{"east":{"uv":[4.875,7.375,5.0,8.625],"rotation":0,"texture":"#0","tintindex":0},"south":{"uv":[0.0,3.0,1.25,4.25],"rotation":0,"texture":"#0","tintindex":0},"north":{"uv":[2.125,2.75,3.375,4.0],"rotation":0,"texture":"#0","tintindex":0},"west":{"uv":[5.125,7.375,5.25,8.625],"rotation":0,"texture":"#0","tintindex":0},"up":{"uv":[8.625,5.125,7.375,5.0],"rotation":0,"texture":"#0","tintindex":0},"down":{"uv":[6.625,7.375,5.375,7.5],"rotation":0,"texture":"#0","tintindex":0}}},{"from":[8.073948,6.8668785,7.428571],"to":[12.073948,8.009735,8.571428],"rotation":{"angle":0.0,"axis":"y","origin":[10.857143,5.142857,8.0]},"faces":{"east":{"uv":[7.5,3.0,7.75,3.25],"rotation":0,"texture":"#0","tintindex":0},"south":{"uv":[7.125,4.375,8.0,4.625],"rotation":0,"texture":"#0","tintindex":0},"north":{"uv":[7.125,4.0,8.0,4.25],"rotation":0,"texture":"#0","tintindex":0},"west":{"uv":[7.5,3.375,7.75,3.625],"rotation":0,"texture":"#0","tintindex":0},"up":{"uv":[8.0,5.5,7.125,5.25],"rotation":0,"texture":"#0","tintindex":0},"down":{"uv":[8.0,5.625,7.125,5.875],"rotation":0,"texture":"#0","tintindex":0}}}],"textures":{"0":"modelengine:entity/nocsy_toom_old"},"display":{"head":{"translation":[0.0,-6.4,0.0],"scale":[4.0,4.0,4.0]}}}