{"elements":[{"from":[8.0,11.428572,5.714286],"to":[8.0,16.0,10.285714],"rotation":{"angle":-45.0,"axis":"y","origin":[8.0,14.285715,8.0]},"faces":{"east":{"uv":[1.0,4.375,0.0,5.375],"rotation":0,"texture":"#0","tintindex":0},"south":{"uv":[4.0,7.625,4.0,8.625],"rotation":0,"texture":"#0","tintindex":0},"north":{"uv":[3.875,7.625,3.875,8.625],"rotation":0,"texture":"#0","tintindex":0},"west":{"uv":[0.0,4.375,1.0,5.375],"rotation":0,"texture":"#0","tintindex":0},"up":{"uv":[4.125,8.625,4.125,7.625],"rotation":0,"texture":"#0","tintindex":0},"down":{"uv":[4.25,7.625,4.25,8.625],"rotation":0,"texture":"#0","tintindex":0}}},{"from":[8.0,11.428572,5.714286],"to":[8.0,16.0,10.285714],"rotation":{"angle":45.0,"axis":"y","origin":[8.0,13.714286,8.0]},"faces":{"east":{"uv":[1.0,4.375,0.0,5.375],"rotation":0,"texture":"#0","tintindex":0},"south":{"uv":[4.0,7.625,4.0,8.625],"rotation":0,"texture":"#0","tintindex":0},"north":{"uv":[3.875,7.625,3.875,8.625],"rotation":0,"texture":"#0","tintindex":0},"west":{"uv":[0.0,4.375,1.0,5.375],"rotation":0,"texture":"#0","tintindex":0},"up":{"uv":[4.125,8.625,4.125,7.625],"rotation":0,"texture":"#0","tintindex":0},"down":{"uv":[4.25,7.625,4.25,8.625],"rotation":0,"texture":"#0","tintindex":0}}},{"from":[5.142857,7.428571,5.714286],"to":[10.857143,12.0,10.285714],"rotation":{"angle":0.0,"axis":"y","origin":[8.0,9.714286,8.0]},"faces":{"east":{"uv":[4.75,4.5,5.75,5.5],"rotation":0,"texture":"#0","tintindex":0},"south":{"uv":[3.5,1.125,4.75,2.125],"rotation":0,"texture":"#0","tintindex":0},"north":{"uv":[3.5,0.0,4.75,1.0],"rotation":0,"texture":"#0","tintindex":0},"west":{"uv":[4.875,0.0,5.875,1.0],"rotation":0,"texture":"#0","tintindex":0},"up":{"uv":[4.75,3.25,3.5,2.25],"rotation":0,"texture":"#0","tintindex":0},"down":{"uv":[4.75,3.375,3.5,4.375],"rotation":0,"texture":"#0","tintindex":0}}},{"from":[3.4285712,4.0,5.6714287],"to":[12.571428,10.285714,5.6714287],"rotation":{"angle":0.0,"axis":"y","origin":[8.0,9.714286,8.0]},"faces":{"east":{"uv":[5.375,7.625,5.375,9.0],"rotation":0,"texture":"#0","tintindex":0},"south":{"uv":[0.0,1.5,2.0,2.875],"rotation":0,"texture":"#0","tintindex":0},"north":{"uv":[0.0,0.0,2.0,1.375],"rotation":0,"texture":"#0","tintindex":0},"west":{"uv":[5.5,7.625,5.5,9.0],"rotation":0,"texture":"#0","tintindex":0},"up":{"uv":[9.5,3.75,7.5,3.75],"rotation":0,"texture":"#0","tintindex":0},"down":{"uv":[9.5,3.875,7.5,3.875],"rotation":0,"texture":"#0","tintindex":0}}},{"from":[5.885714,9.542857,5.6571426],"to":[6.457143,10.114286,5.6571426],"rotation":{"angle":0.0,"axis":"y","origin":[8.0,9.714286,8.0]},"faces":{"east":{"uv":[6.25,0.875,6.25,1.0],"rotation":0,"texture":"#0","tintindex":0},"south":{"uv":[5.875,5.375,6.0,5.5],"rotation":0,"texture":"#0","tintindex":0},"north":{"uv":[1.125,4.875,1.25,5.0],"rotation":0,"texture":"#0","tintindex":0},"west":{"uv":[6.375,0.875,6.375,1.0],"rotation":0,"texture":"#0","tintindex":0},"up":{"uv":[5.0,4.375,4.875,4.375],"rotation":0,"texture":"#0","tintindex":0},"down":{"uv":[1.25,5.125,1.125,5.125],"rotation":0,"texture":"#0","tintindex":0}}},{"from":[8.742857,9.542857,5.6571426],"to":[9.314285,10.114286,5.6571426],"rotation":{"angle":0.0,"axis":"y","origin":[8.0,9.714286,8.0]},"faces":{"east":{"uv":[6.5,0.875,6.5,1.0],"rotation":0,"texture":"#0","tintindex":0},"south":{"uv":[1.875,6.125,2.0,6.25],"rotation":0,"texture":"#0","tintindex":0},"north":{"uv":[6.0,0.875,6.125,1.0],"rotation":0,"texture":"#0","tintindex":0},"west":{"uv":[6.625,0.875,6.625,1.0],"rotation":0,"texture":"#0","tintindex":0},"up":{"uv":[5.25,4.375,5.125,4.375],"rotation":0,"texture":"#0","tintindex":0},"down":{"uv":[5.5,4.375,5.375,4.375],"rotation":0,"texture":"#0","tintindex":0}}},{"from":[4.6285715,9.942858,5.6285715],"to":[8.057143,11.657143,5.6285715],"rotation":{"angle":0.0,"axis":"y","origin":[6.1714287,10.8,5.685714]},"faces":{"east":{"uv":[5.625,7.625,5.625,8.0],"rotation":0,"texture":"#0","tintindex":0},"south":{"uv":[6.625,2.5,7.375,2.875],"rotation":0,"texture":"#0","tintindex":0},"north":{"uv":[5.25,6.5,6.0,6.875],"rotation":0,"texture":"#0","tintindex":0},"west":{"uv":[5.75,7.625,5.75,8.0],"rotation":0,"texture":"#0","tintindex":0},"up":{"uv":[8.375,1.625,7.625,1.625],"rotation":0,"texture":"#0","tintindex":0},"down":{"uv":[8.375,1.75,7.625,1.75],"rotation":0,"texture":"#0","tintindex":0}}},{"from":[7.9428573,9.942858,5.6285715],"to":[11.3714285,11.657143,5.6285715],"rotation":{"angle":0.0,"axis":"y","origin":[9.828571,10.8,5.685714]},"faces":{"east":{"uv":[5.875,7.625,5.875,8.0],"rotation":0,"texture":"#0","tintindex":0},"south":{"uv":[6.625,3.5,7.375,3.875],"rotation":0,"texture":"#0","tintindex":0},"north":{"uv":[6.625,3.0,7.375,3.375],"rotation":0,"texture":"#0","tintindex":0},"west":{"uv":[6.0,7.625,6.0,8.0],"rotation":0,"texture":"#0","tintindex":0},"up":{"uv":[8.375,1.875,7.625,1.875],"rotation":0,"texture":"#0","tintindex":0},"down":{"uv":[8.375,7.5,7.625,7.5],"rotation":0,"texture":"#0","tintindex":0}}}],"textures":{"0":"modelengine:entity/nocsy_toom_old"},"display":{"head":{"translation":[0.0,-6.4,0.0],"scale":[4.0,4.0,4.0]}}}