{"elements":[{"from":[6.8088994,6.5714283,4.4561768],"to":[9.666042,8.285714,9.027606],"rotation":{"angle":0.0,"axis":"y","origin":[8.285714,5.428571,8.571428]},"faces":{"east":{"uv":[1.875,6.5,2.875,6.875],"rotation":0,"texture":"#0","tintindex":0},"south":{"uv":[6.875,1.5,7.5,1.875],"rotation":0,"texture":"#0","tintindex":0},"north":{"uv":[6.625,4.75,7.25,5.125],"rotation":0,"texture":"#0","tintindex":0},"west":{"uv":[3.0,6.5,4.0,6.875],"rotation":0,"texture":"#0","tintindex":0},"up":{"uv":[2.0,4.0,1.375,3.0],"rotation":0,"texture":"#0","tintindex":0},"down":{"uv":[6.5,2.0,5.875,3.0],"rotation":0,"texture":"#0","tintindex":0}}}],"textures":{"0":"modelengine:entity/nocsy_toom_old"},"display":{"head":{"translation":[0.0,-6.4,0.0],"scale":[4.0,4.0,4.0]}}}