{"elements":[{"from":[7.046588,5.210742,6.5585346],"to":[8.760874,8.067884,8.27282],"rotation":{"angle":0.0,"axis":"y","origin":[4.0180163,2.0107417,8.844249]},"faces":{"east":{"uv":[6.125,6.625,6.5,7.25],"rotation":0,"texture":"#0","tintindex":0},"south":{"uv":[6.625,6.625,7.0,7.25],"rotation":0,"texture":"#0","tintindex":0},"north":{"uv":[6.625,4.0,7.0,4.625],"rotation":0,"texture":"#0","tintindex":0},"west":{"uv":[6.875,0.0,7.25,0.625],"rotation":0,"texture":"#0","tintindex":0},"up":{"uv":[7.75,6.875,7.375,6.5],"rotation":0,"texture":"#0","tintindex":0},"down":{"uv":[7.75,7.0,7.375,7.375],"rotation":0,"texture":"#0","tintindex":0}}}],"textures":{"0":"modelengine:entity/nocsy_toom_old"},"display":{"head":{"translation":[0.0,-6.4,0.0],"scale":[4.0,4.0,4.0]}}}