{"elements":[{"from":[7.429487,7.6481776,6.2136016],"to":[8.000916,8.219606,12.499316],"rotation":{"angle":0.0,"axis":"y","origin":[11.600916,4.2767487,10.099316]},"faces":{"east":{"uv":[7.125,6.0,8.5,6.125],"rotation":0,"texture":"#0","tintindex":0},"south":{"uv":[1.125,4.625,1.25,4.75],"rotation":0,"texture":"#0","tintindex":0},"north":{"uv":[1.125,4.375,1.25,4.5],"rotation":0,"texture":"#0","tintindex":0},"west":{"uv":[7.125,6.25,8.5,6.375],"rotation":0,"texture":"#0","tintindex":0},"up":{"uv":[7.25,7.875,7.125,6.5],"rotation":0,"texture":"#0","tintindex":0},"down":{"uv":[7.5,0.0,7.375,1.375],"rotation":0,"texture":"#0","tintindex":0}}},{"from":[7.3152018,5.362463,5.0707445],"to":[7.3152018,7.6481776,9.0707445],"rotation":{"angle":-22.5,"axis":"z","origin":[7.7152014,6.5053205,7.0707445]},"faces":{"east":{"uv":[4.875,3.75,5.75,4.25],"rotation":0,"texture":"#0","tintindex":0},"south":{"uv":[7.375,7.5,7.375,8.0],"rotation":0,"texture":"#0","tintindex":0},"north":{"uv":[1.0,5.5,1.0,6.0],"rotation":0,"texture":"#0","tintindex":0},"west":{"uv":[6.125,5.375,7.0,5.875],"rotation":0,"texture":"#0","tintindex":0},"up":{"uv":[7.5,8.375,7.5,7.5],"rotation":0,"texture":"#0","tintindex":0},"down":{"uv":[7.625,0.0,7.625,0.875],"rotation":0,"texture":"#0","tintindex":0}}},{"from":[7.5445356,5.570759,4.4993157],"to":[7.5445356,7.856473,8.499316],"rotation":{"angle":45.0,"axis":"z","origin":[8.001678,8.2421875,7.0707445]},"faces":{"east":{"uv":[6.125,6.0,7.0,6.5],"rotation":0,"texture":"#0","tintindex":0},"south":{"uv":[3.5,7.625,3.5,8.125],"rotation":0,"texture":"#0","tintindex":0},"north":{"uv":[7.625,1.0,7.625,1.5],"rotation":0,"texture":"#0","tintindex":0},"west":{"uv":[0.0,6.375,0.875,6.875],"rotation":0,"texture":"#0","tintindex":0},"up":{"uv":[3.625,8.5,3.625,7.625],"rotation":0,"texture":"#0","tintindex":0},"down":{"uv":[3.75,7.625,3.75,8.5],"rotation":0,"texture":"#0","tintindex":0}}}],"textures":{"0":"modelengine:entity/nocsy_toom_old"},"display":{"head":{"translation":[0.0,-6.4,0.0],"scale":[4.0,4.0,4.0]}}}