{"elements":[{"from":[6.857143,5.1918583,4.637207],"to":[9.142858,8.62043,6.922921],"rotation":{"angle":22.5,"axis":"x","origin":[8.0,5.5860147,5.9005737]},"faces":{"east":{"uv":[0.5,9.125,0.0,9.875],"rotation":0,"texture":"#0","tintindex":0},"south":{"uv":[6.0,9.0,5.5,9.75],"rotation":0,"texture":"#0","tintindex":0},"north":{"uv":[2.0,8.875,1.5,9.625],"rotation":0,"texture":"#0","tintindex":0},"west":{"uv":[3.5,9.0,3.0,9.75],"rotation":0,"texture":"#0","tintindex":0},"up":{"uv":[9.0,10.125,9.5,9.625],"rotation":0,"texture":"#0","tintindex":0},"down":{"uv":[9.5,9.625,10.0,10.125],"rotation":0,"texture":"#0","tintindex":0}}},{"from":[6.857143,4.5624743,4.5825377],"to":[9.142858,5.7053313,6.868252],"rotation":{"angle":0.0,"axis":"y","origin":[8.0,5.5860147,5.9005737]},"faces":{"east":{"uv":[10.5,9.875,10.0,10.125],"rotation":0,"texture":"#0","tintindex":0},"south":{"uv":[10.5,9.625,10.0,9.875],"rotation":0,"texture":"#0","tintindex":0},"north":{"uv":[10.5,7.75,10.0,8.0],"rotation":0,"texture":"#0","tintindex":0},"west":{"uv":[9.0,10.0,8.5,10.25],"rotation":0,"texture":"#0","tintindex":0},"up":{"uv":[3.0,10.25,3.5,9.75],"rotation":0,"texture":"#0","tintindex":0},"down":{"uv":[5.125,9.75,5.625,10.25],"rotation":0,"texture":"#0","tintindex":0}}}],"textures":{"0":"modelengine:entity/kur"},"display":{"head":{"translation":[0.0,-6.4,0.0],"scale":[4.0,4.0,4.0]}}}