{
  "portraitScale": 2.0,
  "portraitTranslation": [-0.23, -0.1, 0.0],
  "profileScale": 0.95,
  "profileTranslation": [0.0, 0.3, 0.0],
  "animations": {
    "cry": "q.bedrock_stateful('slowbro_mega', 'cry')"
  },
  "poses": {
    "battle-standing": {
      "poseTypes": ["STAND"],
      "isBattle": true,
      "animations": ["q.bedrock('slowbro_mega', 'battle_idle')"],
      "quirks": ["q.bedrock_quirk('slowbro_mega', 'blink1')"]
    },
    "standing": {
      "poseTypes": ["PORTRAIT", "PROFILE", "STAND", "NONE"],
      "isBattle": false,
      "animations": [
        "q.bedrock('slowbro_mega', 'ground_idle')"
      ],
      "quirks": ["q.bedrock_quirk('slowbro_mega', 'blink1')"]
    },
    "walking": {
      "poseTypes": ["WALK"],
      "animations": ["q.bedrock('slowbro_mega', 'ground_walk')"],
      "quirks": ["q.bedrock_quirk('slowbro_mega', 'blink1')"]
    },
    "float": {
      "poseTypes": ["FLOAT"],
      "animations": ["q.bedrock('slowbro_mega', 'water_idle')"],
      "quirks": ["q.bedrock_quirk('slowbro_mega', 'blink1')"]
    },
    "swim": {
      "poseTypes": ["SWIM"],
      "animations": [
        "q.bedrock('slowbro_mega', 'water_swim')"
      ],
      "quirks": ["q.bedrock_quirk('slowbro_mega', 'blink1')"]
    },
    "sleep": {
      "poseTypes": ["SLEEP"],
      "namedAnimations": {
        "cry": "q.bedrock_stateful('slowbro_mega', 'cry')"
      },
      "animations": ["q.bedrock('slowbro_mega', 'sleep')"]
    }
  }
}
