{"parent":"minecraft:item/generated","textures":{"layer0":"minecraft:item/leather_horse_armor"},"overrides":[{"predicate":{"custom_model_data":1},"model":"modelengine:wendigo/chest"},{"predicate":{"custom_model_data":2},"model":"modelengine:wendigo/neck"},{"predicate":{"custom_model_data":3},"model":"modelengine:wendigo/head"},{"predicate":{"custom_model_data":4},"model":"modelengine:wendigo/jaw"},{"predicate":{"custom_model_data":5},"model":"modelengine:wendigo/right_antler"},{"predicate":{"custom_model_data":6},"model":"modelengine:wendigo/left_antler"},{"predicate":{"custom_model_data":7},"model":"modelengine:wendigo/hair_long_6"},{"predicate":{"custom_model_data":8},"model":"modelengine:wendigo/hair_long_7"},{"predicate":{"custom_model_data":9},"model":"modelengine:wendigo/hair_long_8"},{"predicate":{"custom_model_data":10},"model":"modelengine:wendigo/hair_long_1"},{"predicate":{"custom_model_data":11},"model":"modelengine:wendigo/hair_long_2"},{"predicate":{"custom_model_data":12},"model":"modelengine:wendigo/hair_long_3"},{"predicate":{"custom_model_data":13},"model":"modelengine:wendigo/hair_long_4"},{"predicate":{"custom_model_data":14},"model":"modelengine:wendigo/hair_long_5"},{"predicate":{"custom_model_data":15},"model":"modelengine:wendigo/bone"},{"predicate":{"custom_model_data":16},"model":"modelengine:wendigo/hair_right_2"},{"predicate":{"custom_model_data":17},"model":"modelengine:wendigo/hair_left_2"},{"predicate":{"custom_model_data":18},"model":"modelengine:wendigo/hair_right_1"},{"predicate":{"custom_model_data":19},"model":"modelengine:wendigo/hair_left_1"},{"predicate":{"custom_model_data":20},"model":"modelengine:wendigo/left_bicep"},{"predicate":{"custom_model_data":21},"model":"modelengine:wendigo/left_forearm"},{"predicate":{"custom_model_data":22},"model":"modelengine:wendigo/left_hand"},{"predicate":{"custom_model_data":23},"model":"modelengine:wendigo/left_finger_1"},{"predicate":{"custom_model_data":24},"model":"modelengine:wendigo/left_finger_2"},{"predicate":{"custom_model_data":25},"model":"modelengine:wendigo/left_finger_3"},{"predicate":{"custom_model_data":26},"model":"modelengine:wendigo/left_thumb"},{"predicate":{"custom_model_data":27},"model":"modelengine:wendigo/right_bicep"},{"predicate":{"custom_model_data":28},"model":"modelengine:wendigo/right_forearm"},{"predicate":{"custom_model_data":29},"model":"modelengine:wendigo/right_hand"},{"predicate":{"custom_model_data":30},"model":"modelengine:wendigo/right_finger_1"},{"predicate":{"custom_model_data":31},"model":"modelengine:wendigo/right_finger_2"},{"predicate":{"custom_model_data":32},"model":"modelengine:wendigo/right_finger_3"},{"predicate":{"custom_model_data":33},"model":"modelengine:wendigo/right_thumb"},{"predicate":{"custom_model_data":34},"model":"modelengine:wendigo/torso"},{"predicate":{"custom_model_data":35},"model":"modelengine:wendigo/right_leg"},{"predicate":{"custom_model_data":36},"model":"modelengine:wendigo/right_leg_2"},{"predicate":{"custom_model_data":37},"model":"modelengine:wendigo/right_leg_3"},{"predicate":{"custom_model_data":38},"model":"modelengine:wendigo/left_leg"},{"predicate":{"custom_model_data":39},"model":"modelengine:wendigo/left_leg_2"},{"predicate":{"custom_model_data":40},"model":"modelengine:wendigo/left_leg_3"},{"predicate":{"custom_model_data":41},"model":"modelengine:wendigo/goo_1"},{"predicate":{"custom_model_data":42},"model":"modelengine:wendigo/goo_3"},{"predicate":{"custom_model_data":43},"model":"modelengine:wendigo/goo_2"},{"predicate":{"custom_model_data":44},"model":"modelengine:wendigo/goo_4"},{"predicate":{"custom_model_data":45},"model":"modelengine:wendigo/goo_5"},{"predicate":{"custom_model_data":46},"model":"modelengine:wendigo_cow/body"},{"predicate":{"custom_model_data":47},"model":"modelengine:wendigo_cow/leg1"},{"predicate":{"custom_model_data":48},"model":"modelengine:wendigo_cow/leg2"},{"predicate":{"custom_model_data":49},"model":"modelengine:wendigo_cow/leg3"},{"predicate":{"custom_model_data":50},"model":"modelengine:wendigo_cow/leg4"},{"predicate":{"custom_model_data":51},"model":"modelengine:wendigo_cow/head"},{"predicate":{"custom_model_data":52},"model":"modelengine:wendigo_cow/shadow"},{"predicate":{"custom_model_data":53},"model":"modelengine:wendigo_heart/aorta"},{"predicate":{"custom_model_data":54},"model":"modelengine:wendigo_heart/chamber_2"},{"predicate":{"custom_model_data":55},"model":"modelengine:wendigo_heart/chamber_1"}]}