{
	"credit": "Made with Blockbench",
	"texture_size": [128, 128],
	"textures": {
		"6": "modelengine:entity/gp2_goblin_warrior"
	},
	"elements": [
		{
			"from": [6.88604, 5.50468, 3.36532],
			"to": [9.88604, 15.50468, 6.36532],
			"rotation": {"angle": 0, "axis": "y", "origin": [8.88604, 6.50468, 28.36532]},
			"faces": {
				"north": {"uv": [3.5, 5.625, 3.875, 6.875], "texture": "#6"},
				"east": {"uv": [1.5, 6, 1.875, 7.25], "texture": "#6"},
				"south": {"uv": [1.875, 6.125, 2.25, 7.375], "texture": "#6"},
				"west": {"uv": [2.25, 6.125, 2.625, 7.375], "texture": "#6"},
				"up": {"uv": [9.375, 1.5, 9, 1.125], "texture": "#6"},
				"down": {"uv": [4.625, 9, 4.25, 9.375], "texture": "#6"}
			}
		},
		{
			"from": [6.63604, 13.50468, 3.36532],
			"to": [9.63604, 23.50468, 6.36532],
			"rotation": {"angle": 22.5, "axis": "x", "origin": [8.13604, 18.50468, 4.86532]},
			"faces": {
				"north": {"uv": [3, 6.25, 3.375, 7.5], "texture": "#6"},
				"east": {"uv": [6.375, 2, 6.75, 3.25], "texture": "#6"},
				"south": {"uv": [4.625, 6.375, 5, 7.625], "texture": "#6"},
				"west": {"uv": [5, 6.375, 5.375, 7.625], "texture": "#6"},
				"up": {"uv": [7.875, 9.375, 7.5, 9], "texture": "#6"},
				"down": {"uv": [9.375, 7.875, 9, 8.25], "texture": "#6"}
			}
		},
		{
			"from": [6.63604, -2.50468, 3.36532],
			"to": [9.63604, 7.49532, 6.36532],
			"rotation": {"angle": -22.5, "axis": "x", "origin": [8.13604, 2.49532, 4.86532]},
			"faces": {
				"north": {"uv": [3, 7.5, 3.375, 6.25], "texture": "#6"},
				"east": {"uv": [6.375, 3.25, 6.75, 2], "texture": "#6"},
				"south": {"uv": [4.625, 7.625, 5, 6.375], "texture": "#6"},
				"west": {"uv": [5, 7.625, 5.375, 6.375], "texture": "#6"},
				"up": {"uv": [9.375, 8.25, 9, 7.875], "texture": "#6"},
				"down": {"uv": [7.875, 9, 7.5, 9.375], "texture": "#6"}
			}
		},
		{
			"from": [7.13604, 24.00468, 3.36532],
			"to": [9.13604, 26.00468, 13.36532],
			"rotation": {"angle": -45, "axis": "x", "origin": [8.63604, 24.50468, 8.36532]},
			"faces": {
				"north": {"uv": [2.375, 9.25, 2.125, 9.5], "rotation": 180, "texture": "#6"},
				"east": {"uv": [2.75, 8.125, 3, 9.375], "rotation": 270, "texture": "#6"},
				"south": {"uv": [2.125, 9.5, 1.875, 9.25], "texture": "#6"},
				"west": {"uv": [3, 8.125, 3.25, 9.375], "rotation": 90, "texture": "#6"},
				"up": {"uv": [1.25, 8.125, 1.5, 9.375], "rotation": 180, "texture": "#6"},
				"down": {"uv": [8.125, 2.75, 8.375, 4], "texture": "#6"}
			}
		},
		{
			"from": [7.13604, -5.00468, 3.36532],
			"to": [9.13604, -3.00468, 13.36532],
			"rotation": {"angle": 45, "axis": "x", "origin": [8.63604, -3.50468, 8.36532]},
			"faces": {
				"north": {"uv": [2.375, 9.5, 2.125, 9.25], "rotation": 180, "texture": "#6"},
				"east": {"uv": [3, 8.125, 2.75, 9.375], "rotation": 270, "texture": "#6"},
				"south": {"uv": [2.125, 9.25, 1.875, 9.5], "texture": "#6"},
				"west": {"uv": [3.25, 8.125, 3, 9.375], "rotation": 90, "texture": "#6"},
				"up": {"uv": [8.125, 4, 8.375, 2.75], "texture": "#6"},
				"down": {"uv": [1.25, 9.375, 1.5, 8.125], "rotation": 180, "texture": "#6"}
			}
		},
		{
			"from": [7.63604, -5.99532, 10.36532],
			"to": [8.63604, 27.00468, 11.36532],
			"rotation": {"angle": 0, "axis": "x", "origin": [9.13604, 27.50468, 7.36532]},
			"faces": {
				"north": {"uv": [7.5, 8.125, 7.375, 10.125], "rotation": 180, "texture": "#6"},
				"east": {"uv": [8, 6.875, 10, 7], "rotation": 270, "texture": "#6"},
				"south": {"uv": [0.75, 10, 0.625, 8], "texture": "#6"},
				"west": {"uv": [8.125, 1.75, 10.125, 1.875], "rotation": 90, "texture": "#6"},
				"up": {"uv": [1.625, 4.875, 1.75, 5], "rotation": 180, "texture": "#6"},
				"down": {"uv": [2.75, 5, 2.875, 5.125], "texture": "#6"}
			}
		}
	],
	"gui_light": "front",
	"display": {
		"thirdperson_righthand": {
			"rotation": [0, -8, 0],
			"translation": [-1, -2.75, 1],
			"scale": [0.65, 0.65, 0.65]
		},
		"thirdperson_lefthand": {
			"rotation": [0, -8, 0],
			"translation": [-1, -2.75, 1],
			"scale": [0.65, 0.65, 0.65]
		},
		"firstperson_righthand": {
			"rotation": [0, 12, -20],
			"translation": [2.75, 0, -4]
		},
		"firstperson_lefthand": {
			"rotation": [0, 12, -20],
			"translation": [2.75, 0, -4]
		},
		"ground": {
			"rotation": [0, 0, 58],
			"translation": [0, 1.75, 0],
			"scale": [0.5, 0.5, 0.5]
		},
		"gui": {
			"rotation": [-62, -43, -60],
			"translation": [0, -1.5, 0],
			"scale": [0.5, 0.5, 0.5]
		}
	},
	"groups": [
		{
			"name": "bow_handle",
			"origin": [19.88604, 9.50468, 8.36532],
			"color": 0,
			"children": [
				0,
				{
					"name": "bow_t_3",
					"origin": [19.13604, 5.50468, 8.36532],
					"color": 0,
					"children": [
						{
							"name": "bow_t_4",
							"origin": [19.63604, -1.49532, 8.36532],
							"color": 0,
							"children": [
								{
									"name": "bow_t_string2",
									"origin": [19.13604, -6.99532, 8.86532],
									"color": 0,
									"children": []
								}
							]
						}
					]
				},
				{
					"name": "bow_t_1",
					"origin": [19.13604, 15.50468, 8.36532],
					"color": 0,
					"children": [
						1,
						2,
						{
							"name": "bow_t_2",
							"origin": [19.63604, 22.50468, 8.36532],
							"color": 0,
							"children": [
								3,
								4,
								{
									"name": "bow_t_string",
									"origin": [19.13604, 28.00468, 8.86532],
									"color": 0,
									"children": [5]
								}
							]
						}
					]
				}
			]
		}
	]
}