{"elements":[{"from":[5.714286,7.99119,6.285714],"to":[10.285714,7.99119,9.714286],"rotation":{"angle":0.0,"axis":"y","origin":[9.714286,6.848333,8.0]},"faces":{"east":{"uv":[0.0,0.0,3.0,0.0],"rotation":0,"texture":"#0","tintindex":0},"south":{"uv":[0.0,0.0,4.0,0.0],"rotation":0,"texture":"#0","tintindex":0},"north":{"uv":[0.0,0.0,4.0,0.0],"rotation":0,"texture":"#0","tintindex":0},"west":{"uv":[0.0,0.0,3.0,0.0],"rotation":0,"texture":"#0","tintindex":0},"up":{"uv":[4.0,6.0,0.0,3.0],"rotation":0,"texture":"#0","tintindex":0},"down":{"uv":[4.0,3.0,0.0,6.0],"rotation":0,"texture":"#0","tintindex":0}}},{"from":[2.459485,8.865938,6.285714],"to":[5.8880568,8.865938,9.714286],"rotation":{"angle":-22.5,"axis":"z","origin":[3.6023421,8.865938,8.0]},"faces":{"east":{"uv":[0.0,0.0,3.0,0.0],"rotation":0,"texture":"#0","tintindex":0},"south":{"uv":[0.0,0.0,3.0,0.0],"rotation":0,"texture":"#0","tintindex":0},"north":{"uv":[0.0,0.0,3.0,0.0],"rotation":0,"texture":"#0","tintindex":0},"west":{"uv":[0.0,0.0,3.0,0.0],"rotation":0,"texture":"#0","tintindex":0},"up":{"uv":[3.0,3.0,0.0,0.0],"rotation":0,"texture":"#0","tintindex":0},"down":{"uv":[3.0,0.0,0.0,3.0],"rotation":0,"texture":"#0","tintindex":0}}},{"from":[10.111943,8.865938,6.285714],"to":[13.540515,8.865938,9.714286],"rotation":{"angle":22.5,"axis":"z","origin":[12.397657,8.865938,8.0]},"faces":{"east":{"uv":[0.0,0.0,3.0,0.0],"rotation":0,"texture":"#0","tintindex":0},"south":{"uv":[0.0,0.0,3.0,0.0],"rotation":0,"texture":"#0","tintindex":0},"north":{"uv":[0.0,0.0,3.0,0.0],"rotation":0,"texture":"#0","tintindex":0},"west":{"uv":[0.0,0.0,3.0,0.0],"rotation":0,"texture":"#0","tintindex":0},"up":{"uv":[3.0,9.0,0.0,6.0],"rotation":0,"texture":"#0","tintindex":0},"down":{"uv":[3.0,6.0,0.0,9.0],"rotation":0,"texture":"#0","tintindex":0}}}],"textures":{"0":"modelengine:entity/lr_gryffin_feather"},"display":{"head":{"translation":[0.0,-6.4,0.0],"scale":[4.0,4.0,4.0]}}}