{"elements":[{"from":[6.857143,9.285714,6.8],"to":[7.428571,9.857143,6.8],"rotation":{"angle":0.0,"axis":"y","origin":[3.4285712,1.7142854,3.4285712]},"faces":{"east":{"uv":[0.0,0.0,0.0,0.5],"rotation":0,"texture":"#0","tintindex":0},"south":{"uv":[8.5,11.0,9.0,11.5],"rotation":0,"texture":"#0","tintindex":0},"north":{"uv":[8.5,11.0,9.0,11.5],"rotation":0,"texture":"#0","tintindex":0},"west":{"uv":[0.0,0.0,0.0,0.5],"rotation":0,"texture":"#0","tintindex":0},"up":{"uv":[0.5,0.0,0.0,0.0],"rotation":0,"texture":"#0","tintindex":0},"down":{"uv":[0.5,0.0,0.0,0.0],"rotation":0,"texture":"#0","tintindex":0}}},{"from":[8.571428,9.285714,6.8],"to":[9.142858,9.857143,6.8],"rotation":{"angle":0.0,"axis":"y","origin":[12.571428,1.7142854,3.4285712]},"faces":{"east":{"uv":[0.0,0.0,0.0,0.5],"rotation":0,"texture":"#0","tintindex":0},"south":{"uv":[9.0,11.0,8.5,11.5],"rotation":0,"texture":"#0","tintindex":0},"north":{"uv":[9.0,11.0,8.5,11.5],"rotation":0,"texture":"#0","tintindex":0},"west":{"uv":[0.0,0.0,0.0,0.5],"rotation":0,"texture":"#0","tintindex":0},"up":{"uv":[0.0,0.0,0.5,0.0],"rotation":0,"texture":"#0","tintindex":0},"down":{"uv":[0.0,0.0,0.5,0.0],"rotation":0,"texture":"#0","tintindex":0}}},{"from":[6.5657144,7.9942856,6.8514285],"to":[9.434286,10.862858,9.148571],"rotation":{"angle":0.0,"axis":"y","origin":[3.4285712,1.7142854,3.4285712]},"faces":{"east":{"uv":[4.5,7.0,6.5,9.5],"rotation":0,"texture":"#0","tintindex":0},"south":{"uv":[2.5,2.5,5.0,5.0],"rotation":0,"texture":"#0","tintindex":0},"north":{"uv":[2.5,0.0,5.0,2.5],"rotation":0,"texture":"#0","tintindex":0},"west":{"uv":[7.0,4.5,9.0,7.0],"rotation":0,"texture":"#0","tintindex":0},"up":{"uv":[9.0,9.0,6.5,7.0],"rotation":0,"texture":"#0","tintindex":0},"down":{"uv":[2.5,7.5,0.0,9.5],"rotation":0,"texture":"#0","tintindex":0}}},{"from":[7.285714,8.142858,8.428572],"to":[7.0,6.142857,7.5714283],"rotation":{"angle":0.0,"axis":"y","origin":[12.571428,1.7142854,3.4285712]},"faces":{"east":{"uv":[16.0,15.5,15.5,16.0],"rotation":0,"texture":"#0","tintindex":0},"south":{"uv":[16.0,15.5,15.5,16.0],"rotation":0,"texture":"#0","tintindex":0},"north":{"uv":[16.0,15.5,15.5,16.0],"rotation":0,"texture":"#0","tintindex":0},"west":{"uv":[16.0,15.5,15.5,16.0],"rotation":0,"texture":"#0","tintindex":0},"up":{"uv":[16.0,15.5,15.5,16.0],"rotation":0,"texture":"#0","tintindex":0},"down":{"uv":[16.0,15.5,15.5,16.0],"rotation":0,"texture":"#0","tintindex":0}}},{"from":[7.142857,6.285714,7.714286],"to":[7.142857,8.0,8.285714],"rotation":{"angle":0.0,"axis":"y","origin":[12.571428,1.7142854,3.4285712]},"faces":{"east":{"uv":[11.5,11.5,11.0,13.0],"rotation":0,"texture":"#0","tintindex":0},"south":{"uv":[0.0,0.0,0.0,1.5],"rotation":0,"texture":"#0","tintindex":0},"north":{"uv":[0.0,0.0,0.0,1.5],"rotation":0,"texture":"#0","tintindex":0},"west":{"uv":[11.5,11.5,11.0,13.0],"rotation":0,"texture":"#0","tintindex":0},"up":{"uv":[0.0,0.5,0.0,0.0],"rotation":0,"texture":"#0","tintindex":0},"down":{"uv":[0.0,0.0,0.0,0.5],"rotation":0,"texture":"#0","tintindex":0}}},{"from":[8.857143,6.285714,7.714286],"to":[8.857143,8.0,8.285714],"rotation":{"angle":0.0,"axis":"y","origin":[3.4285712,1.7142854,3.4285712]},"faces":{"east":{"uv":[11.0,11.5,11.5,13.0],"rotation":0,"texture":"#0","tintindex":0},"south":{"uv":[0.0,0.0,0.0,1.5],"rotation":0,"texture":"#0","tintindex":0},"north":{"uv":[0.0,0.0,0.0,1.5],"rotation":0,"texture":"#0","tintindex":0},"west":{"uv":[11.0,11.5,11.5,13.0],"rotation":0,"texture":"#0","tintindex":0},"up":{"uv":[0.0,0.5,0.0,0.0],"rotation":0,"texture":"#0","tintindex":0},"down":{"uv":[0.0,0.0,0.0,0.5],"rotation":0,"texture":"#0","tintindex":0}}},{"from":[9.0,8.142858,8.428572],"to":[8.714286,6.142857,7.5714283],"rotation":{"angle":0.0,"axis":"y","origin":[3.4285712,1.7142854,3.4285712]},"faces":{"east":{"uv":[15.5,15.5,16.0,16.0],"rotation":0,"texture":"#0","tintindex":0},"south":{"uv":[15.5,15.5,16.0,16.0],"rotation":0,"texture":"#0","tintindex":0},"north":{"uv":[15.5,15.5,16.0,16.0],"rotation":0,"texture":"#0","tintindex":0},"west":{"uv":[15.5,15.5,16.0,16.0],"rotation":0,"texture":"#0","tintindex":0},"up":{"uv":[15.5,15.5,16.0,16.0],"rotation":0,"texture":"#0","tintindex":0},"down":{"uv":[15.5,15.5,16.0,16.0],"rotation":0,"texture":"#0","tintindex":0}}},{"from":[9.571428,11.0,9.285714],"to":[6.428571,7.857143,6.714286],"rotation":{"angle":0.0,"axis":"y","origin":[3.4285712,1.7142854,3.4285712]},"faces":{"east":{"uv":[15.5,15.5,16.0,16.0],"rotation":0,"texture":"#0","tintindex":0},"south":{"uv":[15.5,15.5,16.0,16.0],"rotation":0,"texture":"#0","tintindex":0},"north":{"uv":[15.5,15.5,16.0,16.0],"rotation":0,"texture":"#0","tintindex":0},"west":{"uv":[15.5,15.5,16.0,16.0],"rotation":0,"texture":"#0","tintindex":0},"up":{"uv":[15.5,15.5,16.0,16.0],"rotation":0,"texture":"#0","tintindex":0},"down":{"uv":[15.5,15.5,16.0,16.0],"rotation":0,"texture":"#0","tintindex":0}}},{"from":[6.428571,10.714286,6.714286],"to":[9.571428,13.857143,9.285714],"rotation":{"angle":0.0,"axis":"y","origin":[3.4285712,1.7142854,3.4285712]},"faces":{"east":{"uv":[7.5,0.0,9.5,2.5],"rotation":0,"texture":"#0","tintindex":0},"south":{"uv":[5.0,0.0,7.5,2.5],"rotation":0,"texture":"#0","tintindex":0},"north":{"uv":[0.0,5.0,2.5,7.5],"rotation":0,"texture":"#0","tintindex":0},"west":{"uv":[2.5,7.5,4.5,10.0],"rotation":0,"texture":"#0","tintindex":0},"up":{"uv":[11.5,6.5,9.0,4.5],"rotation":0,"texture":"#0","tintindex":0},"down":{"uv":[9.0,9.0,6.5,11.0],"rotation":0,"texture":"#0","tintindex":0}}},{"from":[9.714286,14.0,9.428572],"to":[6.285714,10.571428,6.5714283],"rotation":{"angle":0.0,"axis":"y","origin":[3.4285712,1.7142854,3.4285712]},"faces":{"east":{"uv":[15.5,15.5,16.0,16.0],"rotation":0,"texture":"#0","tintindex":0},"south":{"uv":[15.5,15.5,16.0,16.0],"rotation":0,"texture":"#0","tintindex":0},"north":{"uv":[15.5,15.5,16.0,16.0],"rotation":0,"texture":"#0","tintindex":0},"west":{"uv":[15.5,15.5,16.0,16.0],"rotation":0,"texture":"#0","tintindex":0},"up":{"uv":[15.5,15.0,16.0,15.5],"rotation":0,"texture":"#0","tintindex":0},"down":{"uv":[15.5,15.5,16.0,16.0],"rotation":0,"texture":"#0","tintindex":0}}}],"textures":{"0":"modelengine:entity/cracko"},"display":{"head":{"translation":[0.0,-6.4,0.0],"scale":[4.0,4.0,4.0]}}}