{"elements":[{"from":[7.857143,6.142857,7.428571],"to":[9.0,8.428572,8.571428],"rotation":{"angle":0.0,"axis":"y","origin":[8.0,8.0,8.0]},"faces":{"east":{"uv":[5.5,9.5,6.5,11.5],"rotation":0,"texture":"#0","tintindex":0},"south":{"uv":[2.0,10.0,3.0,12.0],"rotation":0,"texture":"#0","tintindex":0},"north":{"uv":[9.5,2.5,10.5,4.5],"rotation":0,"texture":"#0","tintindex":0},"west":{"uv":[3.0,10.0,4.0,12.0],"rotation":0,"texture":"#0","tintindex":0},"up":{"uv":[11.5,1.0,10.5,0.0],"rotation":0,"texture":"#0","tintindex":0},"down":{"uv":[11.5,1.0,10.5,2.0],"rotation":0,"texture":"#0","tintindex":0}}},{"from":[9.142858,8.571428,8.714286],"to":[7.714286,6.0,7.285714],"rotation":{"angle":0.0,"axis":"y","origin":[8.0,8.0,8.0]},"faces":{"east":{"uv":[15.5,15.5,16.0,16.0],"rotation":0,"texture":"#0","tintindex":0},"south":{"uv":[15.5,15.5,16.0,16.0],"rotation":0,"texture":"#0","tintindex":0},"north":{"uv":[15.5,15.5,16.0,16.0],"rotation":0,"texture":"#0","tintindex":0},"west":{"uv":[15.5,15.5,16.0,16.0],"rotation":0,"texture":"#0","tintindex":0},"up":{"uv":[15.5,15.5,16.0,16.0],"rotation":0,"texture":"#0","tintindex":0},"down":{"uv":[15.5,15.5,16.0,16.0],"rotation":0,"texture":"#0","tintindex":0}}},{"from":[7.714286,4.8571424,7.285714],"to":[9.142858,6.285714,8.714286],"rotation":{"angle":0.0,"axis":"y","origin":[8.0,8.0,8.0]},"faces":{"east":{"uv":[10.5,3.0,11.5,4.0],"rotation":0,"texture":"#0","tintindex":0},"south":{"uv":[10.5,9.5,11.5,10.5],"rotation":0,"texture":"#0","tintindex":0},"north":{"uv":[10.5,2.0,11.5,3.0],"rotation":0,"texture":"#0","tintindex":0},"west":{"uv":[10.5,10.5,11.5,11.5],"rotation":0,"texture":"#0","tintindex":0},"up":{"uv":[7.5,12.0,6.5,11.0],"rotation":0,"texture":"#0","tintindex":0},"down":{"uv":[12.0,6.5,11.0,7.5],"rotation":0,"texture":"#0","tintindex":0}}},{"from":[9.285714,6.428571,8.857143],"to":[7.5714283,4.714286,7.142857],"rotation":{"angle":0.0,"axis":"y","origin":[8.0,8.0,8.0]},"faces":{"east":{"uv":[15.5,15.5,16.0,16.0],"rotation":0,"texture":"#0","tintindex":0},"south":{"uv":[15.5,15.5,16.0,16.0],"rotation":0,"texture":"#0","tintindex":0},"north":{"uv":[15.5,15.5,16.0,16.0],"rotation":0,"texture":"#0","tintindex":0},"west":{"uv":[15.5,15.5,16.0,16.0],"rotation":0,"texture":"#0","tintindex":0},"up":{"uv":[15.5,15.5,16.0,16.0],"rotation":0,"texture":"#0","tintindex":0},"down":{"uv":[15.5,15.0,16.0,15.5],"rotation":0,"texture":"#0","tintindex":0}}},{"from":[7.714286,7.714286,7.285714],"to":[9.142858,8.571428,8.714286],"rotation":{"angle":0.0,"axis":"y","origin":[8.0,8.0,8.0]},"faces":{"east":{"uv":[2.0,12.0,3.0,12.5],"rotation":0,"texture":"#0","tintindex":0},"south":{"uv":[3.0,12.0,4.0,12.5],"rotation":0,"texture":"#0","tintindex":0},"north":{"uv":[1.0,12.0,2.0,12.5],"rotation":0,"texture":"#0","tintindex":0},"west":{"uv":[4.5,12.0,5.5,12.5],"rotation":0,"texture":"#0","tintindex":0},"up":{"uv":[8.5,12.0,7.5,11.0],"rotation":0,"texture":"#0","tintindex":0},"down":{"uv":[12.0,7.5,11.0,8.5],"rotation":0,"texture":"#0","tintindex":0}}},{"from":[9.285714,8.714286,8.857143],"to":[7.5714283,7.5714283,7.142857],"rotation":{"angle":0.0,"axis":"y","origin":[8.0,8.0,8.0]},"faces":{"east":{"uv":[15.5,15.5,16.0,16.0],"rotation":0,"texture":"#0","tintindex":0},"south":{"uv":[15.5,15.5,16.0,16.0],"rotation":0,"texture":"#0","tintindex":0},"north":{"uv":[15.5,15.5,16.0,16.0],"rotation":0,"texture":"#0","tintindex":0},"west":{"uv":[15.5,15.5,16.0,16.0],"rotation":0,"texture":"#0","tintindex":0},"up":{"uv":[15.5,15.0,16.0,15.5],"rotation":0,"texture":"#0","tintindex":0},"down":{"uv":[15.5,15.5,16.0,16.0],"rotation":0,"texture":"#0","tintindex":0}}}],"textures":{"0":"modelengine:entity/cracko"},"display":{"head":{"translation":[0.0,-6.4,0.0],"scale":[4.0,4.0,4.0]}}}