{"elements":[{"from":[6.285714,8.0,6.857143],"to":[8.571428,9.714286,9.142858],"rotation":{"angle":0.0,"axis":"y","origin":[13.714286,1.7142854,2.8571424]},"faces":{"east":{"uv":[9.125,2.625,9.625,3.0],"rotation":0,"texture":"#0","tintindex":0},"south":{"uv":[9.125,3.0,9.625,3.375],"rotation":0,"texture":"#0","tintindex":0},"north":{"uv":[6.375,3.875,6.875,4.25],"rotation":0,"texture":"#0","tintindex":0},"west":{"uv":[9.125,6.75,9.625,7.125],"rotation":0,"texture":"#0","tintindex":0},"up":{"uv":[5.875,1.5,5.375,1.0],"rotation":0,"texture":"#0","tintindex":0},"down":{"uv":[9.25,0.5,8.75,1.0],"rotation":0,"texture":"#0","tintindex":0}}},{"from":[3.4285712,8.0,7.428571],"to":[6.285714,9.142858,9.142858],"rotation":{"angle":0.0,"axis":"y","origin":[13.714286,1.7142854,2.8571424]},"faces":{"east":{"uv":[1.25,9.375,1.625,9.625],"rotation":0,"texture":"#0","tintindex":0},"south":{"uv":[9.125,7.125,9.75,7.375],"rotation":0,"texture":"#0","tintindex":0},"north":{"uv":[9.125,6.125,9.75,6.375],"rotation":0,"texture":"#0","tintindex":0},"west":{"uv":[1.625,9.375,2.0,9.625],"rotation":0,"texture":"#0","tintindex":0},"up":{"uv":[9.625,1.75,9.0,1.375],"rotation":0,"texture":"#0","tintindex":0},"down":{"uv":[3.375,9.0,2.75,9.375],"rotation":0,"texture":"#0","tintindex":0}}}],"textures":{"0":"modelengine:entity/gp2_goblin_shaman"},"display":{"head":{"translation":[0.0,-6.4,0.0],"scale":[4.0,4.0,4.0]}}}