{"elements":[{"from":[6.5714283,4.6396637,6.8154373],"to":[8.285714,8.639664,8.529723],"rotation":{"angle":0.0,"axis":"y","origin":[10.0,4.6396637,2.2440085]},"faces":{"east":{"uv":[3.625,7.375,4.0,8.25],"rotation":0,"texture":"#0","tintindex":0},"south":{"uv":[2.25,8.0,2.625,8.875],"rotation":0,"texture":"#0","tintindex":0},"north":{"uv":[5.25,7.25,5.625,8.125],"rotation":0,"texture":"#0","tintindex":0},"west":{"uv":[2.625,8.0,3.0,8.875],"rotation":0,"texture":"#0","tintindex":0},"up":{"uv":[9.625,0.875,9.25,0.5],"rotation":0,"texture":"#0","tintindex":0},"down":{"uv":[9.625,3.375,9.25,3.75],"rotation":0,"texture":"#0","tintindex":0}}}],"textures":{"0":"modelengine:entity/gp2_goblin_shaman"},"display":{"head":{"translation":[0.0,-6.4,0.0],"scale":[4.0,4.0,4.0]}}}