{"elements":[{"from":[6.285714,6.8894644,5.4521117],"to":[8.571428,8.032322,8.309255],"rotation":{"angle":0.0,"axis":"y","origin":[4.8571424,12.032322,2.02354]},"faces":{"east":{"uv":[8.5,3.25,7.875,3.5],"rotation":0,"texture":"#0","tintindex":0},"south":{"uv":[9.75,5.875,9.25,6.125],"rotation":0,"texture":"#0","tintindex":0},"north":{"uv":[7.875,0.5,7.375,0.75],"rotation":0,"texture":"#0","tintindex":0},"west":{"uv":[8.5,1.375,7.875,1.625],"rotation":0,"texture":"#0","tintindex":0},"up":{"uv":[7.75,8.875,8.25,8.25],"rotation":0,"texture":"#0","tintindex":0},"down":{"uv":[8.25,8.25,8.75,8.875],"rotation":0,"texture":"#0","tintindex":0}}},{"from":[6.285714,7.3926578,4.6366744],"to":[7.428571,8.535515,5.7795315],"rotation":{"angle":22.5,"axis":"x","origin":[7.428571,7.9640865,4.3509603]},"faces":{"east":{"uv":[6.125,9.5,5.875,9.75],"rotation":0,"texture":"#0","tintindex":0},"south":{"uv":[3.875,9.5,3.625,9.75],"rotation":0,"texture":"#0","tintindex":0},"north":{"uv":[9.625,9.125,9.375,9.375],"rotation":0,"texture":"#0","tintindex":0},"west":{"uv":[9.625,9.375,9.375,9.625],"rotation":0,"texture":"#0","tintindex":0},"up":{"uv":[6.125,9.75,6.375,9.5],"rotation":0,"texture":"#0","tintindex":0},"down":{"uv":[6.375,9.5,6.625,9.75],"rotation":0,"texture":"#0","tintindex":0}}},{"from":[7.428571,7.285714,5.142857],"to":[8.571428,7.857143,5.714286],"rotation":{"angle":-22.5,"axis":"x","origin":[8.0,7.285714,5.142857]},"faces":{"east":{"uv":[1.5,3.125,1.375,3.25],"rotation":0,"texture":"#0","tintindex":0},"south":{"uv":[3.375,4.875,3.125,5.0],"rotation":0,"texture":"#0","tintindex":0},"north":{"uv":[4.75,2.125,4.5,2.25],"rotation":0,"texture":"#0","tintindex":0},"west":{"uv":[1.5,3.0,1.375,3.125],"rotation":0,"texture":"#0","tintindex":0},"up":{"uv":[5.5,5.0,5.75,4.875],"rotation":0,"texture":"#0","tintindex":0},"down":{"uv":[5.75,4.875,6.0,5.0],"rotation":0,"texture":"#0","tintindex":0}}}],"textures":{"0":"modelengine:entity/gp2_goblin_shaman"},"display":{"head":{"translation":[0.0,-6.4,0.0],"scale":[4.0,4.0,4.0]}}}