{"elements":[{"from":[7.428571,8.0,6.857143],"to":[9.714286,9.714286,9.142858],"rotation":{"angle":0.0,"axis":"y","origin":[2.2857141,1.7142854,2.8571424]},"faces":{"east":{"uv":[9.625,6.75,9.125,7.125],"rotation":0,"texture":"#0","tintindex":0},"south":{"uv":[9.625,3.0,9.125,3.375],"rotation":0,"texture":"#0","tintindex":0},"north":{"uv":[6.875,3.875,6.375,4.25],"rotation":0,"texture":"#0","tintindex":0},"west":{"uv":[9.625,2.625,9.125,3.0],"rotation":0,"texture":"#0","tintindex":0},"up":{"uv":[5.375,1.5,5.875,1.0],"rotation":0,"texture":"#0","tintindex":0},"down":{"uv":[8.75,0.5,9.25,1.0],"rotation":0,"texture":"#0","tintindex":0}}},{"from":[9.714286,8.0,7.428571],"to":[12.571428,9.142858,9.142858],"rotation":{"angle":0.0,"axis":"y","origin":[2.2857141,1.7142854,2.8571424]},"faces":{"east":{"uv":[2.0,9.375,1.625,9.625],"rotation":0,"texture":"#0","tintindex":0},"south":{"uv":[9.75,7.125,9.125,7.375],"rotation":0,"texture":"#0","tintindex":0},"north":{"uv":[9.75,6.125,9.125,6.375],"rotation":0,"texture":"#0","tintindex":0},"west":{"uv":[1.625,9.375,1.25,9.625],"rotation":0,"texture":"#0","tintindex":0},"up":{"uv":[9.0,1.75,9.625,1.375],"rotation":0,"texture":"#0","tintindex":0},"down":{"uv":[2.75,9.0,3.375,9.375],"rotation":0,"texture":"#0","tintindex":0}}}],"textures":{"0":"modelengine:entity/gp2_goblin_shaman"},"display":{"head":{"translation":[0.0,-6.4,0.0],"scale":[4.0,4.0,4.0]}}}