{"elements":[{"from":[7.428571,4.0,8.0],"to":[8.571428,8.0,9.714286],"rotation":{"angle":0.0,"axis":"y","origin":[5.428571,8.0,3.4285712]},"faces":{"east":{"uv":[7.375,8.0,7.0,8.875],"rotation":0,"texture":"#0","tintindex":0},"south":{"uv":[4.25,9.0,4.0,9.875],"rotation":0,"texture":"#0","tintindex":0},"north":{"uv":[5.625,8.125,5.375,9.0],"rotation":0,"texture":"#0","tintindex":0},"west":{"uv":[7.0,8.0,6.625,8.875],"rotation":0,"texture":"#0","tintindex":0},"up":{"uv":[0.75,9.75,1.0,9.375],"rotation":0,"texture":"#0","tintindex":0},"down":{"uv":[1.0,9.375,1.25,9.75],"rotation":0,"texture":"#0","tintindex":0}}}],"textures":{"0":"modelengine:entity/gp2_goblin_shaman"},"display":{"head":{"translation":[0.0,-6.4,0.0],"scale":[4.0,4.0,4.0]}}}