{"elements":[{"from":[4.5714283,4.0,2.2857141],"to":[11.428572,9.714286,12.571428],"rotation":{"angle":0.0,"axis":"y","origin":[8.0,6.857143,5.285714]},"faces":{"east":{"uv":[4.5,7.0,7.0,16.0],"rotation":90,"texture":"#0","tintindex":0},"south":{"uv":[13.0,2.0,10.0,7.0],"rotation":0,"texture":"#0","tintindex":0},"north":{"uv":[10.0,7.0,7.0,2.0],"rotation":180,"texture":"#0","tintindex":0},"west":{"uv":[10.0,7.0,12.5,16.0],"rotation":270,"texture":"#0","tintindex":0},"up":{"uv":[12.5,7.0,15.5,16.0],"rotation":0,"texture":"#0","tintindex":0},"down":{"uv":[7.0,7.0,10.0,16.0],"rotation":180,"texture":"#0","tintindex":0}}},{"from":[6.857143,3.4285712,9.142858],"to":[9.142858,4.0,12.571428],"rotation":{"angle":0.0,"axis":"y","origin":[8.0,6.857143,5.285714]},"faces":{"east":{"uv":[13.0,0.5,13.25,3.5],"rotation":90,"texture":"#0","tintindex":0},"south":{"uv":[15.25,0.0,14.25,0.5],"rotation":0,"texture":"#0","tintindex":0},"north":{"uv":[14.25,0.5,13.25,0.0],"rotation":180,"texture":"#0","tintindex":0},"west":{"uv":[14.25,0.5,14.5,3.5],"rotation":270,"texture":"#0","tintindex":0},"up":{"uv":[14.5,0.5,15.5,3.5],"rotation":0,"texture":"#0","tintindex":0},"down":{"uv":[13.25,0.5,14.25,3.5],"rotation":180,"texture":"#0","tintindex":0}}}],"textures":{"0":"modelengine:entity/cow"},"display":{"head":{"translation":[0.0,-6.4,0.0],"scale":[4.0,4.0,4.0]}}}