{"elements":[{"from":[15.714286,7.428571,7.428571],"to":[16.857143,15.428572,8.571428],"rotation":{"angle":-22.5,"axis":"x","origin":[11.428572,13.142858,7.428571]},"faces":{"east":{"uv":[5.0,5.0,6.0,12.0],"rotation":0,"texture":"#0","tintindex":0},"south":{"uv":[6.0,5.0,7.0,12.0],"rotation":0,"texture":"#0","tintindex":0},"north":{"uv":[4.0,5.0,5.0,12.0],"rotation":0,"texture":"#0","tintindex":0},"west":{"uv":[7.0,5.0,8.0,12.0],"rotation":0,"texture":"#0","tintindex":0},"up":{"uv":[11.5,11.0,10.5,10.0],"rotation":0,"texture":"#0","tintindex":0},"down":{"uv":[9.0,11.0,8.0,12.0],"rotation":0,"texture":"#0","tintindex":0}}},{"from":[0.85714245,15.428572,6.857143],"to":[14.571428,16.57143,8.571428],"rotation":{"angle":22.5,"axis":"x","origin":[11.428572,14.857143,7.428571]},"faces":{"east":{"uv":[10.0,5.0,11.5,6.0],"rotation":0,"texture":"#0","tintindex":0},"south":{"uv":[0.0,4.0,12.0,5.0],"rotation":0,"texture":"#0","tintindex":0},"north":{"uv":[0.0,3.0,12.0,4.0],"rotation":0,"texture":"#0","tintindex":0},"west":{"uv":[10.0,6.0,11.5,7.0],"rotation":0,"texture":"#0","tintindex":0},"up":{"uv":[12.0,1.5,0.0,0.0],"rotation":0,"texture":"#0","tintindex":0},"down":{"uv":[12.0,1.5,0.0,3.0],"rotation":0,"texture":"#0","tintindex":0}}},{"from":[13.428572,14.285715,5.714286],"to":[14.0,17.714287,8.0],"rotation":{"angle":22.5,"axis":"x","origin":[14.285715,14.857143,7.428571]},"faces":{"east":{"uv":[8.0,5.0,10.0,8.0],"rotation":0,"texture":"#0","tintindex":0},"south":{"uv":[10.0,10.0,10.5,13.0],"rotation":0,"texture":"#0","tintindex":0},"north":{"uv":[10.0,7.0,10.5,10.0],"rotation":0,"texture":"#0","tintindex":0},"west":{"uv":[8.0,8.0,10.0,11.0],"rotation":0,"texture":"#0","tintindex":0},"up":{"uv":[9.5,13.0,9.0,11.0],"rotation":0,"texture":"#0","tintindex":0},"down":{"uv":[10.0,11.0,9.5,13.0],"rotation":0,"texture":"#0","tintindex":0}}},{"from":[14.571428,7.428571,7.428571],"to":[15.714286,19.428572,8.571428],"rotation":{"angle":22.5,"axis":"x","origin":[11.428572,14.857143,7.428571]},"faces":{"east":{"uv":[1.0,5.0,2.0,15.5],"rotation":0,"texture":"#0","tintindex":0},"south":{"uv":[2.0,5.0,3.0,15.5],"rotation":0,"texture":"#0","tintindex":0},"north":{"uv":[0.0,5.0,1.0,15.5],"rotation":0,"texture":"#0","tintindex":0},"west":{"uv":[3.0,5.0,4.0,15.5],"rotation":0,"texture":"#0","tintindex":0},"up":{"uv":[11.5,12.0,10.5,11.0],"rotation":0,"texture":"#0","tintindex":0},"down":{"uv":[12.5,5.0,11.5,6.0],"rotation":0,"texture":"#0","tintindex":0}}},{"from":[14.571428,19.428572,7.428571],"to":[14.571428,21.142857,8.571428],"rotation":{"angle":22.5,"axis":"x","origin":[11.428572,14.857143,7.428571]},"faces":{"east":{"uv":[10.5,7.0,11.5,8.5],"rotation":0,"texture":"#0","tintindex":0},"south":{"uv":[0.0,0.0,0.0,1.5],"rotation":0,"texture":"#0","tintindex":0},"north":{"uv":[0.0,0.0,0.0,1.5],"rotation":0,"texture":"#0","tintindex":0},"west":{"uv":[11.5,7.0,10.5,8.5],"rotation":0,"texture":"#0","tintindex":0},"up":{"uv":[0.0,1.0,0.0,0.0],"rotation":0,"texture":"#0","tintindex":0},"down":{"uv":[0.0,0.0,0.0,1.0],"rotation":0,"texture":"#0","tintindex":0}}},{"from":[9.428572,14.285715,5.714286],"to":[10.0,17.714287,8.0],"rotation":{"angle":22.5,"axis":"x","origin":[10.285714,14.857143,7.428571]},"faces":{"east":{"uv":[8.0,5.0,10.0,8.0],"rotation":0,"texture":"#0","tintindex":0},"south":{"uv":[10.0,10.0,10.5,13.0],"rotation":0,"texture":"#0","tintindex":0},"north":{"uv":[10.0,7.0,10.5,10.0],"rotation":0,"texture":"#0","tintindex":0},"west":{"uv":[8.0,8.0,10.0,11.0],"rotation":0,"texture":"#0","tintindex":0},"up":{"uv":[9.5,13.0,9.0,11.0],"rotation":0,"texture":"#0","tintindex":0},"down":{"uv":[10.0,11.0,9.5,13.0],"rotation":0,"texture":"#0","tintindex":0}}},{"from":[1.4285712,14.285715,5.714286],"to":[1.9999995,17.714287,8.0],"rotation":{"angle":22.5,"axis":"x","origin":[2.2857141,14.857143,7.428571]},"faces":{"east":{"uv":[8.0,5.0,10.0,8.0],"rotation":0,"texture":"#0","tintindex":0},"south":{"uv":[10.0,10.0,10.5,13.0],"rotation":0,"texture":"#0","tintindex":0},"north":{"uv":[10.0,7.0,10.5,10.0],"rotation":0,"texture":"#0","tintindex":0},"west":{"uv":[8.0,8.0,10.0,11.0],"rotation":0,"texture":"#0","tintindex":0},"up":{"uv":[9.5,13.0,9.0,11.0],"rotation":0,"texture":"#0","tintindex":0},"down":{"uv":[10.0,11.0,9.5,13.0],"rotation":0,"texture":"#0","tintindex":0}}},{"from":[4.8571424,14.417396,6.1951356],"to":[5.428571,17.845966,8.48085],"rotation":{"angle":22.5,"axis":"z","origin":[5.142857,16.131681,7.3379927]},"faces":{"east":{"uv":[10.0,8.0,8.0,11.0],"rotation":0,"texture":"#0","tintindex":0},"south":{"uv":[10.5,10.0,10.0,13.0],"rotation":0,"texture":"#0","tintindex":0},"north":{"uv":[10.5,7.0,10.0,10.0],"rotation":0,"texture":"#0","tintindex":0},"west":{"uv":[10.0,5.0,8.0,8.0],"rotation":0,"texture":"#0","tintindex":0},"up":{"uv":[9.0,13.0,9.5,11.0],"rotation":0,"texture":"#0","tintindex":0},"down":{"uv":[9.5,11.0,10.0,13.0],"rotation":0,"texture":"#0","tintindex":0}}},{"from":[-1.4285717,7.428571,7.428571],"to":[-0.2857151,15.428572,8.571428],"rotation":{"angle":-22.5,"axis":"x","origin":[4.0,13.142858,7.428571]},"faces":{"east":{"uv":[8.0,5.0,7.0,12.0],"rotation":0,"texture":"#0","tintindex":0},"south":{"uv":[7.0,5.0,6.0,12.0],"rotation":0,"texture":"#0","tintindex":0},"north":{"uv":[5.0,5.0,4.0,12.0],"rotation":0,"texture":"#0","tintindex":0},"west":{"uv":[6.0,5.0,5.0,12.0],"rotation":0,"texture":"#0","tintindex":0},"up":{"uv":[10.5,11.0,11.5,10.0],"rotation":0,"texture":"#0","tintindex":0},"down":{"uv":[8.0,11.0,9.0,12.0],"rotation":0,"texture":"#0","tintindex":0}}},{"from":[-0.2857151,7.428571,7.428571],"to":[0.85714245,19.428572,8.571428],"rotation":{"angle":22.5,"axis":"x","origin":[4.0,14.857143,7.428571]},"faces":{"east":{"uv":[4.0,5.0,3.0,15.5],"rotation":0,"texture":"#0","tintindex":0},"south":{"uv":[3.0,5.0,2.0,15.5],"rotation":0,"texture":"#0","tintindex":0},"north":{"uv":[1.0,5.0,0.0,15.5],"rotation":0,"texture":"#0","tintindex":0},"west":{"uv":[2.0,5.0,1.0,15.5],"rotation":0,"texture":"#0","tintindex":0},"up":{"uv":[10.5,12.0,11.5,11.0],"rotation":0,"texture":"#0","tintindex":0},"down":{"uv":[11.5,5.0,12.5,6.0],"rotation":0,"texture":"#0","tintindex":0}}},{"from":[0.85714245,8.571428,6.857143],"to":[14.571428,9.714286,8.571428],"rotation":{"angle":22.5,"axis":"x","origin":[11.428572,14.857143,7.428571]},"faces":{"east":{"uv":[10.0,5.0,11.5,6.0],"rotation":0,"texture":"#0","tintindex":0},"south":{"uv":[0.0,4.0,12.0,5.0],"rotation":0,"texture":"#0","tintindex":0},"north":{"uv":[0.0,3.0,12.0,4.0],"rotation":0,"texture":"#0","tintindex":0},"west":{"uv":[10.0,6.0,11.5,7.0],"rotation":0,"texture":"#0","tintindex":0},"up":{"uv":[12.0,1.5,0.0,0.0],"rotation":0,"texture":"#0","tintindex":0},"down":{"uv":[12.0,1.5,0.0,3.0],"rotation":0,"texture":"#0","tintindex":0}}}],"textures":{"0":"modelengine:entity/gp2_decor_weapon_rack"},"display":{"head":{"translation":[0.0,-6.4,0.0],"scale":[4.0,4.0,4.0]}}}