{"elements":[{"from":[7.0,6.142857,7.428571],"to":[8.142858,8.428572,8.571428],"rotation":{"angle":0.0,"axis":"y","origin":[8.0,8.0,8.0]},"faces":{"east":{"uv":[6.0,10.5,7.0,12.5],"rotation":0,"texture":"#0","tintindex":0},"south":{"uv":[11.0,1.5,12.0,3.5],"rotation":0,"texture":"#0","tintindex":0},"north":{"uv":[5.0,10.5,6.0,12.5],"rotation":0,"texture":"#0","tintindex":0},"west":{"uv":[11.0,3.5,12.0,5.5],"rotation":0,"texture":"#0","tintindex":0},"up":{"uv":[11.0,12.5,10.0,11.5],"rotation":0,"texture":"#0","tintindex":0},"down":{"uv":[12.5,10.0,11.5,11.0],"rotation":0,"texture":"#0","tintindex":0}}},{"from":[8.285714,8.571428,8.714286],"to":[6.857143,6.0,7.285714],"rotation":{"angle":0.0,"axis":"y","origin":[8.0,8.0,8.0]},"faces":{"east":{"uv":[15.5,15.5,16.0,16.0],"rotation":0,"texture":"#0","tintindex":0},"south":{"uv":[15.5,15.5,16.0,16.0],"rotation":0,"texture":"#0","tintindex":0},"north":{"uv":[15.5,15.5,16.0,16.0],"rotation":0,"texture":"#0","tintindex":0},"west":{"uv":[15.5,15.5,16.0,16.0],"rotation":0,"texture":"#0","tintindex":0},"up":{"uv":[15.5,15.5,16.0,16.0],"rotation":0,"texture":"#0","tintindex":0},"down":{"uv":[15.5,15.5,16.0,16.0],"rotation":0,"texture":"#0","tintindex":0}}},{"from":[6.857143,6.0,7.285714],"to":[8.285714,7.428571,8.714286],"rotation":{"angle":0.0,"axis":"y","origin":[8.0,8.0,8.0]},"faces":{"east":{"uv":[12.0,1.5,13.0,2.5],"rotation":0,"texture":"#0","tintindex":0},"south":{"uv":[2.5,12.0,3.5,13.0],"rotation":0,"texture":"#0","tintindex":0},"north":{"uv":[11.0,11.5,12.0,12.5],"rotation":0,"texture":"#0","tintindex":0},"west":{"uv":[12.0,2.5,13.0,3.5],"rotation":0,"texture":"#0","tintindex":0},"up":{"uv":[4.5,13.0,3.5,12.0],"rotation":0,"texture":"#0","tintindex":0},"down":{"uv":[13.0,3.5,12.0,4.5],"rotation":0,"texture":"#0","tintindex":0}}},{"from":[8.428572,7.5714283,8.857143],"to":[6.714286,5.8571424,7.142857],"rotation":{"angle":0.0,"axis":"y","origin":[8.0,8.0,8.0]},"faces":{"east":{"uv":[15.5,15.5,16.0,16.0],"rotation":0,"texture":"#0","tintindex":0},"south":{"uv":[15.5,15.5,16.0,16.0],"rotation":0,"texture":"#0","tintindex":0},"north":{"uv":[15.5,15.5,16.0,16.0],"rotation":0,"texture":"#0","tintindex":0},"west":{"uv":[15.5,15.5,16.0,16.0],"rotation":0,"texture":"#0","tintindex":0},"up":{"uv":[15.5,15.5,16.0,16.0],"rotation":0,"texture":"#0","tintindex":0},"down":{"uv":[15.5,15.0,16.0,15.5],"rotation":0,"texture":"#0","tintindex":0}}}],"textures":{"0":"modelengine:entity/baby_shadow"},"display":{"head":{"translation":[0.0,-6.4,0.0],"scale":[4.0,4.0,4.0]}}}