{"elements":[{"from":[6.857143,5.714286,6.285714],"to":[9.142858,10.285714,9.714286],"rotation":{"angle":0.0,"axis":"y","origin":[6.857143,7.428571,8.0]},"faces":{"east":{"uv":[0.0,0.0,3.0,4.0],"rotation":0,"texture":"#0","tintindex":0},"south":{"uv":[9.0,0.0,11.0,4.0],"rotation":0,"texture":"#0","tintindex":0},"north":{"uv":[3.0,7.0,5.0,11.0],"rotation":0,"texture":"#0","tintindex":0},"west":{"uv":[3.0,0.0,6.0,4.0],"rotation":0,"texture":"#0","tintindex":0},"up":{"uv":[11.0,7.0,9.0,4.0],"rotation":0,"texture":"#0","tintindex":0},"down":{"uv":[7.0,9.0,5.0,12.0],"rotation":0,"texture":"#0","tintindex":0}}}],"textures":{"0":"modelengine:entity/wendigo_heart"},"display":{"head":{"translation":[0.0,-6.4,0.0],"scale":[4.0,4.0,4.0]}}}