{"elements":[{"from":[5.771428,7.9142857,7.9142857],"to":[10.228572,11.942858,13.228571],"rotation":{"angle":0.0,"axis":"y","origin":[8.0,8.857143,6.714286]},"faces":{"east":{"uv":[5.0,0.0,8.0,2.25],"rotation":0,"texture":"#1","tintindex":0},"south":{"uv":[5.5,6.75,8.0,9.0],"rotation":0,"texture":"#1","tintindex":0},"north":{"uv":[3.0,6.75,5.5,9.0],"rotation":0,"texture":"#1","tintindex":0},"west":{"uv":[5.0,2.25,8.0,4.5],"rotation":0,"texture":"#1","tintindex":0},"up":{"uv":[2.5,3.0,0.0,0.0],"rotation":0,"texture":"#1","tintindex":0},"down":{"uv":[5.0,0.0,2.5,3.0],"rotation":0,"texture":"#1","tintindex":0}}},{"from":[5.8071427,7.95,7.95],"to":[10.192858,11.907143,13.192858],"rotation":{"angle":0.0,"axis":"y","origin":[8.0,8.857143,6.714286]},"faces":{"east":{"uv":[5.0,4.5,8.0,6.75],"rotation":0,"texture":"#1","tintindex":0},"south":{"uv":[8.0,2.25,10.5,4.5],"rotation":0,"texture":"#1","tintindex":0},"north":{"uv":[8.0,0.0,10.5,2.25],"rotation":0,"texture":"#1","tintindex":0},"west":{"uv":[0.0,6.0,3.0,8.25],"rotation":0,"texture":"#1","tintindex":0},"up":{"uv":[2.5,6.0,0.0,3.0],"rotation":0,"texture":"#1","tintindex":0},"down":{"uv":[5.0,3.0,2.5,6.0],"rotation":0,"texture":"#1","tintindex":0}}},{"from":[7.4857144,8.616561,11.657706],"to":[8.514286,9.216561,12.686277],"rotation":{"angle":22.5,"axis":"x","origin":[8.0,7.2022753,10.029135]},"faces":{"east":{"uv":[5.5,12.25,6.0,12.5],"rotation":0,"texture":"#1","tintindex":0},"south":{"uv":[12.25,5.5,12.75,5.75],"rotation":0,"texture":"#1","tintindex":0},"north":{"uv":[1.5,11.0,2.0,11.25],"rotation":0,"texture":"#1","tintindex":0},"west":{"uv":[12.25,5.75,12.75,6.0],"rotation":0,"texture":"#1","tintindex":0},"up":{"uv":[5.5,12.75,5.0,12.25],"rotation":0,"texture":"#1","tintindex":0},"down":{"uv":[12.75,5.0,12.25,5.5],"rotation":0,"texture":"#1","tintindex":0}}}],"textures":{"1":"modelengine:entity/bv_cavespider"},"display":{"head":{"translation":[0.0,-6.4,0.0],"scale":[4.0,4.0,4.0]}}}