{"elements":[{"from":[6.2,7.2714286,5.1285715],"to":[9.8,9.585714,9.157143],"rotation":{"angle":0.0,"axis":"y","origin":[8.0,7.142857,6.0714283]},"faces":{"east":{"uv":[0.0,8.25,2.25,9.5],"rotation":0,"texture":"#1","tintindex":0},"south":{"uv":[6.5,9.0,8.5,10.25],"rotation":0,"texture":"#1","tintindex":0},"north":{"uv":[4.5,9.0,6.5,10.25],"rotation":0,"texture":"#1","tintindex":0},"west":{"uv":[2.25,9.0,4.5,10.25],"rotation":0,"texture":"#1","tintindex":0},"up":{"uv":[10.0,6.75,8.0,4.5],"rotation":0,"texture":"#1","tintindex":0},"down":{"uv":[10.0,6.75,8.0,9.0],"rotation":0,"texture":"#1","tintindex":0}}},{"from":[6.285714,9.374475,5.517331],"to":[9.714286,10.231617,5.517331],"rotation":{"angle":45.0,"axis":"x","origin":[8.0,9.803046,5.517331]},"faces":{"east":{"uv":[0.0,0.0,0.0,0.5],"rotation":0,"texture":"#1","tintindex":0},"south":{"uv":[3.0,6.0,5.0,6.5],"rotation":0,"texture":"#1","tintindex":0},"north":{"uv":[3.0,6.0,5.0,6.5],"rotation":0,"texture":"#1","tintindex":0},"west":{"uv":[0.0,0.0,0.0,0.5],"rotation":0,"texture":"#1","tintindex":0},"up":{"uv":[2.0,0.0,0.0,0.0],"rotation":0,"texture":"#1","tintindex":0},"down":{"uv":[2.0,0.0,0.0,0.0],"rotation":0,"texture":"#1","tintindex":0}}},{"from":[9.865505,9.43754,5.214286],"to":[9.865505,9.866112,8.214286],"rotation":{"angle":-45.0,"axis":"z","origin":[9.865505,9.651826,6.714286]},"faces":{"east":{"uv":[3.0,6.5,4.75,6.75],"rotation":0,"texture":"#1","tintindex":0},"south":{"uv":[0.0,0.0,0.0,0.25],"rotation":0,"texture":"#1","tintindex":0},"north":{"uv":[0.0,0.0,0.0,0.25],"rotation":0,"texture":"#1","tintindex":0},"west":{"uv":[3.0,6.5,4.75,6.75],"rotation":0,"texture":"#1","tintindex":0},"up":{"uv":[0.0,1.75,0.0,0.0],"rotation":0,"texture":"#1","tintindex":0},"down":{"uv":[0.0,0.0,0.0,1.75],"rotation":0,"texture":"#1","tintindex":0}}},{"from":[6.1344943,9.43754,5.214286],"to":[6.1344943,9.866112,8.214286],"rotation":{"angle":45.0,"axis":"z","origin":[6.1344943,9.651826,6.714286]},"faces":{"east":{"uv":[4.75,6.5,3.0,6.75],"rotation":0,"texture":"#1","tintindex":0},"south":{"uv":[0.0,0.0,0.0,0.25],"rotation":0,"texture":"#1","tintindex":0},"north":{"uv":[0.0,0.0,0.0,0.25],"rotation":0,"texture":"#1","tintindex":0},"west":{"uv":[4.75,6.5,3.0,6.75],"rotation":0,"texture":"#1","tintindex":0},"up":{"uv":[0.0,1.75,0.0,0.0],"rotation":0,"texture":"#1","tintindex":0},"down":{"uv":[0.0,0.0,0.0,1.75],"rotation":0,"texture":"#1","tintindex":0}}}],"textures":{"1":"modelengine:entity/bv_cavespider"},"display":{"head":{"translation":[0.0,-6.4,0.0],"scale":[4.0,4.0,4.0]}}}