{"elements":[{"from":[7.2714286,6.5030456,7.1826687],"to":[8.728572,8.38876,8.6398115],"rotation":{"angle":0.0,"axis":"y","origin":[8.642858,6.8030457,8.982669]},"faces":{"east":{"uv":[1.5,11.0,0.75,12.0],"rotation":0,"texture":"#1","tintindex":0},"south":{"uv":[0.75,11.0,0.0,12.0],"rotation":0,"texture":"#1","tintindex":0},"north":{"uv":[6.75,10.75,6.0,11.75],"rotation":0,"texture":"#1","tintindex":0},"west":{"uv":[11.5,10.5,10.75,11.5],"rotation":0,"texture":"#1","tintindex":0},"up":{"uv":[2.25,9.0,3.0,8.25],"rotation":0,"texture":"#1","tintindex":0},"down":{"uv":[6.75,11.0,7.5,11.75],"rotation":0,"texture":"#1","tintindex":0}}},{"from":[7.357143,5.8571424,8.0],"to":[8.642858,6.714286,8.0],"rotation":{"angle":-45.0,"axis":"x","origin":[8.0,6.285714,8.0]},"faces":{"east":{"uv":[0.0,0.0,0.0,0.5],"rotation":0,"texture":"#1","tintindex":0},"south":{"uv":[9.75,11.0,10.5,11.5],"rotation":0,"texture":"#1","tintindex":0},"north":{"uv":[10.5,11.0,9.75,11.5],"rotation":0,"texture":"#1","tintindex":0},"west":{"uv":[0.0,0.0,0.0,0.5],"rotation":0,"texture":"#1","tintindex":0},"up":{"uv":[0.0,0.0,0.75,0.0],"rotation":0,"texture":"#1","tintindex":0},"down":{"uv":[0.0,0.0,0.75,0.0],"rotation":0,"texture":"#1","tintindex":0}}}],"textures":{"1":"modelengine:entity/bv_cavespider"},"display":{"head":{"translation":[0.0,-6.4,0.0],"scale":[4.0,4.0,4.0]}}}