{"elements":[{"from":[5.342857,7.4857144,7.7],"to":[8.085714,8.085714,8.3],"rotation":{"angle":0.0,"axis":"y","origin":[6.285714,6.928571,8.214286]},"faces":{"east":{"uv":[4.75,6.5,5.0,6.75],"rotation":0,"texture":"#1","tintindex":0},"south":{"uv":[11.5,11.25,13.0,11.5],"rotation":0,"texture":"#1","tintindex":0},"north":{"uv":[11.5,11.0,13.0,11.25],"rotation":0,"texture":"#1","tintindex":0},"west":{"uv":[2.0,10.5,2.25,10.75],"rotation":0,"texture":"#1","tintindex":0},"up":{"uv":[3.0,12.0,1.5,11.75],"rotation":0,"texture":"#1","tintindex":0},"down":{"uv":[4.5,11.75,3.0,12.0],"rotation":0,"texture":"#1","tintindex":0}}}],"textures":{"1":"modelengine:entity/bv_cavespider"},"display":{"head":{"translation":[0.0,-6.4,0.0],"scale":[4.0,4.0,4.0]}}}