{"elements":[{"from":[7.9142857,7.0571427,7.0571427],"to":[11.942858,8.085714,8.085714],"rotation":{"angle":0.0,"axis":"y","origin":[9.714286,6.928571,8.0]},"faces":{"east":{"uv":[3.5,12.25,3.0,12.75],"rotation":0,"texture":"#1","tintindex":0},"south":{"uv":[12.25,7.0,10.0,7.5],"rotation":0,"texture":"#1","tintindex":0},"north":{"uv":[12.25,6.5,10.0,7.0],"rotation":0,"texture":"#1","tintindex":0},"west":{"uv":[3.0,12.25,2.5,12.75],"rotation":0,"texture":"#1","tintindex":0},"up":{"uv":[10.0,8.0,12.25,7.5],"rotation":0,"texture":"#1","tintindex":0},"down":{"uv":[10.0,8.0,12.25,8.5],"rotation":0,"texture":"#1","tintindex":0}}},{"from":[8.0,7.9372373,8.151523],"to":[11.857143,8.3658085,8.151523],"rotation":{"angle":45.0,"axis":"x","origin":[9.928572,8.151523,8.151523]},"faces":{"east":{"uv":[0.0,0.0,0.0,0.25],"rotation":0,"texture":"#1","tintindex":0},"south":{"uv":[6.0,11.5,3.75,11.75],"rotation":0,"texture":"#1","tintindex":0},"north":{"uv":[6.0,11.5,3.75,11.75],"rotation":0,"texture":"#1","tintindex":0},"west":{"uv":[0.0,0.0,0.0,0.25],"rotation":0,"texture":"#1","tintindex":0},"up":{"uv":[0.0,0.0,2.25,0.0],"rotation":0,"texture":"#1","tintindex":0},"down":{"uv":[0.0,0.0,2.25,0.0],"rotation":0,"texture":"#1","tintindex":0}}}],"textures":{"1":"modelengine:entity/bv_cavespider"},"display":{"head":{"translation":[0.0,-6.4,0.0],"scale":[4.0,4.0,4.0]}}}