{"elements":[{"from":[7.9142857,7.9142857,7.4857144],"to":[11.514286,8.942857,8.514286],"rotation":{"angle":0.0,"axis":"y","origin":[9.714286,7.785714,8.428572]},"faces":{"east":{"uv":[0.5,12.25,0.0,12.75],"rotation":0,"texture":"#1","tintindex":0},"south":{"uv":[12.5,2.5,10.5,3.0],"rotation":0,"texture":"#1","tintindex":0},"north":{"uv":[12.5,2.0,10.5,2.5],"rotation":0,"texture":"#1","tintindex":0},"west":{"uv":[12.5,12.0,12.0,12.5],"rotation":0,"texture":"#1","tintindex":0},"up":{"uv":[10.5,3.5,12.5,3.0],"rotation":0,"texture":"#1","tintindex":0},"down":{"uv":[10.5,3.5,12.5,4.0],"rotation":0,"texture":"#1","tintindex":0}}}],"textures":{"1":"modelengine:entity/bv_cavespider"},"display":{"head":{"translation":[0.0,-6.4,0.0],"scale":[4.0,4.0,4.0]}}}