{"elements":[{"from":[7.9142857,7.0571427,7.0571427],"to":[11.942858,8.085714,8.085714],"rotation":{"angle":0.0,"axis":"y","origin":[9.714286,6.928571,8.0]},"faces":{"east":{"uv":[12.5,11.5,12.0,12.0],"rotation":0,"texture":"#1","tintindex":0},"south":{"uv":[2.25,9.5,0.0,10.0],"rotation":0,"texture":"#1","tintindex":0},"north":{"uv":[10.75,9.0,8.5,9.5],"rotation":0,"texture":"#1","tintindex":0},"west":{"uv":[12.0,12.0,11.5,12.5],"rotation":0,"texture":"#1","tintindex":0},"up":{"uv":[8.5,10.0,10.75,9.5],"rotation":0,"texture":"#1","tintindex":0},"down":{"uv":[0.0,10.0,2.25,10.5],"rotation":0,"texture":"#1","tintindex":0}}},{"from":[7.9142857,7.851523,8.065808],"to":[11.942858,8.451523,8.237237],"rotation":{"angle":45.0,"axis":"x","origin":[9.928572,8.151523,8.151523]},"faces":{"east":{"uv":[0.0,0.0,0.0,0.25],"rotation":0,"texture":"#1","tintindex":0},"south":{"uv":[3.75,11.25,1.5,11.5],"rotation":0,"texture":"#1","tintindex":0},"north":{"uv":[3.75,11.25,1.5,11.5],"rotation":0,"texture":"#1","tintindex":0},"west":{"uv":[0.0,0.0,0.0,0.25],"rotation":0,"texture":"#1","tintindex":0},"up":{"uv":[0.0,0.0,2.25,0.0],"rotation":0,"texture":"#1","tintindex":0},"down":{"uv":[0.0,0.0,2.25,0.0],"rotation":0,"texture":"#1","tintindex":0}}}],"textures":{"1":"modelengine:entity/bv_cavespider"},"display":{"head":{"translation":[0.0,-6.4,0.0],"scale":[4.0,4.0,4.0]}}}