{"elements":[{"from":[7.9142857,7.9142857,7.4857144],"to":[11.514286,8.942857,8.514286],"rotation":{"angle":0.0,"axis":"y","origin":[9.714286,7.785714,8.428572]},"faces":{"east":{"uv":[2.5,12.25,2.0,12.75],"rotation":0,"texture":"#1","tintindex":0},"south":{"uv":[8.75,10.5,6.75,11.0],"rotation":0,"texture":"#1","tintindex":0},"north":{"uv":[12.5,4.0,10.5,4.5],"rotation":0,"texture":"#1","tintindex":0},"west":{"uv":[2.0,12.25,1.5,12.75],"rotation":0,"texture":"#1","tintindex":0},"up":{"uv":[8.75,11.0,10.75,10.5],"rotation":0,"texture":"#1","tintindex":0},"down":{"uv":[2.0,10.75,4.0,11.25],"rotation":0,"texture":"#1","tintindex":0}}}],"textures":{"1":"modelengine:entity/bv_cavespider"},"display":{"head":{"translation":[0.0,-6.4,0.0],"scale":[4.0,4.0,4.0]}}}