{"elements":[{"from":[7.9142857,7.4857144,7.7],"to":[10.657143,8.085714,8.3],"rotation":{"angle":0.0,"axis":"y","origin":[9.714286,6.928571,8.214286]},"faces":{"east":{"uv":[12.5,6.25,12.25,6.5],"rotation":0,"texture":"#1","tintindex":0},"south":{"uv":[7.5,12.0,6.0,12.25],"rotation":0,"texture":"#1","tintindex":0},"north":{"uv":[6.0,12.0,4.5,12.25],"rotation":0,"texture":"#1","tintindex":0},"west":{"uv":[6.5,12.25,6.25,12.5],"rotation":0,"texture":"#1","tintindex":0},"up":{"uv":[7.5,12.25,9.0,12.0],"rotation":0,"texture":"#1","tintindex":0},"down":{"uv":[9.0,12.0,10.5,12.25],"rotation":0,"texture":"#1","tintindex":0}}}],"textures":{"1":"modelengine:entity/bv_cavespider"},"display":{"head":{"translation":[0.0,-6.4,0.0],"scale":[4.0,4.0,4.0]}}}