{"elements":[{"from":[4.0571427,7.0571427,7.0571427],"to":[8.085714,8.085714,8.085714],"rotation":{"angle":0.0,"axis":"y","origin":[6.285714,6.928571,8.0]},"faces":{"east":{"uv":[11.5,12.0,12.0,12.5],"rotation":0,"texture":"#1","tintindex":0},"south":{"uv":[0.0,9.5,2.25,10.0],"rotation":0,"texture":"#1","tintindex":0},"north":{"uv":[8.5,9.0,10.75,9.5],"rotation":0,"texture":"#1","tintindex":0},"west":{"uv":[12.0,11.5,12.5,12.0],"rotation":0,"texture":"#1","tintindex":0},"up":{"uv":[10.75,10.0,8.5,9.5],"rotation":0,"texture":"#1","tintindex":0},"down":{"uv":[2.25,10.0,0.0,10.5],"rotation":0,"texture":"#1","tintindex":0}}},{"from":[4.142857,7.9372373,8.151523],"to":[8.0,8.3658085,8.151523],"rotation":{"angle":45.0,"axis":"x","origin":[6.0714283,8.151523,8.151523]},"faces":{"east":{"uv":[0.0,0.0,0.0,0.25],"rotation":0,"texture":"#1","tintindex":0},"south":{"uv":[1.5,11.25,3.75,11.5],"rotation":0,"texture":"#1","tintindex":0},"north":{"uv":[1.5,11.25,3.75,11.5],"rotation":0,"texture":"#1","tintindex":0},"west":{"uv":[0.0,0.0,0.0,0.25],"rotation":0,"texture":"#1","tintindex":0},"up":{"uv":[2.25,0.0,0.0,0.0],"rotation":0,"texture":"#1","tintindex":0},"down":{"uv":[2.25,0.0,0.0,0.0],"rotation":0,"texture":"#1","tintindex":0}}}],"textures":{"1":"modelengine:entity/bv_cavespider"},"display":{"head":{"translation":[0.0,-6.4,0.0],"scale":[4.0,4.0,4.0]}}}