{"elements":[{"from":[6.6857142,5.785714,6.857143],"to":[7.8285713,6.7,9.142858],"rotation":{"angle":0.0,"axis":"y","origin":[6.785714,-1.0214291,8.0]},"faces":{"east":{"uv":[6.3125,1.375,6.5625,1.5],"rotation":0,"texture":"#1","tintindex":0},"south":{"uv":[4.375,7.875,4.5,8.0],"rotation":0,"texture":"#1","tintindex":0},"north":{"uv":[7.875,4.25,8.0,4.375],"rotation":0,"texture":"#1","tintindex":0},"west":{"uv":[6.3125,2.8125,6.5625,2.9375],"rotation":0,"texture":"#1","tintindex":0},"up":{"uv":[2.3125,6.5625,2.1875,6.3125],"rotation":0,"texture":"#1","tintindex":0},"down":{"uv":[6.4375,3.0,6.3125,3.25],"rotation":0,"texture":"#1","tintindex":0}}},{"from":[6.6857142,4.785714,6.857143],"to":[7.8285713,5.7,9.142858],"rotation":{"angle":0.0,"axis":"y","origin":[6.785714,-1.0214291,8.0]},"faces":{"east":{"uv":[6.3125,3.3125,6.5625,3.4375],"rotation":0,"texture":"#1","tintindex":0},"south":{"uv":[7.875,4.625,8.0,4.75],"rotation":0,"texture":"#1","tintindex":0},"north":{"uv":[7.875,4.4375,8.0,4.5625],"rotation":0,"texture":"#1","tintindex":0},"west":{"uv":[6.3125,4.8125,6.5625,4.9375],"rotation":0,"texture":"#1","tintindex":0},"up":{"uv":[5.375,6.5625,5.25,6.3125],"rotation":0,"texture":"#1","tintindex":0},"down":{"uv":[5.75,6.3125,5.625,6.5625],"rotation":0,"texture":"#1","tintindex":0}}},{"from":[6.6857142,6.785714,6.857143],"to":[7.8285713,7.7,9.142858],"rotation":{"angle":0.0,"axis":"y","origin":[6.785714,-1.0214291,8.0]},"faces":{"east":{"uv":[6.3125,5.5,6.5625,5.625],"rotation":0,"texture":"#1","tintindex":0},"south":{"uv":[5.0,7.875,5.125,8.0],"rotation":0,"texture":"#1","tintindex":0},"north":{"uv":[7.875,4.8125,8.0,4.9375],"rotation":0,"texture":"#1","tintindex":0},"west":{"uv":[6.3125,5.875,6.5625,6.0],"rotation":0,"texture":"#1","tintindex":0},"up":{"uv":[5.9375,6.5625,5.8125,6.3125],"rotation":0,"texture":"#1","tintindex":0},"down":{"uv":[0.625,6.375,0.5,6.625],"rotation":0,"texture":"#1","tintindex":0}}},{"from":[5.428571,6.785714,6.857143],"to":[6.5714283,7.7,9.142858],"rotation":{"angle":0.0,"axis":"y","origin":[5.528571,-1.0214291,8.0]},"faces":{"east":{"uv":[6.375,0.1875,6.625,0.3125],"rotation":0,"texture":"#1","tintindex":0},"south":{"uv":[5.5,7.875,5.625,8.0],"rotation":0,"texture":"#1","tintindex":0},"north":{"uv":[5.1875,7.875,5.3125,8.0],"rotation":0,"texture":"#1","tintindex":0},"west":{"uv":[1.5625,6.375,1.8125,6.5],"rotation":0,"texture":"#1","tintindex":0},"up":{"uv":[2.875,6.625,2.75,6.375],"rotation":0,"texture":"#1","tintindex":0},"down":{"uv":[4.0,6.375,3.875,6.625],"rotation":0,"texture":"#1","tintindex":0}}},{"from":[5.428571,5.785714,6.857143],"to":[6.5714283,6.7,9.142858],"rotation":{"angle":0.0,"axis":"y","origin":[5.528571,-1.0214291,8.0]},"faces":{"east":{"uv":[6.375,2.25,6.625,2.375],"rotation":0,"texture":"#1","tintindex":0},"south":{"uv":[5.6875,7.875,5.8125,8.0],"rotation":0,"texture":"#1","tintindex":0},"north":{"uv":[7.875,5.5,8.0,5.625],"rotation":0,"texture":"#1","tintindex":0},"west":{"uv":[6.375,4.125,6.625,4.25],"rotation":0,"texture":"#1","tintindex":0},"up":{"uv":[6.5,4.5625,6.375,4.3125],"rotation":0,"texture":"#1","tintindex":0},"down":{"uv":[4.9375,6.375,4.8125,6.625],"rotation":0,"texture":"#1","tintindex":0}}},{"from":[5.428571,4.785714,6.857143],"to":[6.5714283,5.7,9.142858],"rotation":{"angle":0.0,"axis":"y","origin":[5.528571,-1.0214291,8.0]},"faces":{"east":{"uv":[6.375,5.6875,6.625,5.8125],"rotation":0,"texture":"#1","tintindex":0},"south":{"uv":[7.875,5.9375,8.0,6.0625],"rotation":0,"texture":"#1","tintindex":0},"north":{"uv":[5.875,7.875,6.0,8.0],"rotation":0,"texture":"#1","tintindex":0},"west":{"uv":[6.375,6.0625,6.625,6.1875],"rotation":0,"texture":"#1","tintindex":0},"up":{"uv":[5.125,6.625,5.0,6.375],"rotation":0,"texture":"#1","tintindex":0},"down":{"uv":[6.5,6.25,6.375,6.5],"rotation":0,"texture":"#1","tintindex":0}}},{"from":[5.5714283,7.964286,6.942857],"to":[7.6857142,8.364285,9.057143],"rotation":{"angle":0.0,"axis":"y","origin":[7.714286,2.7357144,8.0]},"faces":{"east":{"uv":[7.875,6.125,8.125,6.1875],"rotation":0,"texture":"#1","tintindex":0},"south":{"uv":[6.25,7.875,6.5,7.9375],"rotation":0,"texture":"#1","tintindex":0},"north":{"uv":[7.875,5.6875,8.125,5.75],"rotation":0,"texture":"#1","tintindex":0},"west":{"uv":[7.875,6.25,8.125,6.3125],"rotation":0,"texture":"#1","tintindex":0},"up":{"uv":[2.125,4.25,1.875,4.0],"rotation":0,"texture":"#1","tintindex":0},"down":{"uv":[2.4375,4.0,2.1875,4.25],"rotation":0,"texture":"#1","tintindex":0}}},{"from":[5.742857,4.457143,7.028571],"to":[7.6857142,8.114285,8.971429],"rotation":{"angle":0.0,"axis":"y","origin":[7.6571426,0.0,8.0]},"faces":{"east":{"uv":[8.5625,7.0,15.5,7.875],"rotation":0,"texture":"#2","tintindex":0},"south":{"uv":[8.5625,7.0,15.5,7.875],"rotation":0,"texture":"#2","tintindex":0},"north":{"uv":[8.5625,7.0,15.5,7.875],"rotation":0,"texture":"#2","tintindex":0},"west":{"uv":[8.5625,7.0,15.5,7.875],"rotation":0,"texture":"#2","tintindex":0},"up":{"uv":[8.5625,7.0,15.5,7.875],"rotation":0,"texture":"#2","tintindex":0},"down":{"uv":[8.5625,7.0,15.5,7.875],"rotation":0,"texture":"#2","tintindex":0}}},{"from":[6.0571427,-0.57142925,4.5714283],"to":[7.2,0.5714283,5.142857],"rotation":{"angle":0.0,"axis":"y","origin":[6.6285715,6.0,8.0]},"faces":{"east":{"uv":[8.3125,5.375,8.375,5.5],"rotation":0,"texture":"#1","tintindex":0},"south":{"uv":[1.8125,6.875,1.9375,7.0],"rotation":0,"texture":"#1","tintindex":0},"north":{"uv":[6.875,1.0625,7.0,1.1875],"rotation":0,"texture":"#1","tintindex":0},"west":{"uv":[5.75,8.3125,5.8125,8.4375],"rotation":0,"texture":"#1","tintindex":0},"up":{"uv":[2.9375,2.3125,2.8125,2.25],"rotation":0,"texture":"#1","tintindex":0},"down":{"uv":[3.8125,1.375,3.6875,1.4375],"rotation":0,"texture":"#1","tintindex":0}}},{"from":[5.542857,0.0,7.428571],"to":[7.714286,1.1428566,9.085714],"rotation":{"angle":0.0,"axis":"y","origin":[6.6285715,6.5714283,8.0]},"faces":{"east":{"uv":[3.0,2.75,3.1875,2.875],"rotation":0,"texture":"#1","tintindex":0},"south":{"uv":[5.25,0.0,5.5,0.125],"rotation":0,"texture":"#1","tintindex":0},"north":{"uv":[1.9375,5.1875,2.1875,5.3125],"rotation":0,"texture":"#1","tintindex":0},"west":{"uv":[1.3125,3.0625,1.5,3.1875],"rotation":0,"texture":"#1","tintindex":0},"up":{"uv":[0.25,4.5625,0.0,4.375],"rotation":0,"texture":"#1","tintindex":0},"down":{"uv":[3.5,4.375,3.25,4.5625],"rotation":0,"texture":"#1","tintindex":0}}},{"from":[5.4828568,-0.57428646,5.14],"to":[7.774286,0.5742855,9.145715],"rotation":{"angle":0.0,"axis":"y","origin":[6.6285715,6.0,8.0]},"faces":{"east":{"uv":[4.3125,0.875,4.75,1.0],"rotation":0,"texture":"#1","tintindex":0},"south":{"uv":[5.3125,2.0625,5.5625,2.1875],"rotation":0,"texture":"#1","tintindex":0},"north":{"uv":[5.25,5.125,5.5,5.25],"rotation":0,"texture":"#1","tintindex":0},"west":{"uv":[4.3125,1.0625,4.75,1.1875],"rotation":0,"texture":"#1","tintindex":0},"up":{"uv":[3.1875,3.375,2.9375,2.9375],"rotation":0,"texture":"#1","tintindex":0},"down":{"uv":[3.25,2.25,3.0,2.6875],"rotation":0,"texture":"#1","tintindex":0}}},{"from":[6.049714,0.3711424,4.3997145],"to":[7.201714,0.9517145,5.551714],"rotation":{"angle":45.0,"axis":"x","origin":[6.0542855,0.66142845,4.74]},"faces":{"east":{"uv":[8.4375,4.3125,8.5625,4.375],"rotation":0,"texture":"#1","tintindex":0},"south":{"uv":[4.375,8.4375,4.5,8.5],"rotation":0,"texture":"#1","tintindex":0},"north":{"uv":[8.4375,4.1875,8.5625,4.25],"rotation":0,"texture":"#1","tintindex":0},"west":{"uv":[8.4375,4.4375,8.5625,4.5],"rotation":0,"texture":"#1","tintindex":0},"up":{"uv":[7.3125,0.8125,7.1875,0.6875],"rotation":0,"texture":"#1","tintindex":0},"down":{"uv":[7.3125,0.875,7.1875,1.0],"rotation":0,"texture":"#1","tintindex":0}}},{"from":[5.4714284,-0.57142925,6.857143],"to":[7.8142858,0.0,9.157143],"rotation":{"angle":0.0,"axis":"y","origin":[6.6285715,4.285714,8.0]},"faces":{"east":{"uv":[7.9375,2.25,8.1875,2.3125],"rotation":0,"texture":"#1","tintindex":0},"south":{"uv":[7.9375,2.375,8.1875,2.4375],"rotation":0,"texture":"#1","tintindex":0},"north":{"uv":[7.9375,1.4375,8.1875,1.5],"rotation":0,"texture":"#1","tintindex":0},"west":{"uv":[7.9375,2.5,8.1875,2.5625],"rotation":0,"texture":"#1","tintindex":0},"up":{"uv":[4.25,2.625,4.0,2.375],"rotation":0,"texture":"#1","tintindex":0},"down":{"uv":[2.75,4.0,2.5,4.25],"rotation":0,"texture":"#1","tintindex":0}}},{"from":[5.405714,0.5271425,6.8342857],"to":[6.5942855,1.1442852,9.165714],"rotation":{"angle":0.0,"axis":"y","origin":[5.528571,-6.257144,8.0]},"faces":{"east":{"uv":[7.9375,1.1875,8.1875,1.25],"rotation":0,"texture":"#1","tintindex":0},"south":{"uv":[8.9375,8.625,9.0625,8.6875],"rotation":0,"texture":"#1","tintindex":0},"north":{"uv":[8.625,8.9375,8.75,9.0],"rotation":0,"texture":"#1","tintindex":0},"west":{"uv":[7.9375,1.3125,8.1875,1.375],"rotation":0,"texture":"#1","tintindex":0},"up":{"uv":[0.125,6.75,0.0,6.5],"rotation":0,"texture":"#1","tintindex":0},"down":{"uv":[0.3125,6.5,0.1875,6.75],"rotation":0,"texture":"#1","tintindex":0}}},{"from":[5.405714,1.6699996,6.8342857],"to":[6.5942855,2.2871423,9.165714],"rotation":{"angle":0.0,"axis":"y","origin":[5.528571,-5.1142864,8.0]},"faces":{"east":{"uv":[0.0,7.9375,0.25,8.0],"rotation":0,"texture":"#1","tintindex":0},"south":{"uv":[8.4375,8.9375,8.5625,9.0],"rotation":0,"texture":"#1","tintindex":0},"north":{"uv":[8.9375,8.375,9.0625,8.4375],"rotation":0,"texture":"#1","tintindex":0},"west":{"uv":[0.3125,7.9375,0.5625,8.0],"rotation":0,"texture":"#1","tintindex":0},"up":{"uv":[2.6875,6.6875,2.5625,6.4375],"rotation":0,"texture":"#1","tintindex":0},"down":{"uv":[5.5625,6.4375,5.4375,6.6875],"rotation":0,"texture":"#1","tintindex":0}}},{"from":[6.485714,2.8571424,6.5714283],"to":[7.0571427,5.142857,7.142857],"rotation":{"angle":0.0,"axis":"y","origin":[6.7714286,4.0,6.857143]},"faces":{"east":{"uv":[0.625,7.9375,0.6875,8.1875],"rotation":0,"texture":"#1","tintindex":0},"south":{"uv":[1.25,7.9375,1.3125,8.1875],"rotation":0,"texture":"#1","tintindex":0},"north":{"uv":[7.3125,7.875,7.375,8.125],"rotation":0,"texture":"#1","tintindex":0},"west":{"uv":[1.75,7.9375,1.8125,8.1875],"rotation":0,"texture":"#1","tintindex":0},"up":{"uv":[0.9375,9.5,0.875,9.4375],"rotation":0,"texture":"#1","tintindex":0},"down":{"uv":[1.0625,9.4375,1.0,9.5],"rotation":0,"texture":"#1","tintindex":0}}},{"from":[6.2,3.4285712,6.7285714],"to":[7.3428574,4.5714283,7.3],"rotation":{"angle":45.0,"axis":"z","origin":[6.7714286,4.0,7.0142856]},"faces":{"east":{"uv":[7.3125,8.9375,7.375,9.0625],"rotation":0,"texture":"#1","tintindex":0},"south":{"uv":[7.9375,2.8125,8.0625,2.9375],"rotation":0,"texture":"#1","tintindex":0},"north":{"uv":[7.9375,2.625,8.0625,2.75],"rotation":0,"texture":"#1","tintindex":0},"west":{"uv":[8.9375,8.75,9.0,8.875],"rotation":0,"texture":"#1","tintindex":0},"up":{"uv":[9.0625,9.0,8.9375,8.9375],"rotation":0,"texture":"#1","tintindex":0},"down":{"uv":[0.125,9.0,0.0,9.0625],"rotation":0,"texture":"#1","tintindex":0}}},{"from":[6.047658,4.486125,6.5737143],"to":[6.6145153,5.0529814,7.1405716],"rotation":{"angle":22.5,"axis":"z","origin":[6.3310866,4.769553,6.857143]},"faces":{"east":{"uv":[1.25,9.4375,1.3125,9.5],"rotation":0,"texture":"#1","tintindex":0},"south":{"uv":[1.375,9.4375,1.4375,9.5],"rotation":0,"texture":"#1","tintindex":0},"north":{"uv":[1.125,9.4375,1.1875,9.5],"rotation":0,"texture":"#1","tintindex":0},"west":{"uv":[9.4375,1.375,9.5,1.4375],"rotation":0,"texture":"#1","tintindex":0},"up":{"uv":[1.5625,9.5,1.5,9.4375],"rotation":0,"texture":"#1","tintindex":0},"down":{"uv":[9.5,1.5,9.4375,1.5625],"rotation":0,"texture":"#1","tintindex":0}}},{"from":[6.928342,4.486125,6.5737143],"to":[7.4951987,5.0529814,7.1405716],"rotation":{"angle":-22.5,"axis":"z","origin":[7.21177,4.769553,6.857143]},"faces":{"east":{"uv":[1.75,9.4375,1.8125,9.5],"rotation":0,"texture":"#1","tintindex":0},"south":{"uv":[1.875,9.4375,1.9375,9.5],"rotation":0,"texture":"#1","tintindex":0},"north":{"uv":[1.625,9.4375,1.6875,9.5],"rotation":0,"texture":"#1","tintindex":0},"west":{"uv":[2.0,9.4375,2.0625,9.5],"rotation":0,"texture":"#1","tintindex":0},"up":{"uv":[9.5,2.0625,9.4375,2.0],"rotation":0,"texture":"#1","tintindex":0},"down":{"uv":[2.1875,9.4375,2.125,9.5],"rotation":0,"texture":"#1","tintindex":0}}},{"from":[6.047658,2.9470177,6.5737143],"to":[6.6145153,3.513875,7.1405716],"rotation":{"angle":-22.5,"axis":"z","origin":[6.3310866,3.2304463,6.857143]},"faces":{"east":{"uv":[2.25,9.4375,2.3125,9.5],"rotation":0,"texture":"#1","tintindex":0},"south":{"uv":[2.375,9.4375,2.4375,9.5],"rotation":0,"texture":"#1","tintindex":0},"north":{"uv":[9.4375,2.125,9.5,2.1875],"rotation":0,"texture":"#1","tintindex":0},"west":{"uv":[9.4375,2.375,9.5,2.4375],"rotation":0,"texture":"#1","tintindex":0},"up":{"uv":[2.5625,9.5,2.5,9.4375],"rotation":0,"texture":"#1","tintindex":0},"down":{"uv":[9.5,2.5,9.4375,2.5625],"rotation":0,"texture":"#1","tintindex":0}}},{"from":[6.928342,2.9470177,6.5737143],"to":[7.4951987,3.513875,7.1405716],"rotation":{"angle":22.5,"axis":"z","origin":[7.21177,3.2304463,6.857143]},"faces":{"east":{"uv":[9.4375,2.625,9.5,2.6875],"rotation":0,"texture":"#1","tintindex":0},"south":{"uv":[2.75,9.4375,2.8125,9.5],"rotation":0,"texture":"#1","tintindex":0},"north":{"uv":[2.625,9.4375,2.6875,9.5],"rotation":0,"texture":"#1","tintindex":0},"west":{"uv":[2.875,9.4375,2.9375,9.5],"rotation":0,"texture":"#1","tintindex":0},"up":{"uv":[3.0625,9.5,3.0,9.4375],"rotation":0,"texture":"#1","tintindex":0},"down":{"uv":[3.3125,9.4375,3.25,9.5],"rotation":0,"texture":"#1","tintindex":0}}},{"from":[6.342857,3.5785713,6.4071426],"to":[7.2,4.435714,6.6928573],"rotation":{"angle":45.0,"axis":"z","origin":[6.7714286,4.0071425,6.55]},"faces":{"east":{"uv":[0.4375,9.0,0.5,9.125],"rotation":0,"texture":"#1","tintindex":0},"south":{"uv":[3.375,7.9375,3.5,8.0625],"rotation":0,"texture":"#1","tintindex":0},"north":{"uv":[7.9375,3.0,8.0625,3.125],"rotation":0,"texture":"#1","tintindex":0},"west":{"uv":[9.0,0.625,9.0625,0.75],"rotation":0,"texture":"#1","tintindex":0},"up":{"uv":[9.125,0.3125,9.0,0.25],"rotation":0,"texture":"#1","tintindex":0},"down":{"uv":[0.875,9.0,0.75,9.0625],"rotation":0,"texture":"#1","tintindex":0}}},{"from":[5.691428,3.4199996,7.02],"to":[7.8514285,4.58,9.037143],"rotation":{"angle":0.0,"axis":"y","origin":[7.714286,0.0,7.957143]},"faces":{"east":{"uv":[4.8125,6.6875,5.0,6.8125],"rotation":0,"texture":"#1","tintindex":0},"south":{"uv":[6.5,0.0,6.75,0.125],"rotation":0,"texture":"#1","tintindex":0},"north":{"uv":[6.4375,1.875,6.6875,2.0],"rotation":0,"texture":"#1","tintindex":0},"west":{"uv":[6.6875,5.125,6.875,5.25],"rotation":0,"texture":"#1","tintindex":0},"up":{"uv":[1.9375,4.9375,1.6875,4.75],"rotation":0,"texture":"#1","tintindex":0},"down":{"uv":[2.625,4.75,2.375,4.9375],"rotation":0,"texture":"#1","tintindex":0}}},{"from":[5.485714,0.0,6.857143],"to":[7.6285715,2.2857141,9.142858],"rotation":{"angle":0.0,"axis":"y","origin":[6.6285715,6.5714283,8.0]},"faces":{"east":{"uv":[2.8125,4.0625,3.0625,4.3125],"rotation":0,"texture":"#1","tintindex":0},"south":{"uv":[3.5625,4.0625,3.8125,4.3125],"rotation":0,"texture":"#1","tintindex":0},"north":{"uv":[0.0,4.0625,0.25,4.3125],"rotation":0,"texture":"#1","tintindex":0},"west":{"uv":[4.125,0.0,4.375,0.25],"rotation":0,"texture":"#1","tintindex":0},"up":{"uv":[4.375,0.5625,4.125,0.3125],"rotation":0,"texture":"#1","tintindex":0},"down":{"uv":[1.25,4.125,1.0,4.375],"rotation":0,"texture":"#1","tintindex":0}}},{"from":[5.3571424,2.1999998,6.7571425],"to":[7.8142858,2.9428568,9.214286],"rotation":{"angle":0.0,"axis":"y","origin":[6.6285715,2.0285711,8.0]},"faces":{"east":{"uv":[7.9375,5.0,8.1875,5.0625],"rotation":0,"texture":"#1","tintindex":0},"south":{"uv":[7.9375,5.125,8.1875,5.1875],"rotation":0,"texture":"#1","tintindex":0},"north":{"uv":[7.9375,3.1875,8.1875,3.25],"rotation":0,"texture":"#1","tintindex":0},"west":{"uv":[7.9375,5.25,8.1875,5.3125],"rotation":0,"texture":"#1","tintindex":0},"up":{"uv":[1.5625,4.375,1.3125,4.125],"rotation":0,"texture":"#1","tintindex":0},"down":{"uv":[4.375,2.6875,4.125,2.9375],"rotation":0,"texture":"#1","tintindex":0}}},{"from":[5.7771425,2.2342854,7.0914288],"to":[7.5942855,4.1942854,8.908571],"rotation":{"angle":0.0,"axis":"y","origin":[7.6285715,0.0,8.0]},"faces":{"east":{"uv":[8.5625,7.0,15.5,7.875],"rotation":0,"texture":"#2","tintindex":0},"south":{"uv":[8.5625,7.0,15.5,7.875],"rotation":0,"texture":"#2","tintindex":0},"north":{"uv":[8.5625,7.0,15.5,7.875],"rotation":0,"texture":"#2","tintindex":0},"west":{"uv":[8.5625,7.0,15.5,7.875],"rotation":0,"texture":"#2","tintindex":0},"up":{"uv":[8.5625,7.0,15.5,7.875],"rotation":0,"texture":"#2","tintindex":0},"down":{"uv":[8.5625,7.0,15.5,7.875],"rotation":0,"texture":"#2","tintindex":0}}},{"from":[8.942857,-0.57142925,4.5714283],"to":[10.085714,0.5714283,5.142857],"rotation":{"angle":0.0,"axis":"y","origin":[9.514286,6.0,8.0]},"faces":{"east":{"uv":[7.0625,8.375,7.125,8.5],"rotation":0,"texture":"#1","tintindex":0},"south":{"uv":[7.1875,1.4375,7.3125,1.5625],"rotation":0,"texture":"#1","tintindex":0},"north":{"uv":[7.1875,1.25,7.3125,1.375],"rotation":0,"texture":"#1","tintindex":0},"west":{"uv":[0.875,8.4375,0.9375,8.5625],"rotation":0,"texture":"#1","tintindex":0},"up":{"uv":[8.5625,4.625,8.4375,4.5625],"rotation":0,"texture":"#1","tintindex":0},"down":{"uv":[8.5625,4.6875,8.4375,4.75],"rotation":0,"texture":"#1","tintindex":0}}},{"from":[8.428572,0.0,7.428571],"to":[10.6,1.1428566,9.085714],"rotation":{"angle":0.0,"axis":"y","origin":[9.514286,6.5714283,8.0]},"faces":{"east":{"uv":[6.5625,2.0625,6.75,2.1875],"rotation":0,"texture":"#1","tintindex":0},"south":{"uv":[5.5625,1.125,5.8125,1.25],"rotation":0,"texture":"#1","tintindex":0},"north":{"uv":[5.5625,0.375,5.8125,0.5],"rotation":0,"texture":"#1","tintindex":0},"west":{"uv":[6.5625,2.4375,6.75,2.5625],"rotation":0,"texture":"#1","tintindex":0},"up":{"uv":[4.375,4.6875,4.125,4.5],"rotation":0,"texture":"#1","tintindex":0},"down":{"uv":[4.6875,4.5,4.4375,4.6875],"rotation":0,"texture":"#1","tintindex":0}}},{"from":[8.368571,-0.57428646,5.14],"to":[10.66,0.5742855,9.145715],"rotation":{"angle":0.0,"axis":"y","origin":[9.514286,6.0,8.0]},"faces":{"east":{"uv":[1.625,4.3125,2.0625,4.4375],"rotation":0,"texture":"#1","tintindex":0},"south":{"uv":[5.5625,2.6875,5.8125,2.8125],"rotation":0,"texture":"#1","tintindex":0},"north":{"uv":[2.625,5.5625,2.875,5.6875],"rotation":0,"texture":"#1","tintindex":0},"west":{"uv":[4.3125,1.75,4.75,1.875],"rotation":0,"texture":"#1","tintindex":0},"up":{"uv":[3.3125,0.75,3.0625,0.3125],"rotation":0,"texture":"#1","tintindex":0},"down":{"uv":[0.625,3.0625,0.375,3.5],"rotation":0,"texture":"#1","tintindex":0}}},{"from":[8.941143,0.3711424,4.3997145],"to":[10.093143,0.9517145,5.551714],"rotation":{"angle":45.0,"axis":"x","origin":[10.088572,0.66142845,4.74]},"faces":{"east":{"uv":[8.4375,4.8125,8.5625,4.875],"rotation":0,"texture":"#1","tintindex":0},"south":{"uv":[8.4375,5.375,8.5625,5.4375],"rotation":0,"texture":"#1","tintindex":0},"north":{"uv":[4.75,8.4375,4.875,8.5],"rotation":0,"texture":"#1","tintindex":0},"west":{"uv":[5.5,8.4375,5.625,8.5],"rotation":0,"texture":"#1","tintindex":0},"up":{"uv":[7.3125,2.125,7.1875,2.0],"rotation":0,"texture":"#1","tintindex":0},"down":{"uv":[7.3125,2.375,7.1875,2.5],"rotation":0,"texture":"#1","tintindex":0}}},{"from":[8.328571,2.1999998,6.7571425],"to":[10.785714,2.9428568,9.214286],"rotation":{"angle":0.0,"axis":"y","origin":[9.514286,2.0285711,8.0]},"faces":{"east":{"uv":[7.125,3.5,7.375,3.5625],"rotation":0,"texture":"#1","tintindex":0},"south":{"uv":[7.125,3.875,7.375,3.9375],"rotation":0,"texture":"#1","tintindex":0},"north":{"uv":[7.125,3.125,7.375,3.1875],"rotation":0,"texture":"#1","tintindex":0},"west":{"uv":[7.125,4.0,7.375,4.0625],"rotation":0,"texture":"#1","tintindex":0},"up":{"uv":[3.8125,3.6875,3.5625,3.4375],"rotation":0,"texture":"#1","tintindex":0},"down":{"uv":[0.9375,3.625,0.6875,3.875],"rotation":0,"texture":"#1","tintindex":0}}},{"from":[8.514286,0.0,6.857143],"to":[10.657143,2.2857141,9.142858],"rotation":{"angle":0.0,"axis":"y","origin":[9.514286,6.5714283,8.0]},"faces":{"east":{"uv":[3.625,2.0625,3.875,2.3125],"rotation":0,"texture":"#1","tintindex":0},"south":{"uv":[3.6875,1.0625,3.9375,1.3125],"rotation":0,"texture":"#1","tintindex":0},"north":{"uv":[3.625,0.75,3.875,1.0],"rotation":0,"texture":"#1","tintindex":0},"west":{"uv":[3.6875,1.75,3.9375,2.0],"rotation":0,"texture":"#1","tintindex":0},"up":{"uv":[3.9375,2.625,3.6875,2.375],"rotation":0,"texture":"#1","tintindex":0},"down":{"uv":[2.875,3.6875,2.625,3.9375],"rotation":0,"texture":"#1","tintindex":0}}},{"from":[8.291429,3.4199996,7.02],"to":[10.451428,4.58,9.037143],"rotation":{"angle":0.0,"axis":"y","origin":[8.428572,0.0,7.957143]},"faces":{"east":{"uv":[6.5625,0.875,6.75,1.0],"rotation":0,"texture":"#1","tintindex":0},"south":{"uv":[5.5625,0.1875,5.8125,0.3125],"rotation":0,"texture":"#1","tintindex":0},"north":{"uv":[5.5625,0.0,5.8125,0.125],"rotation":0,"texture":"#1","tintindex":0},"west":{"uv":[1.5625,6.5625,1.75,6.6875],"rotation":0,"texture":"#1","tintindex":0},"up":{"uv":[1.9375,4.6875,1.6875,4.5],"rotation":0,"texture":"#1","tintindex":0},"down":{"uv":[2.625,4.5,2.375,4.6875],"rotation":0,"texture":"#1","tintindex":0}}},{"from":[8.942857,3.5785713,6.4071426],"to":[9.8,4.435714,6.6928573],"rotation":{"angle":-45.0,"axis":"z","origin":[9.3714285,4.0071425,6.55]},"faces":{"east":{"uv":[8.3125,8.875,8.375,9.0],"rotation":0,"texture":"#1","tintindex":0},"south":{"uv":[0.375,7.75,0.5,7.875],"rotation":0,"texture":"#1","tintindex":0},"north":{"uv":[0.1875,7.75,0.3125,7.875],"rotation":0,"texture":"#1","tintindex":0},"west":{"uv":[8.9375,2.125,9.0,2.25],"rotation":0,"texture":"#1","tintindex":0},"up":{"uv":[9.0625,2.375,8.9375,2.3125],"rotation":0,"texture":"#1","tintindex":0},"down":{"uv":[2.5,8.9375,2.375,9.0],"rotation":0,"texture":"#1","tintindex":0}}},{"from":[8.647658,2.9470177,6.5737143],"to":[9.214516,3.513875,7.1405716],"rotation":{"angle":-22.5,"axis":"z","origin":[8.931087,3.2304463,6.857143]},"faces":{"east":{"uv":[9.4375,0.25,9.5,0.3125],"rotation":0,"texture":"#1","tintindex":0},"south":{"uv":[0.375,9.4375,0.4375,9.5],"rotation":0,"texture":"#1","tintindex":0},"north":{"uv":[0.25,9.4375,0.3125,9.5],"rotation":0,"texture":"#1","tintindex":0},"west":{"uv":[9.4375,0.375,9.5,0.4375],"rotation":0,"texture":"#1","tintindex":0},"up":{"uv":[0.5625,9.5,0.5,9.4375],"rotation":0,"texture":"#1","tintindex":0},"down":{"uv":[9.5,0.5,9.4375,0.5625],"rotation":0,"texture":"#1","tintindex":0}}},{"from":[9.528341,2.9470177,6.5737143],"to":[10.0952,3.513875,7.1405716],"rotation":{"angle":22.5,"axis":"z","origin":[9.81177,3.2304463,6.857143]},"faces":{"east":{"uv":[6.4375,9.375,6.5,9.4375],"rotation":0,"texture":"#1","tintindex":0},"south":{"uv":[9.375,6.4375,9.4375,6.5],"rotation":0,"texture":"#1","tintindex":0},"north":{"uv":[6.3125,9.375,6.375,9.4375],"rotation":0,"texture":"#1","tintindex":0},"west":{"uv":[6.5625,9.375,6.625,9.4375],"rotation":0,"texture":"#1","tintindex":0},"up":{"uv":[9.4375,6.625,9.375,6.5625],"rotation":0,"texture":"#1","tintindex":0},"down":{"uv":[6.75,9.375,6.6875,9.4375],"rotation":0,"texture":"#1","tintindex":0}}},{"from":[8.647658,4.486125,6.5737143],"to":[9.214516,5.0529814,7.1405716],"rotation":{"angle":22.5,"axis":"z","origin":[8.931087,4.769553,6.857143]},"faces":{"east":{"uv":[6.8125,9.375,6.875,9.4375],"rotation":0,"texture":"#1","tintindex":0},"south":{"uv":[9.375,6.9375,9.4375,7.0],"rotation":0,"texture":"#1","tintindex":0},"north":{"uv":[9.375,6.6875,9.4375,6.75],"rotation":0,"texture":"#1","tintindex":0},"west":{"uv":[7.0625,9.375,7.125,9.4375],"rotation":0,"texture":"#1","tintindex":0},"up":{"uv":[9.4375,7.125,9.375,7.0625],"rotation":0,"texture":"#1","tintindex":0},"down":{"uv":[7.25,9.375,7.1875,9.4375],"rotation":0,"texture":"#1","tintindex":0}}},{"from":[9.528341,4.486125,6.5737143],"to":[10.0952,5.0529814,7.1405716],"rotation":{"angle":-22.5,"axis":"z","origin":[9.81177,4.769553,6.857143]},"faces":{"east":{"uv":[9.375,5.8125,9.4375,5.875],"rotation":0,"texture":"#1","tintindex":0},"south":{"uv":[9.375,5.9375,9.4375,6.0],"rotation":0,"texture":"#1","tintindex":0},"north":{"uv":[9.375,5.6875,9.4375,5.75],"rotation":0,"texture":"#1","tintindex":0},"west":{"uv":[6.0625,9.375,6.125,9.4375],"rotation":0,"texture":"#1","tintindex":0},"up":{"uv":[6.25,9.4375,6.1875,9.375],"rotation":0,"texture":"#1","tintindex":0},"down":{"uv":[9.4375,6.1875,9.375,6.25],"rotation":0,"texture":"#1","tintindex":0}}},{"from":[8.8,3.4285712,6.7285714],"to":[9.942858,4.5714283,7.3],"rotation":{"angle":-45.0,"axis":"z","origin":[9.3714285,4.0,7.0142856]},"faces":{"east":{"uv":[6.9375,8.9375,7.0,9.0625],"rotation":0,"texture":"#1","tintindex":0},"south":{"uv":[7.875,4.0625,8.0,4.1875],"rotation":0,"texture":"#1","tintindex":0},"north":{"uv":[2.5,7.875,2.625,8.0],"rotation":0,"texture":"#1","tintindex":0},"west":{"uv":[7.1875,8.9375,7.25,9.0625],"rotation":0,"texture":"#1","tintindex":0},"up":{"uv":[9.0625,7.1875,8.9375,7.125],"rotation":0,"texture":"#1","tintindex":0},"down":{"uv":[9.0625,7.375,8.9375,7.4375],"rotation":0,"texture":"#1","tintindex":0}}},{"from":[9.085714,2.8571424,6.5714283],"to":[9.657143,5.142857,7.142857],"rotation":{"angle":0.0,"axis":"y","origin":[9.3714285,4.0,6.857143]},"faces":{"east":{"uv":[7.125,5.3125,7.1875,5.5625],"rotation":0,"texture":"#1","tintindex":0},"south":{"uv":[5.4375,7.125,5.5,7.375],"rotation":0,"texture":"#1","tintindex":0},"north":{"uv":[7.125,5.0,7.1875,5.25],"rotation":0,"texture":"#1","tintindex":0},"west":{"uv":[7.125,6.5625,7.1875,6.8125],"rotation":0,"texture":"#1","tintindex":0},"up":{"uv":[8.875,9.1875,8.8125,9.125],"rotation":0,"texture":"#1","tintindex":0},"down":{"uv":[9.1875,8.875,9.125,8.9375],"rotation":0,"texture":"#1","tintindex":0}}},{"from":[8.328571,-0.57142925,6.857143],"to":[10.671429,0.0,9.157143],"rotation":{"angle":0.0,"axis":"y","origin":[9.514286,4.285714,8.0]},"faces":{"east":{"uv":[7.125,4.375,7.375,4.4375],"rotation":0,"texture":"#1","tintindex":0},"south":{"uv":[7.125,7.0625,7.375,7.125],"rotation":0,"texture":"#1","tintindex":0},"north":{"uv":[7.125,4.25,7.375,4.3125],"rotation":0,"texture":"#1","tintindex":0},"west":{"uv":[7.1875,0.0,7.4375,0.0625],"rotation":0,"texture":"#1","tintindex":0},"up":{"uv":[3.1875,4.0,2.9375,3.75],"rotation":0,"texture":"#1","tintindex":0},"down":{"uv":[3.8125,3.75,3.5625,4.0],"rotation":0,"texture":"#1","tintindex":0}}},{"from":[9.548572,1.6699996,6.8342857],"to":[10.737143,2.2871423,9.165714],"rotation":{"angle":0.0,"axis":"y","origin":[10.614285,-5.1142864,8.0]},"faces":{"east":{"uv":[7.875,7.3125,8.125,7.375],"rotation":0,"texture":"#1","tintindex":0},"south":{"uv":[8.9375,8.25,9.0625,8.3125],"rotation":0,"texture":"#1","tintindex":0},"north":{"uv":[8.9375,7.75,9.0625,7.8125],"rotation":0,"texture":"#1","tintindex":0},"west":{"uv":[7.625,7.875,7.875,7.9375],"rotation":0,"texture":"#1","tintindex":0},"up":{"uv":[6.5625,1.8125,6.4375,1.5625],"rotation":0,"texture":"#1","tintindex":0},"down":{"uv":[2.5,6.4375,2.375,6.6875],"rotation":0,"texture":"#1","tintindex":0}}},{"from":[9.548572,0.5271425,6.8342857],"to":[10.737143,1.1442852,9.165714],"rotation":{"angle":0.0,"axis":"y","origin":[10.614285,-6.257144,8.0]},"faces":{"east":{"uv":[6.6875,7.875,6.9375,7.9375],"rotation":0,"texture":"#1","tintindex":0},"south":{"uv":[8.9375,7.625,9.0625,7.6875],"rotation":0,"texture":"#1","tintindex":0},"north":{"uv":[8.9375,7.5,9.0625,7.5625],"rotation":0,"texture":"#1","tintindex":0},"west":{"uv":[7.0,7.875,7.25,7.9375],"rotation":0,"texture":"#1","tintindex":0},"up":{"uv":[1.1875,6.6875,1.0625,6.4375],"rotation":0,"texture":"#1","tintindex":0},"down":{"uv":[6.5625,1.0625,6.4375,1.3125],"rotation":0,"texture":"#1","tintindex":0}}},{"from":[8.548572,2.2342854,7.0914288],"to":[10.365715,4.1942854,8.908571],"rotation":{"angle":0.0,"axis":"y","origin":[8.514286,0.0,8.0]},"faces":{"east":{"uv":[8.5625,7.0,15.5,7.875],"rotation":0,"texture":"#2","tintindex":0},"south":{"uv":[8.5625,7.0,15.5,7.875],"rotation":0,"texture":"#2","tintindex":0},"north":{"uv":[8.5625,7.0,15.5,7.875],"rotation":0,"texture":"#2","tintindex":0},"west":{"uv":[8.5625,7.0,15.5,7.875],"rotation":0,"texture":"#2","tintindex":0},"up":{"uv":[8.5625,7.0,15.5,7.875],"rotation":0,"texture":"#2","tintindex":0},"down":{"uv":[8.5625,7.0,15.5,7.875],"rotation":0,"texture":"#2","tintindex":0}}},{"from":[8.457143,4.457143,7.028571],"to":[10.4,8.114285,8.971429],"rotation":{"angle":0.0,"axis":"y","origin":[8.485714,0.0,8.0]},"faces":{"east":{"uv":[8.5625,7.0,15.5,7.875],"rotation":0,"texture":"#2","tintindex":0},"south":{"uv":[8.5625,7.0,15.5,7.875],"rotation":0,"texture":"#2","tintindex":0},"north":{"uv":[8.5625,7.0,15.5,7.875],"rotation":0,"texture":"#2","tintindex":0},"west":{"uv":[8.5625,7.0,15.5,7.875],"rotation":0,"texture":"#2","tintindex":0},"up":{"uv":[8.5625,7.0,15.5,7.875],"rotation":0,"texture":"#2","tintindex":0},"down":{"uv":[8.5625,7.0,15.5,7.875],"rotation":0,"texture":"#2","tintindex":0}}},{"from":[8.451428,7.9585714,6.937143],"to":[10.577143,8.37,9.062857],"rotation":{"angle":0.0,"axis":"y","origin":[8.428572,2.7357144,8.0]},"faces":{"east":{"uv":[7.125,1.875,7.375,1.9375],"rotation":0,"texture":"#1","tintindex":0},"south":{"uv":[7.125,2.25,7.375,2.3125],"rotation":0,"texture":"#1","tintindex":0},"north":{"uv":[7.0625,6.4375,7.3125,6.5],"rotation":0,"texture":"#1","tintindex":0},"west":{"uv":[7.125,3.0,7.375,3.0625],"rotation":0,"texture":"#1","tintindex":0},"up":{"uv":[0.625,3.8125,0.375,3.5625],"rotation":0,"texture":"#1","tintindex":0},"down":{"uv":[3.8125,3.125,3.5625,3.375],"rotation":0,"texture":"#1","tintindex":0}}},{"from":[9.571428,4.785714,6.857143],"to":[10.714286,5.7,9.142858],"rotation":{"angle":0.0,"axis":"y","origin":[10.614285,-1.0214291,8.0]},"faces":{"east":{"uv":[6.0,6.0,6.25,6.125],"rotation":0,"texture":"#1","tintindex":0},"south":{"uv":[7.3125,7.6875,7.4375,7.8125],"rotation":0,"texture":"#1","tintindex":0},"north":{"uv":[7.125,7.6875,7.25,7.8125],"rotation":0,"texture":"#1","tintindex":0},"west":{"uv":[6.0625,0.1875,6.3125,0.3125],"rotation":0,"texture":"#1","tintindex":0},"up":{"uv":[0.625,6.3125,0.5,6.0625],"rotation":0,"texture":"#1","tintindex":0},"down":{"uv":[6.1875,0.9375,6.0625,1.1875],"rotation":0,"texture":"#1","tintindex":0}}},{"from":[9.571428,5.785714,6.857143],"to":[10.714286,6.7,9.142858],"rotation":{"angle":0.0,"axis":"y","origin":[10.614285,-1.0214291,8.0]},"faces":{"east":{"uv":[6.0,3.25,6.25,3.375],"rotation":0,"texture":"#1","tintindex":0},"south":{"uv":[7.6875,6.1875,7.8125,6.3125],"rotation":0,"texture":"#1","tintindex":0},"north":{"uv":[7.6875,6.0,7.8125,6.125],"rotation":0,"texture":"#1","tintindex":0},"west":{"uv":[6.0,3.4375,6.25,3.5625],"rotation":0,"texture":"#1","tintindex":0},"up":{"uv":[6.125,4.875,6.0,4.625],"rotation":0,"texture":"#1","tintindex":0},"down":{"uv":[5.375,6.0,5.25,6.25],"rotation":0,"texture":"#1","tintindex":0}}},{"from":[9.571428,6.785714,6.857143],"to":[10.714286,7.7,9.142858],"rotation":{"angle":0.0,"axis":"y","origin":[10.614285,-1.0214291,8.0]},"faces":{"east":{"uv":[6.0,0.5,6.25,0.625],"rotation":0,"texture":"#1","tintindex":0},"south":{"uv":[5.0,7.6875,5.125,7.8125],"rotation":0,"texture":"#1","tintindex":0},"north":{"uv":[4.4375,7.6875,4.5625,7.8125],"rotation":0,"texture":"#1","tintindex":0},"west":{"uv":[0.75,6.0,1.0,6.125],"rotation":0,"texture":"#1","tintindex":0},"up":{"uv":[4.1875,6.1875,4.0625,5.9375],"rotation":0,"texture":"#1","tintindex":0},"down":{"uv":[4.8125,5.9375,4.6875,6.1875],"rotation":0,"texture":"#1","tintindex":0}}},{"from":[8.314285,6.785714,6.857143],"to":[9.457143,7.7,9.142858],"rotation":{"angle":0.0,"axis":"y","origin":[9.357143,-1.0214291,8.0]},"faces":{"east":{"uv":[6.0,1.5,6.25,1.625],"rotation":0,"texture":"#1","tintindex":0},"south":{"uv":[5.9375,7.6875,6.0625,7.8125],"rotation":0,"texture":"#1","tintindex":0},"north":{"uv":[5.1875,7.6875,5.3125,7.8125],"rotation":0,"texture":"#1","tintindex":0},"west":{"uv":[1.6875,6.0,1.9375,6.125],"rotation":0,"texture":"#1","tintindex":0},"up":{"uv":[0.4375,6.25,0.3125,6.0],"rotation":0,"texture":"#1","tintindex":0},"down":{"uv":[2.375,6.0,2.25,6.25],"rotation":0,"texture":"#1","tintindex":0}}},{"from":[8.314285,4.785714,6.857143],"to":[9.457143,5.7,9.142858],"rotation":{"angle":0.0,"axis":"y","origin":[9.357143,-1.0214291,8.0]},"faces":{"east":{"uv":[6.0625,2.25,6.3125,2.375],"rotation":0,"texture":"#1","tintindex":0},"south":{"uv":[0.0,7.75,0.125,7.875],"rotation":0,"texture":"#1","tintindex":0},"north":{"uv":[7.6875,7.3125,7.8125,7.4375],"rotation":0,"texture":"#1","tintindex":0},"west":{"uv":[2.4375,6.0625,2.6875,6.1875],"rotation":0,"texture":"#1","tintindex":0},"up":{"uv":[2.875,6.3125,2.75,6.0625],"rotation":0,"texture":"#1","tintindex":0},"down":{"uv":[6.1875,3.625,6.0625,3.875],"rotation":0,"texture":"#1","tintindex":0}}},{"from":[8.314285,5.785714,6.857143],"to":[9.457143,6.7,9.142858],"rotation":{"angle":0.0,"axis":"y","origin":[9.357143,-1.0214291,8.0]},"faces":{"east":{"uv":[6.0,4.9375,6.25,5.0625],"rotation":0,"texture":"#1","tintindex":0},"south":{"uv":[6.9375,7.6875,7.0625,7.8125],"rotation":0,"texture":"#1","tintindex":0},"north":{"uv":[6.75,7.6875,6.875,7.8125],"rotation":0,"texture":"#1","tintindex":0},"west":{"uv":[6.0,5.5,6.25,5.625],"rotation":0,"texture":"#1","tintindex":0},"up":{"uv":[5.75,6.25,5.625,6.0],"rotation":0,"texture":"#1","tintindex":0},"down":{"uv":[5.9375,6.0,5.8125,6.25],"rotation":0,"texture":"#1","tintindex":0}}},{"from":[5.425714,13.14,9.307367],"to":[6.5742855,14.860001,9.88451],"rotation":{"angle":-45.0,"axis":"y","origin":[6.285714,13.428572,9.595939]},"faces":{"east":{"uv":[4.125,8.0,4.1875,8.1875],"rotation":0,"texture":"#1","tintindex":0},"south":{"uv":[4.25,6.5,4.375,6.6875],"rotation":0,"texture":"#1","tintindex":0},"north":{"uv":[3.125,6.5,3.25,6.6875],"rotation":0,"texture":"#1","tintindex":0},"west":{"uv":[4.25,8.0,4.3125,8.1875],"rotation":0,"texture":"#1","tintindex":0},"up":{"uv":[8.5625,2.0,8.4375,1.9375],"rotation":0,"texture":"#1","tintindex":0},"down":{"uv":[8.5625,2.0625,8.4375,2.125],"rotation":0,"texture":"#1","tintindex":0}}},{"from":[9.4257145,13.14,9.307367],"to":[10.5742855,14.860001,9.88451],"rotation":{"angle":45.0,"axis":"y","origin":[9.714286,13.428572,9.595939]},"faces":{"east":{"uv":[6.0625,8.0,6.125,8.1875],"rotation":0,"texture":"#1","tintindex":0},"south":{"uv":[6.5,5.125,6.625,5.3125],"rotation":0,"texture":"#1","tintindex":0},"north":{"uv":[4.4375,6.5,4.5625,6.6875],"rotation":0,"texture":"#1","tintindex":0},"west":{"uv":[6.1875,8.0,6.25,8.1875],"rotation":0,"texture":"#1","tintindex":0},"up":{"uv":[2.25,8.5,2.125,8.4375],"rotation":0,"texture":"#1","tintindex":0},"down":{"uv":[8.5625,3.3125,8.4375,3.375],"rotation":0,"texture":"#1","tintindex":0}}},{"from":[6.285714,12.571428,9.142858],"to":[9.714286,14.857143,9.714286],"rotation":{"angle":0.0,"axis":"y","origin":[8.0,0.5714283,8.0]},"faces":{"east":{"uv":[0.5,7.0625,0.5625,7.3125],"rotation":0,"texture":"#1","tintindex":0},"south":{"uv":[3.25,1.75,3.625,2.0],"rotation":0,"texture":"#1","tintindex":0},"north":{"uv":[2.0,3.1875,2.375,3.4375],"rotation":0,"texture":"#1","tintindex":0},"west":{"uv":[3.875,7.0625,3.9375,7.3125],"rotation":0,"texture":"#1","tintindex":0},"up":{"uv":[6.875,4.0,6.5,3.9375],"rotation":0,"texture":"#1","tintindex":0},"down":{"uv":[6.875,4.625,6.5,4.6875],"rotation":0,"texture":"#1","tintindex":0}}},{"from":[6.0034285,12.121776,9.146286],"to":[7.1394286,12.686347,9.710857],"rotation":{"angle":-45.0,"axis":"z","origin":[6.857143,12.404061,9.428572]},"faces":{"east":{"uv":[9.125,6.75,9.1875,6.8125],"rotation":0,"texture":"#1","tintindex":0},"south":{"uv":[8.375,7.8125,8.5,7.875],"rotation":0,"texture":"#1","tintindex":0},"north":{"uv":[7.5625,8.375,7.6875,8.4375],"rotation":0,"texture":"#1","tintindex":0},"west":{"uv":[6.875,9.125,6.9375,9.1875],"rotation":0,"texture":"#1","tintindex":0},"up":{"uv":[8.5625,0.3125,8.4375,0.25],"rotation":0,"texture":"#1","tintindex":0},"down":{"uv":[8.5625,1.8125,8.4375,1.875],"rotation":0,"texture":"#1","tintindex":0}}},{"from":[8.860572,12.121776,9.146286],"to":[9.996572,12.686347,9.710857],"rotation":{"angle":45.0,"axis":"z","origin":[9.142858,12.404061,9.428572]},"faces":{"east":{"uv":[9.125,5.3125,9.1875,5.375],"rotation":0,"texture":"#1","tintindex":0},"south":{"uv":[6.5,8.375,6.625,8.4375],"rotation":0,"texture":"#1","tintindex":0},"north":{"uv":[8.375,6.375,8.5,6.4375],"rotation":0,"texture":"#1","tintindex":0},"west":{"uv":[9.125,5.4375,9.1875,5.5],"rotation":0,"texture":"#1","tintindex":0},"up":{"uv":[6.8125,8.4375,6.6875,8.375],"rotation":0,"texture":"#1","tintindex":0},"down":{"uv":[7.0,8.375,6.875,8.4375],"rotation":0,"texture":"#1","tintindex":0}}},{"from":[6.857143,12.0,9.142858],"to":[9.142858,12.571428,9.714286],"rotation":{"angle":0.0,"axis":"y","origin":[8.0,0.0,8.0]},"faces":{"east":{"uv":[5.5625,9.125,5.625,9.1875],"rotation":0,"texture":"#1","tintindex":0},"south":{"uv":[7.0625,5.625,7.3125,5.6875],"rotation":0,"texture":"#1","tintindex":0},"north":{"uv":[5.5625,7.0625,5.8125,7.125],"rotation":0,"texture":"#1","tintindex":0},"west":{"uv":[9.125,5.5625,9.1875,5.625],"rotation":0,"texture":"#1","tintindex":0},"up":{"uv":[7.3125,5.8125,7.0625,5.75],"rotation":0,"texture":"#1","tintindex":0},"down":{"uv":[6.125,7.0625,5.875,7.125],"rotation":0,"texture":"#1","tintindex":0}}},{"from":[7.1445713,12.120061,9.430285],"to":[7.7125716,12.688061,9.998285],"rotation":{"angle":45.0,"axis":"z","origin":[7.428571,12.404061,9.714286]},"faces":{"east":{"uv":[9.125,5.8125,9.1875,5.875],"rotation":0,"texture":"#1","tintindex":0},"south":{"uv":[9.125,5.9375,9.1875,6.0],"rotation":0,"texture":"#1","tintindex":0},"north":{"uv":[9.125,5.6875,9.1875,5.75],"rotation":0,"texture":"#1","tintindex":0},"west":{"uv":[6.125,9.125,6.1875,9.1875],"rotation":0,"texture":"#1","tintindex":0},"up":{"uv":[9.1875,6.25,9.125,6.1875],"rotation":0,"texture":"#1","tintindex":0},"down":{"uv":[6.3125,9.125,6.25,9.1875],"rotation":0,"texture":"#1","tintindex":0}}},{"from":[8.287429,12.120061,9.430285],"to":[8.855429,12.688061,9.998285],"rotation":{"angle":-45.0,"axis":"z","origin":[8.571428,12.404061,9.714286]},"faces":{"east":{"uv":[6.5,9.125,6.5625,9.1875],"rotation":0,"texture":"#1","tintindex":0},"south":{"uv":[9.125,6.5,9.1875,6.5625],"rotation":0,"texture":"#1","tintindex":0},"north":{"uv":[6.375,9.125,6.4375,9.1875],"rotation":0,"texture":"#1","tintindex":0},"west":{"uv":[6.625,9.125,6.6875,9.1875],"rotation":0,"texture":"#1","tintindex":0},"up":{"uv":[9.1875,6.6875,9.125,6.625],"rotation":0,"texture":"#1","tintindex":0},"down":{"uv":[6.8125,9.125,6.75,9.1875],"rotation":0,"texture":"#1","tintindex":0}}},{"from":[7.4257145,11.997143,9.4257145],"to":[8.5742855,14.860001,10.002857],"rotation":{"angle":0.0,"axis":"y","origin":[8.0,0.5714283,8.285714]},"faces":{"east":{"uv":[3.875,6.6875,3.9375,7.0],"rotation":0,"texture":"#1","tintindex":0},"south":{"uv":[4.75,3.5,4.875,3.8125],"rotation":0,"texture":"#1","tintindex":0},"north":{"uv":[1.1875,4.75,1.3125,5.0625],"rotation":0,"texture":"#1","tintindex":0},"west":{"uv":[5.0625,6.6875,5.125,7.0],"rotation":0,"texture":"#1","tintindex":0},"up":{"uv":[8.5,7.1875,8.375,7.125],"rotation":0,"texture":"#1","tintindex":0},"down":{"uv":[8.5,7.375,8.375,7.4375],"rotation":0,"texture":"#1","tintindex":0}}},{"from":[5.1497755,11.602857,6.745714],"to":[6.286918,12.168571,9.254286],"rotation":{"angle":-45.0,"axis":"z","origin":[5.4326324,11.885714,7.028571]},"faces":{"east":{"uv":[7.4375,5.3125,7.6875,5.375],"rotation":0,"texture":"#1","tintindex":0},"south":{"uv":[8.75,5.0625,8.875,5.125],"rotation":0,"texture":"#1","tintindex":0},"north":{"uv":[8.75,3.1875,8.875,3.25],"rotation":0,"texture":"#1","tintindex":0},"west":{"uv":[7.4375,5.4375,7.6875,5.5],"rotation":0,"texture":"#1","tintindex":0},"up":{"uv":[5.375,5.9375,5.25,5.6875],"rotation":0,"texture":"#1","tintindex":0},"down":{"uv":[5.8125,5.6875,5.6875,5.9375],"rotation":0,"texture":"#1","tintindex":0}}},{"from":[9.713081,11.602857,6.745714],"to":[10.8502245,12.168571,9.254286],"rotation":{"angle":45.0,"axis":"z","origin":[10.567368,11.885714,7.028571]},"faces":{"east":{"uv":[7.25,6.75,7.5,6.8125],"rotation":0,"texture":"#1","tintindex":0},"south":{"uv":[8.6875,0.0,8.8125,0.0625],"rotation":0,"texture":"#1","tintindex":0},"north":{"uv":[8.625,8.4375,8.75,8.5],"rotation":0,"texture":"#1","tintindex":0},"west":{"uv":[2.5625,7.3125,2.8125,7.375],"rotation":0,"texture":"#1","tintindex":0},"up":{"uv":[2.0,5.9375,1.875,5.6875],"rotation":0,"texture":"#1","tintindex":0},"down":{"uv":[2.5,5.6875,2.375,5.9375],"rotation":0,"texture":"#1","tintindex":0}}},{"from":[7.716,12.69149,9.416],"to":[8.855429,13.830918,9.984],"rotation":{"angle":-45.0,"axis":"z","origin":[8.571428,12.97549,9.7]},"faces":{"east":{"uv":[8.8125,2.75,8.875,2.875],"rotation":0,"texture":"#1","tintindex":0},"south":{"uv":[6.25,7.4375,6.375,7.5625],"rotation":0,"texture":"#1","tintindex":0},"north":{"uv":[5.375,7.4375,5.5,7.5625],"rotation":0,"texture":"#1","tintindex":0},"west":{"uv":[4.1875,8.8125,4.25,8.9375],"rotation":0,"texture":"#1","tintindex":0},"up":{"uv":[8.875,7.1875,8.75,7.125],"rotation":0,"texture":"#1","tintindex":0},"down":{"uv":[8.875,7.375,8.75,7.4375],"rotation":0,"texture":"#1","tintindex":0}}},{"from":[7.3714285,12.742857,9.528572],"to":[8.6285715,14.0,10.214286],"rotation":{"angle":-45.0,"axis":"z","origin":[8.0,13.3714285,9.8714285]},"faces":{"east":{"uv":[5.6875,8.8125,5.75,8.9375],"rotation":0,"texture":"#1","tintindex":0},"south":{"uv":[7.4375,6.5,7.5625,6.625],"rotation":0,"texture":"#1","tintindex":0},"north":{"uv":[6.4375,7.4375,6.5625,7.5625],"rotation":0,"texture":"#1","tintindex":0},"west":{"uv":[8.8125,6.0625,8.875,6.1875],"rotation":0,"texture":"#1","tintindex":0},"up":{"uv":[8.9375,0.3125,8.8125,0.25],"rotation":0,"texture":"#1","tintindex":0},"down":{"uv":[8.9375,3.3125,8.8125,3.375],"rotation":0,"texture":"#1","tintindex":0}}},{"from":[7.1445713,12.69149,9.416],"to":[8.284,13.830918,9.984],"rotation":{"angle":45.0,"axis":"z","origin":[7.428571,12.97549,9.585714]},"faces":{"east":{"uv":[8.8125,6.5,8.875,6.625],"rotation":0,"texture":"#1","tintindex":0},"south":{"uv":[7.5,0.0,7.625,0.125],"rotation":0,"texture":"#1","tintindex":0},"north":{"uv":[6.625,7.4375,6.75,7.5625],"rotation":0,"texture":"#1","tintindex":0},"west":{"uv":[6.5625,8.8125,6.625,8.9375],"rotation":0,"texture":"#1","tintindex":0},"up":{"uv":[8.9375,6.3125,8.8125,6.25],"rotation":0,"texture":"#1","tintindex":0},"down":{"uv":[6.8125,8.8125,6.6875,8.875],"rotation":0,"texture":"#1","tintindex":0}}},{"from":[7.4257145,12.568571,6.1685715],"to":[8.5742855,14.860001,6.745714],"rotation":{"angle":0.0,"axis":"y","origin":[8.0,1.1428566,7.885714]},"faces":{"east":{"uv":[6.625,7.0,6.6875,7.25],"rotation":0,"texture":"#1","tintindex":0},"south":{"uv":[5.375,2.6875,5.5,2.9375],"rotation":0,"texture":"#1","tintindex":0},"north":{"uv":[1.9375,5.375,2.0625,5.625],"rotation":0,"texture":"#1","tintindex":0},"west":{"uv":[6.75,7.0,6.8125,7.25],"rotation":0,"texture":"#1","tintindex":0},"up":{"uv":[8.5,3.25,8.375,3.1875],"rotation":0,"texture":"#1","tintindex":0},"down":{"uv":[8.5,3.5625,8.375,3.625],"rotation":0,"texture":"#1","tintindex":0}}},{"from":[7.1445713,12.69149,6.173143],"to":[8.284,13.830918,6.7411427],"rotation":{"angle":45.0,"axis":"z","origin":[7.428571,12.97549,6.5714283]},"faces":{"east":{"uv":[0.25,8.6875,0.3125,8.8125],"rotation":0,"texture":"#1","tintindex":0},"south":{"uv":[4.375,7.3125,4.5,7.4375],"rotation":0,"texture":"#1","tintindex":0},"north":{"uv":[4.1875,7.3125,4.3125,7.4375],"rotation":0,"texture":"#1","tintindex":0},"west":{"uv":[0.375,8.6875,0.4375,8.8125],"rotation":0,"texture":"#1","tintindex":0},"up":{"uv":[8.8125,0.4375,8.6875,0.375],"rotation":0,"texture":"#1","tintindex":0},"down":{"uv":[0.625,8.6875,0.5,8.75],"rotation":0,"texture":"#1","tintindex":0}}},{"from":[8.855722,14.170796,6.4605713],"to":[9.660417,14.738796,7.028571],"rotation":{"angle":-45.0,"axis":"z","origin":[9.138008,14.453082,6.7462854]},"faces":{"east":{"uv":[9.25,3.6875,9.3125,3.75],"rotation":0,"texture":"#1","tintindex":0},"south":{"uv":[9.25,3.8125,9.3125,3.875],"rotation":0,"texture":"#1","tintindex":0},"north":{"uv":[9.25,3.5625,9.338763,3.625375],"rotation":0,"texture":"#1","tintindex":0},"west":{"uv":[9.25,4.0625,9.3125,4.125],"rotation":0,"texture":"#1","tintindex":0},"up":{"uv":[9.3125,4.25,9.25,4.1875],"rotation":0,"texture":"#1","tintindex":0},"down":{"uv":[9.3125,4.3125,9.25,4.375],"rotation":0,"texture":"#1","tintindex":0}}},{"from":[6.339584,14.170796,6.4605713],"to":[7.144277,14.738796,7.028571],"rotation":{"angle":45.0,"axis":"z","origin":[6.8619914,14.453082,6.7462854]},"faces":{"east":{"uv":[9.25,4.8125,9.3125,4.875],"rotation":0,"texture":"#1","tintindex":0},"south":{"uv":[4.875,9.25,4.9375,9.3125],"rotation":0,"texture":"#1","tintindex":0},"north":{"uv":[9.25,4.6875,9.338763,4.750375],"rotation":0,"texture":"#1","tintindex":0},"west":{"uv":[9.25,4.9375,9.3125,5.0],"rotation":0,"texture":"#1","tintindex":0},"up":{"uv":[5.0625,9.3125,5.0,9.25],"rotation":0,"texture":"#1","tintindex":0},"down":{"uv":[9.3125,5.0625,9.25,5.125],"rotation":0,"texture":"#1","tintindex":0}}},{"from":[6.857143,14.285715,6.457143],"to":[9.142858,14.857143,7.028571],"rotation":{"angle":0.0,"axis":"y","origin":[8.0,26.857143,8.171429]},"faces":{"east":{"uv":[9.25,4.4375,9.3125,4.5],"rotation":0,"texture":"#1","tintindex":0},"south":{"uv":[6.25,7.3125,6.5,7.375],"rotation":0,"texture":"#1","tintindex":0},"north":{"uv":[4.75,7.3125,5.0,7.375],"rotation":0,"texture":"#1","tintindex":0},"west":{"uv":[9.25,4.5625,9.3125,4.625],"rotation":0,"texture":"#1","tintindex":0},"up":{"uv":[6.8125,7.375,6.5625,7.3125],"rotation":0,"texture":"#1","tintindex":0},"down":{"uv":[7.5625,7.1875,7.3125,7.25],"rotation":0,"texture":"#1","tintindex":0}}},{"from":[8.855722,12.118347,6.4605713],"to":[9.660417,12.686347,7.028571],"rotation":{"angle":45.0,"axis":"z","origin":[9.138008,12.404061,6.7462854]},"faces":{"east":{"uv":[9.25,2.875,9.3125,2.9375],"rotation":0,"texture":"#1","tintindex":0},"south":{"uv":[9.25,3.0,9.3125,3.0625],"rotation":0,"texture":"#1","tintindex":0},"north":{"uv":[9.25,2.75,9.338763,2.812875],"rotation":0,"texture":"#1","tintindex":0},"west":{"uv":[9.25,3.125,9.3125,3.1875],"rotation":0,"texture":"#1","tintindex":0},"up":{"uv":[3.25,9.3125,3.1875,9.25],"rotation":0,"texture":"#1","tintindex":0},"down":{"uv":[9.3125,3.25,9.25,3.3125],"rotation":0,"texture":"#1","tintindex":0}}},{"from":[6.339584,12.118347,6.4605713],"to":[7.144277,12.686347,7.028571],"rotation":{"angle":-45.0,"axis":"z","origin":[6.8619914,12.404061,6.7462854]},"faces":{"east":{"uv":[9.125,4.0625,9.1875,4.125],"rotation":0,"texture":"#1","tintindex":0},"south":{"uv":[9.125,4.1875,9.1875,4.25],"rotation":0,"texture":"#1","tintindex":0},"north":{"uv":[9.125,3.8125,9.213763,3.875375],"rotation":0,"texture":"#1","tintindex":0},"west":{"uv":[9.125,4.3125,9.1875,4.375],"rotation":0,"texture":"#1","tintindex":0},"up":{"uv":[9.1875,4.5,9.125,4.4375],"rotation":0,"texture":"#1","tintindex":0},"down":{"uv":[9.1875,4.5625,9.125,4.625],"rotation":0,"texture":"#1","tintindex":0}}},{"from":[6.857143,12.0,6.457143],"to":[9.142858,12.571428,7.028571],"rotation":{"angle":0.0,"axis":"y","origin":[8.0,0.0,8.171429]},"faces":{"east":{"uv":[9.125,3.5625,9.1875,3.625],"rotation":0,"texture":"#1","tintindex":0},"south":{"uv":[2.75,7.0625,3.0,7.125],"rotation":0,"texture":"#1","tintindex":0},"north":{"uv":[7.0625,1.75,7.3125,1.8125],"rotation":0,"texture":"#1","tintindex":0},"west":{"uv":[9.125,3.6875,9.1875,3.75],"rotation":0,"texture":"#1","tintindex":0},"up":{"uv":[7.3125,3.8125,7.0625,3.75],"rotation":0,"texture":"#1","tintindex":0},"down":{"uv":[5.25,7.0625,5.0,7.125],"rotation":0,"texture":"#1","tintindex":0}}},{"from":[6.285714,12.571428,6.457143],"to":[9.714286,14.285715,7.028571],"rotation":{"angle":0.0,"axis":"y","origin":[8.0,0.5714283,8.171429]},"faces":{"east":{"uv":[2.0625,8.0,2.125,8.1875],"rotation":0,"texture":"#1","tintindex":0},"south":{"uv":[3.375,0.5,3.75,0.6875],"rotation":0,"texture":"#1","tintindex":0},"north":{"uv":[3.375,0.25,3.75,0.4375],"rotation":0,"texture":"#1","tintindex":0},"west":{"uv":[4.0,8.0,4.0625,8.1875],"rotation":0,"texture":"#1","tintindex":0},"up":{"uv":[6.6875,5.0625,6.3125,5.0],"rotation":0,"texture":"#1","tintindex":0},"down":{"uv":[6.875,2.625,6.5,2.6875],"rotation":0,"texture":"#1","tintindex":0}}},{"from":[7.716,12.69149,6.173143],"to":[8.855429,13.830918,6.7411427],"rotation":{"angle":-45.0,"axis":"z","origin":[8.571428,12.97549,6.457143]},"faces":{"east":{"uv":[3.9375,8.375,4.0,8.5],"rotation":0,"texture":"#1","tintindex":0},"south":{"uv":[7.0625,1.0625,7.1875,1.1875],"rotation":0,"texture":"#1","tintindex":0},"north":{"uv":[7.0625,0.3125,7.1875,0.4375],"rotation":0,"texture":"#1","tintindex":0},"west":{"uv":[4.0625,8.375,4.125,8.5],"rotation":0,"texture":"#1","tintindex":0},"up":{"uv":[8.5,5.0,8.375,4.9375],"rotation":0,"texture":"#1","tintindex":0},"down":{"uv":[8.5,5.0625,8.375,5.125],"rotation":0,"texture":"#1","tintindex":0}}},{"from":[5.5857143,10.671429,6.7],"to":[10.414286,11.8714285,9.3],"rotation":{"angle":0.0,"axis":"y","origin":[8.0,1.1428566,8.0]},"faces":{"east":{"uv":[5.25,5.3125,5.5,5.4375],"rotation":0,"texture":"#1","tintindex":0},"south":{"uv":[3.5625,2.9375,4.0625,3.0625],"rotation":0,"texture":"#1","tintindex":0},"north":{"uv":[3.5625,2.75,4.078125,2.86875],"rotation":0,"texture":"#1","tintindex":0},"west":{"uv":[5.375,0.5625,5.625,0.6875],"rotation":0,"texture":"#1","tintindex":0},"up":{"uv":[2.0625,2.8125,1.5625,2.5625],"rotation":0,"texture":"#1","tintindex":0},"down":{"uv":[3.125,0.0,2.625,0.25],"rotation":0,"texture":"#1","tintindex":0}}},{"from":[5.028571,11.885715,6.742857],"to":[10.971429,14.971429,9.257143],"rotation":{"angle":0.0,"axis":"y","origin":[8.0,1.1428566,8.0]},"faces":{"east":{"uv":[3.25,2.75,3.5,3.0625],"rotation":0,"texture":"#1","tintindex":0},"south":{"uv":[2.0625,0.9375,2.6875,1.25],"rotation":0,"texture":"#1","tintindex":0},"north":{"uv":[2.0625,0.5625,2.6875,0.875],"rotation":0,"texture":"#1","tintindex":0},"west":{"uv":[3.25,3.125,3.5,3.4375],"rotation":0,"texture":"#1","tintindex":0},"up":{"uv":[2.6875,1.5625,2.0625,1.3125],"rotation":0,"texture":"#1","tintindex":0},"down":{"uv":[2.1875,2.25,1.5625,2.5],"rotation":0,"texture":"#1","tintindex":0}}},{"from":[4.507428,12.621715,6.3405714],"to":[5.6594286,15.488001,9.778286],"rotation":{"angle":0.0,"axis":"y","origin":[5.6548567,12.912001,7.088]},"faces":{"east":{"uv":[2.8125,1.5,3.1875,1.8125],"rotation":0,"texture":"#1","tintindex":0},"south":{"uv":[1.375,4.8125,1.5,5.125],"rotation":0,"texture":"#1","tintindex":0},"north":{"uv":[4.8125,0.8125,4.9375,1.125],"rotation":0,"texture":"#1","tintindex":0},"west":{"uv":[2.8125,1.875,3.1875,2.1875],"rotation":0,"texture":"#1","tintindex":0},"up":{"uv":[3.5,5.0,3.375,4.625],"rotation":0,"texture":"#1","tintindex":0},"down":{"uv":[4.8125,0.0,4.6875,0.375],"rotation":0,"texture":"#1","tintindex":0}}},{"from":[10.340571,12.621715,6.3405714],"to":[11.492572,15.488001,9.778286],"rotation":{"angle":0.0,"axis":"y","origin":[10.345143,12.912001,7.088]},"faces":{"east":{"uv":[2.125,2.8125,2.5,3.125],"rotation":0,"texture":"#1","tintindex":0},"south":{"uv":[2.6875,4.875,2.8125,5.1875],"rotation":0,"texture":"#1","tintindex":0},"north":{"uv":[4.875,0.0,5.0,0.3125],"rotation":0,"texture":"#1","tintindex":0},"west":{"uv":[1.5625,2.875,1.9375,3.1875],"rotation":0,"texture":"#1","tintindex":0},"up":{"uv":[3.6875,5.0625,3.5625,4.6875],"rotation":0,"texture":"#1","tintindex":0},"down":{"uv":[0.3125,4.75,0.1875,5.125],"rotation":0,"texture":"#1","tintindex":0}}},{"from":[6.110714,10.789286,6.857143],"to":[6.6821427,11.046429,6.942857],"rotation":{"angle":0.0,"axis":"y","origin":[-3.0321436,8.775,5.8285713]},"faces":{"east":{"uv":[8.5625,7.0,15.5,7.875],"rotation":0,"texture":"#2","tintindex":0},"south":{"uv":[8.5625,7.0,15.5,7.875],"rotation":0,"texture":"#2","tintindex":0},"north":{"uv":[8.5625,7.0,15.5,7.875],"rotation":0,"texture":"#2","tintindex":0},"west":{"uv":[8.5625,7.0,15.5,7.875],"rotation":0,"texture":"#2","tintindex":0},"up":{"uv":[8.5625,7.0,15.5,7.875],"rotation":0,"texture":"#2","tintindex":0},"down":{"uv":[8.5625,7.0,15.5,7.875],"rotation":0,"texture":"#2","tintindex":0}}},{"from":[9.317858,10.789286,6.857143],"to":[9.889286,11.046429,6.942857],"rotation":{"angle":0.0,"axis":"y","origin":[19.032143,8.775,5.8285713]},"faces":{"east":{"uv":[8.5625,7.0,15.5,7.875],"rotation":0,"texture":"#2","tintindex":0},"south":{"uv":[8.5625,7.0,15.5,7.875],"rotation":0,"texture":"#2","tintindex":0},"north":{"uv":[8.5625,7.0,15.5,7.875],"rotation":0,"texture":"#2","tintindex":0},"west":{"uv":[8.5625,7.0,15.5,7.875],"rotation":0,"texture":"#2","tintindex":0},"up":{"uv":[8.5625,7.0,15.5,7.875],"rotation":0,"texture":"#2","tintindex":0},"down":{"uv":[8.5625,7.0,15.5,7.875],"rotation":0,"texture":"#2","tintindex":0}}},{"from":[9.317858,10.675,9.057143],"to":[9.889286,10.932143,9.142858],"rotation":{"angle":0.0,"axis":"y","origin":[19.032143,8.660714,10.171429]},"faces":{"east":{"uv":[8.5625,7.0,15.5,7.875],"rotation":0,"texture":"#2","tintindex":0},"south":{"uv":[8.5625,7.0,15.5,7.875],"rotation":0,"texture":"#2","tintindex":0},"north":{"uv":[8.5625,7.0,15.5,7.875],"rotation":0,"texture":"#2","tintindex":0},"west":{"uv":[8.5625,7.0,15.5,7.875],"rotation":0,"texture":"#2","tintindex":0},"up":{"uv":[8.5625,7.0,15.5,7.875],"rotation":0,"texture":"#2","tintindex":0},"down":{"uv":[8.5625,7.0,15.5,7.875],"rotation":0,"texture":"#2","tintindex":0}}},{"from":[6.110714,10.675,9.057143],"to":[6.6821427,10.932143,9.142858],"rotation":{"angle":0.0,"axis":"y","origin":[-3.0321436,8.660714,10.171429]},"faces":{"east":{"uv":[8.5625,7.0,15.5,7.875],"rotation":0,"texture":"#2","tintindex":0},"south":{"uv":[8.5625,7.0,15.5,7.875],"rotation":0,"texture":"#2","tintindex":0},"north":{"uv":[8.5625,7.0,15.5,7.875],"rotation":0,"texture":"#2","tintindex":0},"west":{"uv":[8.5625,7.0,15.5,7.875],"rotation":0,"texture":"#2","tintindex":0},"up":{"uv":[8.5625,7.0,15.5,7.875],"rotation":0,"texture":"#2","tintindex":0},"down":{"uv":[8.5625,7.0,15.5,7.875],"rotation":0,"texture":"#2","tintindex":0}}},{"from":[8.7464285,11.2464285,9.057143],"to":[9.889286,11.5035715,9.142858],"rotation":{"angle":0.0,"axis":"y","origin":[19.032143,9.232143,10.171429]},"faces":{"east":{"uv":[8.5625,7.0,15.5,7.875],"rotation":0,"texture":"#2","tintindex":0},"south":{"uv":[8.5625,7.0,15.5,7.875],"rotation":0,"texture":"#2","tintindex":0},"north":{"uv":[8.5625,7.0,15.5,7.875],"rotation":0,"texture":"#2","tintindex":0},"west":{"uv":[8.5625,7.0,15.5,7.875],"rotation":0,"texture":"#2","tintindex":0},"up":{"uv":[8.5625,7.0,15.5,7.875],"rotation":0,"texture":"#2","tintindex":0},"down":{"uv":[8.5625,7.0,15.5,7.875],"rotation":0,"texture":"#2","tintindex":0}}},{"from":[6.110714,11.2464285,9.057143],"to":[7.2535715,11.5035715,9.142858],"rotation":{"angle":0.0,"axis":"y","origin":[-3.0321436,9.232143,10.171429]},"faces":{"east":{"uv":[8.5625,7.0,15.5,7.875],"rotation":0,"texture":"#2","tintindex":0},"south":{"uv":[8.5625,7.0,15.5,7.875],"rotation":0,"texture":"#2","tintindex":0},"north":{"uv":[8.5625,7.0,15.5,7.875],"rotation":0,"texture":"#2","tintindex":0},"west":{"uv":[8.5625,7.0,15.5,7.875],"rotation":0,"texture":"#2","tintindex":0},"up":{"uv":[8.5625,7.0,15.5,7.875],"rotation":0,"texture":"#2","tintindex":0},"down":{"uv":[8.5625,7.0,15.5,7.875],"rotation":0,"texture":"#2","tintindex":0}}},{"from":[6.110714,11.2464285,6.857143],"to":[7.2535715,11.5035715,6.942857],"rotation":{"angle":0.0,"axis":"y","origin":[-3.0321436,9.232143,5.8285713]},"faces":{"east":{"uv":[8.5625,7.0,15.5,7.875],"rotation":0,"texture":"#2","tintindex":0},"south":{"uv":[8.5625,7.0,15.5,7.875],"rotation":0,"texture":"#2","tintindex":0},"north":{"uv":[8.5625,7.0,15.5,7.875],"rotation":0,"texture":"#2","tintindex":0},"west":{"uv":[8.5625,7.0,15.5,7.875],"rotation":0,"texture":"#2","tintindex":0},"up":{"uv":[8.5625,7.0,15.5,7.875],"rotation":0,"texture":"#2","tintindex":0},"down":{"uv":[8.5625,7.0,15.5,7.875],"rotation":0,"texture":"#2","tintindex":0}}},{"from":[8.7464285,11.675,9.057143],"to":[9.889286,11.932143,9.142858],"rotation":{"angle":0.0,"axis":"y","origin":[19.032143,9.660714,10.171429]},"faces":{"east":{"uv":[8.5625,7.0,15.5,7.875],"rotation":0,"texture":"#2","tintindex":0},"south":{"uv":[8.5625,7.0,15.5,7.875],"rotation":0,"texture":"#2","tintindex":0},"north":{"uv":[8.5625,7.0,15.5,7.875],"rotation":0,"texture":"#2","tintindex":0},"west":{"uv":[8.5625,7.0,15.5,7.875],"rotation":0,"texture":"#2","tintindex":0},"up":{"uv":[8.5625,7.0,15.5,7.875],"rotation":0,"texture":"#2","tintindex":0},"down":{"uv":[8.5625,7.0,15.5,7.875],"rotation":0,"texture":"#2","tintindex":0}}},{"from":[6.110714,11.675,9.057143],"to":[7.2535715,11.932143,9.142858],"rotation":{"angle":0.0,"axis":"y","origin":[-3.0321436,9.660714,10.171429]},"faces":{"east":{"uv":[8.5625,7.0,15.5,7.875],"rotation":0,"texture":"#2","tintindex":0},"south":{"uv":[8.5625,7.0,15.5,7.875],"rotation":0,"texture":"#2","tintindex":0},"north":{"uv":[8.5625,7.0,15.5,7.875],"rotation":0,"texture":"#2","tintindex":0},"west":{"uv":[8.5625,7.0,15.5,7.875],"rotation":0,"texture":"#2","tintindex":0},"up":{"uv":[8.5625,7.0,15.5,7.875],"rotation":0,"texture":"#2","tintindex":0},"down":{"uv":[8.5625,7.0,15.5,7.875],"rotation":0,"texture":"#2","tintindex":0}}},{"from":[5.6821427,11.675,6.857143],"to":[7.2535715,11.932143,6.942857],"rotation":{"angle":0.0,"axis":"y","origin":[-3.0321436,9.660714,5.8285713]},"faces":{"east":{"uv":[8.5625,7.0,15.5,7.875],"rotation":0,"texture":"#2","tintindex":0},"south":{"uv":[8.5625,7.0,15.5,7.875],"rotation":0,"texture":"#2","tintindex":0},"north":{"uv":[8.5625,7.0,15.5,7.875],"rotation":0,"texture":"#2","tintindex":0},"west":{"uv":[8.5625,7.0,15.5,7.875],"rotation":0,"texture":"#2","tintindex":0},"up":{"uv":[8.5625,7.0,15.5,7.875],"rotation":0,"texture":"#2","tintindex":0},"down":{"uv":[8.5625,7.0,15.5,7.875],"rotation":0,"texture":"#2","tintindex":0}}},{"from":[8.7464285,11.2464285,6.857143],"to":[9.889286,11.5035715,6.942857],"rotation":{"angle":0.0,"axis":"y","origin":[19.032143,9.232143,5.8285713]},"faces":{"east":{"uv":[8.5625,7.0,15.5,7.875],"rotation":0,"texture":"#2","tintindex":0},"south":{"uv":[8.5625,7.0,15.5,7.875],"rotation":0,"texture":"#2","tintindex":0},"north":{"uv":[8.5625,7.0,15.5,7.875],"rotation":0,"texture":"#2","tintindex":0},"west":{"uv":[8.5625,7.0,15.5,7.875],"rotation":0,"texture":"#2","tintindex":0},"up":{"uv":[8.5625,7.0,15.5,7.875],"rotation":0,"texture":"#2","tintindex":0},"down":{"uv":[8.5625,7.0,15.5,7.875],"rotation":0,"texture":"#2","tintindex":0}}},{"from":[8.7464285,11.675,6.857143],"to":[10.175,11.932143,6.942857],"rotation":{"angle":0.0,"axis":"y","origin":[19.032143,9.660714,5.8285713]},"faces":{"east":{"uv":[8.5625,7.0,15.5,7.875],"rotation":0,"texture":"#2","tintindex":0},"south":{"uv":[8.5625,7.0,15.5,7.875],"rotation":0,"texture":"#2","tintindex":0},"north":{"uv":[8.5625,7.0,15.5,7.875],"rotation":0,"texture":"#2","tintindex":0},"west":{"uv":[8.5625,7.0,15.5,7.875],"rotation":0,"texture":"#2","tintindex":0},"up":{"uv":[8.5625,7.0,15.5,7.875],"rotation":0,"texture":"#2","tintindex":0},"down":{"uv":[8.5625,7.0,15.5,7.875],"rotation":0,"texture":"#2","tintindex":0}}},{"from":[6.1142855,16.064285,5.88988],"to":[9.8714285,19.62143,6.7613087],"rotation":{"angle":0.0,"axis":"y","origin":[-8.200733,18.171097,2.5688567]},"faces":{"east":{"uv":[8.5625,7.0,15.5,7.875],"rotation":0,"texture":"#2","tintindex":0},"south":{"uv":[8.5625,7.0,15.5,7.875],"rotation":0,"texture":"#2","tintindex":0},"north":{"uv":[8.5625,7.0,15.5,7.875],"rotation":0,"texture":"#2","tintindex":0},"west":{"uv":[8.5625,7.0,15.5,7.875],"rotation":0,"texture":"#2","tintindex":0},"up":{"uv":[8.5625,7.0,15.5,7.875],"rotation":0,"texture":"#2","tintindex":0},"down":{"uv":[8.5625,7.0,15.5,7.875],"rotation":0,"texture":"#2","tintindex":0}}},{"from":[5.705714,10.834286,6.862857],"to":[10.294286,12.022858,9.137143],"rotation":{"angle":0.0,"axis":"y","origin":[8.0,1.1428566,8.0]},"faces":{"east":{"uv":[8.5625,7.0,15.5,7.875],"rotation":0,"texture":"#2","tintindex":0},"south":{"uv":[8.5625,7.0,15.5,7.875],"rotation":0,"texture":"#2","tintindex":0},"north":{"uv":[8.5625,7.0,15.5,7.875],"rotation":0,"texture":"#2","tintindex":0},"west":{"uv":[8.5625,7.0,15.5,7.875],"rotation":0,"texture":"#2","tintindex":0},"up":{"uv":[8.5625,7.0,15.5,7.875],"rotation":0,"texture":"#2","tintindex":0},"down":{"uv":[8.5625,7.0,15.5,7.875],"rotation":0,"texture":"#2","tintindex":0}}},{"from":[7.142857,6.857143,6.9],"to":[8.857143,8.0,9.1],"rotation":{"angle":0.0,"axis":"y","origin":[8.0,0.5714283,8.0]},"faces":{"east":{"uv":[5.25,0.1875,5.5,0.3125],"rotation":0,"texture":"#1","tintindex":0},"south":{"uv":[0.8125,6.5,1.0,6.625],"rotation":0,"texture":"#1","tintindex":0},"north":{"uv":[1.625,4.125,1.8125,4.25],"rotation":0,"texture":"#1","tintindex":0},"west":{"uv":[5.25,0.375,5.5,0.5],"rotation":0,"texture":"#1","tintindex":0},"up":{"uv":[2.375,3.75,2.1875,3.5],"rotation":0,"texture":"#1","tintindex":0},"down":{"uv":[3.75,4.375,3.5625,4.625],"rotation":0,"texture":"#1","tintindex":0}}},{"from":[8.287429,10.740511,9.258858],"to":[8.855429,11.308511,9.826858],"rotation":{"angle":45.0,"axis":"z","origin":[8.571428,11.02451,9.542857]},"faces":{"east":{"uv":[9.125,7.125,9.1875,7.1875],"rotation":0,"texture":"#1","tintindex":0},"south":{"uv":[7.1875,9.125,7.25,9.1875],"rotation":0,"texture":"#1","tintindex":0},"north":{"uv":[9.125,7.0,9.1875,7.0625],"rotation":0,"texture":"#1","tintindex":0},"west":{"uv":[9.125,7.25,9.1875,7.3125],"rotation":0,"texture":"#1","tintindex":0},"up":{"uv":[7.375,9.1875,7.3125,9.125],"rotation":0,"texture":"#1","tintindex":0},"down":{"uv":[9.1875,7.375,9.125,7.4375],"rotation":0,"texture":"#1","tintindex":0}}},{"from":[7.1445713,10.740511,9.258858],"to":[7.7125716,11.308511,9.826858],"rotation":{"angle":-45.0,"axis":"z","origin":[7.428571,11.02451,9.542857]},"faces":{"east":{"uv":[9.125,7.625,9.1875,7.6875],"rotation":0,"texture":"#1","tintindex":0},"south":{"uv":[9.125,7.75,9.1875,7.8125],"rotation":0,"texture":"#1","tintindex":0},"north":{"uv":[9.125,7.5,9.1875,7.5625],"rotation":0,"texture":"#1","tintindex":0},"west":{"uv":[9.125,7.875,9.1875,7.9375],"rotation":0,"texture":"#1","tintindex":0},"up":{"uv":[9.1875,8.0625,9.125,8.0],"rotation":0,"texture":"#1","tintindex":0},"down":{"uv":[8.25,9.125,8.1875,9.1875],"rotation":0,"texture":"#1","tintindex":0}}},{"from":[7.4257145,9.14,9.254286],"to":[8.5742855,11.431429,9.831429],"rotation":{"angle":0.0,"axis":"y","origin":[8.0,22.857143,10.971429]},"faces":{"east":{"uv":[5.3125,7.0625,5.375,7.3125],"rotation":0,"texture":"#1","tintindex":0},"south":{"uv":[1.3125,5.4375,1.4375,5.6875],"rotation":0,"texture":"#1","tintindex":0},"north":{"uv":[0.625,5.4375,0.75,5.6875],"rotation":0,"texture":"#1","tintindex":0},"west":{"uv":[7.0625,5.875,7.125,6.125],"rotation":0,"texture":"#1","tintindex":0},"up":{"uv":[8.5625,4.0,8.4375,3.9375],"rotation":0,"texture":"#1","tintindex":0},"down":{"uv":[8.5625,4.0625,8.4375,4.125],"rotation":0,"texture":"#1","tintindex":0}}},{"from":[8.467838,8.402572,6.5591426],"to":[8.749839,8.684571,6.635143],"rotation":{"angle":-45.0,"axis":"z","origin":[8.593839,8.528571,6.4471426]},"faces":{"east":{"uv":[0.1875,6.1875,0.25,6.25],"rotation":0,"texture":"#1","tintindex":0},"south":{"uv":[6.1875,4.8125,6.25,4.875],"rotation":0,"texture":"#1","tintindex":0},"north":{"uv":[6.0625,3.9375,6.0933437,3.9683437],"rotation":0,"texture":"#1","tintindex":0},"west":{"uv":[6.3125,1.5625,6.375,1.625],"rotation":0,"texture":"#1","tintindex":0},"up":{"uv":[6.5625,5.4375,6.5,5.375],"rotation":0,"texture":"#1","tintindex":0},"down":{"uv":[9.0625,4.3125,9.0,4.375],"rotation":0,"texture":"#1","tintindex":0}}},{"from":[8.467838,7.6025715,6.5591426],"to":[8.749839,7.8845716,6.635143],"rotation":{"angle":-45.0,"axis":"z","origin":[8.593839,7.7285714,6.4471426]},"faces":{"east":{"uv":[9.0,4.5625,9.0625,4.625],"rotation":0,"texture":"#1","tintindex":0},"south":{"uv":[9.0,4.6875,9.0625,4.75],"rotation":0,"texture":"#1","tintindex":0},"north":{"uv":[9.0,4.4375,9.030844,4.4683437],"rotation":0,"texture":"#1","tintindex":0},"west":{"uv":[9.0,4.8125,9.0625,4.875],"rotation":0,"texture":"#1","tintindex":0},"up":{"uv":[5.0,9.0625,4.9375,9.0],"rotation":0,"texture":"#1","tintindex":0},"down":{"uv":[9.0625,4.9375,9.0,5.0],"rotation":0,"texture":"#1","tintindex":0}}},{"from":[8.414456,7.7285714,6.556983],"to":[8.814456,8.528571,6.637303],"rotation":{"angle":0.0,"axis":"y","origin":[5.76252,7.3150234,3.9965267]},"faces":{"east":{"uv":[3.8125,0.625,3.875,0.6875],"rotation":0,"texture":"#1","tintindex":0},"south":{"uv":[0.1875,4.625,0.25,4.6875],"rotation":0,"texture":"#1","tintindex":0},"north":{"uv":[0.3125,9.0625,0.375,9.1875],"rotation":0,"texture":"#1","tintindex":0},"west":{"uv":[5.125,4.5,5.1875,4.5625],"rotation":0,"texture":"#1","tintindex":0},"up":{"uv":[0.0625,5.75,0.0,5.6875],"rotation":0,"texture":"#1","tintindex":0},"down":{"uv":[4.6875,5.75,4.625,5.8125],"rotation":0,"texture":"#1","tintindex":0}}},{"from":[7.814456,7.5857143,6.556983],"to":[8.214456,8.671429,6.637303],"rotation":{"angle":0.0,"axis":"y","origin":[5.16252,7.1721663,3.9965267]},"faces":{"east":{"uv":[8.3125,6.5,8.375,6.625],"rotation":0,"texture":"#1","tintindex":0},"south":{"uv":[8.3125,6.6875,8.375,6.8125],"rotation":0,"texture":"#1","tintindex":0},"north":{"uv":[8.3125,5.9375,8.35625,6.05625],"rotation":0,"texture":"#1","tintindex":0},"west":{"uv":[8.3125,7.9375,8.375,8.0625],"rotation":0,"texture":"#1","tintindex":0},"up":{"uv":[6.375,9.0625,6.3125,9.0],"rotation":0,"texture":"#1","tintindex":0},"down":{"uv":[6.5,9.0,6.4375,9.0625],"rotation":0,"texture":"#1","tintindex":0}}},{"from":[7.867839,7.4597144,6.5591426],"to":[8.149838,7.7417145,6.635143],"rotation":{"angle":-45.0,"axis":"z","origin":[7.993839,7.5857143,6.4471426]},"faces":{"east":{"uv":[9.0,5.6875,9.0625,5.75],"rotation":0,"texture":"#1","tintindex":0},"south":{"uv":[9.0,5.8125,9.0625,5.875],"rotation":0,"texture":"#1","tintindex":0},"north":{"uv":[5.625,9.0,5.6558437,9.030844],"rotation":0,"texture":"#1","tintindex":0},"west":{"uv":[9.0,5.9375,9.0625,6.0],"rotation":0,"texture":"#1","tintindex":0},"up":{"uv":[6.25,9.0625,6.1875,9.0],"rotation":0,"texture":"#1","tintindex":0},"down":{"uv":[9.0625,6.25,9.0,6.3125],"rotation":0,"texture":"#1","tintindex":0}}},{"from":[7.867839,8.545428,6.5591426],"to":[8.149838,8.827429,6.635143],"rotation":{"angle":-45.0,"axis":"z","origin":[7.993839,8.671429,6.4471426]},"faces":{"east":{"uv":[5.1875,9.0,5.25,9.0625],"rotation":0,"texture":"#1","tintindex":0},"south":{"uv":[5.3125,9.0,5.375,9.0625],"rotation":0,"texture":"#1","tintindex":0},"north":{"uv":[5.0625,9.0,5.0933437,9.030844],"rotation":0,"texture":"#1","tintindex":0},"west":{"uv":[9.0,5.3125,9.0625,5.375],"rotation":0,"texture":"#1","tintindex":0},"up":{"uv":[9.0625,5.5,9.0,5.4375],"rotation":0,"texture":"#1","tintindex":0},"down":{"uv":[9.0625,5.5625,9.0,5.625],"rotation":0,"texture":"#1","tintindex":0}}},{"from":[7.214456,7.7285714,6.556983],"to":[7.614456,8.528571,6.637303],"rotation":{"angle":0.0,"axis":"y","origin":[4.56252,7.3150234,3.9965267]},"faces":{"east":{"uv":[9.0625,0.375,9.125,0.4375],"rotation":0,"texture":"#1","tintindex":0},"south":{"uv":[9.0625,0.5,9.125,0.5625],"rotation":0,"texture":"#1","tintindex":0},"north":{"uv":[0.3125,9.0625,0.375,9.1875],"rotation":0,"texture":"#1","tintindex":0},"west":{"uv":[0.5625,9.0625,0.625,9.125],"rotation":0,"texture":"#1","tintindex":0},"up":{"uv":[1.0,9.125,0.9375,9.0625],"rotation":0,"texture":"#1","tintindex":0},"down":{"uv":[1.25,9.0625,1.1875,9.125],"rotation":0,"texture":"#1","tintindex":0}}},{"from":[7.2678385,7.6025715,6.5591426],"to":[7.5498385,7.8845716,6.635143],"rotation":{"angle":-45.0,"axis":"z","origin":[7.393839,7.7285714,6.4471426]},"faces":{"east":{"uv":[8.1875,9.0,8.25,9.0625],"rotation":0,"texture":"#1","tintindex":0},"south":{"uv":[9.0,8.5,9.0625,8.5625],"rotation":0,"texture":"#1","tintindex":0},"north":{"uv":[9.0,8.0,9.030844,8.030844],"rotation":0,"texture":"#1","tintindex":0},"west":{"uv":[8.8125,9.0,8.875,9.0625],"rotation":0,"texture":"#1","tintindex":0},"up":{"uv":[9.125,0.0625,9.0625,0.0],"rotation":0,"texture":"#1","tintindex":0},"down":{"uv":[0.25,9.0625,0.1875,9.125],"rotation":0,"texture":"#1","tintindex":0}}},{"from":[7.2678385,8.402572,6.5591426],"to":[7.5498385,8.684571,6.635143],"rotation":{"angle":-45.0,"axis":"z","origin":[7.393839,8.528571,6.4471426]},"faces":{"east":{"uv":[9.0,6.625,9.0625,6.6875],"rotation":0,"texture":"#1","tintindex":0},"south":{"uv":[9.0,6.75,9.0625,6.8125],"rotation":0,"texture":"#1","tintindex":0},"north":{"uv":[6.5625,9.0,6.5933437,9.030844],"rotation":0,"texture":"#1","tintindex":0},"west":{"uv":[9.0,7.0,9.0625,7.0625],"rotation":0,"texture":"#1","tintindex":0},"up":{"uv":[9.0625,7.3125,9.0,7.25],"rotation":0,"texture":"#1","tintindex":0},"down":{"uv":[9.0625,7.875,9.0,7.9375],"rotation":0,"texture":"#1","tintindex":0}}},{"from":[7.425143,7.568,6.568],"to":[8.574857,8.717714,6.7177143],"rotation":{"angle":0.0,"axis":"y","origin":[8.0,0.7142854,7.9714284]},"faces":{"east":{"uv":[8.3125,5.75,8.375,5.875],"rotation":0,"texture":"#1","tintindex":0},"south":{"uv":[2.875,6.875,3.0,7.0],"rotation":0,"texture":"#1","tintindex":0},"north":{"uv":[2.4375,6.875,2.5625,7.0],"rotation":0,"texture":"#1","tintindex":0},"west":{"uv":[5.875,8.3125,5.9375,8.4375],"rotation":0,"texture":"#1","tintindex":0},"up":{"uv":[4.6875,4.4375,4.5625,4.375],"rotation":0,"texture":"#1","tintindex":0},"down":{"uv":[5.8125,1.0,5.6875,1.0625],"rotation":0,"texture":"#1","tintindex":0}}},{"from":[5.988571,9.474286,6.845714],"to":[10.011429,10.582857,9.154285],"rotation":{"angle":0.0,"axis":"y","origin":[8.0,1.1428566,8.0]},"faces":{"east":{"uv":[5.625,2.0625,5.875,2.1875],"rotation":0,"texture":"#1","tintindex":0},"south":{"uv":[3.875,1.375,4.375,1.5],"rotation":0,"texture":"#1","tintindex":0},"north":{"uv":[1.875,3.8125,2.375,3.93125],"rotation":0,"texture":"#1","tintindex":0},"west":{"uv":[5.6875,0.5625,5.9375,0.6875],"rotation":0,"texture":"#1","tintindex":0},"up":{"uv":[0.9375,3.0,0.4375,2.75],"rotation":0,"texture":"#1","tintindex":0},"down":{"uv":[3.25,0.875,2.75,1.125],"rotation":0,"texture":"#1","tintindex":0}}},{"from":[5.3828573,8.104285,6.8114285],"to":[10.617143,9.338572,9.188572],"rotation":{"angle":0.0,"axis":"y","origin":[8.0,1.1428566,8.0]},"faces":{"east":{"uv":[5.6875,1.5625,5.9375,1.6875],"rotation":0,"texture":"#1","tintindex":0},"south":{"uv":[3.875,3.125,4.375,3.25],"rotation":0,"texture":"#1","tintindex":0},"north":{"uv":[3.875,1.5625,4.375,1.6875],"rotation":0,"texture":"#1","tintindex":0},"west":{"uv":[3.125,5.6875,3.375,5.8125],"rotation":0,"texture":"#1","tintindex":0},"up":{"uv":[1.5,3.0,1.0,2.75],"rotation":0,"texture":"#1","tintindex":0},"down":{"uv":[3.25,1.1875,2.75,1.4375],"rotation":0,"texture":"#1","tintindex":0}}},{"from":[6.0,9.714286,6.857143],"to":[6.5714283,10.285714,9.142858],"rotation":{"angle":0.0,"axis":"y","origin":[8.0,1.1428566,8.0]},"faces":{"east":{"uv":[6.25,6.875,6.5,6.9375],"rotation":0,"texture":"#1","tintindex":0},"south":{"uv":[1.6875,9.0625,1.75,9.125],"rotation":0,"texture":"#1","tintindex":0},"north":{"uv":[1.5625,9.0625,1.625,9.125],"rotation":0,"texture":"#1","tintindex":0},"west":{"uv":[6.5625,6.875,6.8125,6.9375],"rotation":0,"texture":"#1","tintindex":0},"up":{"uv":[6.9375,7.125,6.875,6.875],"rotation":0,"texture":"#1","tintindex":0},"down":{"uv":[0.0625,6.9375,0.0,7.1875],"rotation":0,"texture":"#1","tintindex":0}}},{"from":[5.5714283,8.571428,6.857143],"to":[6.142857,9.714286,9.142858],"rotation":{"angle":0.0,"axis":"y","origin":[7.5714283,0.5714283,8.0]},"faces":{"east":{"uv":[5.6875,4.9375,5.9375,5.0625],"rotation":0,"texture":"#1","tintindex":0},"south":{"uv":[8.8125,2.5625,8.875,2.6875],"rotation":0,"texture":"#1","tintindex":0},"north":{"uv":[8.8125,2.375,8.875,2.5],"rotation":0,"texture":"#1","tintindex":0},"west":{"uv":[5.6875,5.5,5.9375,5.625],"rotation":0,"texture":"#1","tintindex":0},"up":{"uv":[7.5,4.9375,7.4375,4.6875],"rotation":0,"texture":"#1","tintindex":0},"down":{"uv":[4.8125,7.4375,4.75,7.6875],"rotation":0,"texture":"#1","tintindex":0}}},{"from":[7.849165,13.06106,6.862857],"to":[8.706308,13.632488,8.937143],"rotation":{"angle":-45.0,"axis":"z","origin":[2.6491647,13.518203,8.851429]},"faces":{"east":{"uv":[7.4375,4.25,7.6875,4.3125],"rotation":0,"texture":"#1","tintindex":0},"south":{"uv":[8.1875,9.25,8.25,9.3125],"rotation":0,"texture":"#1","tintindex":0},"north":{"uv":[9.25,8.0,9.34375,8.0625],"rotation":0,"texture":"#1","tintindex":0},"west":{"uv":[7.4375,4.375,7.6875,4.4375],"rotation":0,"texture":"#1","tintindex":0},"up":{"uv":[4.9375,7.6875,4.875,7.4375],"rotation":0,"texture":"#1","tintindex":0},"down":{"uv":[7.5,5.0,7.4375,5.25],"rotation":0,"texture":"#1","tintindex":0}}},{"from":[7.293692,13.06106,6.862857],"to":[8.150835,13.632488,8.937143],"rotation":{"angle":45.0,"axis":"z","origin":[13.350836,13.518203,8.851429]},"faces":{"east":{"uv":[7.1875,1.625,7.4375,1.6875],"rotation":0,"texture":"#1","tintindex":0},"south":{"uv":[9.1875,0.25,9.25,0.3125],"rotation":0,"texture":"#1","tintindex":0},"north":{"uv":[0.25,9.1875,0.34375,9.25],"rotation":0,"texture":"#1","tintindex":0},"west":{"uv":[2.5625,7.1875,2.8125,7.25],"rotation":0,"texture":"#1","tintindex":0},"up":{"uv":[2.0625,7.4375,2.0,7.1875],"rotation":0,"texture":"#1","tintindex":0},"down":{"uv":[2.9375,7.1875,2.875,7.4375],"rotation":0,"texture":"#1","tintindex":0}}},{"from":[6.857143,8.571428,9.107143],"to":[9.142858,11.428572,9.678572],"rotation":{"angle":0.0,"axis":"y","origin":[8.0,-3.4285717,7.964286]},"faces":{"east":{"uv":[6.0,6.6875,6.0625,7.0],"rotation":0,"texture":"#1","tintindex":0},"south":{"uv":[3.3125,2.0625,3.5625,2.375],"rotation":0,"texture":"#1","tintindex":0},"north":{"uv":[3.3125,0.8125,3.5625,1.125],"rotation":0,"texture":"#1","tintindex":0},"west":{"uv":[6.125,6.6875,6.1875,7.0],"rotation":0,"texture":"#1","tintindex":0},"up":{"uv":[7.3125,6.25,7.0625,6.1875],"rotation":0,"texture":"#1","tintindex":0},"down":{"uv":[7.3125,6.3125,7.0625,6.375],"rotation":0,"texture":"#1","tintindex":0}}},{"from":[6.862857,7.717143,8.991653],"to":[9.137143,8.854286,9.557367],"rotation":{"angle":45.0,"axis":"x","origin":[8.285714,8.571428,9.27451]},"faces":{"east":{"uv":[2.4375,3.1875,2.5,3.3125],"rotation":0,"texture":"#1","tintindex":0},"south":{"uv":[5.1875,1.875,5.4375,2.0],"rotation":0,"texture":"#1","tintindex":0},"north":{"uv":[5.0625,0.625,5.311875,0.75],"rotation":0,"texture":"#1","tintindex":0},"west":{"uv":[4.875,5.4375,4.9375,5.5625],"rotation":0,"texture":"#1","tintindex":0},"up":{"uv":[7.0625,4.3125,6.8125,4.25],"rotation":0,"texture":"#1","tintindex":0},"down":{"uv":[7.0625,4.375,6.8125,4.4375],"rotation":0,"texture":"#1","tintindex":0}}},{"from":[5.337143,7.6657143,6.5942855],"to":[10.662857,8.42,9.348572],"rotation":{"angle":0.0,"axis":"y","origin":[8.0,0.8999996,7.9714284]},"faces":{"east":{"uv":[6.6875,3.8125,7.0,3.875],"rotation":0,"texture":"#1","tintindex":0},"south":{"uv":[5.1875,2.3125,5.6875,2.375],"rotation":0,"texture":"#1","tintindex":0},"north":{"uv":[5.125,1.625,5.625,1.6875],"rotation":0,"texture":"#1","tintindex":0},"west":{"uv":[6.6875,5.625,7.0,5.6875],"rotation":0,"texture":"#1","tintindex":0},"up":{"uv":[2.75,1.9375,2.25,1.625],"rotation":0,"texture":"#1","tintindex":0},"down":{"uv":[2.75,2.0,2.25,2.3125],"rotation":0,"texture":"#1","tintindex":0}}},{"from":[6.0,8.0,6.857143],"to":[7.714286,8.571428,9.142858],"rotation":{"angle":0.0,"axis":"y","origin":[8.0,-0.57142925,8.0]},"faces":{"east":{"uv":[6.8125,5.5,7.0625,5.5625],"rotation":0,"texture":"#1","tintindex":0},"south":{"uv":[6.0625,5.875,6.25,5.9375],"rotation":0,"texture":"#1","tintindex":0},"north":{"uv":[6.0625,0.375,6.25,0.4375],"rotation":0,"texture":"#1","tintindex":0},"west":{"uv":[2.125,6.875,2.375,6.9375],"rotation":0,"texture":"#1","tintindex":0},"up":{"uv":[4.625,0.5625,4.4375,0.3125],"rotation":0,"texture":"#1","tintindex":0},"down":{"uv":[1.125,4.4375,0.9375,4.6875],"rotation":0,"texture":"#1","tintindex":0}}},{"from":[6.5714283,8.571428,6.942857],"to":[7.714286,9.714286,9.057143],"rotation":{"angle":0.0,"axis":"y","origin":[8.571428,0.5714283,8.0]},"faces":{"east":{"uv":[5.375,4.75,5.625,4.875],"rotation":0,"texture":"#1","tintindex":0},"south":{"uv":[2.375,7.0625,2.5,7.1875],"rotation":0,"texture":"#1","tintindex":0},"north":{"uv":[1.8125,7.0625,1.9375,7.1875],"rotation":0,"texture":"#1","tintindex":0},"west":{"uv":[5.375,4.9375,5.625,5.0625],"rotation":0,"texture":"#1","tintindex":0},"up":{"uv":[4.5,5.625,4.375,5.375],"rotation":0,"texture":"#1","tintindex":0},"down":{"uv":[5.125,5.375,5.0,5.625],"rotation":0,"texture":"#1","tintindex":0}}},{"from":[9.857143,8.571428,6.857143],"to":[10.428572,9.714286,9.142858],"rotation":{"angle":0.0,"axis":"y","origin":[8.428572,0.5714283,8.0]},"faces":{"east":{"uv":[5.25,1.125,5.5,1.25],"rotation":0,"texture":"#1","tintindex":0},"south":{"uv":[8.3125,2.0625,8.375,2.1875],"rotation":0,"texture":"#1","tintindex":0},"north":{"uv":[1.375,5.9375,1.4375,6.0625],"rotation":0,"texture":"#1","tintindex":0},"west":{"uv":[5.25,3.125,5.5,3.25],"rotation":0,"texture":"#1","tintindex":0},"up":{"uv":[2.0625,3.125,2.0,2.875],"rotation":0,"texture":"#1","tintindex":0},"down":{"uv":[0.625,4.4375,0.5625,4.6875],"rotation":0,"texture":"#1","tintindex":0}}},{"from":[8.285714,8.571428,6.942857],"to":[9.428572,9.714286,9.057143],"rotation":{"angle":0.0,"axis":"y","origin":[7.428571,0.5714283,8.0]},"faces":{"east":{"uv":[5.25,3.875,5.5,4.0],"rotation":0,"texture":"#1","tintindex":0},"south":{"uv":[6.875,0.3125,7.0,0.4375],"rotation":0,"texture":"#1","tintindex":0},"north":{"uv":[6.8125,5.3125,6.9375,5.4375],"rotation":0,"texture":"#1","tintindex":0},"west":{"uv":[5.25,4.0625,5.5,4.1875],"rotation":0,"texture":"#1","tintindex":0},"up":{"uv":[2.75,5.5,2.625,5.25],"rotation":0,"texture":"#1","tintindex":0},"down":{"uv":[5.375,4.25,5.25,4.5],"rotation":0,"texture":"#1","tintindex":0}}},{"from":[8.571428,8.0,6.857143],"to":[10.285714,8.571428,9.142858],"rotation":{"angle":0.0,"axis":"y","origin":[8.285714,-0.57142925,8.0]},"faces":{"east":{"uv":[6.8125,4.75,7.0625,4.8125],"rotation":0,"texture":"#1","tintindex":0},"south":{"uv":[5.625,3.75,5.8125,3.8125],"rotation":0,"texture":"#1","tintindex":0},"north":{"uv":[1.0,4.0,1.1875,4.0625],"rotation":0,"texture":"#1","tintindex":0},"west":{"uv":[6.8125,4.875,7.0625,4.9375],"rotation":0,"texture":"#1","tintindex":0},"up":{"uv":[4.625,0.25,4.4375,0.0],"rotation":0,"texture":"#1","tintindex":0},"down":{"uv":[0.5,4.4375,0.3125,4.6875],"rotation":0,"texture":"#1","tintindex":0}}},{"from":[5.8594284,9.598225,6.8594284],"to":[6.1405716,10.283428,9.140572],"rotation":{"angle":-45.0,"axis":"z","origin":[5.8571424,10.0,8.0]},"faces":{"east":{"uv":[5.0,6.875,4.75,6.9375],"rotation":0,"texture":"#1","tintindex":0},"south":{"uv":[1.5,9.0625,1.4375,9.125],"rotation":0,"texture":"#1","tintindex":0},"north":{"uv":[1.375,9.0625,1.3125,9.125],"rotation":0,"texture":"#1","tintindex":0},"west":{"uv":[4.5,6.875,4.25,6.9375],"rotation":0,"texture":"#1","tintindex":0},"up":{"uv":[2.625,7.125,2.6875,6.875],"rotation":0,"texture":"#1","tintindex":0},"down":{"uv":[3.0625,6.875,3.125,7.125],"rotation":0,"texture":"#1","tintindex":0}}},{"from":[9.859428,9.598225,6.8594284],"to":[10.140572,10.283428,9.140572],"rotation":{"angle":45.0,"axis":"z","origin":[10.142858,10.0,8.0]},"faces":{"east":{"uv":[4.25,6.875,4.5,6.9375],"rotation":0,"texture":"#1","tintindex":0},"south":{"uv":[1.4375,9.0625,1.5,9.125],"rotation":0,"texture":"#1","tintindex":0},"north":{"uv":[1.3125,9.0625,1.375,9.125],"rotation":0,"texture":"#1","tintindex":0},"west":{"uv":[4.75,6.875,5.0,6.9375],"rotation":0,"texture":"#1","tintindex":0},"up":{"uv":[2.6875,7.125,2.625,6.875],"rotation":0,"texture":"#1","tintindex":0},"down":{"uv":[3.125,6.875,3.0625,7.125],"rotation":0,"texture":"#1","tintindex":0}}},{"from":[6.0182858,8.575429,6.8897142],"to":[9.981714,10.396,9.110286],"rotation":{"angle":0.0,"axis":"y","origin":[8.0,0.5714283,8.0]},"faces":{"east":{"uv":[8.5625,7.0,15.5,7.875],"rotation":0,"texture":"#2","tintindex":0},"south":{"uv":[8.5625,7.0,15.5,7.875],"rotation":0,"texture":"#2","tintindex":0},"north":{"uv":[8.5625,7.0,15.5,7.875],"rotation":0,"texture":"#2","tintindex":0},"west":{"uv":[8.5625,7.0,15.5,7.875],"rotation":0,"texture":"#2","tintindex":0},"up":{"uv":[8.5625,7.0,15.5,7.875],"rotation":0,"texture":"#2","tintindex":0},"down":{"uv":[8.5625,7.0,15.5,7.875],"rotation":0,"texture":"#2","tintindex":0}}},{"from":[6.0142856,10.285714,6.885714],"to":[9.985714,10.857143,9.114285],"rotation":{"angle":0.0,"axis":"y","origin":[8.0,1.1428566,8.0]},"faces":{"east":{"uv":[8.5625,7.0,15.5,7.875],"rotation":0,"texture":"#2","tintindex":0},"south":{"uv":[8.5625,7.0,15.5,7.875],"rotation":0,"texture":"#2","tintindex":0},"north":{"uv":[8.5625,7.0,15.5,7.875],"rotation":0,"texture":"#2","tintindex":0},"west":{"uv":[8.5625,7.0,15.5,7.875],"rotation":0,"texture":"#2","tintindex":0},"up":{"uv":[8.5625,7.0,15.5,7.875],"rotation":0,"texture":"#2","tintindex":0},"down":{"uv":[8.5625,7.0,15.5,7.875],"rotation":0,"texture":"#2","tintindex":0}}}],"textures":{"1":"modelengine:entity/fallendefender","2":"modelengine:entity/boneshadingdefender"},"display":{"head":{"translation":[0.0,-6.4,0.0],"scale":[4.0,4.0,4.0]}}}