{"elements":[{"from":[5.8,6.942857,6.6857142],"to":[8.085714,8.657143,8.971429],"rotation":{"angle":0.0,"axis":"y","origin":[11.514286,6.6571426,6.9714284]},"faces":{"east":{"uv":[9.75,7.75,10.75,8.5],"rotation":0,"texture":"#1","tintindex":0},"south":{"uv":[8.75,9.75,9.75,10.5],"rotation":0,"texture":"#1","tintindex":0},"north":{"uv":[7.75,9.75,8.75,10.5],"rotation":0,"texture":"#1","tintindex":0},"west":{"uv":[9.75,9.75,10.75,10.5],"rotation":0,"texture":"#1","tintindex":0},"up":{"uv":[9.25,9.75,8.25,8.75],"rotation":0,"texture":"#1","tintindex":0},"down":{"uv":[1.0,9.0,0.0,10.0],"rotation":0,"texture":"#1","tintindex":0}}},{"from":[2.371428,6.942857,7.257143],"to":[5.8,8.085714,8.971429],"rotation":{"angle":0.0,"axis":"y","origin":[11.514286,6.6571426,6.9714284]},"faces":{"east":{"uv":[5.75,10.5,6.5,11.0],"rotation":0,"texture":"#1","tintindex":0},"south":{"uv":[0.0,10.0,1.5,10.5],"rotation":0,"texture":"#1","tintindex":0},"north":{"uv":[6.0,1.25,7.5,1.75],"rotation":0,"texture":"#1","tintindex":0},"west":{"uv":[6.5,10.5,7.25,11.0],"rotation":0,"texture":"#1","tintindex":0},"up":{"uv":[5.5,2.5,4.0,1.75],"rotation":0,"texture":"#1","tintindex":0},"down":{"uv":[10.25,2.0,8.75,2.75],"rotation":0,"texture":"#1","tintindex":0}}}],"textures":{"1":"modelengine:entity/azriel_follower"},"display":{"head":{"translation":[0.0,-6.4,0.0],"scale":[4.0,4.0,4.0]}}}