{"elements":[{"from":[4.5714283,8.0,4.5714283],"to":[11.428572,9.714286,11.428572],"rotation":{"angle":0.0,"axis":"y","origin":[8.0,5.714286,8.0]},"faces":{"east":{"uv":[7.0,3.75,10.0,4.5],"rotation":0,"texture":"#0","tintindex":0},"south":{"uv":[4.0,7.0,7.0,7.75],"rotation":0,"texture":"#0","tintindex":0},"north":{"uv":[7.0,3.0,10.0,3.75],"rotation":0,"texture":"#0","tintindex":0},"west":{"uv":[7.0,4.5,10.0,5.25],"rotation":0,"texture":"#0","tintindex":0},"up":{"uv":[7.0,3.0,4.0,0.0],"rotation":0,"texture":"#0","tintindex":0},"down":{"uv":[7.0,3.0,4.0,6.0],"rotation":0,"texture":"#0","tintindex":0}}},{"from":[4.5714283,7.428571,4.5714283],"to":[11.428572,8.0,11.428572],"rotation":{"angle":0.0,"axis":"y","origin":[8.0,5.714286,8.0]},"faces":{"east":{"uv":[7.0,4.5,10.0,4.25],"rotation":0,"texture":"#0","tintindex":0},"south":{"uv":[4.0,7.75,7.0,7.5],"rotation":0,"texture":"#0","tintindex":0},"north":{"uv":[7.0,3.75,10.0,3.5],"rotation":0,"texture":"#0","tintindex":0},"west":{"uv":[7.0,5.25,10.0,5.0],"rotation":0,"texture":"#0","tintindex":0},"up":{"uv":[7.0,6.0,4.0,3.0],"rotation":0,"texture":"#0","tintindex":0},"down":{"uv":[7.0,3.0,4.0,6.0],"rotation":0,"texture":"#0","tintindex":0}}},{"from":[11.571428,9.857143,11.571428],"to":[4.428571,7.285714,4.428571],"rotation":{"angle":0.0,"axis":"y","origin":[8.0,5.714286,8.0]},"faces":{"east":{"uv":[15.75,15.75,16.0,16.0],"rotation":0,"texture":"#0","tintindex":0},"south":{"uv":[15.75,15.75,16.0,16.0],"rotation":0,"texture":"#0","tintindex":0},"north":{"uv":[15.75,15.75,16.0,16.0],"rotation":0,"texture":"#0","tintindex":0},"west":{"uv":[15.75,15.75,16.0,16.0],"rotation":0,"texture":"#0","tintindex":0},"up":{"uv":[15.75,15.75,16.0,16.0],"rotation":0,"texture":"#0","tintindex":0},"down":{"uv":[15.75,15.75,16.0,16.0],"rotation":0,"texture":"#0","tintindex":0}}}],"textures":{"0":"modelengine:entity/slimeling"},"display":{"head":{"translation":[0.0,-6.4,0.0],"scale":[4.0,4.0,4.0]}}}