{"elements":[{"from":[7.2,13.598323,6.6],"to":[9.6,18.398323,9.0],"rotation":{"angle":-45.0,"axis":"y","origin":[8.0,14.798323,7.4]},"faces":{"east":{"uv":[2.75,5.25,3.5,6.75],"rotation":0,"texture":"#0","tintindex":0},"south":{"uv":[5.25,4.5,6.0,6.0],"rotation":0,"texture":"#0","tintindex":0},"north":{"uv":[2.0,5.25,2.75,6.75],"rotation":0,"texture":"#0","tintindex":0},"west":{"uv":[5.625,0.0,6.375,1.5],"rotation":0,"texture":"#0","tintindex":0},"up":{"uv":[7.125,0.75,6.375,0.0],"rotation":0,"texture":"#0","tintindex":0},"down":{"uv":[7.125,0.75,6.375,1.5],"rotation":0,"texture":"#0","tintindex":0}}},{"from":[6.4,16.398323,7.6],"to":[9.6,17.998322,8.4],"rotation":{"angle":0.0,"axis":"y","origin":[5.5974913,17.596645,8.0]},"faces":{"east":{"uv":[4.5,7.875,4.75,8.375],"rotation":0,"texture":"#0","tintindex":0},"south":{"uv":[6.75,4.5,7.75,5.0],"rotation":0,"texture":"#0","tintindex":0},"north":{"uv":[2.5,6.75,3.5,7.25],"rotation":0,"texture":"#0","tintindex":0},"west":{"uv":[7.875,5.25,8.125,5.75],"rotation":0,"texture":"#0","tintindex":0},"up":{"uv":[6.625,2.875,5.625,2.625],"rotation":0,"texture":"#0","tintindex":0},"down":{"uv":[7.625,2.625,6.625,2.875],"rotation":0,"texture":"#0","tintindex":0}}},{"from":[8.836748,14.957846,7.6],"to":[10.4367485,16.557846,8.4],"rotation":{"angle":22.5,"axis":"z","origin":[5.5974913,17.596645,8.0]},"faces":{"east":{"uv":[7.875,5.75,8.125,6.25],"rotation":0,"texture":"#0","tintindex":0},"south":{"uv":[5.875,7.5,6.375,8.0],"rotation":0,"texture":"#0","tintindex":0},"north":{"uv":[7.5,3.875,8.0,4.375],"rotation":0,"texture":"#0","tintindex":0},"west":{"uv":[7.875,7.625,8.125,8.125],"rotation":0,"texture":"#0","tintindex":0},"up":{"uv":[7.625,1.5,7.125,1.25],"rotation":0,"texture":"#0","tintindex":0},"down":{"uv":[8.5,3.25,8.0,3.5],"rotation":0,"texture":"#0","tintindex":0}}},{"from":[9.058557,13.306808,7.6],"to":[10.658557,14.906809,8.4],"rotation":{"angle":45.0,"axis":"z","origin":[5.5974913,17.596645,8.0]},"faces":{"east":{"uv":[8.0,3.5,8.25,4.0],"rotation":0,"texture":"#0","tintindex":0},"south":{"uv":[6.875,7.625,7.375,8.125],"rotation":0,"texture":"#0","tintindex":0},"north":{"uv":[6.375,7.5,6.875,8.0],"rotation":0,"texture":"#0","tintindex":0},"west":{"uv":[4.75,8.0,5.0,8.5],"rotation":0,"texture":"#0","tintindex":0},"up":{"uv":[8.5,4.25,8.0,4.0],"rotation":0,"texture":"#0","tintindex":0},"down":{"uv":[6.25,8.0,5.75,8.25],"rotation":0,"texture":"#0","tintindex":0}}},{"from":[9.897571,20.630812,7.6],"to":[11.49757,22.230812,8.4],"rotation":{"angle":-22.5,"axis":"z","origin":[5.5974913,17.596645,8.0]},"faces":{"east":{"uv":[5.0,8.0,5.25,8.5],"rotation":0,"texture":"#0","tintindex":0},"south":{"uv":[7.75,0.0,8.25,0.5],"rotation":0,"texture":"#0","tintindex":0},"north":{"uv":[7.375,7.625,7.875,8.125],"rotation":0,"texture":"#0","tintindex":0},"west":{"uv":[6.25,8.0,6.5,8.5],"rotation":0,"texture":"#0","tintindex":0},"up":{"uv":[8.625,2.875,8.125,2.625],"rotation":0,"texture":"#0","tintindex":0},"down":{"uv":[8.625,2.875,8.125,3.125],"rotation":0,"texture":"#0","tintindex":0}}},{"from":[11.221871,19.620193,7.6],"to":[12.821872,21.620193,8.4],"rotation":{"angle":0.0,"axis":"y","origin":[5.5974913,17.596645,8.0]},"faces":{"east":{"uv":[7.875,2.625,8.125,3.25],"rotation":0,"texture":"#0","tintindex":0},"south":{"uv":[7.5,3.25,8.0,3.875],"rotation":0,"texture":"#0","tintindex":0},"north":{"uv":[7.375,5.0,7.875,5.625],"rotation":0,"texture":"#0","tintindex":0},"west":{"uv":[4.25,7.875,4.5,8.5],"rotation":0,"texture":"#0","tintindex":0},"up":{"uv":[8.625,5.5,8.125,5.25],"rotation":0,"texture":"#0","tintindex":0},"down":{"uv":[8.625,5.5,8.125,5.75],"rotation":0,"texture":"#0","tintindex":0}}},{"from":[6.539365,24.181822,7.6],"to":[8.139365,25.781822,8.4],"rotation":{"angle":-22.5,"axis":"z","origin":[5.5974913,17.596645,8.0]},"faces":{"east":{"uv":[6.5,8.0,6.75,8.5],"rotation":0,"texture":"#0","tintindex":0},"south":{"uv":[7.75,1.0,8.25,1.5],"rotation":0,"texture":"#0","tintindex":0},"north":{"uv":[7.75,0.5,8.25,1.0],"rotation":0,"texture":"#0","tintindex":0},"west":{"uv":[8.125,5.75,8.375,6.25],"rotation":0,"texture":"#0","tintindex":0},"up":{"uv":[7.25,8.375,6.75,8.125],"rotation":0,"texture":"#0","tintindex":0},"down":{"uv":[7.75,8.125,7.25,8.375],"rotation":0,"texture":"#0","tintindex":0}}},{"from":[4.813545,24.531496,7.6],"to":[6.4135456,26.131496,8.4],"rotation":{"angle":-45.0,"axis":"z","origin":[5.5974913,17.596645,8.0]},"faces":{"east":{"uv":[8.125,7.25,8.375,7.75],"rotation":0,"texture":"#0","tintindex":0},"south":{"uv":[5.25,7.75,5.75,8.25],"rotation":0,"texture":"#0","tintindex":0},"north":{"uv":[7.75,4.375,8.25,4.875],"rotation":0,"texture":"#0","tintindex":0},"west":{"uv":[7.75,8.125,8.0,8.625],"rotation":0,"texture":"#0","tintindex":0},"up":{"uv":[8.625,8.0,8.125,7.75],"rotation":0,"texture":"#0","tintindex":0},"down":{"uv":[8.5,8.125,8.0,8.375],"rotation":0,"texture":"#0","tintindex":0}}},{"from":[12.194954,18.508856,7.6],"to":[13.794954,20.108856,8.4],"rotation":{"angle":22.5,"axis":"z","origin":[5.5974913,17.596645,8.0]},"faces":{"east":{"uv":[8.25,0.0,8.5,0.5],"rotation":0,"texture":"#0","tintindex":0},"south":{"uv":[7.75,6.75,8.25,7.25],"rotation":0,"texture":"#0","tintindex":0},"north":{"uv":[7.75,6.25,8.25,6.75],"rotation":0,"texture":"#0","tintindex":0},"west":{"uv":[8.25,0.5,8.5,1.0],"rotation":0,"texture":"#0","tintindex":0},"up":{"uv":[8.75,1.25,8.25,1.0],"rotation":0,"texture":"#0","tintindex":0},"down":{"uv":[8.75,1.25,8.25,1.5],"rotation":0,"texture":"#0","tintindex":0}}},{"from":[12.021872,18.020195,8.0],"to":[17.221872,23.220196,8.0],"rotation":{"angle":0.0,"axis":"y","origin":[5.5974913,17.596645,8.0]},"faces":{"east":{"uv":[0.0,0.0,0.0,1.625],"rotation":0,"texture":"#0","tintindex":0},"south":{"uv":[5.125,0.0,3.5,1.625],"rotation":0,"texture":"#0","tintindex":0},"north":{"uv":[3.5,0.0,5.125,1.625],"rotation":0,"texture":"#0","tintindex":0},"west":{"uv":[0.0,0.0,0.0,1.625],"rotation":0,"texture":"#0","tintindex":0},"up":{"uv":[1.625,0.0,0.0,0.0],"rotation":0,"texture":"#0","tintindex":0},"down":{"uv":[1.625,0.0,0.0,0.0],"rotation":0,"texture":"#0","tintindex":0}}},{"from":[8.021872,16.420195,7.56],"to":[12.821872,24.820194,7.56],"rotation":{"angle":0.0,"axis":"y","origin":[5.5974913,17.596645,8.0]},"faces":{"east":{"uv":[0.0,0.0,0.0,2.625],"rotation":0,"texture":"#0","tintindex":0},"south":{"uv":[2.0,2.625,3.5,5.25],"rotation":0,"texture":"#0","tintindex":0},"north":{"uv":[2.0,0.0,3.5,2.625],"rotation":0,"texture":"#0","tintindex":0},"west":{"uv":[0.0,0.0,0.0,2.625],"rotation":0,"texture":"#0","tintindex":0},"up":{"uv":[1.5,0.0,0.0,0.0],"rotation":0,"texture":"#0","tintindex":0},"down":{"uv":[1.5,0.0,0.0,0.0],"rotation":0,"texture":"#0","tintindex":0}}},{"from":[3.6970563,13.846851,7.3656855],"to":[12.497057,15.046851,8.565685],"rotation":{"angle":45.0,"axis":"x","origin":[8.497056,14.446852,7.9656854]},"faces":{"east":{"uv":[7.75,7.25,8.125,7.625],"rotation":0,"texture":"#0","tintindex":0},"south":{"uv":[5.625,1.5,8.375,1.875],"rotation":0,"texture":"#0","tintindex":0},"north":{"uv":[5.125,2.875,7.875,3.25],"rotation":0,"texture":"#0","tintindex":0},"west":{"uv":[7.875,4.875,8.25,5.25],"rotation":0,"texture":"#0","tintindex":0},"up":{"uv":[8.375,2.25,5.625,1.875],"rotation":0,"texture":"#0","tintindex":0},"down":{"uv":[8.375,2.25,5.625,2.625],"rotation":0,"texture":"#0","tintindex":0}}},{"from":[6.0970564,8.432956,6.1179266],"to":[10.097056,12.832956,6.1179266],"rotation":{"angle":0.0,"axis":"y","origin":[8.097056,7.232956,8.517926]},"faces":{"east":{"uv":[0.0,0.0,0.0,1.375],"rotation":0,"texture":"#0","tintindex":0},"south":{"uv":[3.5,4.625,4.75,6.0],"rotation":0,"texture":"#0","tintindex":0},"north":{"uv":[3.5,3.25,4.75,4.625],"rotation":0,"texture":"#0","tintindex":0},"west":{"uv":[0.0,0.0,0.0,1.375],"rotation":0,"texture":"#0","tintindex":0},"up":{"uv":[1.25,0.0,0.0,0.0],"rotation":0,"texture":"#0","tintindex":0},"down":{"uv":[1.25,0.0,0.0,0.0],"rotation":0,"texture":"#0","tintindex":0}}},{"from":[6.0970564,6.509076,5.735243],"to":[10.097056,8.509076,5.735243],"rotation":{"angle":22.5,"axis":"x","origin":[8.097056,7.509076,5.735243]},"faces":{"east":{"uv":[0.0,0.0,0.0,0.625],"rotation":0,"texture":"#0","tintindex":0},"south":{"uv":[7.25,5.625,6.0,6.25],"rotation":0,"texture":"#0","tintindex":0},"north":{"uv":[6.0,5.625,7.25,6.25],"rotation":0,"texture":"#0","tintindex":0},"west":{"uv":[0.0,0.0,0.0,0.625],"rotation":0,"texture":"#0","tintindex":0},"up":{"uv":[1.25,0.0,0.0,0.0],"rotation":0,"texture":"#0","tintindex":0},"down":{"uv":[1.25,0.0,0.0,0.0],"rotation":0,"texture":"#0","tintindex":0}}},{"from":[3.6970563,13.291807,6.026735],"to":[12.497057,13.291807,8.026735],"rotation":{"angle":-22.5,"axis":"x","origin":[8.097056,13.291807,7.226735]},"faces":{"east":{"uv":[0.0,0.0,0.0,0.625],"rotation":270,"texture":"#0","tintindex":0},"south":{"uv":[2.75,0.0,0.0,0.0],"rotation":0,"texture":"#0","tintindex":0},"north":{"uv":[2.75,0.0,0.0,0.0],"rotation":180,"texture":"#0","tintindex":0},"west":{"uv":[0.0,0.0,0.0,0.625],"rotation":90,"texture":"#0","tintindex":0},"up":{"uv":[4.75,3.25,7.5,3.875],"rotation":180,"texture":"#0","tintindex":0},"down":{"uv":[4.75,3.25,7.5,3.875],"rotation":0,"texture":"#0","tintindex":0}}},{"from":[7.6,-12.801678,7.0],"to":[9.2,17.198322,8.6],"rotation":{"angle":-45.0,"axis":"y","origin":[8.0,18.398323,7.4]},"faces":{"east":{"uv":[0.5,0.0,1.0,9.375],"rotation":0,"texture":"#0","tintindex":0},"south":{"uv":[1.0,0.0,1.5,9.375],"rotation":0,"texture":"#0","tintindex":0},"north":{"uv":[0.0,0.0,0.5,9.375],"rotation":0,"texture":"#0","tintindex":0},"west":{"uv":[1.5,0.0,2.0,9.375],"rotation":0,"texture":"#0","tintindex":0},"up":{"uv":[2.5,8.375,2.0,7.875],"rotation":0,"texture":"#0","tintindex":0},"down":{"uv":[3.0,7.875,2.5,8.375],"rotation":0,"texture":"#0","tintindex":0}}},{"from":[8.402509,25.2,7.2],"to":[9.602509,32.0,8.8],"rotation":{"angle":0.0,"axis":"y","origin":[5.5974913,17.596645,8.0]},"faces":{"east":{"uv":[4.75,4.5,5.25,6.75],"rotation":0,"texture":"#0","tintindex":0},"south":{"uv":[3.875,6.0,4.25,8.125],"rotation":0,"texture":"#0","tintindex":0},"north":{"uv":[3.5,6.0,3.875,8.125],"rotation":0,"texture":"#0","tintindex":0},"west":{"uv":[5.125,0.0,5.625,2.25],"rotation":0,"texture":"#0","tintindex":0},"up":{"uv":[3.5,7.75,3.125,7.25],"rotation":0,"texture":"#0","tintindex":0},"down":{"uv":[3.5,7.75,3.125,8.25],"rotation":0,"texture":"#0","tintindex":0}}},{"from":[8.402509,21.599998,6.8],"to":[10.002509,25.2,9.2],"rotation":{"angle":0.0,"axis":"y","origin":[5.5974913,17.596645,8.0]},"faces":{"east":{"uv":[6.0,4.5,6.75,5.625],"rotation":0,"texture":"#0","tintindex":0},"south":{"uv":[2.0,6.75,2.5,7.875],"rotation":0,"texture":"#0","tintindex":0},"north":{"uv":[4.25,6.0,4.75,7.125],"rotation":0,"texture":"#0","tintindex":0},"west":{"uv":[5.25,6.0,6.0,7.125],"rotation":0,"texture":"#0","tintindex":0},"up":{"uv":[4.75,7.875,4.25,7.125],"rotation":0,"texture":"#0","tintindex":0},"down":{"uv":[7.75,6.25,7.25,7.0],"rotation":0,"texture":"#0","tintindex":0}}},{"from":[6.0970564,10.432956,5.717926],"to":[8.097056,12.432957,6.1179266],"rotation":{"angle":0.0,"axis":"y","origin":[8.097056,10.832956,8.517926]},"faces":{"east":{"uv":[3.0,7.875,3.125,8.5],"rotation":0,"texture":"#0","tintindex":0},"south":{"uv":[2.875,4.625,3.5,5.25],"rotation":0,"texture":"#0","tintindex":0},"north":{"uv":[6.75,5.0,7.375,5.625],"rotation":0,"texture":"#0","tintindex":0},"west":{"uv":[3.125,8.25,3.25,8.875],"rotation":0,"texture":"#0","tintindex":0},"up":{"uv":[8.625,4.375,8.0,4.25],"rotation":0,"texture":"#0","tintindex":0},"down":{"uv":[8.75,3.125,8.125,3.25],"rotation":0,"texture":"#0","tintindex":0}}},{"from":[7.4,-11.201677,6.8],"to":[9.4,-9.201677,8.8],"rotation":{"angle":-45.0,"axis":"y","origin":[8.0,18.398323,7.4]},"faces":{"east":{"uv":[7.125,0.0,7.75,0.625],"rotation":0,"texture":"#0","tintindex":0},"south":{"uv":[7.125,0.625,7.75,1.25],"rotation":0,"texture":"#0","tintindex":0},"north":{"uv":[6.625,6.875,7.25,7.5],"rotation":0,"texture":"#0","tintindex":0},"west":{"uv":[5.25,7.125,5.875,7.75],"rotation":0,"texture":"#0","tintindex":0},"up":{"uv":[3.125,7.875,2.5,7.25],"rotation":0,"texture":"#0","tintindex":0},"down":{"uv":[7.875,5.625,7.25,6.25],"rotation":0,"texture":"#0","tintindex":0}}},{"from":[8.4,-11.201677,5.2],"to":[8.4,-9.201677,6.8],"rotation":{"angle":-45.0,"axis":"y","origin":[8.0,18.398323,7.4]},"faces":{"east":{"uv":[5.25,7.375,4.75,8.0],"rotation":0,"texture":"#0","tintindex":0},"south":{"uv":[0.0,0.0,0.0,0.625],"rotation":0,"texture":"#0","tintindex":0},"north":{"uv":[0.0,0.0,0.0,0.625],"rotation":0,"texture":"#0","tintindex":0},"west":{"uv":[4.75,7.375,5.25,8.0],"rotation":0,"texture":"#0","tintindex":0},"up":{"uv":[0.0,0.5,0.0,0.0],"rotation":0,"texture":"#0","tintindex":0},"down":{"uv":[0.0,0.0,0.0,0.5],"rotation":0,"texture":"#0","tintindex":0}}},{"from":[8.021872,16.420195,8.44],"to":[12.821872,24.820194,8.44],"rotation":{"angle":0.0,"axis":"y","origin":[5.5974913,17.596645,8.0]},"faces":{"east":{"uv":[0.0,0.0,0.0,2.625],"rotation":0,"texture":"#0","tintindex":0},"south":{"uv":[3.5,0.0,2.0,2.625],"rotation":0,"texture":"#0","tintindex":0},"north":{"uv":[3.5,2.625,2.0,5.25],"rotation":0,"texture":"#0","tintindex":0},"west":{"uv":[0.0,0.0,0.0,2.625],"rotation":0,"texture":"#0","tintindex":0},"up":{"uv":[1.5,0.0,0.0,0.0],"rotation":0,"texture":"#0","tintindex":0},"down":{"uv":[1.5,0.0,0.0,0.0],"rotation":0,"texture":"#0","tintindex":0}}},{"from":[5.197491,16.796646,7.6],"to":[6.797491,18.396646,8.4],"rotation":{"angle":-22.5,"axis":"z","origin":[5.5974913,17.596645,8.0]},"faces":{"east":{"uv":[8.125,7.625,7.875,8.125],"rotation":0,"texture":"#0","tintindex":0},"south":{"uv":[6.375,7.5,5.875,8.0],"rotation":0,"texture":"#0","tintindex":0},"north":{"uv":[8.0,3.875,7.5,4.375],"rotation":0,"texture":"#0","tintindex":0},"west":{"uv":[8.125,5.75,7.875,6.25],"rotation":0,"texture":"#0","tintindex":0},"up":{"uv":[7.125,1.5,7.625,1.25],"rotation":0,"texture":"#0","tintindex":0},"down":{"uv":[8.0,3.25,8.5,3.5],"rotation":0,"texture":"#0","tintindex":0}}},{"from":[3.1781282,16.420195,8.44],"to":[7.9781284,24.820194,8.44],"rotation":{"angle":0.0,"axis":"y","origin":[5.5974913,17.596645,8.0]},"faces":{"east":{"uv":[0.0,0.0,0.0,2.625],"rotation":0,"texture":"#0","tintindex":0},"south":{"uv":[2.0,0.0,3.5,2.625],"rotation":0,"texture":"#0","tintindex":0},"north":{"uv":[2.0,2.625,3.5,5.25],"rotation":0,"texture":"#0","tintindex":0},"west":{"uv":[0.0,0.0,0.0,2.625],"rotation":0,"texture":"#0","tintindex":0},"up":{"uv":[0.0,0.0,1.5,0.0],"rotation":0,"texture":"#0","tintindex":0},"down":{"uv":[0.0,0.0,1.5,0.0],"rotation":0,"texture":"#0","tintindex":0}}},{"from":[5.997491,21.599998,6.8],"to":[7.5974913,25.2,9.2],"rotation":{"angle":0.0,"axis":"y","origin":[5.5974913,17.596645,8.0]},"faces":{"east":{"uv":[6.0,6.0,5.25,7.125],"rotation":0,"texture":"#0","tintindex":0},"south":{"uv":[2.5,6.75,2.0,7.875],"rotation":0,"texture":"#0","tintindex":0},"north":{"uv":[4.75,6.0,4.25,7.125],"rotation":0,"texture":"#0","tintindex":0},"west":{"uv":[6.75,4.5,6.0,5.625],"rotation":0,"texture":"#0","tintindex":0},"up":{"uv":[4.25,7.875,4.75,7.125],"rotation":0,"texture":"#0","tintindex":0},"down":{"uv":[7.25,6.25,7.75,7.0],"rotation":0,"texture":"#0","tintindex":0}}},{"from":[6.3974915,25.2,7.2],"to":[7.5974913,32.0,8.8],"rotation":{"angle":0.0,"axis":"y","origin":[5.5974913,17.596645,8.0]},"faces":{"east":{"uv":[5.625,0.0,5.125,2.25],"rotation":0,"texture":"#0","tintindex":0},"south":{"uv":[4.25,6.0,3.875,8.125],"rotation":0,"texture":"#0","tintindex":0},"north":{"uv":[3.875,6.0,3.5,8.125],"rotation":0,"texture":"#0","tintindex":0},"west":{"uv":[5.25,4.5,4.75,6.75],"rotation":0,"texture":"#0","tintindex":0},"up":{"uv":[3.125,7.75,3.5,7.25],"rotation":0,"texture":"#0","tintindex":0},"down":{"uv":[3.125,7.75,3.5,8.25],"rotation":0,"texture":"#0","tintindex":0}}},{"from":[3.1781282,16.420195,7.56],"to":[7.9781284,24.820194,7.56],"rotation":{"angle":0.0,"axis":"y","origin":[5.5974913,17.596645,8.0]},"faces":{"east":{"uv":[0.0,0.0,0.0,2.625],"rotation":0,"texture":"#0","tintindex":0},"south":{"uv":[3.5,2.625,2.0,5.25],"rotation":0,"texture":"#0","tintindex":0},"north":{"uv":[3.5,0.0,2.0,2.625],"rotation":0,"texture":"#0","tintindex":0},"west":{"uv":[0.0,0.0,0.0,2.625],"rotation":0,"texture":"#0","tintindex":0},"up":{"uv":[0.0,0.0,1.5,0.0],"rotation":0,"texture":"#0","tintindex":0},"down":{"uv":[0.0,0.0,1.5,0.0],"rotation":0,"texture":"#0","tintindex":0}}},{"from":[-1.2218723,18.020195,8.0],"to":[3.9781284,23.220196,8.0],"rotation":{"angle":0.0,"axis":"y","origin":[5.5974913,17.596645,8.0]},"faces":{"east":{"uv":[0.0,0.0,0.0,1.625],"rotation":0,"texture":"#0","tintindex":0},"south":{"uv":[3.5,0.0,5.125,1.625],"rotation":0,"texture":"#0","tintindex":0},"north":{"uv":[5.125,0.0,3.5,1.625],"rotation":0,"texture":"#0","tintindex":0},"west":{"uv":[0.0,0.0,0.0,1.625],"rotation":0,"texture":"#0","tintindex":0},"up":{"uv":[0.0,0.0,1.625,0.0],"rotation":0,"texture":"#0","tintindex":0},"down":{"uv":[0.0,0.0,1.625,0.0],"rotation":0,"texture":"#0","tintindex":0}}},{"from":[1.8392859,20.347656,7.6],"to":[3.4392858,21.947655,8.4],"rotation":{"angle":-22.5,"axis":"z","origin":[5.5974913,17.596645,8.0]},"faces":{"east":{"uv":[8.5,0.5,8.25,1.0],"rotation":0,"texture":"#0","tintindex":0},"south":{"uv":[8.25,6.75,7.75,7.25],"rotation":0,"texture":"#0","tintindex":0},"north":{"uv":[8.25,6.25,7.75,6.75],"rotation":0,"texture":"#0","tintindex":0},"west":{"uv":[8.5,0.0,8.25,0.5],"rotation":0,"texture":"#0","tintindex":0},"up":{"uv":[8.25,1.25,8.75,1.0],"rotation":0,"texture":"#0","tintindex":0},"down":{"uv":[8.25,1.25,8.75,1.5],"rotation":0,"texture":"#0","tintindex":0}}},{"from":[8.179097,21.133835,7.6],"to":[9.779098,22.733833,8.4],"rotation":{"angle":45.0,"axis":"z","origin":[5.5974913,17.596645,8.0]},"faces":{"east":{"uv":[8.0,8.125,7.75,8.625],"rotation":0,"texture":"#0","tintindex":0},"south":{"uv":[5.75,7.75,5.25,8.25],"rotation":0,"texture":"#0","tintindex":0},"north":{"uv":[8.25,4.375,7.75,4.875],"rotation":0,"texture":"#0","tintindex":0},"west":{"uv":[8.375,7.25,8.125,7.75],"rotation":0,"texture":"#0","tintindex":0},"up":{"uv":[8.125,8.0,8.625,7.75],"rotation":0,"texture":"#0","tintindex":0},"down":{"uv":[8.0,8.125,8.5,8.375],"rotation":0,"texture":"#0","tintindex":0}}},{"from":[7.494875,22.343021,7.6],"to":[9.094875,23.94302,8.4],"rotation":{"angle":22.5,"axis":"z","origin":[5.5974913,17.596645,8.0]},"faces":{"east":{"uv":[8.375,5.75,8.125,6.25],"rotation":0,"texture":"#0","tintindex":0},"south":{"uv":[8.25,1.0,7.75,1.5],"rotation":0,"texture":"#0","tintindex":0},"north":{"uv":[8.25,0.5,7.75,1.0],"rotation":0,"texture":"#0","tintindex":0},"west":{"uv":[6.75,8.0,6.5,8.5],"rotation":0,"texture":"#0","tintindex":0},"up":{"uv":[6.75,8.375,7.25,8.125],"rotation":0,"texture":"#0","tintindex":0},"down":{"uv":[7.25,8.125,7.75,8.375],"rotation":0,"texture":"#0","tintindex":0}}},{"from":[3.1781282,19.620193,7.6],"to":[4.7781286,21.620193,8.4],"rotation":{"angle":0.0,"axis":"y","origin":[5.5974913,17.596645,8.0]},"faces":{"east":{"uv":[4.5,7.875,4.25,8.5],"rotation":0,"texture":"#0","tintindex":0},"south":{"uv":[8.0,3.25,7.5,3.875],"rotation":0,"texture":"#0","tintindex":0},"north":{"uv":[7.875,5.0,7.375,5.625],"rotation":0,"texture":"#0","tintindex":0},"west":{"uv":[8.125,2.625,7.875,3.25],"rotation":0,"texture":"#0","tintindex":0},"up":{"uv":[8.125,5.5,8.625,5.25],"rotation":0,"texture":"#0","tintindex":0},"down":{"uv":[8.125,5.5,8.625,5.75],"rotation":0,"texture":"#0","tintindex":0}}},{"from":[4.136669,18.792011,7.6],"to":[5.7366695,20.392012,8.4],"rotation":{"angle":22.5,"axis":"z","origin":[5.5974913,17.596645,8.0]},"faces":{"east":{"uv":[6.5,8.0,6.25,8.5],"rotation":0,"texture":"#0","tintindex":0},"south":{"uv":[8.25,0.0,7.75,0.5],"rotation":0,"texture":"#0","tintindex":0},"north":{"uv":[7.875,7.625,7.375,8.125],"rotation":0,"texture":"#0","tintindex":0},"west":{"uv":[5.25,8.0,5.0,8.5],"rotation":0,"texture":"#0","tintindex":0},"up":{"uv":[8.125,2.875,8.625,2.625],"rotation":0,"texture":"#0","tintindex":0},"down":{"uv":[8.125,2.875,8.625,3.125],"rotation":0,"texture":"#0","tintindex":0}}},{"from":[3.9340863,16.70447,7.6],"to":[5.534086,18.30447,8.4],"rotation":{"angle":-45.0,"axis":"z","origin":[5.5974913,17.596645,8.0]},"faces":{"east":{"uv":[5.0,8.0,4.75,8.5],"rotation":0,"texture":"#0","tintindex":0},"south":{"uv":[7.375,7.625,6.875,8.125],"rotation":0,"texture":"#0","tintindex":0},"north":{"uv":[6.875,7.5,6.375,8.0],"rotation":0,"texture":"#0","tintindex":0},"west":{"uv":[8.25,3.5,8.0,4.0],"rotation":0,"texture":"#0","tintindex":0},"up":{"uv":[8.0,4.25,8.5,4.0],"rotation":0,"texture":"#0","tintindex":0},"down":{"uv":[5.75,8.0,6.25,8.25],"rotation":0,"texture":"#0","tintindex":0}}},{"from":[7.6,-11.201677,5.2],"to":[7.6,-9.201677,6.8],"rotation":{"angle":45.0,"axis":"y","origin":[8.0,18.398323,7.4]},"faces":{"east":{"uv":[5.25,7.375,4.75,8.0],"rotation":0,"texture":"#0","tintindex":0},"south":{"uv":[0.0,0.0,0.0,0.625],"rotation":0,"texture":"#0","tintindex":0},"north":{"uv":[0.0,0.0,0.0,0.625],"rotation":0,"texture":"#0","tintindex":0},"west":{"uv":[4.75,7.375,5.25,8.0],"rotation":0,"texture":"#0","tintindex":0},"up":{"uv":[0.0,0.5,0.0,0.0],"rotation":0,"texture":"#0","tintindex":0},"down":{"uv":[0.0,0.0,0.0,0.5],"rotation":0,"texture":"#0","tintindex":0}}},{"from":[8.4,-11.201677,9.2],"to":[8.4,-9.201677,10.8],"rotation":{"angle":45.0,"axis":"y","origin":[8.0,18.398323,8.6]},"faces":{"east":{"uv":[4.75,7.375,5.25,8.0],"rotation":0,"texture":"#0","tintindex":0},"south":{"uv":[0.0,0.0,0.0,0.625],"rotation":0,"texture":"#0","tintindex":0},"north":{"uv":[0.0,0.0,0.0,0.625],"rotation":0,"texture":"#0","tintindex":0},"west":{"uv":[5.25,7.375,4.75,8.0],"rotation":0,"texture":"#0","tintindex":0},"up":{"uv":[0.0,0.0,0.0,0.5],"rotation":0,"texture":"#0","tintindex":0},"down":{"uv":[0.0,0.5,0.0,0.0],"rotation":0,"texture":"#0","tintindex":0}}},{"from":[7.6,-11.201677,9.2],"to":[7.6,-9.201677,10.8],"rotation":{"angle":-45.0,"axis":"y","origin":[8.0,18.398323,8.6]},"faces":{"east":{"uv":[4.75,7.375,5.25,8.0],"rotation":0,"texture":"#0","tintindex":0},"south":{"uv":[0.0,0.0,0.0,0.625],"rotation":0,"texture":"#0","tintindex":0},"north":{"uv":[0.0,0.0,0.0,0.625],"rotation":0,"texture":"#0","tintindex":0},"west":{"uv":[5.25,7.375,4.75,8.0],"rotation":0,"texture":"#0","tintindex":0},"up":{"uv":[0.0,0.0,0.0,0.5],"rotation":0,"texture":"#0","tintindex":0},"down":{"uv":[0.0,0.5,0.0,0.0],"rotation":0,"texture":"#0","tintindex":0}}},{"from":[4.728236,13.112007,4.8],"to":[4.728236,19.512007,11.2],"rotation":{"angle":-22.5,"axis":"z","origin":[5.5974913,17.596645,8.0]},"faces":{"east":{"uv":[10.75,0.0,8.75,2.0],"rotation":0,"texture":"#0","tintindex":0},"south":{"uv":[8.75,0.0,8.75,2.0],"rotation":0,"texture":"#0","tintindex":0},"north":{"uv":[8.75,0.0,8.75,2.0],"rotation":0,"texture":"#0","tintindex":0},"west":{"uv":[10.75,0.0,8.75,2.0],"rotation":0,"texture":"#0","tintindex":0},"up":{"uv":[8.75,0.0,8.75,2.0],"rotation":0,"texture":"#0","tintindex":0},"down":{"uv":[8.75,0.0,8.75,2.0],"rotation":0,"texture":"#0","tintindex":0}}},{"from":[10.906004,11.273207,4.8],"to":[10.906004,17.673206,11.2],"rotation":{"angle":22.5,"axis":"z","origin":[5.5974913,17.596645,8.0]},"faces":{"east":{"uv":[8.75,0.0,10.75,2.0],"rotation":0,"texture":"#0","tintindex":0},"south":{"uv":[8.75,0.0,8.75,2.0],"rotation":0,"texture":"#0","tintindex":0},"north":{"uv":[8.75,0.0,8.75,2.0],"rotation":0,"texture":"#0","tintindex":0},"west":{"uv":[8.75,0.0,10.75,2.0],"rotation":0,"texture":"#0","tintindex":0},"up":{"uv":[8.75,0.0,8.75,2.0],"rotation":0,"texture":"#0","tintindex":0},"down":{"uv":[8.75,0.0,8.75,2.0],"rotation":0,"texture":"#0","tintindex":0}}}],"textures":{"0":"modelengine:entity/azriel_weapon"},"display":{"head":{"translation":[0.0,-1.5932908,0.0],"scale":[4.0,4.0,4.0]}}}