{"elements":[{"from":[5.9942856,6.2799997,5.1371427],"to":[10.005714,9.72,8.005714],"rotation":{"angle":0.0,"axis":"y","origin":[8.0,5.142857,10.285714]},"faces":{"east":{"uv":[6.75,5.75,8.0,7.25],"rotation":0,"texture":"#0","tintindex":0},"south":{"uv":[6.0,0.0,7.75,1.5],"rotation":0,"texture":"#0","tintindex":0},"north":{"uv":[0.0,6.0,1.75,7.5],"rotation":0,"texture":"#0","tintindex":0},"west":{"uv":[4.75,7.0,6.0,8.5],"rotation":0,"texture":"#0","tintindex":0},"up":{"uv":[4.75,7.25,3.0,6.0],"rotation":0,"texture":"#0","tintindex":0},"down":{"uv":[7.75,3.5,6.0,4.75],"rotation":0,"texture":"#0","tintindex":0}}},{"from":[10.142858,9.857143,8.142858],"to":[5.8571424,6.142857,5.0],"rotation":{"angle":0.0,"axis":"y","origin":[8.0,5.142857,10.285714]},"faces":{"east":{"uv":[15.75,15.75,16.0,16.0],"rotation":0,"texture":"#0","tintindex":0},"south":{"uv":[15.75,15.5,16.0,15.75],"rotation":0,"texture":"#0","tintindex":0},"north":{"uv":[15.75,15.75,16.0,16.0],"rotation":0,"texture":"#0","tintindex":0},"west":{"uv":[15.75,15.75,16.0,16.0],"rotation":0,"texture":"#0","tintindex":0},"up":{"uv":[15.75,15.75,16.0,16.0],"rotation":0,"texture":"#0","tintindex":0},"down":{"uv":[15.75,15.75,16.0,16.0],"rotation":0,"texture":"#0","tintindex":0}}}],"textures":{"0":"modelengine:entity/baby_hatchling"},"display":{"head":{"translation":[0.0,-6.4,0.0],"scale":[4.0,4.0,4.0]}}}