{
   "enabled": true,
   "neededInstalledMods": [],
   "neededUninstalledMods": [],
   "spawns": [
       {
           "id": "kyogre-1",
           "pokemon": "kyogre",
           "presets": [
               "underwater"
           ],
           "type": "pokemon",
           "context": "submerged",
           "bucket": "ultra-rare",
           "level": "70-100",
           "weight": 0.01,
           "condition": {
               "isRaining": true,
               "biomes": [
                   "#cobblemon:is_deep_ocean"
               ]
           }
       }
   ]
}