{
	"credit": "Made with Blockbench",
	"texture_size": [64, 64],
	"textures": {
		"1": "littleroom_chameleon:pet_net_blue"
	},
	"elements": [
		{
			"from": [7, 0, 7],
			"to": [8, 17, 8],
			"faces": {
				"north": {"uv": [11.25, 3.5, 11.5, 7.75], "texture": "#1"},
				"east": {"uv": [11, 3.5, 11.25, 7.75], "texture": "#1"},
				"south": {"uv": [11.5, 3.5, 11.75, 7.75], "texture": "#1"},
				"west": {"uv": [10.75, 3.5, 11, 7.75], "texture": "#1"},
				"up": {"uv": [3.25, 2.25, 3, 2], "texture": "#1"},
				"down": {"uv": [3.25, 2.25, 3, 2.5], "texture": "#1"}
			}
		},
		{
			"from": [3, 17, 7],
			"to": [12, 18, 8],
			"faces": {
				"north": {"uv": [10.25, 3, 12.5, 3.25], "texture": "#1"},
				"east": {"uv": [12.25, 3, 12.5, 3.25], "texture": "#1"},
				"south": {"uv": [10.25, 2.5, 12.5, 2.75], "texture": "#1"},
				"west": {"uv": [10.25, 3, 10.5, 3.25], "texture": "#1"},
				"up": {"uv": [12.5, 3, 10.25, 2.75], "texture": "#1"},
				"down": {"uv": [12.5, 3.25, 10.25, 3.5], "texture": "#1"}
			}
		},
		{
			"from": [3, 25, 7],
			"to": [12, 26, 8],
			"faces": {
				"north": {"uv": [10.25, 1, 12.5, 1.25], "texture": "#1"},
				"east": {"uv": [10, 1, 10.25, 1.25], "texture": "#1"},
				"south": {"uv": [10.25, 1, 12.5, 1.25], "texture": "#1"},
				"west": {"uv": [12.5, 1, 12.75, 1.25], "texture": "#1"},
				"up": {"uv": [12.5, 1, 10.25, 0.75], "texture": "#1"},
				"down": {"uv": [12.5, 1.25, 10.25, 1.5], "texture": "#1"}
			}
		},
		{
			"from": [11, 18, 7],
			"to": [12, 25, 8],
			"faces": {
				"north": {"uv": [10, 1.25, 10.25, 3], "texture": "#1"},
				"east": {"uv": [9.5, 1.25, 9.75, 3], "texture": "#1"},
				"south": {"uv": [9.25, 1.25, 9.5, 3], "texture": "#1"},
				"west": {"uv": [9.75, 1.25, 10, 3], "texture": "#1"},
				"up": {"uv": [5.25, 2.75, 5, 2.5], "texture": "#1"},
				"down": {"uv": [5.25, 2.75, 5, 3], "texture": "#1"}
			}
		},
		{
			"from": [3, 18, 7],
			"to": [4, 25, 8],
			"faces": {
				"north": {"uv": [12.5, 1.25, 12.75, 3], "texture": "#1"},
				"east": {"uv": [12.75, 1.25, 13, 3], "texture": "#1"},
				"south": {"uv": [13.25, 1.25, 13.5, 3], "texture": "#1"},
				"west": {"uv": [13, 1.25, 13.25, 3], "texture": "#1"},
				"up": {"uv": [3.25, 1.75, 3, 1.5], "texture": "#1"},
				"down": {"uv": [3.25, 1.75, 3, 2], "texture": "#1"}
			}
		},
		{
			"from": [4, 18, 10],
			"to": [11, 25, 13],
			"faces": {
				"north": {"uv": [0, 0, 1.75, 1.75], "texture": "#1"},
				"east": {"uv": [1.75, 2.5, 2.5, 4.25], "texture": "#1"},
				"south": {"uv": [0, 1.75, 1.75, 3.5], "texture": "#1"},
				"west": {"uv": [2.5, 2.5, 3.25, 4.25], "texture": "#1"},
				"up": {"uv": [4.75, 0.75, 3, 0], "texture": "#1"},
				"down": {"uv": [4.75, 0.75, 3, 1.5], "texture": "#1"}
			}
		},
		{
			"from": [11, 18, 8],
			"to": [11, 25, 10],
			"faces": {
				"north": {"uv": [0, 0, 0, 1.75], "texture": "#1"},
				"east": {"uv": [4.25, 1.5, 4.75, 3.25], "texture": "#1"},
				"south": {"uv": [0, 0, 0, 1.75], "texture": "#1"},
				"west": {"uv": [2.25, 4.25, 2.75, 6], "texture": "#1"},
				"up": {"uv": [0, 0.5, 0, 0], "texture": "#1"},
				"down": {"uv": [0, 0, 0, 0.5], "texture": "#1"}
			}
		},
		{
			"from": [4, 18, 8],
			"to": [11, 18, 10],
			"faces": {
				"north": {"uv": [0, 0, 1.75, 0], "texture": "#1"},
				"east": {"uv": [0, 0, 0.5, 0], "texture": "#1"},
				"south": {"uv": [0, 0, 1.75, 0], "texture": "#1"},
				"west": {"uv": [0, 0, 0.5, 0], "texture": "#1"},
				"up": {"uv": [6, 3.75, 4.25, 3.25], "texture": "#1"},
				"down": {"uv": [6.25, 3.75, 4.5, 4.25], "texture": "#1"}
			}
		},
		{
			"from": [4, 25, 8],
			"to": [11, 25, 10],
			"faces": {
				"north": {"uv": [0, 0, 1.75, 0], "texture": "#1"},
				"east": {"uv": [0, 0, 0.5, 0], "texture": "#1"},
				"south": {"uv": [0, 0, 1.75, 0], "texture": "#1"},
				"west": {"uv": [0, 0, 0.5, 0], "texture": "#1"},
				"up": {"uv": [6.25, 4.75, 4.5, 4.25], "texture": "#1"},
				"down": {"uv": [6.5, 0, 4.75, 0.5], "texture": "#1"}
			}
		},
		{
			"from": [4, 18, 8],
			"to": [4, 25, 10],
			"faces": {
				"north": {"uv": [0, 0, 0, 1.75], "texture": "#1"},
				"east": {"uv": [2.75, 4.25, 3.25, 6], "texture": "#1"},
				"south": {"uv": [0, 0, 0, 1.75], "texture": "#1"},
				"west": {"uv": [0, 4.5, 0.5, 6.25], "texture": "#1"},
				"up": {"uv": [0, 0.5, 0, 0], "texture": "#1"},
				"down": {"uv": [0, 0, 0, 0.5], "texture": "#1"}
			}
		},
		{
			"from": [5, 19, 11.25],
			"to": [10, 24, 15.25],
			"rotation": {"angle": 22.5, "axis": "x", "origin": [7.5, 21.5, 10]},
			"faces": {
				"north": {"uv": [1.75, 0, 3, 1.25], "texture": "#1"},
				"east": {"uv": [3.25, 1.5, 4.25, 2.75], "texture": "#1"},
				"south": {"uv": [1.75, 1.25, 3, 2.5], "texture": "#1"},
				"west": {"uv": [3.25, 2.75, 4.25, 4], "texture": "#1"},
				"up": {"uv": [1.25, 4.5, 0, 3.5], "texture": "#1"},
				"down": {"uv": [4.5, 4, 3.25, 5], "texture": "#1"}
			}
		}
	],
	"display": {
		"thirdperson_righthand": {
			"rotation": [0, 26, 0],
			"translation": [0, -1.75, 1.75],
			"scale": [0.8, 0.8, 0.8]
		},
		"thirdperson_lefthand": {
			"rotation": [0, 26, 0],
			"translation": [0, -1.75, 1.75],
			"scale": [0.8, 0.8, 0.8]
		},
		"firstperson_righthand": {
			"rotation": [-14, 102, -23],
			"translation": [3.75, -4, 1.75],
			"scale": [0.8, 0.8, 0.8]
		},
		"firstperson_lefthand": {
			"rotation": [-14, 102, -23],
			"translation": [3.75, -4, 1.75],
			"scale": [0.8, 0.8, 0.8]
		},
		"ground": {
			"rotation": [26, 0, 0],
			"translation": [0, 1, 0],
			"scale": [0.6, 0.6, 0.6]
		},
		"gui": {
			"rotation": [-7, 133, 43],
			"translation": [-2.5, -2.5, 0],
			"scale": [0.6, 0.6, 0.6]
		},
		"fixed": {
			"rotation": [-180, 0, 0],
			"translation": [0, 4, 0]
		}
	}
}