{"elements":[{"from":[9.285714,8.142858,9.0],"to":[7.285714,5.0,7.0],"rotation":{"angle":0.0,"axis":"y","origin":[9.428572,1.7142854,8.0]},"faces":{"east":{"uv":[16.0,15.5,15.5,16.0],"rotation":0,"texture":"#0","tintindex":0},"south":{"uv":[16.0,15.5,15.5,16.0],"rotation":0,"texture":"#0","tintindex":0},"north":{"uv":[16.0,15.5,15.5,16.0],"rotation":0,"texture":"#0","tintindex":0},"west":{"uv":[16.0,15.5,15.5,16.0],"rotation":0,"texture":"#0","tintindex":0},"up":{"uv":[16.0,15.5,15.5,16.0],"rotation":0,"texture":"#0","tintindex":0},"down":{"uv":[16.0,15.5,15.5,16.0],"rotation":0,"texture":"#0","tintindex":0}}},{"from":[7.428571,5.142857,7.142857],"to":[9.142858,8.0,8.857143],"rotation":{"angle":0.0,"axis":"y","origin":[9.428572,1.7142854,8.0]},"faces":{"east":{"uv":[3.5,12.0,2.0,14.5],"rotation":0,"texture":"#0","tintindex":0},"south":{"uv":[12.5,11.5,11.0,14.0],"rotation":0,"texture":"#0","tintindex":0},"north":{"uv":[6.5,11.5,5.0,14.0],"rotation":0,"texture":"#0","tintindex":0},"west":{"uv":[11.0,11.5,9.5,14.0],"rotation":0,"texture":"#0","tintindex":0},"up":{"uv":[12.5,1.5,14.0,0.0],"rotation":0,"texture":"#0","tintindex":0},"down":{"uv":[12.5,7.0,14.0,8.5],"rotation":0,"texture":"#0","tintindex":0}}}],"textures":{"0":"modelengine:entity/baby_giant"},"display":{"head":{"translation":[0.0,-6.4,0.0],"scale":[4.0,4.0,4.0]}}}