{"elements":[{"from":[6.5714283,8.0,6.857143],"to":[9.428572,10.857143,9.142858],"rotation":{"angle":0.0,"axis":"y","origin":[3.4285712,6.285714,3.4285712]},"faces":{"east":{"uv":[2.5,5.0,4.5,7.5],"rotation":0,"texture":"#0","tintindex":0},"south":{"uv":[0.0,2.5,2.5,5.0],"rotation":0,"texture":"#0","tintindex":0},"north":{"uv":[0.0,0.0,2.5,2.5],"rotation":0,"texture":"#0","tintindex":0},"west":{"uv":[5.0,2.5,7.0,5.0],"rotation":0,"texture":"#0","tintindex":0},"up":{"uv":[7.0,7.0,4.5,5.0],"rotation":0,"texture":"#0","tintindex":0},"down":{"uv":[9.5,2.5,7.0,4.5],"rotation":0,"texture":"#0","tintindex":0}}},{"from":[9.571428,11.0,9.285714],"to":[6.428571,7.857143,6.714286],"rotation":{"angle":0.0,"axis":"y","origin":[3.4285712,6.285714,3.4285712]},"faces":{"east":{"uv":[15.5,15.5,16.0,16.0],"rotation":0,"texture":"#0","tintindex":0},"south":{"uv":[15.5,15.5,16.0,16.0],"rotation":0,"texture":"#0","tintindex":0},"north":{"uv":[15.5,15.5,16.0,16.0],"rotation":0,"texture":"#0","tintindex":0},"west":{"uv":[15.5,15.5,16.0,16.0],"rotation":0,"texture":"#0","tintindex":0},"up":{"uv":[15.5,15.5,16.0,16.0],"rotation":0,"texture":"#0","tintindex":0},"down":{"uv":[15.5,15.5,16.0,16.0],"rotation":0,"texture":"#0","tintindex":0}}},{"from":[7.714286,10.857143,8.0],"to":[8.285714,12.0,8.0],"rotation":{"angle":0.0,"axis":"y","origin":[3.4285712,6.285714,3.4285712]},"faces":{"east":{"uv":[0.0,0.0,0.0,1.0],"rotation":0,"texture":"#0","tintindex":0},"south":{"uv":[12.0,6.5,12.5,7.5],"rotation":0,"texture":"#0","tintindex":0},"north":{"uv":[12.0,6.5,12.5,7.5],"rotation":0,"texture":"#0","tintindex":0},"west":{"uv":[0.0,0.0,0.0,1.0],"rotation":0,"texture":"#0","tintindex":0},"up":{"uv":[0.5,0.0,0.0,0.0],"rotation":0,"texture":"#0","tintindex":0},"down":{"uv":[0.5,0.0,0.0,0.0],"rotation":0,"texture":"#0","tintindex":0}}},{"from":[8.428572,12.142858,8.142858],"to":[7.5714283,10.714286,7.857143],"rotation":{"angle":0.0,"axis":"y","origin":[3.4285712,6.285714,3.4285712]},"faces":{"east":{"uv":[15.5,15.5,16.0,16.0],"rotation":0,"texture":"#0","tintindex":0},"south":{"uv":[15.5,15.5,16.0,16.0],"rotation":0,"texture":"#0","tintindex":0},"north":{"uv":[15.5,15.5,16.0,16.0],"rotation":0,"texture":"#0","tintindex":0},"west":{"uv":[15.5,15.5,16.0,16.0],"rotation":0,"texture":"#0","tintindex":0},"up":{"uv":[15.5,15.5,16.0,16.0],"rotation":0,"texture":"#0","tintindex":0},"down":{"uv":[15.5,15.5,16.0,16.0],"rotation":0,"texture":"#0","tintindex":0}}}],"textures":{"0":"modelengine:entity/cracko"},"display":{"head":{"translation":[0.0,-6.4,0.0],"scale":[4.0,4.0,4.0]}}}