{"elements":[{"from":[3.477592,11.665265,-0.8571434],"to":[3.477592,13.950979,5.428571],"rotation":{"angle":45.0,"axis":"z","origin":[3.477592,12.808123,2.2857141]},"faces":{"east":{"uv":[12.1875,1.0,12.53125,1.125],"rotation":0,"texture":"#0","tintindex":0},"south":{"uv":[0.0,0.0,0.0,0.125],"rotation":0,"texture":"#0","tintindex":0},"north":{"uv":[0.0,0.0,0.0,0.125],"rotation":0,"texture":"#0","tintindex":0},"west":{"uv":[12.1875,4.46875,12.53125,4.59375],"rotation":0,"texture":"#0","tintindex":0},"up":{"uv":[0.0,0.34375,0.0,0.0],"rotation":0,"texture":"#0","tintindex":0},"down":{"uv":[0.0,0.0,0.0,0.34375],"rotation":0,"texture":"#0","tintindex":0}}},{"from":[4.285714,5.142857,-0.8571434],"to":[12.285715,12.0,8.857143],"rotation":{"angle":0.0,"axis":"y","origin":[8.285714,-10.857143,-0.8571434]},"faces":{"east":{"uv":[10.96875,3.84375,11.5,4.21875],"rotation":0,"texture":"#0","tintindex":0},"south":{"uv":[11.28125,7.90625,11.71875,8.28125],"rotation":0,"texture":"#0","tintindex":0},"north":{"uv":[7.125,3.375,7.5625,3.75],"rotation":0,"texture":"#0","tintindex":0},"west":{"uv":[11.0,8.3125,11.53125,8.6875],"rotation":0,"texture":"#0","tintindex":0},"up":{"uv":[11.125,9.5625,10.6875,9.03125],"rotation":0,"texture":"#0","tintindex":0},"down":{"uv":[4.53125,10.78125,4.09375,11.3125],"rotation":0,"texture":"#0","tintindex":0}}},{"from":[3.477592,11.665265,-0.8571434],"to":[3.477592,13.950979,5.428571],"rotation":{"angle":45.0,"axis":"z","origin":[3.477592,12.808123,2.2857141]},"faces":{"east":{"uv":[9.0625,0.9375,9.40625,1.0625],"rotation":0,"texture":"#0","tintindex":0},"south":{"uv":[0.0,0.0,0.0,0.125],"rotation":0,"texture":"#0","tintindex":0},"north":{"uv":[0.0,0.0,0.0,0.125],"rotation":0,"texture":"#0","tintindex":0},"west":{"uv":[12.1875,0.875,12.53125,1.0],"rotation":0,"texture":"#0","tintindex":0},"up":{"uv":[0.0,0.34375,0.0,0.0],"rotation":0,"texture":"#0","tintindex":0},"down":{"uv":[0.0,0.0,0.0,0.34375],"rotation":0,"texture":"#0","tintindex":0}}},{"from":[6.0,9.714286,-1.4285717],"to":[10.0,13.142858,11.142858],"rotation":{"angle":-22.5,"axis":"x","origin":[8.0,11.428572,1.7142854]},"faces":{"east":{"uv":[11.28125,6.25,11.96875,6.4375],"rotation":0,"texture":"#0","tintindex":0},"south":{"uv":[12.1875,9.8125,12.40625,10.0],"rotation":0,"texture":"#0","tintindex":0},"north":{"uv":[1.03125,7.25,1.25,7.4375],"rotation":0,"texture":"#0","tintindex":0},"west":{"uv":[11.4375,3.09375,12.125,3.28125],"rotation":0,"texture":"#0","tintindex":0},"up":{"uv":[5.75,12.0,5.53125,11.3125],"rotation":0,"texture":"#0","tintindex":0},"down":{"uv":[2.5,11.34375,2.28125,12.03125],"rotation":0,"texture":"#0","tintindex":0}}},{"from":[6.0,10.09536,-6.416794],"to":[10.0,11.809646,-0.13107872],"rotation":{"angle":0.0,"axis":"y","origin":[8.0,10.09536,-11.273937]},"faces":{"east":{"uv":[2.875,4.375,3.21875,4.46875],"rotation":0,"texture":"#0","tintindex":0},"south":{"uv":[7.84375,5.96875,8.0625,6.0625],"rotation":0,"texture":"#0","tintindex":0},"north":{"uv":[2.3125,5.65625,2.53125,5.75],"rotation":0,"texture":"#0","tintindex":0},"west":{"uv":[3.21875,4.375,3.5625,4.46875],"rotation":0,"texture":"#0","tintindex":0},"up":{"uv":[6.21875,10.0,6.0,9.65625],"rotation":0,"texture":"#0","tintindex":0},"down":{"uv":[12.1875,4.5625,11.96875,4.90625],"rotation":0,"texture":"#0","tintindex":0}}},{"from":[4.8571424,5.142857,-7.714287],"to":[11.714286,10.285714,-0.8571434],"rotation":{"angle":0.0,"axis":"y","origin":[8.285714,-10.857143,-0.8571434]},"faces":{"east":{"uv":[8.71875,9.90625,9.09375,10.1875],"rotation":0,"texture":"#0","tintindex":0},"south":{"uv":[10.0625,1.0,10.4375,1.28125],"rotation":0,"texture":"#0","tintindex":0},"north":{"uv":[9.53125,1.28125,9.90625,1.5625],"rotation":0,"texture":"#0","tintindex":0},"west":{"uv":[10.65625,1.875,11.03125,2.15625],"rotation":0,"texture":"#0","tintindex":0},"up":{"uv":[11.75,10.8125,11.375,10.4375],"rotation":0,"texture":"#0","tintindex":0},"down":{"uv":[11.78125,1.21875,11.40625,1.59375],"rotation":0,"texture":"#0","tintindex":0}}},{"from":[7.9812326,11.767526,-7.2275352],"to":[7.9812326,19.767527,3.6296082],"rotation":{"angle":0.0,"axis":"y","origin":[-14.875912,12.691174,-9.940901]},"faces":{"east":{"uv":[10.5625,9.625,11.15625,10.0625],"rotation":0,"texture":"#0","tintindex":0},"south":{"uv":[0.0,0.0,0.0,0.4375],"rotation":0,"texture":"#0","tintindex":0},"north":{"uv":[0.0,0.0,0.0,0.4375],"rotation":0,"texture":"#0","tintindex":0},"west":{"uv":[10.59375,3.40625,11.1875,3.84375],"rotation":0,"texture":"#0","tintindex":0},"up":{"uv":[0.0,0.59375,0.0,0.0],"rotation":0,"texture":"#0","tintindex":0},"down":{"uv":[0.0,0.0,0.0,0.59375],"rotation":0,"texture":"#0","tintindex":0}}},{"from":[5.428571,3.4285712,-6.8571434],"to":[11.142858,5.142857,-6.8571434],"rotation":{"angle":-22.5,"axis":"x","origin":[8.285714,4.285714,-6.8571434]},"faces":{"east":{"uv":[0.0,0.0,0.0,0.09375],"rotation":0,"texture":"#0","tintindex":0},"south":{"uv":[7.53125,5.96875,7.84375,6.0625],"rotation":0,"texture":"#0","tintindex":0},"north":{"uv":[2.0,5.65625,2.3125,5.75],"rotation":0,"texture":"#0","tintindex":0},"west":{"uv":[0.0,0.0,0.0,0.09375],"rotation":0,"texture":"#0","tintindex":0},"up":{"uv":[0.3125,0.0,0.0,0.0],"rotation":0,"texture":"#0","tintindex":0},"down":{"uv":[0.3125,0.0,0.0,0.0],"rotation":0,"texture":"#0","tintindex":0}}},{"from":[4.0,8.0,-8.1428585],"to":[5.714286,10.857143,-5.285715],"rotation":{"angle":-45.0,"axis":"y","origin":[5.714286,10.285714,-6.285715]},"faces":{"east":{"uv":[10.5,7.59375,10.65625,7.75],"rotation":0,"texture":"#0","tintindex":0},"south":{"uv":[8.28125,8.5,8.375,8.65625],"rotation":0,"texture":"#0","tintindex":0},"north":{"uv":[4.75,7.1875,4.84375,7.34375],"rotation":0,"texture":"#0","tintindex":0},"west":{"uv":[10.5,8.625,10.65625,8.78125],"rotation":0,"texture":"#0","tintindex":0},"up":{"uv":[8.375,8.8125,8.28125,8.65625],"rotation":0,"texture":"#0","tintindex":0},"down":{"uv":[8.375,8.8125,8.28125,8.96875],"rotation":0,"texture":"#0","tintindex":0}}},{"from":[13.093836,11.665265,-0.8571434],"to":[13.093836,13.950979,5.428571],"rotation":{"angle":-45.0,"axis":"z","origin":[13.093836,12.808123,2.2857141]},"faces":{"east":{"uv":[12.1875,4.59375,12.53125,4.71875],"rotation":0,"texture":"#0","tintindex":0},"south":{"uv":[0.0,0.0,0.0,0.125],"rotation":0,"texture":"#0","tintindex":0},"north":{"uv":[0.0,0.0,0.0,0.125],"rotation":0,"texture":"#0","tintindex":0},"west":{"uv":[12.1875,4.71875,12.53125,4.84375],"rotation":0,"texture":"#0","tintindex":0},"up":{"uv":[0.0,0.34375,0.0,0.0],"rotation":0,"texture":"#0","tintindex":0},"down":{"uv":[0.0,0.0,0.0,0.34375],"rotation":0,"texture":"#0","tintindex":0}}},{"from":[10.857143,8.0,-8.1428585],"to":[12.571428,10.857143,-5.285715],"rotation":{"angle":45.0,"axis":"y","origin":[10.857143,10.285714,-6.285715]},"faces":{"east":{"uv":[5.3125,10.65625,5.46875,10.8125],"rotation":0,"texture":"#0","tintindex":0},"south":{"uv":[9.46875,3.96875,9.5625,4.125],"rotation":0,"texture":"#0","tintindex":0},"north":{"uv":[8.28125,8.96875,8.375,9.125],"rotation":0,"texture":"#0","tintindex":0},"west":{"uv":[6.96875,10.78125,7.125,10.9375],"rotation":0,"texture":"#0","tintindex":0},"up":{"uv":[9.5625,4.28125,9.46875,4.125],"rotation":0,"texture":"#0","tintindex":0},"down":{"uv":[9.5625,4.28125,9.46875,4.4375],"rotation":0,"texture":"#0","tintindex":0}}}],"textures":{"0":"modelengine:entity/yukio_full_hit"},"display":{"head":{"translation":[0.0,-6.4,0.0],"scale":[4.0,4.0,4.0]}}}