{"elements":[{"from":[4.0,1.0761743,-2.9706793],"to":[12.0,6.79046,7.315035],"rotation":{"angle":0.0,"axis":"y","origin":[8.0,-9.209541,4.457892]},"faces":{"east":{"uv":[11.09375,7.28125,11.65625,7.59375],"rotation":0,"texture":"#0","tintindex":0},"south":{"uv":[11.5,5.03125,11.9375,5.34375],"rotation":0,"texture":"#0","tintindex":0},"north":{"uv":[11.40625,1.96875,11.84375,2.28125],"rotation":0,"texture":"#0","tintindex":0},"west":{"uv":[11.28125,7.59375,11.84375,7.90625],"rotation":0,"texture":"#0","tintindex":0},"up":{"uv":[9.15625,11.21875,8.71875,10.65625],"rotation":0,"texture":"#0","tintindex":0},"down":{"uv":[9.59375,10.65625,9.15625,11.21875],"rotation":0,"texture":"#0","tintindex":0}}},{"from":[6.285714,6.79046,-0.6849661],"to":[9.714286,7.361889,7.315035],"rotation":{"angle":0.0,"axis":"y","origin":[8.0,-9.209541,4.457892]},"faces":{"east":{"uv":[4.84375,6.4375,5.28125,6.46875],"rotation":0,"texture":"#0","tintindex":0},"south":{"uv":[7.59375,4.40625,7.78125,4.4375],"rotation":0,"texture":"#0","tintindex":0},"north":{"uv":[2.53125,5.71875,2.71875,5.75],"rotation":0,"texture":"#0","tintindex":0},"west":{"uv":[7.78125,5.15625,8.21875,5.1875],"rotation":0,"texture":"#0","tintindex":0},"up":{"uv":[12.0625,8.71875,11.875,8.28125],"rotation":0,"texture":"#0","tintindex":0},"down":{"uv":[10.375,11.875,10.1875,12.3125],"rotation":0,"texture":"#0","tintindex":0}}},{"from":[4.0,6.79046,-2.9706793],"to":[4.0,9.647603,7.315035],"rotation":{"angle":0.0,"axis":"y","origin":[8.0,-9.209541,4.457892]},"faces":{"east":{"uv":[11.65625,0.25,12.21875,0.40625],"rotation":0,"texture":"#0","tintindex":0},"south":{"uv":[0.0,0.0,0.0,0.15625],"rotation":0,"texture":"#0","tintindex":0},"north":{"uv":[0.0,0.0,0.0,0.15625],"rotation":0,"texture":"#0","tintindex":0},"west":{"uv":[11.71875,8.125,12.28125,8.28125],"rotation":0,"texture":"#0","tintindex":0},"up":{"uv":[0.0,0.5625,0.0,0.0],"rotation":0,"texture":"#0","tintindex":0},"down":{"uv":[0.0,0.0,0.0,0.5625],"rotation":0,"texture":"#0","tintindex":0}}},{"from":[12.0,6.79046,-2.9706793],"to":[12.0,9.647603,7.315035],"rotation":{"angle":0.0,"axis":"y","origin":[8.0,-9.209541,4.457892]},"faces":{"east":{"uv":[11.84375,1.84375,12.40625,2.0],"rotation":0,"texture":"#0","tintindex":0},"south":{"uv":[0.0,0.0,0.0,0.15625],"rotation":0,"texture":"#0","tintindex":0},"north":{"uv":[0.0,0.0,0.0,0.15625],"rotation":0,"texture":"#0","tintindex":0},"west":{"uv":[11.84375,2.0,12.40625,2.15625],"rotation":0,"texture":"#0","tintindex":0},"up":{"uv":[0.0,0.5625,0.0,0.0],"rotation":0,"texture":"#0","tintindex":0},"down":{"uv":[0.0,0.0,0.0,0.5625],"rotation":0,"texture":"#0","tintindex":0}}},{"from":[4.0,6.79046,-2.9706793],"to":[12.0,9.647603,-2.9706793],"rotation":{"angle":0.0,"axis":"y","origin":[8.0,-9.209541,4.457892]},"faces":{"east":{"uv":[0.0,0.0,0.0,0.15625],"rotation":0,"texture":"#0","tintindex":0},"south":{"uv":[11.96875,10.65625,12.40625,10.8125],"rotation":0,"texture":"#0","tintindex":0},"north":{"uv":[10.5,0.84375,10.9375,1.0],"rotation":0,"texture":"#0","tintindex":0},"west":{"uv":[0.0,0.0,0.0,0.15625],"rotation":0,"texture":"#0","tintindex":0},"up":{"uv":[0.4375,0.0,0.0,0.0],"rotation":0,"texture":"#0","tintindex":0},"down":{"uv":[0.4375,0.0,0.0,0.0],"rotation":0,"texture":"#0","tintindex":0}}},{"from":[4.3044815,3.9333172,5.9886255],"to":[11.733053,10.219032,12.27434],"rotation":{"angle":0.0,"axis":"y","origin":[4.8759103,-9.209541,3.1314826]},"faces":{"east":{"uv":[11.5625,6.6875,11.90625,7.03125],"rotation":0,"texture":"#0","tintindex":0},"south":{"uv":[11.4375,2.75,11.84375,3.09375],"rotation":0,"texture":"#0","tintindex":0},"north":{"uv":[3.40625,11.40625,3.8125,11.75],"rotation":0,"texture":"#0","tintindex":0},"west":{"uv":[8.03125,11.5625,8.375,11.90625],"rotation":0,"texture":"#0","tintindex":0},"up":{"uv":[6.15625,11.78125,5.75,11.4375],"rotation":0,"texture":"#0","tintindex":0},"down":{"uv":[11.84375,11.3125,11.4375,11.65625],"rotation":0,"texture":"#0","tintindex":0}}},{"from":[2.5857863,-2.3380394,-0.6849661],"to":[2.5857863,1.6619611,7.315035],"rotation":{"angle":-45.0,"axis":"z","origin":[2.5857863,-0.3380394,1.0293198]},"faces":{"east":{"uv":[10.0625,8.625,10.5,8.84375],"rotation":0,"texture":"#0","tintindex":0},"south":{"uv":[0.0,0.0,0.0,0.21875],"rotation":0,"texture":"#0","tintindex":0},"north":{"uv":[0.0,0.0,0.0,0.21875],"rotation":0,"texture":"#0","tintindex":0},"west":{"uv":[11.6875,2.53125,12.125,2.75],"rotation":0,"texture":"#0","tintindex":0},"up":{"uv":[0.0,0.4375,0.0,0.0],"rotation":0,"texture":"#0","tintindex":0},"down":{"uv":[0.0,0.0,0.0,0.4375],"rotation":0,"texture":"#0","tintindex":0}}},{"from":[1.4610796,2.79046,4.6348543],"to":[5.4610796,10.219032,12.634855],"rotation":{"angle":-22.5,"axis":"y","origin":[2.8896508,3.0761743,9.491998]},"faces":{"east":{"uv":[11.28125,4.21875,11.71875,4.625],"rotation":0,"texture":"#0","tintindex":0},"south":{"uv":[1.625,11.8125,1.84375,12.21875],"rotation":0,"texture":"#0","tintindex":0},"north":{"uv":[1.40625,11.8125,1.625,12.21875],"rotation":0,"texture":"#0","tintindex":0},"west":{"uv":[11.28125,4.625,11.71875,5.03125],"rotation":0,"texture":"#0","tintindex":0},"up":{"uv":[11.96875,10.75,11.75,10.3125],"rotation":0,"texture":"#0","tintindex":0},"down":{"uv":[6.125,11.78125,5.90625,12.21875],"rotation":0,"texture":"#0","tintindex":0}}},{"from":[2.6039367,7.361889,12.634855],"to":[4.8896513,10.219032,19.491999],"rotation":{"angle":-22.5,"axis":"y","origin":[2.8896508,3.0761743,9.491998]},"faces":{"east":{"uv":[11.15625,9.90625,11.53125,10.0625],"rotation":0,"texture":"#0","tintindex":0},"south":{"uv":[4.5,9.25,4.625,9.40625],"rotation":0,"texture":"#0","tintindex":0},"north":{"uv":[4.625,7.625,4.75,7.78125],"rotation":0,"texture":"#0","tintindex":0},"west":{"uv":[12.125,2.28125,12.5,2.4375],"rotation":0,"texture":"#0","tintindex":0},"up":{"uv":[7.28125,6.4375,7.15625,6.0625],"rotation":0,"texture":"#0","tintindex":0},"down":{"uv":[4.625,8.875,4.5,9.25],"rotation":0,"texture":"#0","tintindex":0}}},{"from":[3.7467937,-0.066682816,6.920569],"to":[3.7467937,7.361889,16.634855],"rotation":{"angle":-22.5,"axis":"y","origin":[2.8896508,3.0761743,9.491998]},"faces":{"east":{"uv":[6.625,6.0625,7.15625,6.46875],"rotation":0,"texture":"#0","tintindex":0},"south":{"uv":[0.0,0.0,0.0,0.40625],"rotation":0,"texture":"#0","tintindex":0},"north":{"uv":[0.0,0.0,0.0,0.40625],"rotation":0,"texture":"#0","tintindex":0},"west":{"uv":[10.65625,0.0,11.1875,0.40625],"rotation":0,"texture":"#0","tintindex":0},"up":{"uv":[0.0,0.53125,0.0,0.0],"rotation":0,"texture":"#0","tintindex":0},"down":{"uv":[0.0,0.0,0.0,0.53125],"rotation":0,"texture":"#0","tintindex":0}}},{"from":[10.53892,2.79046,4.6348543],"to":[14.53892,10.219032,12.634855],"rotation":{"angle":22.5,"axis":"y","origin":[13.11035,3.0761743,9.491998]},"faces":{"east":{"uv":[11.28125,5.4375,11.71875,5.84375],"rotation":0,"texture":"#0","tintindex":0},"south":{"uv":[9.59375,11.8125,9.8125,12.21875],"rotation":0,"texture":"#0","tintindex":0},"north":{"uv":[7.6875,11.8125,7.90625,12.21875],"rotation":0,"texture":"#0","tintindex":0},"west":{"uv":[11.28125,5.84375,11.71875,6.25],"rotation":0,"texture":"#0","tintindex":0},"up":{"uv":[0.21875,12.25,0.0,11.8125],"rotation":0,"texture":"#0","tintindex":0},"down":{"uv":[1.40625,11.8125,1.1875,12.25],"rotation":0,"texture":"#0","tintindex":0}}},{"from":[11.110349,7.361889,12.634855],"to":[13.396063,10.219032,19.491999],"rotation":{"angle":22.5,"axis":"y","origin":[13.11035,3.0761743,9.491998]},"faces":{"east":{"uv":[12.125,2.4375,12.5,2.59375],"rotation":0,"texture":"#0","tintindex":0},"south":{"uv":[7.96875,9.5625,8.09375,9.71875],"rotation":0,"texture":"#0","tintindex":0},"north":{"uv":[4.5,9.40625,4.625,9.5625],"rotation":0,"texture":"#0","tintindex":0},"west":{"uv":[12.125,2.59375,12.5,2.75],"rotation":0,"texture":"#0","tintindex":0},"up":{"uv":[8.09375,9.5625,7.96875,9.1875],"rotation":0,"texture":"#0","tintindex":0},"down":{"uv":[8.90625,9.21875,8.78125,9.59375],"rotation":0,"texture":"#0","tintindex":0}}},{"from":[12.253206,-0.066682816,6.920569],"to":[12.253206,7.361889,16.634855],"rotation":{"angle":22.5,"axis":"y","origin":[13.11035,3.0761743,9.491998]},"faces":{"east":{"uv":[10.84375,2.53125,11.375,2.9375],"rotation":0,"texture":"#0","tintindex":0},"south":{"uv":[0.0,0.0,0.0,0.40625],"rotation":0,"texture":"#0","tintindex":0},"north":{"uv":[0.0,0.0,0.0,0.40625],"rotation":0,"texture":"#0","tintindex":0},"west":{"uv":[10.84375,10.5,11.375,10.90625],"rotation":0,"texture":"#0","tintindex":0},"up":{"uv":[0.0,0.53125,0.0,0.0],"rotation":0,"texture":"#0","tintindex":0},"down":{"uv":[0.0,0.0,0.0,0.53125],"rotation":0,"texture":"#0","tintindex":0}}},{"from":[13.414213,-2.3380394,-0.6849661],"to":[13.414213,1.6619611,7.315035],"rotation":{"angle":45.0,"axis":"z","origin":[13.414213,-0.3380394,1.0293198]},"faces":{"east":{"uv":[11.71875,5.96875,12.15625,6.1875],"rotation":0,"texture":"#0","tintindex":0},"south":{"uv":[0.0,0.0,0.0,0.21875],"rotation":0,"texture":"#0","tintindex":0},"north":{"uv":[0.0,0.0,0.0,0.21875],"rotation":0,"texture":"#0","tintindex":0},"west":{"uv":[11.71875,7.90625,12.15625,8.125],"rotation":0,"texture":"#0","tintindex":0},"up":{"uv":[0.0,0.4375,0.0,0.0],"rotation":0,"texture":"#0","tintindex":0},"down":{"uv":[0.0,0.0,0.0,0.4375],"rotation":0,"texture":"#0","tintindex":0}}},{"from":[5.714286,-3.6123552,-1.242424],"to":[10.285714,2.101931,2.1861477],"rotation":{"angle":-22.5,"axis":"x","origin":[6.285714,-2.7552128,0.47186184]},"faces":{"east":{"uv":[7.59375,4.09375,7.78125,4.40625],"rotation":0,"texture":"#0","tintindex":0},"south":{"uv":[10.34375,3.40625,10.59375,3.71875],"rotation":0,"texture":"#0","tintindex":0},"north":{"uv":[9.21875,3.21875,9.46875,3.53125],"rotation":0,"texture":"#0","tintindex":0},"west":{"uv":[12.125,1.15625,12.3125,1.46875],"rotation":0,"texture":"#0","tintindex":0},"up":{"uv":[3.8125,7.625,3.5625,7.4375],"rotation":0,"texture":"#0","tintindex":0},"down":{"uv":[12.40625,2.75,12.15625,2.9375],"rotation":0,"texture":"#0","tintindex":0}}}],"textures":{"0":"modelengine:entity/yukio_full_hit"},"display":{"head":{"translation":[0.0,-6.4,0.0],"scale":[4.0,4.0,4.0]}}}