{"elements":[{"from":[4.0,-4.5714293,-1.7142859],"to":[12.571428,8.0,8.0],"rotation":{"angle":0.0,"axis":"y","origin":[9.714286,6.857143,-3.4285717]},"faces":{"east":{"uv":[4.84375,5.75,5.375,6.4375],"rotation":0,"texture":"#0","tintindex":0},"south":{"uv":[9.5,5.15625,9.96875,5.84375],"rotation":0,"texture":"#0","tintindex":0},"north":{"uv":[9.5,0.0,9.96875,0.6875],"rotation":0,"texture":"#0","tintindex":0},"west":{"uv":[9.03125,4.46875,9.5625,5.15625],"rotation":0,"texture":"#0","tintindex":0},"up":{"uv":[11.09375,7.0625,10.625,6.53125],"rotation":0,"texture":"#0","tintindex":0},"down":{"uv":[5.3125,10.65625,4.84375,11.1875],"rotation":0,"texture":"#0","tintindex":0}}},{"from":[4.0,-14.857143,-1.7142859],"to":[10.857143,-4.5714293,5.714286],"rotation":{"angle":0.0,"axis":"y","origin":[9.714286,6.857143,-3.4285717]},"faces":{"east":{"uv":[1.21875,10.78125,1.625,11.34375],"rotation":0,"texture":"#0","tintindex":0},"south":{"uv":[6.125,10.875,6.5,11.4375],"rotation":0,"texture":"#0","tintindex":0},"north":{"uv":[5.75,10.875,6.125,11.4375],"rotation":0,"texture":"#0","tintindex":0},"west":{"uv":[6.5625,10.78125,6.96875,11.34375],"rotation":0,"texture":"#0","tintindex":0},"up":{"uv":[2.28125,11.75,1.90625,11.34375],"rotation":0,"texture":"#0","tintindex":0},"down":{"uv":[6.875,11.34375,6.5,11.75],"rotation":0,"texture":"#0","tintindex":0}}}],"textures":{"0":"modelengine:entity/yukio_full_hit"},"display":{"head":{"translation":[0.0,-6.4,0.0],"scale":[4.0,4.0,4.0]}}}