{"elements":[{"from":[2.9313054,4.9341135,0.41381598],"to":[10.931306,9.505543,9.556674],"rotation":{"angle":0.0,"axis":"y","origin":[6.9313054,8.362685,0.9852443]},"faces":{"east":{"uv":[2.3125,7.78125,2.8125,8.03125],"rotation":0,"texture":"#0","tintindex":0},"south":{"uv":[4.71875,11.65625,5.15625,11.90625],"rotation":0,"texture":"#0","tintindex":0},"north":{"uv":[11.65625,0.0,12.09375,0.25],"rotation":0,"texture":"#0","tintindex":0},"west":{"uv":[11.5625,6.4375,12.0625,6.6875],"rotation":0,"texture":"#0","tintindex":0},"up":{"uv":[5.75,11.3125,5.3125,10.8125],"rotation":0,"texture":"#0","tintindex":0},"down":{"uv":[11.28125,4.53125,10.84375,5.03125],"rotation":0,"texture":"#0","tintindex":0}}}],"textures":{"0":"modelengine:entity/yukio_full_hit"},"display":{"head":{"translation":[0.0,-6.4,0.0],"scale":[4.0,4.0,4.0]}}}