{"elements":[{"from":[0.0,-7.4285717,6.285714],"to":[6.285714,5.714286,14.857143],"rotation":{"angle":0.0,"axis":"y","origin":[5.142857,0.5714283,3.4285712]},"faces":{"east":{"uv":[2.25,9.25,2.71875,9.96875],"rotation":0,"texture":"#0","tintindex":0},"south":{"uv":[10.65625,8.3125,11.0,9.03125],"rotation":0,"texture":"#0","tintindex":0},"north":{"uv":[10.65625,7.59375,11.0,8.3125],"rotation":0,"texture":"#0","tintindex":0},"west":{"uv":[2.71875,9.25,3.1875,9.96875],"rotation":0,"texture":"#0","tintindex":0},"up":{"uv":[1.5625,11.8125,1.21875,11.34375],"rotation":0,"texture":"#0","tintindex":0},"down":{"uv":[1.90625,11.34375,1.5625,11.8125],"rotation":0,"texture":"#0","tintindex":0}}},{"from":[-8.292067,-1.7142859,18.291258],"to":[1.4222198,21.142857,18.291258],"rotation":{"angle":45.0,"axis":"y","origin":[-3.4349232,6.857143,18.291258]},"faces":{"east":{"uv":[0.0,0.0,0.0,1.25],"rotation":0,"texture":"#0","tintindex":0},"south":{"uv":[4.09375,7.625,3.5625,8.875],"rotation":0,"texture":"#0","tintindex":0},"north":{"uv":[3.5625,7.625,4.09375,8.875],"rotation":0,"texture":"#0","tintindex":0},"west":{"uv":[0.0,0.0,0.0,1.25],"rotation":0,"texture":"#0","tintindex":0},"up":{"uv":[0.53125,0.0,0.0,0.0],"rotation":0,"texture":"#0","tintindex":0},"down":{"uv":[0.53125,0.0,0.0,0.0],"rotation":0,"texture":"#0","tintindex":0}}},{"from":[-7.161625,10.111725,7.548296],"to":[0.8383746,20.968868,7.548296],"rotation":{"angle":-22.5,"axis":"z","origin":[-3.7330532,14.39744,10.405439]},"faces":{"east":{"uv":[0.0,0.0,0.0,0.59375],"rotation":0,"texture":"#0","tintindex":0},"south":{"uv":[10.0625,7.15625,10.5,7.75],"rotation":0,"texture":"#0","tintindex":0},"north":{"uv":[10.53125,7.15625,10.09375,7.75],"rotation":0,"texture":"#0","tintindex":0},"west":{"uv":[0.0,0.0,0.0,0.59375],"rotation":0,"texture":"#0","tintindex":0},"up":{"uv":[0.4375,0.0,0.0,0.0],"rotation":0,"texture":"#0","tintindex":0},"down":{"uv":[0.4375,0.0,0.0,0.0],"rotation":0,"texture":"#0","tintindex":0}}},{"from":[1.7142854,18.285715,2.8571424],"to":[1.7142854,26.285715,13.714286],"rotation":{"angle":0.0,"axis":"y","origin":[2.8571424,22.857143,9.428572]},"faces":{"east":{"uv":[4.9375,10.21875,5.53125,10.65625],"rotation":0,"texture":"#0","tintindex":0},"south":{"uv":[0.0,0.0,0.0,0.4375],"rotation":0,"texture":"#0","tintindex":0},"north":{"uv":[0.0,0.0,0.0,0.4375],"rotation":0,"texture":"#0","tintindex":0},"west":{"uv":[8.71875,10.21875,9.3125,10.65625],"rotation":0,"texture":"#0","tintindex":0},"up":{"uv":[0.0,0.59375,0.0,0.0],"rotation":0,"texture":"#0","tintindex":0},"down":{"uv":[0.0,0.0,0.0,0.59375],"rotation":0,"texture":"#0","tintindex":0}}},{"from":[-8.3044815,11.540297,10.119724],"to":[-0.30448246,11.540297,20.976868],"rotation":{"angle":45.0,"axis":"y","origin":[-3.7330532,14.39744,10.405439]},"faces":{"east":{"uv":[0.0,0.0,0.59375,0.0],"rotation":0,"texture":"#0","tintindex":0},"south":{"uv":[0.0,0.0,0.4375,0.0],"rotation":0,"texture":"#0","tintindex":0},"north":{"uv":[0.0,0.0,0.4375,0.0],"rotation":0,"texture":"#0","tintindex":0},"west":{"uv":[0.0,0.0,0.59375,0.0],"rotation":0,"texture":"#0","tintindex":0},"up":{"uv":[0.875,10.59375,0.4375,10.0],"rotation":0,"texture":"#0","tintindex":0},"down":{"uv":[0.875,10.0,0.4375,10.59375],"rotation":0,"texture":"#0","tintindex":0}}},{"from":[0.0,5.714286,2.8571424],"to":[8.0,18.285715,14.857143],"rotation":{"angle":0.0,"axis":"y","origin":[5.142857,17.142857,3.4285712]},"faces":{"east":{"uv":[8.84375,5.15625,9.5,5.84375],"rotation":0,"texture":"#0","tintindex":0},"south":{"uv":[9.09375,9.53125,9.53125,10.21875],"rotation":0,"texture":"#0","tintindex":0},"north":{"uv":[9.53125,8.84375,9.96875,9.53125],"rotation":0,"texture":"#0","tintindex":0},"west":{"uv":[8.84375,5.84375,9.5,6.53125],"rotation":0,"texture":"#0","tintindex":0},"up":{"uv":[10.34375,3.75,9.90625,3.09375],"rotation":0,"texture":"#0","tintindex":0},"down":{"uv":[8.71875,9.90625,8.28125,10.5625],"rotation":0,"texture":"#0","tintindex":0}}},{"from":[-2.7981052,14.067022,9.142858],"to":[1.773324,27.781307,14.285715],"rotation":{"angle":22.5,"axis":"z","origin":[-0.51239014,20.924166,11.714286]},"faces":{"east":{"uv":[4.53125,10.78125,4.8125,11.53125],"rotation":0,"texture":"#0","tintindex":0},"south":{"uv":[9.34375,11.21875,9.59375,11.96875],"rotation":0,"texture":"#0","tintindex":0},"north":{"uv":[9.09375,11.21875,9.34375,11.96875],"rotation":0,"texture":"#0","tintindex":0},"west":{"uv":[10.84375,10.90625,11.125,11.65625],"rotation":0,"texture":"#0","tintindex":0},"up":{"uv":[7.0625,12.25,6.8125,11.96875],"rotation":0,"texture":"#0","tintindex":0},"down":{"uv":[5.71875,12.0,5.46875,12.28125],"rotation":0,"texture":"#0","tintindex":0}}},{"from":[1.773324,12.352736,-0.57142925],"to":[6.3447523,20.924166,4.5714283],"rotation":{"angle":-22.5,"axis":"x","origin":[4.059038,21.495594,1.9999995]},"faces":{"east":{"uv":[3.8125,11.40625,4.09375,11.875],"rotation":0,"texture":"#0","tintindex":0},"south":{"uv":[8.375,11.5625,8.625,12.03125],"rotation":0,"texture":"#0","tintindex":0},"north":{"uv":[3.5625,6.96875,3.8125,7.4375],"rotation":0,"texture":"#0","tintindex":0},"west":{"uv":[6.875,11.5,7.15625,11.96875],"rotation":0,"texture":"#0","tintindex":0},"up":{"uv":[12.25,7.28125,12.0,7.0],"rotation":0,"texture":"#0","tintindex":0},"down":{"uv":[0.46875,12.03125,0.21875,12.3125],"rotation":0,"texture":"#0","tintindex":0}}}],"textures":{"0":"modelengine:entity/yukio_full_hit"},"display":{"head":{"translation":[0.0,-6.4,0.0],"scale":[4.0,4.0,4.0]}}}