{"elements":[{"from":[8.0,-1.1428576,2.8571424],"to":[8.0,8.0,13.142858],"rotation":{"angle":0.0,"axis":"y","origin":[12.285715,24.285715,8.0]},"faces":{"east":{"uv":[5.625,2.0,6.75,3.0],"rotation":0,"texture":"#5","tintindex":0},"south":{"uv":[0.0,0.0,0.0,1.0],"rotation":0,"texture":"#5","tintindex":0},"north":{"uv":[0.0,0.0,0.0,1.0],"rotation":0,"texture":"#5","tintindex":0},"west":{"uv":[6.75,2.0,5.625,3.0],"rotation":0,"texture":"#5","tintindex":0},"up":{"uv":[0.0,1.125,0.0,0.0],"rotation":0,"texture":"#5","tintindex":0},"down":{"uv":[0.0,0.0,0.0,1.125],"rotation":0,"texture":"#5","tintindex":0}}}],"textures":{"5":"modelengine:entity/azriel_parts"},"display":{"head":{"translation":[0.0,-6.4,0.0],"scale":[4.0,4.0,4.0]}}}