{
   "littleroom.oog.break_chain":{
		 "sounds": [
			"littleroom/oog/break_chain"
		 ]
	},
   "littleroom.oog.death":{
		 "sounds": [
			"littleroom/oog/death"
		 ]
	},
   "littleroom.oog.gimme_that":{
		 "sounds": [
			"littleroom/oog/gimme_that"
		 ]
	},
   "littleroom.oog.grunt_1":{
		 "sounds": [
			"littleroom/oog/grunt_1"
		 ]
	},
   "littleroom.oog.grunt_2":{
		 "sounds": [
			"littleroom/oog/grunt_2"
		 ]
	},
   "littleroom.oog.grunt_3":{
		 "sounds": [
			"littleroom/oog/grunt_3"
		 ]
	},
   "littleroom.oog.grunt_4":{
		 "sounds": [
			"littleroom/oog/grunt_4"
		 ]
	},
   "littleroom.oog.grunt_5":{
		 "sounds": [
			"littleroom/oog/grunt_5"
		 ]
	},
   "littleroom.oog.grunt_6":{
		 "sounds": [
			"littleroom/oog/grunt_6"
		 ]
	},
   "littleroom.oog.grunt_7":{
		 "sounds": [
			"littleroom/oog/grunt_7"
		 ]
	},
   "littleroom.oog.here_comes_the_thunder":{
		 "sounds": [
			"littleroom/oog/here_comes_the_thunder"
		 ]
	},
   "littleroom.oog.impact1":{
		 "sounds": [
			"littleroom/oog/impact1"
		 ]
	},
   "littleroom.oog.impact2":{
		 "sounds": [
			"littleroom/oog/impact2"
		 ]
	},
   "littleroom.oog.impact3":{
		 "sounds": [
			"littleroom/oog/impact3"
		 ]
	},
   "littleroom.oog.impact4":{
		 "sounds": [
			"littleroom/oog/impact4"
		 ]
	},
   "littleroom.oog.laugh_1":{
		 "sounds": [
			"littleroom/oog/laugh_1"
		 ]
	},
   "littleroom.oog.laugh_2":{
		 "sounds": [
			"littleroom/oog/laugh_2"
		 ]
	},
   "littleroom.oog.laugh_3":{
		 "sounds": [
			"littleroom/oog/laugh_3"
		 ]
	},
   "littleroom.oog.laugh_4":{
		 "sounds": [
			"littleroom/oog/laugh_4"
		 ]
	},
   "littleroom.oog.laugh_5":{
		 "sounds": [
			"littleroom/oog/laugh_5"
		 ]
	},
   "littleroom.oog.leap1":{
		 "sounds": [
			"littleroom/oog/leap1"
		 ]
	},
   "littleroom.oog.ow_1":{
		 "sounds": [
			"littleroom/oog/ow_1"
		 ]
	},
   "littleroom.oog.ow_2":{
		 "sounds": [
			"littleroom/oog/ow_2"
		 ]
	},
   "littleroom.oog.ow_3":{
		 "sounds": [
			"littleroom/oog/ow_3"
		 ]
	},
   "littleroom.oog.ow_4":{
		 "sounds": [
			"littleroom/oog/ow_4"
		 ]
	},
   "littleroom.oog.roar_1":{
		 "sounds": [
			"littleroom/oog/roar_1"
		 ]
	},
   "littleroom.oog.roar_2":{
		 "sounds": [
			"littleroom/oog/roar_2"
		 ]
	},
   "littleroom.oog.roar_3":{
		 "sounds": [
			"littleroom/oog/roar_3"
		 ]
	},
   "littleroom.oog.step1":{
		 "sounds": [
			"littleroom/oog/step1"
		 ]
	},
   "littleroom.oog.step2":{
		 "sounds": [
			"littleroom/oog/step2"
		 ]
	},
   "littleroom.oog.step3":{
		 "sounds": [
			"littleroom/oog/step3"
		 ]
	},
   "littleroom.oog.step4":{
		 "sounds": [
			"littleroom/oog/step4"
		 ]
	},
   "littleroom.oog.stumble_1":{
		 "sounds": [
			"littleroom/oog/stumble_1"
		 ]
	},
   "littleroom.oog.stumble_2":{
		 "sounds": [
			"littleroom/oog/stumble_2"
		 ]
	},
   "littleroom.oog.stumble_3":{
		 "sounds": [
			"littleroom/oog/stumble_3"
		 ]
	},
   "littleroom.oog.stumble_4":{
		 "sounds": [
			"littleroom/oog/stumble_4"
		 ]
	},
   "littleroom.oog.swing1":{
		 "sounds": [
			"littleroom/oog/swing1"
		 ]
	},
   "littleroom.oog.swing2":{
		 "sounds": [
			"littleroom/oog/swing2"
		 ]
	},
   "littleroom.oog.swing3":{
		 "sounds": [
			"littleroom/oog/swing3"
		 ]
	},
   "littleroom.oog.swing4":{
		 "sounds": [
			"littleroom/oog/swing4"
		 ]
	},
   "littleroom.oog.rock_break":{
		 "sounds": [
			"littleroom/oog/rock_break"
		 ]
	},
   "littleroom.oog.wood_break":{
		 "sounds": [
			"littleroom/oog/wood_break"
		 ]
	},
   "littleroom.oog.bone_break":{
		 "sounds": [
			"littleroom/oog/bone_break"
		 ]
	},
   "littleroom.oog.poof":{
		 "sounds": [
			"littleroom/oog/poof"
		 ]
	}
}
