{"elements":[{"from":[7.857143,6.142857,7.428571],"to":[9.0,8.428572,8.571428],"rotation":{"angle":0.0,"axis":"y","origin":[8.0,8.0,8.0]},"faces":{"east":{"uv":[12.0,3.5,11.0,5.5],"rotation":0,"texture":"#0","tintindex":0},"south":{"uv":[12.0,1.5,11.0,3.5],"rotation":0,"texture":"#0","tintindex":0},"north":{"uv":[6.0,10.5,5.0,12.5],"rotation":0,"texture":"#0","tintindex":0},"west":{"uv":[7.0,10.5,6.0,12.5],"rotation":0,"texture":"#0","tintindex":0},"up":{"uv":[10.0,12.5,11.0,11.5],"rotation":0,"texture":"#0","tintindex":0},"down":{"uv":[11.5,10.0,12.5,11.0],"rotation":0,"texture":"#0","tintindex":0}}},{"from":[9.142858,8.571428,8.714286],"to":[7.714286,6.0,7.285714],"rotation":{"angle":0.0,"axis":"y","origin":[8.0,8.0,8.0]},"faces":{"east":{"uv":[16.0,15.5,15.5,16.0],"rotation":0,"texture":"#0","tintindex":0},"south":{"uv":[16.0,15.5,15.5,16.0],"rotation":0,"texture":"#0","tintindex":0},"north":{"uv":[16.0,15.5,15.5,16.0],"rotation":0,"texture":"#0","tintindex":0},"west":{"uv":[16.0,15.5,15.5,16.0],"rotation":0,"texture":"#0","tintindex":0},"up":{"uv":[16.0,15.5,15.5,16.0],"rotation":0,"texture":"#0","tintindex":0},"down":{"uv":[16.0,15.5,15.5,16.0],"rotation":0,"texture":"#0","tintindex":0}}},{"from":[7.714286,6.0,7.285714],"to":[9.142858,7.428571,8.714286],"rotation":{"angle":0.0,"axis":"y","origin":[8.0,8.0,8.0]},"faces":{"east":{"uv":[13.0,2.5,12.0,3.5],"rotation":0,"texture":"#0","tintindex":0},"south":{"uv":[3.5,12.0,2.5,13.0],"rotation":0,"texture":"#0","tintindex":0},"north":{"uv":[12.0,11.5,11.0,12.5],"rotation":0,"texture":"#0","tintindex":0},"west":{"uv":[13.0,1.5,12.0,2.5],"rotation":0,"texture":"#0","tintindex":0},"up":{"uv":[3.5,13.0,4.5,12.0],"rotation":0,"texture":"#0","tintindex":0},"down":{"uv":[12.0,3.5,13.0,4.5],"rotation":0,"texture":"#0","tintindex":0}}},{"from":[9.285714,7.5714283,8.857143],"to":[7.5714283,5.8571424,7.142857],"rotation":{"angle":0.0,"axis":"y","origin":[8.0,8.0,8.0]},"faces":{"east":{"uv":[16.0,15.5,15.5,16.0],"rotation":0,"texture":"#0","tintindex":0},"south":{"uv":[16.0,15.5,15.5,16.0],"rotation":0,"texture":"#0","tintindex":0},"north":{"uv":[16.0,15.5,15.5,16.0],"rotation":0,"texture":"#0","tintindex":0},"west":{"uv":[16.0,15.5,15.5,16.0],"rotation":0,"texture":"#0","tintindex":0},"up":{"uv":[16.0,15.5,15.5,16.0],"rotation":0,"texture":"#0","tintindex":0},"down":{"uv":[16.0,15.0,15.5,15.5],"rotation":0,"texture":"#0","tintindex":0}}}],"textures":{"0":"modelengine:entity/baby_shadow"},"display":{"head":{"translation":[0.0,-6.4,0.0],"scale":[4.0,4.0,4.0]}}}