{"elements":[{"from":[8.276463,2.8826356,8.177047],"to":[8.73932,19.288351,8.639904],"rotation":{"angle":0.0,"axis":"y","origin":[8.516357,20.24709,8.000417]},"faces":{"east":{"uv":[1.0,0.0,1.5,14.5],"rotation":0,"texture":"#2","tintindex":0},"south":{"uv":[1.5,0.0,2.0,14.5],"rotation":0,"texture":"#2","tintindex":0},"north":{"uv":[0.5,0.0,1.0,14.5],"rotation":0,"texture":"#2","tintindex":0},"west":{"uv":[0.0,0.0,0.5,14.5],"rotation":0,"texture":"#2","tintindex":0},"up":{"uv":[6.5,2.0,6.0,1.5],"rotation":270,"texture":"#2","tintindex":0},"down":{"uv":[8.0,1.0,7.5,1.5],"rotation":90,"texture":"#2","tintindex":0}}},{"from":[8.276463,18.825493,8.177047],"to":[8.73932,20.316921,8.639904],"rotation":{"angle":0.0,"axis":"y","origin":[8.516357,20.24709,8.000417]},"faces":{"east":{"uv":[11.5,11.5,12.0,13.0],"rotation":0,"texture":"#2","tintindex":0},"south":{"uv":[12.0,0.5,12.5,2.0],"rotation":0,"texture":"#2","tintindex":0},"north":{"uv":[10.5,11.5,11.0,13.0],"rotation":0,"texture":"#2","tintindex":0},"west":{"uv":[11.5,10.0,12.0,11.5],"rotation":0,"texture":"#2","tintindex":0},"up":{"uv":[10.0,5.5,9.5,5.0],"rotation":270,"texture":"#2","tintindex":0},"down":{"uv":[11.5,0.5,11.0,1.0],"rotation":90,"texture":"#2","tintindex":0}}},{"from":[8.156357,17.073782,5.347048],"to":[8.876357,18.308067,6.581333],"rotation":{"angle":-45.0,"axis":"x","origin":[8.524823,20.24709,8.000417]},"faces":{"east":{"uv":[10.0,5.5,11.0,6.5],"rotation":0,"texture":"#2","tintindex":0},"south":{"uv":[13.5,6.0,14.0,7.0],"rotation":0,"texture":"#2","tintindex":0},"north":{"uv":[8.0,2.0,8.5,3.0],"rotation":0,"texture":"#2","tintindex":0},"west":{"uv":[10.0,4.5,11.0,5.5],"rotation":0,"texture":"#2","tintindex":0},"up":{"uv":[9.5,7.0,8.5,6.5],"rotation":270,"texture":"#2","tintindex":0},"down":{"uv":[10.5,7.5,9.5,8.0],"rotation":90,"texture":"#2","tintindex":0}}},{"from":[8.147891,11.120219,-0.5493717],"to":[8.867891,11.8402195,0.1706276],"rotation":{"angle":-45.0,"axis":"x","origin":[8.516357,20.24709,8.000417]},"faces":{"east":{"uv":[9.0,14.0,9.5,14.5],"rotation":0,"texture":"#2","tintindex":0},"south":{"uv":[14.0,9.0,14.5,9.5],"rotation":0,"texture":"#2","tintindex":0},"north":{"uv":[14.0,8.5,14.5,9.0],"rotation":0,"texture":"#2","tintindex":0},"west":{"uv":[8.0,14.0,8.5,14.5],"rotation":0,"texture":"#2","tintindex":0},"up":{"uv":[10.0,14.5,9.5,14.0],"rotation":270,"texture":"#2","tintindex":0},"down":{"uv":[14.5,9.5,14.0,10.0],"rotation":90,"texture":"#2","tintindex":0}}},{"from":[8.156357,8.210979,-3.4586124],"to":[8.876357,8.93098,-2.7386112],"rotation":{"angle":-45.0,"axis":"x","origin":[8.524823,20.24709,8.000417]},"faces":{"east":{"uv":[14.0,10.5,14.5,11.0],"rotation":0,"texture":"#2","tintindex":0},"south":{"uv":[11.0,14.0,11.5,14.5],"rotation":0,"texture":"#2","tintindex":0},"north":{"uv":[14.0,10.0,14.5,10.5],"rotation":0,"texture":"#2","tintindex":0},"west":{"uv":[10.0,14.0,10.5,14.5],"rotation":0,"texture":"#2","tintindex":0},"up":{"uv":[14.5,11.5,14.0,11.0],"rotation":270,"texture":"#2","tintindex":0},"down":{"uv":[14.5,11.5,14.0,12.0],"rotation":90,"texture":"#2","tintindex":0}}},{"from":[8.259214,6.376128,-4.2648916],"to":[8.7734995,7.9189854,-3.7506065],"rotation":{"angle":-45.0,"axis":"x","origin":[8.524823,20.24709,8.000417]},"faces":{"east":{"uv":[4.0,12.0,4.5,13.5],"rotation":0,"texture":"#2","tintindex":0},"south":{"uv":[4.5,12.0,5.0,13.5],"rotation":0,"texture":"#2","tintindex":0},"north":{"uv":[3.5,12.0,4.0,13.5],"rotation":0,"texture":"#2","tintindex":0},"west":{"uv":[3.0,12.0,3.5,13.5],"rotation":0,"texture":"#2","tintindex":0},"up":{"uv":[14.5,12.5,14.0,12.0],"rotation":270,"texture":"#2","tintindex":0},"down":{"uv":[14.5,13.0,14.0,13.5],"rotation":90,"texture":"#2","tintindex":0}}},{"from":[8.259214,6.376128,-5.2934628],"to":[8.7734995,7.9189854,-4.7791777],"rotation":{"angle":-45.0,"axis":"x","origin":[8.524823,20.24709,8.000417]},"faces":{"east":{"uv":[6.5,12.0,7.0,13.5],"rotation":0,"texture":"#2","tintindex":0},"south":{"uv":[7.0,12.0,7.5,13.5],"rotation":0,"texture":"#2","tintindex":0},"north":{"uv":[12.0,6.0,12.5,7.5],"rotation":0,"texture":"#2","tintindex":0},"west":{"uv":[12.0,4.5,12.5,6.0],"rotation":0,"texture":"#2","tintindex":0},"up":{"uv":[14.5,14.0,14.0,13.5],"rotation":270,"texture":"#2","tintindex":0},"down":{"uv":[14.5,14.0,14.0,14.5],"rotation":90,"texture":"#2","tintindex":0}}},{"from":[8.259214,7.4046993,-4.7791777],"to":[8.7734995,7.9189854,-4.2648916],"rotation":{"angle":-45.0,"axis":"x","origin":[8.524823,20.24709,8.000417]},"faces":{"east":{"uv":[0.5,14.5,1.0,15.0],"rotation":0,"texture":"#2","tintindex":0},"south":{"uv":[14.5,0.5,15.0,1.0],"rotation":0,"texture":"#2","tintindex":0},"north":{"uv":[14.5,0.0,15.0,0.5],"rotation":0,"texture":"#2","tintindex":0},"west":{"uv":[0.0,14.5,0.5,15.0],"rotation":0,"texture":"#2","tintindex":0},"up":{"uv":[1.5,15.0,1.0,14.5],"rotation":270,"texture":"#2","tintindex":0},"down":{"uv":[15.0,1.0,14.5,1.5],"rotation":90,"texture":"#2","tintindex":0}}},{"from":[8.259214,6.376128,-4.7791777],"to":[8.7734995,6.8904138,-4.2648916],"rotation":{"angle":-45.0,"axis":"x","origin":[8.524823,20.24709,8.000417]},"faces":{"east":{"uv":[14.5,4.0,15.0,4.5],"rotation":0,"texture":"#2","tintindex":0},"south":{"uv":[14.5,6.0,15.0,6.5],"rotation":0,"texture":"#2","tintindex":0},"north":{"uv":[14.5,3.5,15.0,4.0],"rotation":0,"texture":"#2","tintindex":0},"west":{"uv":[1.5,14.5,2.0,15.0],"rotation":0,"texture":"#2","tintindex":0},"up":{"uv":[15.0,7.0,14.5,6.5],"rotation":270,"texture":"#2","tintindex":0},"down":{"uv":[15.0,7.0,14.5,7.5],"rotation":90,"texture":"#2","tintindex":0}}},{"from":[7.591671,22.055813,10.329078],"to":[8.1039,22.417408,10.690676],"rotation":{"angle":-45.0,"axis":"x","origin":[8.524823,20.24709,8.000417]},"faces":{"east":{"uv":[7.0,4.0,8.0,5.0],"rotation":270,"texture":"#0","tintindex":0},"south":{"uv":[9.0,1.0,8.0,0.0],"rotation":0,"texture":"#0","tintindex":0},"north":{"uv":[3.0,8.0,2.0,9.0],"rotation":180,"texture":"#0","tintindex":0},"west":{"uv":[0.0,8.0,1.0,9.0],"rotation":90,"texture":"#0","tintindex":0},"up":{"uv":[7.0,2.0,8.0,3.0],"rotation":180,"texture":"#0","tintindex":0},"down":{"uv":[7.0,6.0,8.0,7.0],"rotation":0,"texture":"#0","tintindex":0}}},{"from":[7.5906425,22.39978,8.110927],"to":[8.104928,23.42835,8.625213],"rotation":{"angle":0.0,"axis":"y","origin":[8.524823,20.24709,8.000417]},"faces":{"east":{"uv":[0.0,0.0,2.0,1.0],"rotation":270,"texture":"#0","tintindex":0},"south":{"uv":[4.0,2.0,3.0,0.0],"rotation":0,"texture":"#0","tintindex":0},"north":{"uv":[4.0,3.0,3.0,5.0],"rotation":180,"texture":"#0","tintindex":0},"west":{"uv":[0.0,2.0,2.0,3.0],"rotation":90,"texture":"#0","tintindex":0},"up":{"uv":[0.0,6.0,1.0,7.0],"rotation":180,"texture":"#0","tintindex":0},"down":{"uv":[2.0,6.0,3.0,7.0],"rotation":0,"texture":"#0","tintindex":0}}},{"from":[7.591671,21.328503,9.6017685],"to":[8.1039,21.6901,9.963366],"rotation":{"angle":-45.0,"axis":"x","origin":[8.524823,20.24709,8.000417]},"faces":{"east":{"uv":[6.0,8.0,7.0,9.0],"rotation":270,"texture":"#0","tintindex":0},"south":{"uv":[10.0,5.0,9.0,4.0],"rotation":0,"texture":"#0","tintindex":0},"north":{"uv":[10.0,6.0,9.0,7.0],"rotation":180,"texture":"#0","tintindex":0},"west":{"uv":[9.0,2.0,10.0,3.0],"rotation":90,"texture":"#0","tintindex":0},"up":{"uv":[4.0,8.0,5.0,9.0],"rotation":180,"texture":"#0","tintindex":0},"down":{"uv":[8.0,8.0,9.0,9.0],"rotation":0,"texture":"#0","tintindex":0}}},{"from":[7.7449284,21.885494,7.8537836],"to":[8.259214,23.942636,8.882356],"rotation":{"angle":0.0,"axis":"y","origin":[8.524823,20.24709,8.000417]},"faces":{"east":{"uv":[6.5,5.0,7.5,7.0],"rotation":0,"texture":"#2","tintindex":0},"south":{"uv":[10.5,7.5,11.0,9.5],"rotation":0,"texture":"#2","tintindex":0},"north":{"uv":[10.5,2.0,11.0,4.0],"rotation":0,"texture":"#2","tintindex":0},"west":{"uv":[6.5,3.0,7.5,5.0],"rotation":0,"texture":"#2","tintindex":0},"up":{"uv":[14.5,7.5,13.5,7.0],"rotation":270,"texture":"#2","tintindex":0},"down":{"uv":[8.5,13.5,7.5,14.0],"rotation":90,"texture":"#2","tintindex":0}}},{"from":[7.7464714,20.783535,9.78411],"to":[8.257671,21.294735,10.29531],"rotation":{"angle":-45.0,"axis":"x","origin":[8.524823,20.24709,8.000417]},"faces":{"east":{"uv":[14.5,8.0,15.0,8.5],"rotation":0,"texture":"#2","tintindex":0},"south":{"uv":[8.5,14.5,9.0,15.0],"rotation":0,"texture":"#2","tintindex":0},"north":{"uv":[8.0,14.5,8.5,15.0],"rotation":0,"texture":"#2","tintindex":0},"west":{"uv":[14.5,7.5,15.0,8.0],"rotation":0,"texture":"#2","tintindex":0},"up":{"uv":[15.0,9.0,14.5,8.5],"rotation":270,"texture":"#2","tintindex":0},"down":{"uv":[9.5,14.5,9.0,15.0],"rotation":90,"texture":"#2","tintindex":0}}},{"from":[7.7464714,21.303474,6.225463],"to":[8.257671,21.814674,6.736663],"rotation":{"angle":45.0,"axis":"x","origin":[8.524823,20.24709,8.000417]},"faces":{"east":{"uv":[14.5,9.5,15.0,10.0],"rotation":0,"texture":"#2","tintindex":0},"south":{"uv":[10.0,14.5,10.5,15.0],"rotation":0,"texture":"#2","tintindex":0},"north":{"uv":[9.5,14.5,10.0,15.0],"rotation":0,"texture":"#2","tintindex":0},"west":{"uv":[14.5,9.0,15.0,9.5],"rotation":0,"texture":"#2","tintindex":0},"up":{"uv":[15.0,10.5,14.5,10.0],"rotation":270,"texture":"#2","tintindex":0},"down":{"uv":[11.0,14.5,10.5,15.0],"rotation":90,"texture":"#2","tintindex":0}}},{"from":[7.7464714,22.244432,5.2845054],"to":[8.257671,22.75563,5.795706],"rotation":{"angle":45.0,"axis":"x","origin":[8.524823,20.24709,8.000417]},"faces":{"east":{"uv":[14.5,11.0,15.0,11.5],"rotation":0,"texture":"#2","tintindex":0},"south":{"uv":[11.5,14.5,12.0,15.0],"rotation":0,"texture":"#2","tintindex":0},"north":{"uv":[11.0,14.5,11.5,15.0],"rotation":0,"texture":"#2","tintindex":0},"west":{"uv":[14.5,10.5,15.0,11.0],"rotation":0,"texture":"#2","tintindex":0},"up":{"uv":[15.0,12.0,14.5,11.5],"rotation":270,"texture":"#2","tintindex":0},"down":{"uv":[12.5,14.5,12.0,15.0],"rotation":90,"texture":"#2","tintindex":0}}},{"from":[7.7464714,21.724491,10.725067],"to":[8.257671,22.235691,11.236267],"rotation":{"angle":-45.0,"axis":"x","origin":[8.524823,20.24709,8.000417]},"faces":{"east":{"uv":[14.5,12.5,15.0,13.0],"rotation":0,"texture":"#2","tintindex":0},"south":{"uv":[13.0,14.5,13.5,15.0],"rotation":0,"texture":"#2","tintindex":0},"north":{"uv":[12.5,14.5,13.0,15.0],"rotation":0,"texture":"#2","tintindex":0},"west":{"uv":[14.5,12.0,15.0,12.5],"rotation":0,"texture":"#2","tintindex":0},"up":{"uv":[15.0,13.5,14.5,13.0],"rotation":270,"texture":"#2","tintindex":0},"down":{"uv":[14.0,14.5,13.5,15.0],"rotation":90,"texture":"#2","tintindex":0}}},{"from":[8.775043,22.244432,5.2845054],"to":[9.2862425,22.75563,5.795706],"rotation":{"angle":45.0,"axis":"x","origin":[8.524823,20.24709,8.000417]},"faces":{"east":{"uv":[14.5,14.0,15.0,14.5],"rotation":0,"texture":"#2","tintindex":0},"south":{"uv":[14.5,14.5,15.0,15.0],"rotation":0,"texture":"#2","tintindex":0},"north":{"uv":[14.0,14.5,14.5,15.0],"rotation":0,"texture":"#2","tintindex":0},"west":{"uv":[14.5,13.5,15.0,14.0],"rotation":0,"texture":"#2","tintindex":0},"up":{"uv":[0.5,15.5,0.0,15.0],"rotation":270,"texture":"#2","tintindex":0},"down":{"uv":[15.5,0.0,15.0,0.5],"rotation":90,"texture":"#2","tintindex":0}}},{"from":[8.775043,21.724491,10.725067],"to":[9.2862425,22.235691,11.236267],"rotation":{"angle":-45.0,"axis":"x","origin":[8.524823,20.24709,8.000417]},"faces":{"east":{"uv":[1.0,15.0,1.5,15.5],"rotation":0,"texture":"#2","tintindex":0},"south":{"uv":[15.0,1.0,15.5,1.5],"rotation":0,"texture":"#2","tintindex":0},"north":{"uv":[15.0,0.5,15.5,1.0],"rotation":0,"texture":"#2","tintindex":0},"west":{"uv":[0.5,15.0,1.0,15.5],"rotation":0,"texture":"#2","tintindex":0},"up":{"uv":[2.0,15.5,1.5,15.0],"rotation":270,"texture":"#2","tintindex":0},"down":{"uv":[15.5,1.5,15.0,2.0],"rotation":90,"texture":"#2","tintindex":0}}},{"from":[8.928814,22.055813,10.329078],"to":[9.441043,22.417408,10.690676],"rotation":{"angle":-45.0,"axis":"x","origin":[8.524823,20.24709,8.000417]},"faces":{"east":{"uv":[11.0,4.0,12.0,5.0],"rotation":270,"texture":"#0","tintindex":0},"south":{"uv":[13.0,1.0,12.0,0.0],"rotation":0,"texture":"#0","tintindex":0},"north":{"uv":[3.0,12.0,2.0,13.0],"rotation":180,"texture":"#0","tintindex":0},"west":{"uv":[0.0,12.0,1.0,13.0],"rotation":90,"texture":"#0","tintindex":0},"up":{"uv":[11.0,2.0,12.0,3.0],"rotation":180,"texture":"#0","tintindex":0},"down":{"uv":[11.0,6.0,12.0,7.0],"rotation":0,"texture":"#0","tintindex":0}}},{"from":[8.927786,22.39978,8.110927],"to":[9.442071,23.42835,8.625213],"rotation":{"angle":0.0,"axis":"y","origin":[8.524823,20.24709,8.000417]},"faces":{"east":{"uv":[0.0,4.0,2.0,5.0],"rotation":270,"texture":"#0","tintindex":0},"south":{"uv":[6.0,4.0,5.0,2.0],"rotation":0,"texture":"#0","tintindex":0},"north":{"uv":[6.0,5.0,5.0,7.0],"rotation":180,"texture":"#0","tintindex":0},"west":{"uv":[5.0,0.0,7.0,1.0],"rotation":90,"texture":"#0","tintindex":0},"up":{"uv":[10.0,8.0,11.0,9.0],"rotation":180,"texture":"#0","tintindex":0},"down":{"uv":[10.0,10.0,11.0,11.0],"rotation":0,"texture":"#0","tintindex":0}}},{"from":[8.928814,21.328503,9.6017685],"to":[9.441043,21.6901,9.963366],"rotation":{"angle":-45.0,"axis":"x","origin":[8.524823,20.24709,8.000417]},"faces":{"east":{"uv":[10.0,0.0,11.0,1.0],"rotation":270,"texture":"#0","tintindex":0},"south":{"uv":[7.0,11.0,6.0,10.0],"rotation":0,"texture":"#0","tintindex":0},"north":{"uv":[9.0,10.0,8.0,11.0],"rotation":180,"texture":"#0","tintindex":0},"west":{"uv":[4.0,10.0,5.0,11.0],"rotation":90,"texture":"#0","tintindex":0},"up":{"uv":[0.0,10.0,1.0,11.0],"rotation":180,"texture":"#0","tintindex":0},"down":{"uv":[2.0,10.0,3.0,11.0],"rotation":0,"texture":"#0","tintindex":0}}},{"from":[8.7734995,21.885494,7.8537836],"to":[9.287786,23.942636,8.882356],"rotation":{"angle":0.0,"axis":"y","origin":[8.524823,20.24709,8.000417]},"faces":{"east":{"uv":[2.0,7.5,3.0,9.5],"rotation":0,"texture":"#2","tintindex":0},"south":{"uv":[11.0,2.0,11.5,4.0],"rotation":0,"texture":"#2","tintindex":0},"north":{"uv":[10.5,9.5,11.0,11.5],"rotation":0,"texture":"#2","tintindex":0},"west":{"uv":[6.5,7.0,7.5,9.0],"rotation":0,"texture":"#2","tintindex":0},"up":{"uv":[14.5,8.0,13.5,7.5],"rotation":270,"texture":"#2","tintindex":0},"down":{"uv":[14.5,8.0,13.5,8.5],"rotation":90,"texture":"#2","tintindex":0}}},{"from":[8.775043,20.783535,9.78411],"to":[9.2862425,21.294735,10.29531],"rotation":{"angle":-45.0,"axis":"x","origin":[8.524823,20.24709,8.000417]},"faces":{"east":{"uv":[2.5,15.0,3.0,15.5],"rotation":0,"texture":"#2","tintindex":0},"south":{"uv":[15.0,2.5,15.5,3.0],"rotation":0,"texture":"#2","tintindex":0},"north":{"uv":[15.0,2.0,15.5,2.5],"rotation":0,"texture":"#2","tintindex":0},"west":{"uv":[2.0,15.0,2.5,15.5],"rotation":0,"texture":"#2","tintindex":0},"up":{"uv":[3.5,15.5,3.0,15.0],"rotation":270,"texture":"#2","tintindex":0},"down":{"uv":[15.5,3.0,15.0,3.5],"rotation":90,"texture":"#2","tintindex":0}}},{"from":[8.775043,21.303474,6.225463],"to":[9.2862425,21.814674,6.736663],"rotation":{"angle":45.0,"axis":"x","origin":[8.524823,20.24709,8.000417]},"faces":{"east":{"uv":[4.0,15.0,4.5,15.5],"rotation":0,"texture":"#2","tintindex":0},"south":{"uv":[15.0,4.0,15.5,4.5],"rotation":0,"texture":"#2","tintindex":0},"north":{"uv":[15.0,3.5,15.5,4.0],"rotation":0,"texture":"#2","tintindex":0},"west":{"uv":[3.5,15.0,4.0,15.5],"rotation":0,"texture":"#2","tintindex":0},"up":{"uv":[5.0,15.5,4.5,15.0],"rotation":270,"texture":"#2","tintindex":0},"down":{"uv":[15.5,4.5,15.0,5.0],"rotation":90,"texture":"#2","tintindex":0}}},{"from":[8.207786,18.74835,8.099904],"to":[8.824928,19.365494,8.717047],"rotation":{"angle":0.0,"axis":"y","origin":[8.524823,20.24709,8.000417]},"faces":{"east":{"uv":[5.5,15.0,6.0,15.5],"rotation":0,"texture":"#2","tintindex":0},"south":{"uv":[15.0,5.5,15.5,6.0],"rotation":0,"texture":"#2","tintindex":0},"north":{"uv":[15.0,5.0,15.5,5.5],"rotation":0,"texture":"#2","tintindex":0},"west":{"uv":[5.0,15.0,5.5,15.5],"rotation":0,"texture":"#2","tintindex":0},"up":{"uv":[6.5,15.5,6.0,15.0],"rotation":270,"texture":"#2","tintindex":0},"down":{"uv":[15.5,6.0,15.0,6.5],"rotation":90,"texture":"#2","tintindex":0}}},{"from":[8.207786,16.176922,8.099904],"to":[8.824928,16.794065,8.717047],"rotation":{"angle":0.0,"axis":"y","origin":[8.524823,20.24709,8.000417]},"faces":{"east":{"uv":[7.0,15.0,7.5,15.5],"rotation":0,"texture":"#2","tintindex":0},"south":{"uv":[15.0,7.0,15.5,7.5],"rotation":0,"texture":"#2","tintindex":0},"north":{"uv":[15.0,6.5,15.5,7.0],"rotation":0,"texture":"#2","tintindex":0},"west":{"uv":[6.5,15.0,7.0,15.5],"rotation":0,"texture":"#2","tintindex":0},"up":{"uv":[8.0,15.5,7.5,15.0],"rotation":270,"texture":"#2","tintindex":0},"down":{"uv":[15.5,7.5,15.0,8.0],"rotation":90,"texture":"#2","tintindex":0}}},{"from":[8.207786,20.23978,8.099904],"to":[8.824928,20.856922,8.717047],"rotation":{"angle":0.0,"axis":"y","origin":[8.524823,20.24709,8.000417]},"faces":{"east":{"uv":[8.5,15.0,9.0,15.5],"rotation":0,"texture":"#2","tintindex":0},"south":{"uv":[15.0,8.5,15.5,9.0],"rotation":0,"texture":"#2","tintindex":0},"north":{"uv":[15.0,8.0,15.5,8.5],"rotation":0,"texture":"#2","tintindex":0},"west":{"uv":[8.0,15.0,8.5,15.5],"rotation":0,"texture":"#2","tintindex":0},"up":{"uv":[9.5,15.5,9.0,15.0],"rotation":270,"texture":"#2","tintindex":0},"down":{"uv":[15.5,9.0,15.0,9.5],"rotation":90,"texture":"#2","tintindex":0}}},{"from":[8.259214,20.805492,8.151333],"to":[8.7734995,24.91978,8.665619],"rotation":{"angle":0.0,"axis":"y","origin":[8.524823,20.24709,8.000417]},"faces":{"east":{"uv":[6.0,8.0,6.5,11.5],"rotation":0,"texture":"#2","tintindex":0},"south":{"uv":[7.5,8.0,8.0,11.5],"rotation":0,"texture":"#2","tintindex":0},"north":{"uv":[5.5,8.0,6.0,11.5],"rotation":0,"texture":"#2","tintindex":0},"west":{"uv":[5.0,6.0,5.5,9.5],"rotation":0,"texture":"#2","tintindex":0},"up":{"uv":[10.0,15.5,9.5,15.0],"rotation":270,"texture":"#2","tintindex":0},"down":{"uv":[15.5,9.5,15.0,10.0],"rotation":90,"texture":"#2","tintindex":0}}},{"from":[8.2623,23.66098,4.8061266],"to":[8.770414,24.018463,5.1636095],"rotation":{"angle":45.0,"axis":"x","origin":[8.524823,20.24709,8.000417]},"faces":{"east":{"uv":[10.5,15.0,11.0,15.5],"rotation":0,"texture":"#2","tintindex":0},"south":{"uv":[15.0,10.5,15.5,11.0],"rotation":0,"texture":"#2","tintindex":0},"north":{"uv":[15.0,10.0,15.5,10.5],"rotation":0,"texture":"#2","tintindex":0},"west":{"uv":[10.0,15.0,10.5,15.5],"rotation":0,"texture":"#2","tintindex":0},"up":{"uv":[11.5,15.5,11.0,15.0],"rotation":270,"texture":"#2","tintindex":0},"down":{"uv":[15.5,11.0,15.0,11.5],"rotation":90,"texture":"#2","tintindex":0}}},{"from":[7.669726,20.808578,8.335426],"to":[8.17784,24.916693,8.843541],"rotation":{"angle":45.0,"axis":"y","origin":[8.524823,20.24709,8.000417]},"faces":{"east":{"uv":[3.0,8.5,3.5,12.0],"rotation":0,"texture":"#2","tintindex":0},"south":{"uv":[3.5,8.5,4.0,12.0],"rotation":0,"texture":"#2","tintindex":0},"north":{"uv":[8.5,2.0,9.0,5.5],"rotation":0,"texture":"#2","tintindex":0},"west":{"uv":[8.0,8.0,8.5,11.5],"rotation":0,"texture":"#2","tintindex":0},"up":{"uv":[12.0,15.5,11.5,15.0],"rotation":270,"texture":"#2","tintindex":0},"down":{"uv":[15.5,11.5,15.0,12.0],"rotation":90,"texture":"#2","tintindex":0}}},{"from":[7.669726,20.808578,7.9697413],"to":[8.17784,24.916693,8.477856],"rotation":{"angle":-45.0,"axis":"y","origin":[8.524823,20.24709,8.812865]},"faces":{"east":{"uv":[8.5,8.0,9.0,11.5],"rotation":0,"texture":"#2","tintindex":0},"south":{"uv":[9.0,2.0,9.5,5.5],"rotation":0,"texture":"#2","tintindex":0},"north":{"uv":[4.5,8.5,5.0,12.0],"rotation":0,"texture":"#2","tintindex":0},"west":{"uv":[4.0,8.5,4.5,12.0],"rotation":0,"texture":"#2","tintindex":0},"up":{"uv":[12.5,15.5,12.0,15.0],"rotation":270,"texture":"#2","tintindex":0},"down":{"uv":[15.5,12.0,15.0,12.5],"rotation":90,"texture":"#2","tintindex":0}}},{"from":[8.39825,22.393604,5.74955],"to":[8.634821,23.401604,7.786121],"rotation":{"angle":-22.5,"axis":"x","origin":[8.506862,20.24709,8.000417]},"faces":{"east":{"uv":[3.0,7.5,5.0,8.5],"rotation":0,"texture":"#2","tintindex":0},"south":{"uv":[13.5,8.5,14.0,9.5],"rotation":0,"texture":"#2","tintindex":0},"north":{"uv":[8.5,13.5,9.0,14.5],"rotation":0,"texture":"#2","tintindex":0},"west":{"uv":[7.5,0.0,9.5,1.0],"rotation":0,"texture":"#2","tintindex":0},"up":{"uv":[12.5,4.5,10.5,4.0],"rotation":270,"texture":"#2","tintindex":0},"down":{"uv":[13.0,0.0,11.0,0.5],"rotation":90,"texture":"#2","tintindex":0}}},{"from":[8.393107,22.915361,3.7031932],"to":[8.639964,23.033646,5.2357645],"rotation":{"angle":22.5,"axis":"x","origin":[8.506862,20.24709,8.000417]},"faces":{"east":{"uv":[12.0,7.5,13.5,8.0],"rotation":0,"texture":"#2","tintindex":0},"south":{"uv":[15.0,12.5,15.5,13.0],"rotation":0,"texture":"#2","tintindex":0},"north":{"uv":[12.5,15.0,13.0,15.5],"rotation":0,"texture":"#2","tintindex":0},"west":{"uv":[12.0,2.0,13.5,2.5],"rotation":0,"texture":"#2","tintindex":0},"up":{"uv":[13.5,8.5,12.0,8.0],"rotation":270,"texture":"#2","tintindex":0},"down":{"uv":[13.5,10.0,12.0,10.5],"rotation":90,"texture":"#2","tintindex":0}}},{"from":[8.375621,22.001339,6.2304935],"to":[8.651021,22.514599,8.029465],"rotation":{"angle":-22.5,"axis":"x","origin":[8.506862,20.24709,8.000417]},"faces":{"east":{"uv":[12.0,11.0,13.5,11.5],"rotation":0,"texture":"#2","tintindex":0},"south":{"uv":[15.0,13.0,15.5,13.5],"rotation":0,"texture":"#2","tintindex":0},"north":{"uv":[13.0,15.0,13.5,15.5],"rotation":0,"texture":"#2","tintindex":0},"west":{"uv":[12.0,10.5,13.5,11.0],"rotation":0,"texture":"#2","tintindex":0},"up":{"uv":[13.5,12.0,12.0,11.5],"rotation":270,"texture":"#2","tintindex":0},"down":{"uv":[13.5,12.0,12.0,12.5],"rotation":90,"texture":"#2","tintindex":0}}},{"from":[8.392078,20.698395,2.4981213],"to":[8.640993,21.718739,4.0327497],"rotation":{"angle":45.0,"axis":"x","origin":[8.506862,20.24709,8.000417]},"faces":{"east":{"uv":[9.0,8.0,10.5,9.0],"rotation":0,"texture":"#2","tintindex":0},"south":{"uv":[13.5,10.5,14.0,11.5],"rotation":0,"texture":"#2","tintindex":0},"north":{"uv":[13.5,9.5,14.0,10.5],"rotation":0,"texture":"#2","tintindex":0},"west":{"uv":[8.5,5.5,10.0,6.5],"rotation":0,"texture":"#2","tintindex":0},"up":{"uv":[14.0,1.0,12.5,0.5],"rotation":270,"texture":"#2","tintindex":0},"down":{"uv":[14.0,1.0,12.5,1.5],"rotation":90,"texture":"#2","tintindex":0}}},{"from":[8.390535,22.685799,3.479299],"to":[8.642535,24.223515,5.0170135],"rotation":{"angle":22.5,"axis":"x","origin":[8.506862,20.24709,8.000417]},"faces":{"east":{"uv":[2.0,6.0,3.5,7.5],"rotation":0,"texture":"#2","tintindex":0},"south":{"uv":[2.5,12.5,3.0,14.0],"rotation":0,"texture":"#2","tintindex":0},"north":{"uv":[2.0,12.5,2.5,14.0],"rotation":0,"texture":"#2","tintindex":0},"west":{"uv":[6.0,0.0,7.5,1.5],"rotation":0,"texture":"#2","tintindex":0},"up":{"uv":[14.0,2.0,12.5,1.5],"rotation":270,"texture":"#2","tintindex":0},"down":{"uv":[14.0,4.0,12.5,4.5],"rotation":90,"texture":"#2","tintindex":0}}},{"from":[8.392078,25.743015,7.6168017],"to":[8.640993,26.76336,8.122859],"rotation":{"angle":-22.5,"axis":"x","origin":[8.506862,20.24709,8.000417]},"faces":{"east":{"uv":[13.0,13.5,13.5,14.5],"rotation":0,"texture":"#2","tintindex":0},"south":{"uv":[13.5,13.5,14.0,14.5],"rotation":0,"texture":"#2","tintindex":0},"north":{"uv":[12.5,13.5,13.0,14.5],"rotation":0,"texture":"#2","tintindex":0},"west":{"uv":[13.5,11.5,14.0,12.5],"rotation":0,"texture":"#2","tintindex":0},"up":{"uv":[14.0,15.5,13.5,15.0],"rotation":270,"texture":"#2","tintindex":0},"down":{"uv":[15.5,13.5,15.0,14.0],"rotation":90,"texture":"#2","tintindex":0}}},{"from":[8.393107,24.686172,10.102651],"to":[8.639964,26.218744,10.60665],"rotation":{"angle":-45.0,"axis":"x","origin":[8.506862,20.24709,8.000417]},"faces":{"east":{"uv":[12.5,6.0,13.0,7.5],"rotation":0,"texture":"#2","tintindex":0},"south":{"uv":[9.0,12.5,9.5,14.0],"rotation":0,"texture":"#2","tintindex":0},"north":{"uv":[5.0,12.5,5.5,14.0],"rotation":0,"texture":"#2","tintindex":0},"west":{"uv":[12.5,4.5,13.0,6.0],"rotation":0,"texture":"#2","tintindex":0},"up":{"uv":[14.5,15.5,14.0,15.0],"rotation":270,"texture":"#2","tintindex":0},"down":{"uv":[15.5,14.0,15.0,14.5],"rotation":90,"texture":"#2","tintindex":0}}},{"from":[8.390535,22.54557,6.2682495],"to":[8.642535,23.569,7.8059635],"rotation":{"angle":-45.0,"axis":"x","origin":[8.506862,20.24709,8.000417]},"faces":{"east":{"uv":[9.5,0.0,11.0,1.0],"rotation":0,"texture":"#2","tintindex":0},"south":{"uv":[2.0,14.0,2.5,15.0],"rotation":0,"texture":"#2","tintindex":0},"north":{"uv":[14.0,0.5,14.5,1.5],"rotation":0,"texture":"#2","tintindex":0},"west":{"uv":[9.0,9.0,10.5,10.0],"rotation":0,"texture":"#2","tintindex":0},"up":{"uv":[13.5,13.0,12.0,12.5],"rotation":270,"texture":"#2","tintindex":0},"down":{"uv":[14.5,0.0,13.0,0.5],"rotation":90,"texture":"#2","tintindex":0}}},{"from":[8.388478,20.240227,2.585435],"to":[8.644592,20.753485,2.841549],"rotation":{"angle":45.0,"axis":"x","origin":[8.506862,20.24709,8.000417]},"faces":{"east":{"uv":[15.0,15.0,15.5,15.5],"rotation":0,"texture":"#2","tintindex":0},"south":{"uv":[0.0,15.5,0.5,16.0],"rotation":0,"texture":"#2","tintindex":0},"north":{"uv":[15.0,14.5,15.5,15.0],"rotation":0,"texture":"#2","tintindex":0},"west":{"uv":[14.5,15.0,15.0,15.5],"rotation":0,"texture":"#2","tintindex":0},"up":{"uv":[16.0,0.5,15.5,0.0],"rotation":270,"texture":"#2","tintindex":0},"down":{"uv":[1.0,15.5,0.5,16.0],"rotation":90,"texture":"#2","tintindex":0}}},{"from":[8.388478,21.2422,5.629796],"to":[8.644592,23.298315,6.143053],"rotation":{"angle":-45.0,"axis":"x","origin":[8.506862,20.24709,8.000417]},"faces":{"east":{"uv":[11.0,8.5,11.5,10.5],"rotation":0,"texture":"#2","tintindex":0},"south":{"uv":[11.0,10.5,11.5,12.5],"rotation":0,"texture":"#2","tintindex":0},"north":{"uv":[11.0,6.5,11.5,8.5],"rotation":0,"texture":"#2","tintindex":0},"west":{"uv":[11.0,4.5,11.5,6.5],"rotation":0,"texture":"#2","tintindex":0},"up":{"uv":[16.0,1.0,15.5,0.5],"rotation":270,"texture":"#2","tintindex":0},"down":{"uv":[1.5,15.5,1.0,16.0],"rotation":90,"texture":"#2","tintindex":0}}},{"from":[8.388478,21.756487,6.1440816],"to":[8.644592,23.298315,6.657339],"rotation":{"angle":-45.0,"axis":"x","origin":[8.506862,20.24709,8.000417]},"faces":{"east":{"uv":[11.0,12.5,11.5,14.0],"rotation":0,"texture":"#2","tintindex":0},"south":{"uv":[13.0,4.5,13.5,6.0],"rotation":0,"texture":"#2","tintindex":0},"north":{"uv":[10.0,12.5,10.5,14.0],"rotation":0,"texture":"#2","tintindex":0},"west":{"uv":[9.5,12.5,10.0,14.0],"rotation":0,"texture":"#2","tintindex":0},"up":{"uv":[16.0,1.5,15.5,1.0],"rotation":270,"texture":"#2","tintindex":0},"down":{"uv":[2.0,15.5,1.5,16.0],"rotation":90,"texture":"#2","tintindex":0}}},{"from":[8.394135,21.762142,6.664025],"to":[8.638935,23.29266,7.1659675],"rotation":{"angle":-45.0,"axis":"x","origin":[8.506862,20.24709,8.000417]},"faces":{"east":{"uv":[11.5,13.0,12.0,14.5],"rotation":0,"texture":"#2","tintindex":0},"south":{"uv":[12.0,13.0,12.5,14.5],"rotation":0,"texture":"#2","tintindex":0},"north":{"uv":[10.5,13.0,11.0,14.5],"rotation":0,"texture":"#2","tintindex":0},"west":{"uv":[13.0,6.0,13.5,7.5],"rotation":0,"texture":"#2","tintindex":0},"up":{"uv":[16.0,2.0,15.5,1.5],"rotation":270,"texture":"#2","tintindex":0},"down":{"uv":[2.5,15.5,2.0,16.0],"rotation":90,"texture":"#2","tintindex":0}}},{"from":[8.393107,19.350643,4.763455],"to":[8.639964,21.397503,6.296026],"rotation":{"angle":22.5,"axis":"x","origin":[8.506862,20.24709,8.000417]},"faces":{"east":{"uv":[4.0,4.0,5.5,6.0],"rotation":0,"texture":"#2","tintindex":0},"south":{"uv":[11.5,4.5,12.0,6.5],"rotation":0,"texture":"#2","tintindex":0},"north":{"uv":[11.5,0.5,12.0,2.5],"rotation":0,"texture":"#2","tintindex":0},"west":{"uv":[4.0,2.0,5.5,4.0],"rotation":0,"texture":"#2","tintindex":0},"up":{"uv":[14.0,13.5,12.5,13.0],"rotation":270,"texture":"#2","tintindex":0},"down":{"uv":[15.0,2.0,13.5,2.5],"rotation":90,"texture":"#2","tintindex":0}}},{"from":[8.389507,19.65749,5.286052],"to":[8.643564,21.197262,5.7972527],"rotation":{"angle":-22.5,"axis":"x","origin":[8.506862,20.24709,8.000417]},"faces":{"east":{"uv":[3.5,13.5,4.0,15.0],"rotation":0,"texture":"#2","tintindex":0},"south":{"uv":[4.0,13.5,4.5,15.0],"rotation":0,"texture":"#2","tintindex":0},"north":{"uv":[3.0,13.5,3.5,15.0],"rotation":0,"texture":"#2","tintindex":0},"west":{"uv":[13.5,2.5,14.0,4.0],"rotation":0,"texture":"#2","tintindex":0},"up":{"uv":[16.0,2.5,15.5,2.0],"rotation":270,"texture":"#2","tintindex":0},"down":{"uv":[3.0,15.5,2.5,16.0],"rotation":90,"texture":"#2","tintindex":0}}},{"from":[8.387964,18.858421,5.6783185],"to":[8.645107,21.429852,6.192604],"rotation":{"angle":0.0,"axis":"y","origin":[8.506862,20.24709,8.000417]},"faces":{"east":{"uv":[9.5,10.0,10.0,12.5],"rotation":0,"texture":"#2","tintindex":0},"south":{"uv":[10.0,10.0,10.5,12.5],"rotation":0,"texture":"#2","tintindex":0},"north":{"uv":[9.0,10.0,9.5,12.5],"rotation":0,"texture":"#2","tintindex":0},"west":{"uv":[10.0,2.0,10.5,4.5],"rotation":0,"texture":"#2","tintindex":0},"up":{"uv":[16.0,3.0,15.5,2.5],"rotation":270,"texture":"#2","tintindex":0},"down":{"uv":[3.5,15.5,3.0,16.0],"rotation":90,"texture":"#2","tintindex":0}}},{"from":[8.387964,20.728352,4.165866],"to":[8.645107,24.071209,4.423009],"rotation":{"angle":0.0,"axis":"y","origin":[8.506862,20.24709,8.000417]},"faces":{"east":{"uv":[2.0,9.5,2.5,12.5],"rotation":0,"texture":"#2","tintindex":0},"south":{"uv":[9.5,2.0,10.0,5.0],"rotation":0,"texture":"#2","tintindex":0},"north":{"uv":[7.0,9.0,7.5,12.0],"rotation":0,"texture":"#2","tintindex":0},"west":{"uv":[6.5,9.0,7.0,12.0],"rotation":0,"texture":"#2","tintindex":0},"up":{"uv":[16.0,3.5,15.5,3.0],"rotation":270,"texture":"#2","tintindex":0},"down":{"uv":[4.0,15.5,3.5,16.0],"rotation":90,"texture":"#2","tintindex":0}}},{"from":[8.385907,20.854866,4.4209514],"to":[8.647164,24.45898,5.453637],"rotation":{"angle":0.0,"axis":"y","origin":[8.506862,20.24709,8.000417]},"faces":{"east":{"uv":[5.5,5.0,6.5,8.0],"rotation":0,"texture":"#2","tintindex":0},"south":{"uv":[5.0,9.5,5.5,12.5],"rotation":0,"texture":"#2","tintindex":0},"north":{"uv":[2.5,9.5,3.0,12.5],"rotation":0,"texture":"#2","tintindex":0},"west":{"uv":[5.5,2.0,6.5,5.0],"rotation":0,"texture":"#2","tintindex":0},"up":{"uv":[14.5,13.0,13.5,12.5],"rotation":270,"texture":"#2","tintindex":0},"down":{"uv":[15.0,1.5,14.0,2.0],"rotation":90,"texture":"#2","tintindex":0}}},{"from":[8.387964,21.885494,5.45158],"to":[8.645107,23.942636,8.023008],"rotation":{"angle":0.0,"axis":"y","origin":[8.506862,20.24709,8.000417]},"faces":{"east":{"uv":[2.0,2.0,4.0,4.0],"rotation":0,"texture":"#2","tintindex":0},"south":{"uv":[6.0,11.5,6.5,13.5],"rotation":0,"texture":"#2","tintindex":0},"north":{"uv":[5.5,11.5,6.0,13.5],"rotation":0,"texture":"#2","tintindex":0},"west":{"uv":[2.0,0.0,4.0,2.0],"rotation":0,"texture":"#2","tintindex":0},"up":{"uv":[13.5,3.0,11.5,2.5],"rotation":270,"texture":"#2","tintindex":0},"down":{"uv":[13.5,3.0,11.5,3.5],"rotation":90,"texture":"#2","tintindex":0}}},{"from":[8.38837,21.885494,8.71313],"to":[8.645513,23.942636,10.770273],"rotation":{"angle":0.0,"axis":"y","origin":[8.507267,20.24709,8.000417]},"faces":{"east":{"uv":[2.0,4.0,4.0,6.0],"rotation":0,"texture":"#2","tintindex":0},"south":{"uv":[7.5,11.5,8.0,13.5],"rotation":0,"texture":"#2","tintindex":0},"north":{"uv":[11.5,6.5,12.0,8.5],"rotation":0,"texture":"#2","tintindex":0},"west":{"uv":[4.0,0.0,6.0,2.0],"rotation":0,"texture":"#2","tintindex":0},"up":{"uv":[13.5,4.0,11.5,3.5],"rotation":270,"texture":"#2","tintindex":0},"down":{"uv":[13.5,8.5,11.5,9.0],"rotation":90,"texture":"#2","tintindex":0}}},{"from":[8.38837,21.371208,10.770273],"to":[8.645513,23.42835,11.798845],"rotation":{"angle":0.0,"axis":"y","origin":[8.507267,20.24709,8.000417]},"faces":{"east":{"uv":[7.5,5.0,8.5,7.0],"rotation":0,"texture":"#2","tintindex":0},"south":{"uv":[8.5,11.5,9.0,13.5],"rotation":0,"texture":"#2","tintindex":0},"north":{"uv":[8.0,11.5,8.5,13.5],"rotation":0,"texture":"#2","tintindex":0},"west":{"uv":[7.5,3.0,8.5,5.0],"rotation":0,"texture":"#2","tintindex":0},"up":{"uv":[15.0,3.0,14.0,2.5],"rotation":270,"texture":"#2","tintindex":0},"down":{"uv":[15.0,3.0,14.0,3.5],"rotation":90,"texture":"#2","tintindex":0}}},{"from":[8.38837,21.756924,11.798845],"to":[8.645513,23.042637,12.055988],"rotation":{"angle":0.0,"axis":"y","origin":[8.507267,20.24709,8.000417]},"faces":{"east":{"uv":[5.0,14.0,5.5,15.0],"rotation":0,"texture":"#2","tintindex":0},"south":{"uv":[6.0,14.0,6.5,15.0],"rotation":0,"texture":"#2","tintindex":0},"north":{"uv":[14.0,3.5,14.5,4.5],"rotation":0,"texture":"#2","tintindex":0},"west":{"uv":[2.5,14.0,3.0,15.0],"rotation":0,"texture":"#2","tintindex":0},"up":{"uv":[16.0,4.0,15.5,3.5],"rotation":270,"texture":"#2","tintindex":0},"down":{"uv":[4.5,15.5,4.0,16.0],"rotation":90,"texture":"#2","tintindex":0}}},{"from":[8.388885,23.668652,9.543898],"to":[8.644999,24.181911,9.800012],"rotation":{"angle":45.0,"axis":"x","origin":[8.507267,20.24709,8.000417]},"faces":{"east":{"uv":[15.5,4.5,16.0,5.0],"rotation":0,"texture":"#2","tintindex":0},"south":{"uv":[5.0,15.5,5.5,16.0],"rotation":0,"texture":"#2","tintindex":0},"north":{"uv":[4.5,15.5,5.0,16.0],"rotation":0,"texture":"#2","tintindex":0},"west":{"uv":[15.5,4.0,16.0,4.5],"rotation":0,"texture":"#2","tintindex":0},"up":{"uv":[16.0,5.5,15.5,5.0],"rotation":270,"texture":"#2","tintindex":0},"down":{"uv":[6.0,15.5,5.5,16.0],"rotation":90,"texture":"#2","tintindex":0}}},{"from":[8.388885,19.356632,12.588259],"to":[8.644999,19.86989,12.844374],"rotation":{"angle":-45.0,"axis":"x","origin":[8.507267,20.24709,8.000417]},"faces":{"east":{"uv":[15.5,6.0,16.0,6.5],"rotation":0,"texture":"#2","tintindex":0},"south":{"uv":[6.5,15.5,7.0,16.0],"rotation":0,"texture":"#2","tintindex":0},"north":{"uv":[6.0,15.5,6.5,16.0],"rotation":0,"texture":"#2","tintindex":0},"west":{"uv":[15.5,5.5,16.0,6.0],"rotation":0,"texture":"#2","tintindex":0},"up":{"uv":[16.0,7.0,15.5,6.5],"rotation":270,"texture":"#2","tintindex":0},"down":{"uv":[7.5,15.5,7.0,16.0],"rotation":90,"texture":"#2","tintindex":0}}},{"from":[8.390942,22.701855,8.351154],"to":[8.642941,23.725285,9.888868],"rotation":{"angle":45.0,"axis":"x","origin":[8.507267,20.24709,8.000417]},"faces":{"east":{"uv":[10.0,1.0,11.5,2.0],"rotation":0,"texture":"#2","tintindex":0},"south":{"uv":[6.5,14.0,7.0,15.0],"rotation":0,"texture":"#2","tintindex":0},"north":{"uv":[14.0,6.0,14.5,7.0],"rotation":0,"texture":"#2","tintindex":0},"west":{"uv":[9.5,6.5,11.0,7.5],"rotation":0,"texture":"#2","tintindex":0},"up":{"uv":[15.0,5.0,13.5,4.5],"rotation":270,"texture":"#2","tintindex":0},"down":{"uv":[15.0,5.0,13.5,5.5],"rotation":90,"texture":"#2","tintindex":0}}},{"from":[8.390942,19.81326,11.395515],"to":[8.642941,21.350973,12.933229],"rotation":{"angle":-45.0,"axis":"x","origin":[8.507267,20.24709,8.000417]},"faces":{"east":{"uv":[6.5,1.5,8.0,3.0],"rotation":0,"texture":"#2","tintindex":0},"south":{"uv":[5.5,13.5,6.0,15.0],"rotation":0,"texture":"#2","tintindex":0},"north":{"uv":[4.5,13.5,5.0,15.0],"rotation":0,"texture":"#2","tintindex":0},"west":{"uv":[3.5,6.0,5.0,7.5],"rotation":0,"texture":"#2","tintindex":0},"up":{"uv":[15.0,6.0,13.5,5.5],"rotation":270,"texture":"#2","tintindex":0},"down":{"uv":[7.5,13.5,6.0,14.0],"rotation":90,"texture":"#2","tintindex":0}}},{"from":[8.376027,22.644081,11.366018],"to":[8.651427,23.414482,12.136418],"rotation":{"angle":-22.5,"axis":"x","origin":[8.507267,20.24709,8.000417]},"faces":{"east":{"uv":[15.5,7.5,16.0,8.0],"rotation":0,"texture":"#2","tintindex":0},"south":{"uv":[8.0,15.5,8.5,16.0],"rotation":0,"texture":"#2","tintindex":0},"north":{"uv":[7.5,15.5,8.0,16.0],"rotation":0,"texture":"#2","tintindex":0},"west":{"uv":[15.5,7.0,16.0,7.5],"rotation":0,"texture":"#2","tintindex":0},"up":{"uv":[16.0,8.5,15.5,8.0],"rotation":270,"texture":"#2","tintindex":0},"down":{"uv":[9.0,15.5,8.5,16.0],"rotation":90,"texture":"#2","tintindex":0}}},{"from":[8.376027,21.05735,9.718421],"to":[8.651427,21.827751,10.488821],"rotation":{"angle":22.5,"axis":"x","origin":[8.507267,20.24709,8.000417]},"faces":{"east":{"uv":[15.5,9.0,16.0,9.5],"rotation":0,"texture":"#2","tintindex":0},"south":{"uv":[9.5,15.5,10.0,16.0],"rotation":0,"texture":"#2","tintindex":0},"north":{"uv":[9.0,15.5,9.5,16.0],"rotation":0,"texture":"#2","tintindex":0},"west":{"uv":[15.5,8.5,16.0,9.0],"rotation":0,"texture":"#2","tintindex":0},"up":{"uv":[16.0,10.0,15.5,9.5],"rotation":270,"texture":"#2","tintindex":0},"down":{"uv":[10.5,15.5,10.0,16.0],"rotation":90,"texture":"#2","tintindex":0}}},{"from":[8.38837,22.185,9.377154],"to":[8.645513,22.699284,9.89144],"rotation":{"angle":45.0,"axis":"x","origin":[8.507267,20.24709,8.000417]},"faces":{"east":{"uv":[15.5,10.5,16.0,11.0],"rotation":0,"texture":"#2","tintindex":0},"south":{"uv":[11.0,15.5,11.5,16.0],"rotation":0,"texture":"#2","tintindex":0},"north":{"uv":[10.5,15.5,11.0,16.0],"rotation":0,"texture":"#2","tintindex":0},"west":{"uv":[15.5,10.0,16.0,10.5],"rotation":0,"texture":"#2","tintindex":0},"up":{"uv":[16.0,11.5,15.5,11.0],"rotation":270,"texture":"#2","tintindex":0},"down":{"uv":[12.0,15.5,11.5,16.0],"rotation":90,"texture":"#2","tintindex":0}}},{"from":[8.398656,22.478184,8.418908],"to":[8.635227,23.486185,10.45548],"rotation":{"angle":22.5,"axis":"x","origin":[8.507267,20.24709,8.000417]},"faces":{"east":{"uv":[8.0,1.0,10.0,2.0],"rotation":0,"texture":"#2","tintindex":0},"south":{"uv":[7.5,14.0,8.0,15.0],"rotation":0,"texture":"#2","tintindex":0},"north":{"uv":[7.0,14.0,7.5,15.0],"rotation":0,"texture":"#2","tintindex":0},"west":{"uv":[7.5,7.0,9.5,8.0],"rotation":0,"texture":"#2","tintindex":0},"up":{"uv":[13.5,9.5,11.5,9.0],"rotation":270,"texture":"#2","tintindex":0},"down":{"uv":[13.5,9.5,11.5,10.0],"rotation":90,"texture":"#2","tintindex":0}}}],"textures":{"0":"modelengine:entity/krystelum_axe","2":"modelengine:entity/ravager_axe_em"},"display":{"head":{"translation":[0.0,-6.4,0.0],"scale":[4.0,4.0,4.0]}}}