{"elements":[{"from":[8.073948,2.2954497,7.885714],"to":[13.788235,8.009735,8.0],"rotation":{"angle":0.0,"axis":"y","origin":[10.857143,5.142857,8.0]},"faces":{"east":{"uv":[8.875,2.75,9.0,4.0],"rotation":0,"texture":"#0","tintindex":0},"south":{"uv":[5.25,1.375,6.5,2.625],"rotation":0,"texture":"#0","tintindex":0},"north":{"uv":[5.25,0.0,6.5,1.25],"rotation":0,"texture":"#0","tintindex":0},"west":{"uv":[4.125,8.875,4.25,10.125],"rotation":0,"texture":"#0","tintindex":0},"up":{"uv":[5.625,9.0,4.375,8.875],"rotation":0,"texture":"#0","tintindex":0},"down":{"uv":[10.25,5.375,9.0,5.5],"rotation":0,"texture":"#0","tintindex":0}}},{"from":[8.073948,6.8668785,7.428571],"to":[12.073948,8.009735,8.571428],"rotation":{"angle":0.0,"axis":"y","origin":[10.857143,5.142857,8.0]},"faces":{"east":{"uv":[9.0,6.875,9.25,7.125],"rotation":0,"texture":"#0","tintindex":0},"south":{"uv":[8.625,1.625,9.5,1.875],"rotation":0,"texture":"#0","tintindex":0},"north":{"uv":[8.625,1.25,9.5,1.5],"rotation":0,"texture":"#0","tintindex":0},"west":{"uv":[9.0,8.375,9.25,8.625],"rotation":0,"texture":"#0","tintindex":0},"up":{"uv":[9.5,2.25,8.625,2.0],"rotation":0,"texture":"#0","tintindex":0},"down":{"uv":[9.5,2.375,8.625,2.625],"rotation":0,"texture":"#0","tintindex":0}}}],"textures":{"0":"modelengine:entity/nocsy_toom_warrior"},"display":{"head":{"translation":[0.0,-6.4,0.0],"scale":[4.0,4.0,4.0]}}}