{"elements":[{"from":[2.2117658,2.2954497,7.885714],"to":[7.9260516,8.009735,8.0],"rotation":{"angle":0.0,"axis":"y","origin":[5.142857,5.142857,8.0]},"faces":{"east":{"uv":[8.625,2.75,8.75,4.0],"rotation":0,"texture":"#0","tintindex":0},"south":{"uv":[1.375,4.75,2.625,6.0],"rotation":0,"texture":"#0","tintindex":0},"north":{"uv":[0.0,4.75,1.25,6.0],"rotation":0,"texture":"#0","tintindex":0},"west":{"uv":[2.5,8.75,2.625,10.0],"rotation":0,"texture":"#0","tintindex":0},"up":{"uv":[9.875,4.25,8.625,4.125],"rotation":0,"texture":"#0","tintindex":0},"down":{"uv":[4.0,8.875,2.75,9.0],"rotation":0,"texture":"#0","tintindex":0}}},{"from":[3.9260516,6.8668785,7.428571],"to":[7.9260516,8.009735,8.571428],"rotation":{"angle":0.0,"axis":"y","origin":[5.142857,5.142857,8.0]},"faces":{"east":{"uv":[9.0,6.125,9.25,6.375],"rotation":0,"texture":"#0","tintindex":0},"south":{"uv":[8.125,0.5,9.0,0.75],"rotation":0,"texture":"#0","tintindex":0},"north":{"uv":[2.75,5.625,3.625,5.875],"rotation":0,"texture":"#0","tintindex":0},"west":{"uv":[9.0,6.5,9.25,6.75],"rotation":0,"texture":"#0","tintindex":0},"up":{"uv":[9.5,1.125,8.625,0.875],"rotation":0,"texture":"#0","tintindex":0},"down":{"uv":[1.875,8.625,1.0,8.875],"rotation":0,"texture":"#0","tintindex":0}}}],"textures":{"0":"modelengine:entity/nocsy_toom_warrior"},"display":{"head":{"translation":[0.0,-6.4,0.0],"scale":[4.0,4.0,4.0]}}}