{"elements":[{"from":[6.3339577,6.5714283,4.4561768],"to":[9.191101,8.285714,9.027606],"rotation":{"angle":0.0,"axis":"y","origin":[7.714286,5.428571,8.571428]},"faces":{"east":{"uv":[4.125,7.875,5.125,8.25],"rotation":0,"texture":"#0","tintindex":0},"south":{"uv":[4.25,8.375,4.875,8.75],"rotation":0,"texture":"#0","tintindex":0},"north":{"uv":[6.375,7.875,7.0,8.25],"rotation":0,"texture":"#0","tintindex":0},"west":{"uv":[5.25,7.875,6.25,8.25],"rotation":0,"texture":"#0","tintindex":0},"up":{"uv":[3.25,8.125,2.625,7.125],"rotation":0,"texture":"#0","tintindex":0},"down":{"uv":[4.0,7.125,3.375,8.125],"rotation":0,"texture":"#0","tintindex":0}}}],"textures":{"0":"modelengine:entity/nocsy_toom_warrior"},"display":{"head":{"translation":[0.0,-6.4,0.0],"scale":[4.0,4.0,4.0]}}}