{"elements":[{"from":[7.002192,5.3749714,7.1241684],"to":[8.716478,8.232114,8.838454],"rotation":{"angle":0.0,"axis":"y","origin":[11.745049,2.174971,9.409883]},"faces":{"east":{"uv":[6.5,8.375,6.875,9.0],"rotation":0,"texture":"#0","tintindex":0},"south":{"uv":[8.0,8.375,8.375,9.0],"rotation":0,"texture":"#0","tintindex":0},"north":{"uv":[6.625,5.375,7.0,6.0],"rotation":0,"texture":"#0","tintindex":0},"west":{"uv":[7.0,8.5,7.375,9.125],"rotation":0,"texture":"#0","tintindex":0},"up":{"uv":[6.125,9.25,5.75,8.875],"rotation":0,"texture":"#0","tintindex":0},"down":{"uv":[1.375,9.0,1.0,9.375],"rotation":0,"texture":"#0","tintindex":0}}}],"textures":{"0":"modelengine:entity/nocsy_toom_warrior"},"display":{"head":{"translation":[0.0,-6.4,0.0],"scale":[4.0,4.0,4.0]}}}