{"elements":[{"from":[7.283522,5.3749714,7.1241684],"to":[8.9978075,8.232114,8.838454],"rotation":{"angle":0.0,"axis":"y","origin":[4.2549505,2.174971,9.409883]},"faces":{"east":{"uv":[8.5,8.375,8.875,9.0],"rotation":0,"texture":"#0","tintindex":0},"south":{"uv":[0.0,8.625,0.375,9.25],"rotation":0,"texture":"#0","tintindex":0},"north":{"uv":[7.5,8.5,7.875,9.125],"rotation":0,"texture":"#0","tintindex":0},"west":{"uv":[0.5,8.625,0.875,9.25],"rotation":0,"texture":"#0","tintindex":0},"up":{"uv":[1.875,9.375,1.5,9.0],"rotation":0,"texture":"#0","tintindex":0},"down":{"uv":[9.375,5.625,9.0,6.0],"rotation":0,"texture":"#0","tintindex":0}}}],"textures":{"0":"modelengine:entity/nocsy_toom_warrior"},"display":{"head":{"translation":[0.0,-6.4,0.0],"scale":[4.0,4.0,4.0]}}}