{"elements":[{"from":[6.8088994,6.5714283,4.4561768],"to":[9.666042,8.285714,9.027606],"rotation":{"angle":0.0,"axis":"y","origin":[8.285714,5.428571,8.571428]},"faces":{"east":{"uv":[7.875,5.375,8.875,5.75],"rotation":0,"texture":"#0","tintindex":0},"south":{"uv":[5.75,8.375,6.375,8.75],"rotation":0,"texture":"#0","tintindex":0},"north":{"uv":[5.0,8.375,5.625,8.75],"rotation":0,"texture":"#0","tintindex":0},"west":{"uv":[7.875,5.875,8.875,6.25],"rotation":0,"texture":"#0","tintindex":0},"up":{"uv":[7.75,6.375,7.125,5.375],"rotation":0,"texture":"#0","tintindex":0},"down":{"uv":[7.75,6.5,7.125,7.5],"rotation":0,"texture":"#0","tintindex":0}}}],"textures":{"0":"modelengine:entity/nocsy_toom_warrior"},"display":{"head":{"translation":[0.0,-6.4,0.0],"scale":[4.0,4.0,4.0]}}}