{"elements":[{"from":[7.714286,7.714286,0.28571415],"to":[8.285714,8.285714,12.857143],"rotation":{"angle":0.0,"axis":"y","origin":[11.657143,4.1142855,10.571428]},"faces":{"east":{"uv":[8.125,0.0,10.875,0.125],"rotation":0,"texture":"#0","tintindex":0},"south":{"uv":[9.0,9.0,9.125,9.125],"rotation":0,"texture":"#0","tintindex":0},"north":{"uv":[9.0,8.75,9.125,8.875],"rotation":0,"texture":"#0","tintindex":0},"west":{"uv":[8.125,0.25,10.875,0.375],"rotation":0,"texture":"#0","tintindex":0},"up":{"uv":[2.125,10.0,2.0,7.25],"rotation":0,"texture":"#0","tintindex":0},"down":{"uv":[2.375,7.25,2.25,10.0],"rotation":0,"texture":"#0","tintindex":0}}},{"from":[4.842857,8.0,-4.285715],"to":[11.1285715,8.0,1.9999995],"rotation":{"angle":45.0,"axis":"z","origin":[7.9857144,8.0,-1.1428576]},"faces":{"east":{"uv":[9.125,8.125,10.5,8.125],"rotation":0,"texture":"#0","tintindex":0},"south":{"uv":[9.125,8.25,10.5,8.25],"rotation":0,"texture":"#0","tintindex":0},"north":{"uv":[9.125,8.0,10.5,8.0],"rotation":0,"texture":"#0","tintindex":0},"west":{"uv":[9.25,2.75,10.625,2.75],"rotation":0,"texture":"#0","tintindex":0},"up":{"uv":[5.125,1.375,3.75,0.0],"rotation":0,"texture":"#0","tintindex":0},"down":{"uv":[5.125,5.875,3.75,4.5],"rotation":0,"texture":"#0","tintindex":0}}},{"from":[4.842857,8.0,-4.285715],"to":[11.1285715,8.0,1.9999995],"rotation":{"angle":-45.0,"axis":"z","origin":[7.9857144,8.0,-1.1428576]},"faces":{"east":{"uv":[9.25,3.0,10.625,3.0],"rotation":0,"texture":"#0","tintindex":0},"south":{"uv":[9.25,3.125,10.625,3.125],"rotation":0,"texture":"#0","tintindex":0},"north":{"uv":[9.25,2.875,10.625,2.875],"rotation":0,"texture":"#0","tintindex":0},"west":{"uv":[9.25,3.25,10.625,3.25],"rotation":0,"texture":"#0","tintindex":0},"up":{"uv":[5.125,4.5,3.75,5.875],"rotation":0,"texture":"#0","tintindex":0},"down":{"uv":[5.125,5.875,3.75,4.5],"rotation":0,"texture":"#0","tintindex":0}}}],"textures":{"0":"modelengine:entity/nocsy_toom_warrior"},"display":{"head":{"translation":[0.0,-6.4,0.0],"scale":[4.0,4.0,4.0]}}}