{"elements":[{"from":[7.1371427,7.4228573,5.9942856],"to":[8.862857,8.005714,8.291429],"rotation":{"angle":0.0,"axis":"y","origin":[8.0,8.571428,10.857143]},"faces":{"east":{"uv":[1.0,14.0,3.0,14.5],"rotation":0,"texture":"#0","tintindex":0},"south":{"uv":[5.5,14.0,7.0,14.5],"rotation":0,"texture":"#0","tintindex":0},"north":{"uv":[3.0,14.0,4.5,14.5],"rotation":0,"texture":"#0","tintindex":0},"west":{"uv":[14.0,7.5,16.0,8.0],"rotation":0,"texture":"#0","tintindex":0},"up":{"uv":[9.0,13.0,7.5,11.0],"rotation":0,"texture":"#0","tintindex":0},"down":{"uv":[10.5,11.0,9.0,13.0],"rotation":0,"texture":"#0","tintindex":0}}},{"from":[9.0,8.142858,8.428572],"to":[7.0,7.285714,5.8571424],"rotation":{"angle":0.0,"axis":"y","origin":[8.0,8.571428,10.857143]},"faces":{"east":{"uv":[15.5,15.5,16.0,16.0],"rotation":0,"texture":"#0","tintindex":0},"south":{"uv":[15.5,15.5,16.0,16.0],"rotation":0,"texture":"#0","tintindex":0},"north":{"uv":[15.5,15.5,16.0,16.0],"rotation":0,"texture":"#0","tintindex":0},"west":{"uv":[15.5,15.5,16.0,16.0],"rotation":0,"texture":"#0","tintindex":0},"up":{"uv":[15.5,15.5,16.0,16.0],"rotation":0,"texture":"#0","tintindex":0},"down":{"uv":[15.5,15.0,16.0,15.5],"rotation":0,"texture":"#0","tintindex":0}}},{"from":[8.857143,8.0,6.0],"to":[8.857143,8.571428,6.5714283],"rotation":{"angle":45.0,"axis":"x","origin":[8.857715,8.0,6.0]},"faces":{"east":{"uv":[14.0,11.0,14.5,11.5],"rotation":0,"texture":"#0","tintindex":0},"south":{"uv":[0.0,0.0,0.0,0.5],"rotation":0,"texture":"#0","tintindex":0},"north":{"uv":[0.0,0.0,0.0,0.5],"rotation":0,"texture":"#0","tintindex":0},"west":{"uv":[14.0,11.0,14.5,11.5],"rotation":0,"texture":"#0","tintindex":0},"up":{"uv":[0.0,0.5,0.0,0.0],"rotation":0,"texture":"#0","tintindex":0},"down":{"uv":[0.0,0.0,0.0,0.5],"rotation":0,"texture":"#0","tintindex":0}}},{"from":[8.8714285,7.9,5.8999996],"to":[8.8714285,8.671429,6.6714287],"rotation":{"angle":45.0,"axis":"x","origin":[8.857715,8.0,6.0]},"faces":{"east":{"uv":[15.5,15.0,16.0,15.5],"rotation":0,"texture":"#0","tintindex":0},"south":{"uv":[15.5,15.5,16.0,16.0],"rotation":0,"texture":"#0","tintindex":0},"north":{"uv":[15.5,15.5,16.0,16.0],"rotation":0,"texture":"#0","tintindex":0},"west":{"uv":[15.5,15.5,16.0,16.0],"rotation":0,"texture":"#0","tintindex":0},"up":{"uv":[15.5,15.5,16.0,16.0],"rotation":0,"texture":"#0","tintindex":0},"down":{"uv":[15.5,15.5,16.0,16.0],"rotation":0,"texture":"#0","tintindex":0}}},{"from":[7.142857,8.0,6.0],"to":[7.142857,8.571428,6.5714283],"rotation":{"angle":45.0,"axis":"x","origin":[7.142286,8.0,6.0]},"faces":{"east":{"uv":[14.5,11.0,14.0,11.5],"rotation":0,"texture":"#0","tintindex":0},"south":{"uv":[0.0,0.0,0.0,0.5],"rotation":0,"texture":"#0","tintindex":0},"north":{"uv":[0.0,0.0,0.0,0.5],"rotation":0,"texture":"#0","tintindex":0},"west":{"uv":[14.5,11.0,14.0,11.5],"rotation":0,"texture":"#0","tintindex":0},"up":{"uv":[0.0,0.5,0.0,0.0],"rotation":0,"texture":"#0","tintindex":0},"down":{"uv":[0.0,0.0,0.0,0.5],"rotation":0,"texture":"#0","tintindex":0}}},{"from":[7.1285715,7.9,5.8999996],"to":[7.1285715,8.671429,6.6714287],"rotation":{"angle":45.0,"axis":"x","origin":[7.142286,8.0,6.0]},"faces":{"east":{"uv":[16.0,15.5,15.5,16.0],"rotation":0,"texture":"#0","tintindex":0},"south":{"uv":[16.0,15.5,15.5,16.0],"rotation":0,"texture":"#0","tintindex":0},"north":{"uv":[16.0,15.5,15.5,16.0],"rotation":0,"texture":"#0","tintindex":0},"west":{"uv":[16.0,15.0,15.5,15.5],"rotation":0,"texture":"#0","tintindex":0},"up":{"uv":[16.0,15.5,15.5,16.0],"rotation":0,"texture":"#0","tintindex":0},"down":{"uv":[16.0,15.5,15.5,16.0],"rotation":0,"texture":"#0","tintindex":0}}}],"textures":{"0":"modelengine:entity/baboon_chick"},"display":{"head":{"translation":[0.0,-6.4,0.0],"scale":[4.0,4.0,4.0]}}}