{"elements":[{"from":[7.142857,8.0,7.714286],"to":[8.857143,9.714286,8.285714],"rotation":{"angle":0.0,"axis":"y","origin":[8.0,8.857143,8.0]},"faces":{"east":{"uv":[13.5,12.0,13.0,13.5],"rotation":0,"texture":"#0","tintindex":0},"south":{"uv":[9.0,11.5,7.5,13.0],"rotation":0,"texture":"#0","tintindex":0},"north":{"uv":[7.5,11.5,6.0,13.0],"rotation":0,"texture":"#0","tintindex":0},"west":{"uv":[9.5,10.0,9.0,11.5],"rotation":0,"texture":"#0","tintindex":0},"up":{"uv":[0.0,14.0,1.5,13.5],"rotation":0,"texture":"#0","tintindex":0},"down":{"uv":[1.5,13.5,3.0,14.0],"rotation":0,"texture":"#0","tintindex":0}}}],"textures":{"0":"modelengine:entity/fuzzy_bat"},"display":{"head":{"translation":[0.0,-6.4,0.0],"scale":[4.0,4.0,4.0]}}}