{"elements":[{"from":[6.857143,4.5714283,7.428571],"to":[9.142858,8.0,8.571428],"rotation":{"angle":0.0,"axis":"y","origin":[8.571428,4.5714283,8.0]},"faces":{"east":{"uv":[15.0,7.0,16.0,10.0],"rotation":0,"texture":"#0","tintindex":0},"south":{"uv":[14.0,10.0,16.0,13.0],"rotation":0,"texture":"#0","tintindex":0},"north":{"uv":[14.0,13.0,16.0,16.0],"rotation":0,"texture":"#0","tintindex":0},"west":{"uv":[15.0,7.0,16.0,10.0],"rotation":0,"texture":"#0","tintindex":0},"up":{"uv":[12.0,15.0,14.0,16.0],"rotation":0,"texture":"#0","tintindex":0},"down":{"uv":[12.0,14.0,14.0,15.0],"rotation":0,"texture":"#0","tintindex":0}}}],"textures":{"0":"modelengine:entity/fuzzy_bat"},"display":{"head":{"translation":[0.0,-6.4,0.0],"scale":[4.0,4.0,4.0]}}}