{"elements":[{"from":[7.5238094,8.095238,7.5238094],"to":[8.095238,9.238095,8.095238],"rotation":{"angle":0.0,"axis":"y","origin":[9.238095,4.6666665,7.5238094]},"faces":{"east":{"uv":[1.5,15.0,2.0,16.0],"rotation":0,"texture":"#0","tintindex":0},"south":{"uv":[1.0,15.0,1.5,16.0],"rotation":0,"texture":"#0","tintindex":0},"north":{"uv":[0.0,15.0,0.5,16.0],"rotation":0,"texture":"#0","tintindex":0},"west":{"uv":[0.5,15.0,1.0,16.0],"rotation":0,"texture":"#0","tintindex":0},"up":{"uv":[1.0,14.5,1.5,15.0],"rotation":0,"texture":"#0","tintindex":0},"down":{"uv":[0.5,14.5,1.0,15.0],"rotation":0,"texture":"#0","tintindex":0}}},{"from":[7.5238094,8.666667,8.095238],"to":[8.095238,9.238095,8.666667],"rotation":{"angle":0.0,"axis":"y","origin":[9.238095,4.6666665,7.5238094]},"faces":{"east":{"uv":[1.5,14.5,2.0,15.0],"rotation":0,"texture":"#0","tintindex":0},"south":{"uv":[0.0,14.5,0.5,15.0],"rotation":0,"texture":"#0","tintindex":0},"north":{"uv":[3.5,14.5,4.0,15.0],"rotation":0,"texture":"#0","tintindex":0},"west":{"uv":[3.0,14.5,3.5,15.0],"rotation":0,"texture":"#0","tintindex":0},"up":{"uv":[2.5,14.5,3.0,15.0],"rotation":0,"texture":"#0","tintindex":0},"down":{"uv":[2.0,14.5,2.5,15.0],"rotation":0,"texture":"#0","tintindex":0}}}],"textures":{"0":"modelengine:entity/fuzzy_bat"},"display":{"head":{"translation":[0.0,-6.4,0.0],"scale":[4.0,4.0,4.0]}}}