{"elements":[{"from":[8.0,6.857143,7.142857],"to":[9.714286,8.0,8.857143],"rotation":{"angle":0.0,"axis":"y","origin":[10.857143,3.4285712,7.714286]},"faces":{"east":{"uv":[9.0,10.0,7.5,11.0],"rotation":0,"texture":"#0","tintindex":0},"south":{"uv":[7.5,10.0,6.0,11.0],"rotation":0,"texture":"#0","tintindex":0},"north":{"uv":[4.5,10.0,3.0,11.0],"rotation":0,"texture":"#0","tintindex":0},"west":{"uv":[6.0,10.0,4.5,11.0],"rotation":0,"texture":"#0","tintindex":0},"up":{"uv":[3.0,13.0,4.5,11.5],"rotation":0,"texture":"#0","tintindex":0},"down":{"uv":[4.5,11.5,6.0,13.0],"rotation":0,"texture":"#0","tintindex":0}}}],"textures":{"0":"modelengine:entity/fuzzy_bat"},"display":{"head":{"translation":[0.0,-6.4,0.0],"scale":[4.0,4.0,4.0]}}}