{"elements":[{"from":[7.142857,6.285714,8.0],"to":[8.857143,8.0,8.0],"rotation":{"angle":0.0,"axis":"y","origin":[7.714286,-1.7142859,5.142857]},"faces":{"east":{"uv":[0.0,0.0,0.0,1.5],"rotation":0,"texture":"#0","tintindex":0},"south":{"uv":[14.5,0.0,16.0,1.5],"rotation":0,"texture":"#0","tintindex":0},"north":{"uv":[14.5,0.0,16.0,1.5],"rotation":0,"texture":"#0","tintindex":0},"west":{"uv":[0.0,0.0,0.0,1.5],"rotation":0,"texture":"#0","tintindex":0},"up":{"uv":[1.5,0.0,0.0,0.0],"rotation":0,"texture":"#0","tintindex":0},"down":{"uv":[1.5,0.0,0.0,0.0],"rotation":0,"texture":"#0","tintindex":0}}}],"textures":{"0":"modelengine:entity/fuzzy_bat"},"display":{"head":{"translation":[0.0,-6.4,0.0],"scale":[4.0,4.0,4.0]}}}