{"elements":[{"from":[5.142857,6.5273366,5.206906],"to":[10.857143,12.241623,10.349763],"rotation":{"angle":0.0,"axis":"y","origin":[8.0,2.5273366,7.4926205]},"faces":{"east":{"uv":[5.0,0.0,9.5,5.0],"rotation":0,"texture":"#0","tintindex":0},"south":{"uv":[0.0,5.0,5.0,10.0],"rotation":0,"texture":"#0","tintindex":0},"north":{"uv":[0.0,0.0,5.0,5.0],"rotation":0,"texture":"#0","tintindex":0},"west":{"uv":[5.0,5.0,9.5,10.0],"rotation":0,"texture":"#0","tintindex":0},"up":{"uv":[14.5,4.5,9.5,0.0],"rotation":0,"texture":"#0","tintindex":0},"down":{"uv":[14.5,4.5,9.5,9.0],"rotation":0,"texture":"#0","tintindex":0}}},{"from":[7.428571,9.428572,4.8571424],"to":[8.571428,10.571428,6.0],"rotation":{"angle":-22.5,"axis":"x","origin":[8.0,10.285714,5.142857]},"faces":{"east":{"uv":[4.0,13.0,5.0,14.0],"rotation":0,"texture":"#0","tintindex":0},"south":{"uv":[5.0,13.0,6.0,14.0],"rotation":0,"texture":"#0","tintindex":0},"north":{"uv":[3.0,13.0,4.0,14.0],"rotation":0,"texture":"#0","tintindex":0},"west":{"uv":[6.0,13.0,7.0,14.0],"rotation":0,"texture":"#0","tintindex":0},"up":{"uv":[8.0,14.0,7.0,13.0],"rotation":0,"texture":"#0","tintindex":0},"down":{"uv":[9.0,13.0,8.0,14.0],"rotation":0,"texture":"#0","tintindex":0}}}],"textures":{"0":"modelengine:entity/fuzzy_bat"},"display":{"head":{"translation":[0.0,-6.4,0.0],"scale":[4.0,4.0,4.0]}}}