{"elements":[{"from":[8.0,5.428571,8.0],"to":[11.428572,9.428572,8.0],"rotation":{"angle":0.0,"axis":"y","origin":[5.142857,0.28571415,8.0]},"faces":{"east":{"uv":[0.0,0.0,0.0,3.5],"rotation":0,"texture":"#0","tintindex":0},"south":{"uv":[3.0,10.0,0.0,13.5],"rotation":0,"texture":"#0","tintindex":0},"north":{"uv":[12.5,9.0,9.5,12.5],"rotation":0,"texture":"#0","tintindex":0},"west":{"uv":[0.0,0.0,0.0,3.5],"rotation":0,"texture":"#0","tintindex":0},"up":{"uv":[0.0,0.0,3.0,0.0],"rotation":0,"texture":"#0","tintindex":0},"down":{"uv":[0.0,0.0,3.0,0.0],"rotation":0,"texture":"#0","tintindex":0}}}],"textures":{"0":"modelengine:entity/fuzzy_bat"},"display":{"head":{"translation":[0.0,-6.4,0.0],"scale":[4.0,4.0,4.0]}}}