{
	"credit": "Made with Blockbench",
	"texture_size": [32, 32],
	"textures": {
		"0": "modelengine:entity/froggie",
		"particle": "Desktop/incubator_pets/froggie"
	},
	"elements": [
		{
			"from": [2, 5, 2],
			"to": [14, 10, 15],
			"rotation": {"angle": 0, "axis": "y", "origin": [8, 0, 7]},
			"faces": {
				"north": {"uv": [0, 0, 3, 1.25], "texture": "#0"},
				"east": {"uv": [3, 0, 5.75, 1.25], "texture": "#0"},
				"south": {"uv": [0, 3, 3, 4.25], "texture": "#0"},
				"west": {"uv": [5.75, 0, 3, 1.25], "texture": "#0"},
				"up": {"uv": [8.75, 1.5, 5.75, 0], "texture": "#0"},
				"down": {"uv": [8.75, 2.75, 5.75, 4.25], "texture": "#0"}
			}
		},
		{
			"from": [11, 7, 4],
			"to": [15, 10, 8],
			"rotation": {"angle": -45, "axis": "z", "origin": [14, 8.5, 4]},
			"faces": {
				"north": {"uv": [5, 6.5, 6, 7.25], "texture": "#0"},
				"east": {"uv": [6, 6.5, 7, 7.25], "texture": "#0"},
				"south": {"uv": [1, 6.75, 2, 7.5], "texture": "#0"},
				"west": {"uv": [2, 6.75, 3, 7.5], "texture": "#0"},
				"up": {"uv": [6.75, 6.5, 5.75, 5.5], "texture": "#0"},
				"down": {"uv": [1, 6, 0, 7], "texture": "#0"}
			}
		},
		{
			"from": [1, 7, 4],
			"to": [5, 10, 8],
			"rotation": {"angle": 45, "axis": "z", "origin": [2, 8.5, 4]},
			"faces": {
				"north": {"uv": [6, 6.5, 5, 7.25], "texture": "#0"},
				"east": {"uv": [3, 6.75, 2, 7.5], "texture": "#0"},
				"south": {"uv": [2, 6.75, 1, 7.5], "texture": "#0"},
				"west": {"uv": [7, 6.5, 6, 7.25], "texture": "#0"},
				"up": {"uv": [5.75, 6.5, 6.75, 5.5], "texture": "#0"},
				"down": {"uv": [0, 6, 1, 7], "texture": "#0"}
			}
		},
		{
			"from": [7, 5, 0],
			"to": [9, 6, 2],
			"faces": {
				"north": {"uv": [11, 0, 12, 0.5], "texture": "#0"},
				"east": {"uv": [11, 0, 12, 0.5], "texture": "#0"},
				"south": {"uv": [11, 0, 12, 0.5], "texture": "#0"},
				"west": {"uv": [11, 0, 12, 0.5], "texture": "#0"},
				"up": {"uv": [11, 0, 12, 1], "texture": "#0"},
				"down": {"uv": [11, 0, 12, 1], "texture": "#0"}
			}
		}
	],
	"gui_light": "front",
	"display": {
		"thirdperson_righthand": {
			"rotation": [23, 32, 0],
			"translation": [0, 1, 0],
			"scale": [0.65, 0.65, 0.65]
		},
		"thirdperson_lefthand": {
			"rotation": [23, 32, 0],
			"translation": [0, 1, 0],
			"scale": [0.65, 0.65, 0.65]
		},
		"firstperson_righthand": {
			"rotation": [-21, 115, 0],
			"translation": [0, 1, -1.75],
			"scale": [0.65, 0.65, 0.65]
		},
		"firstperson_lefthand": {
			"rotation": [-21, 115, 0],
			"translation": [0, 1, -1.75],
			"scale": [0.65, 0.65, 0.65]
		},
		"ground": {
			"rotation": [23, 0, 0],
			"translation": [0, 1, 0],
			"scale": [0.65, 0.65, 0.65]
		},
		"gui": {
			"rotation": [15, -165, 0],
			"translation": [0, -0.25, 0],
			"scale": [0.75, 0.75, 0.75]
		},
		"head": {
			"rotation": [9, 0, 0],
			"translation": [0, 6.5, -0.25],
			"scale": [1.2, 1.2, 1.2]
		},
		"fixed": {
			"rotation": [-90, 0, 0],
			"translation": [0, 0, -1.75]
		}
	},
	"groups": [
		{
			"name": "torso",
			"origin": [8, 1.5, 9],
			"color": 0,
			"children": [
				0,
				1,
				2,
				{
					"name": "leg_left",
					"origin": [2, 4, 12.5],
					"color": 0,
					"children": []
				},
				{
					"name": "leg_right",
					"origin": [14, 4, 12.5],
					"color": 0,
					"children": []
				},
				{
					"name": "arm_left",
					"origin": [2, 4, 4.5],
					"color": 0,
					"children": []
				},
				{
					"name": "arm_right",
					"origin": [14, 4, 4.5],
					"color": 0,
					"children": []
				},
				{
					"name": "tongue",
					"origin": [7.5, 4.5, 5],
					"color": 0,
					"children": []
				},
				3
			]
		}
	]
}