{"elements":[{"from":[17.714287,4.0,-1.7142859],"to":[17.714287,18.285715,18.857143],"rotation":{"angle":0.0,"axis":"y","origin":[8.0,-21.714287,8.0]},"faces":{"east":{"uv":[0.0,1.375,2.25,2.9375],"rotation":0,"texture":"#0","tintindex":0},"south":{"uv":[0.0,1.375,2.25,2.9375],"rotation":0,"texture":"#0","tintindex":0},"north":{"uv":[0.0,1.375,2.25,2.9375],"rotation":0,"texture":"#0","tintindex":0},"west":{"uv":[2.25,1.375,0.0,2.9375],"rotation":0,"texture":"#0","tintindex":0},"up":{"uv":[16.0,3.0,13.0,0.0],"rotation":0,"texture":"#0","tintindex":0},"down":{"uv":[16.0,0.0,13.0,3.0],"rotation":0,"texture":"#0","tintindex":0}}},{"from":[-2.8571434,4.0,-1.7142859],"to":[17.714287,18.285715,-1.7142859],"rotation":{"angle":0.0,"axis":"y","origin":[8.0,-21.714287,8.0]},"faces":{"east":{"uv":[0.0,1.375,2.25,2.9375],"rotation":0,"texture":"#0","tintindex":0},"south":{"uv":[2.25,1.375,0.0,2.9375],"rotation":0,"texture":"#0","tintindex":0},"north":{"uv":[0.0,1.375,2.25,2.9375],"rotation":0,"texture":"#0","tintindex":0},"west":{"uv":[0.0,1.375,2.25,2.9375],"rotation":0,"texture":"#0","tintindex":0},"up":{"uv":[16.0,3.0,13.0,0.0],"rotation":0,"texture":"#0","tintindex":0},"down":{"uv":[16.0,0.0,13.0,3.0],"rotation":0,"texture":"#0","tintindex":0}}},{"from":[-2.8571434,4.0,18.857143],"to":[17.714287,18.285715,18.857143],"rotation":{"angle":0.0,"axis":"y","origin":[8.0,-21.714287,8.0]},"faces":{"east":{"uv":[0.0,1.375,2.25,2.9375],"rotation":0,"texture":"#0","tintindex":0},"south":{"uv":[0.0,1.375,2.25,2.9375],"rotation":0,"texture":"#0","tintindex":0},"north":{"uv":[2.25,1.375,0.0,2.9375],"rotation":0,"texture":"#0","tintindex":0},"west":{"uv":[0.0,1.375,2.25,2.9375],"rotation":0,"texture":"#0","tintindex":0},"up":{"uv":[16.0,3.0,13.0,0.0],"rotation":0,"texture":"#0","tintindex":0},"down":{"uv":[16.0,0.0,13.0,3.0],"rotation":0,"texture":"#0","tintindex":0}}},{"from":[-2.8571434,4.0,-1.7142859],"to":[-2.8571434,18.285715,18.857143],"rotation":{"angle":0.0,"axis":"y","origin":[8.0,-21.714287,8.0]},"faces":{"east":{"uv":[2.25,1.375,0.0,2.9375],"rotation":0,"texture":"#0","tintindex":0},"south":{"uv":[0.0,1.375,2.25,2.9375],"rotation":0,"texture":"#0","tintindex":0},"north":{"uv":[0.0,1.375,2.25,2.9375],"rotation":0,"texture":"#0","tintindex":0},"west":{"uv":[0.0,1.375,2.25,2.9375],"rotation":0,"texture":"#0","tintindex":0},"up":{"uv":[16.0,3.0,13.0,0.0],"rotation":0,"texture":"#0","tintindex":0},"down":{"uv":[16.0,0.0,13.0,3.0],"rotation":0,"texture":"#0","tintindex":0}}},{"from":[-5.714287,10.857143,-5.714287],"to":[21.714287,21.714287,-5.714287],"rotation":{"angle":22.5,"axis":"y","origin":[8.0,13.714286,8.0]},"faces":{"east":{"uv":[5.1875,1.75,8.1875,2.625],"rotation":0,"texture":"#0","tintindex":0},"south":{"uv":[5.1875,1.75,8.1875,2.625],"rotation":0,"texture":"#0","tintindex":0},"north":{"uv":[5.1875,1.75,8.1875,2.625],"rotation":0,"texture":"#0","tintindex":0},"west":{"uv":[5.1875,1.75,8.1875,2.625],"rotation":0,"texture":"#0","tintindex":0},"up":{"uv":[16.0,3.0,13.0,0.0],"rotation":0,"texture":"#0","tintindex":0},"down":{"uv":[16.0,0.0,13.0,3.0],"rotation":0,"texture":"#0","tintindex":0}}},{"from":[-5.714287,10.857143,21.714287],"to":[21.714287,21.714287,21.714287],"rotation":{"angle":22.5,"axis":"y","origin":[8.0,13.714286,8.0]},"faces":{"east":{"uv":[5.1875,1.75,8.1875,2.625],"rotation":0,"texture":"#0","tintindex":0},"south":{"uv":[5.1875,1.75,8.1875,2.625],"rotation":0,"texture":"#0","tintindex":0},"north":{"uv":[5.1875,1.75,8.1875,2.625],"rotation":0,"texture":"#0","tintindex":0},"west":{"uv":[5.1875,1.75,8.1875,2.625],"rotation":0,"texture":"#0","tintindex":0},"up":{"uv":[16.0,3.0,13.0,0.0],"rotation":0,"texture":"#0","tintindex":0},"down":{"uv":[16.0,0.0,13.0,3.0],"rotation":0,"texture":"#0","tintindex":0}}},{"from":[-5.714287,10.857143,-5.714287],"to":[-5.714287,21.714287,21.714287],"rotation":{"angle":22.5,"axis":"y","origin":[8.0,13.714286,8.0]},"faces":{"east":{"uv":[5.1875,1.75,8.1875,2.625],"rotation":0,"texture":"#0","tintindex":0},"south":{"uv":[5.1875,1.75,8.1875,2.625],"rotation":0,"texture":"#0","tintindex":0},"north":{"uv":[5.1875,1.75,8.1875,2.625],"rotation":0,"texture":"#0","tintindex":0},"west":{"uv":[5.1875,1.75,8.1875,2.625],"rotation":0,"texture":"#0","tintindex":0},"up":{"uv":[16.0,3.0,13.0,0.0],"rotation":0,"texture":"#0","tintindex":0},"down":{"uv":[16.0,0.0,13.0,3.0],"rotation":0,"texture":"#0","tintindex":0}}},{"from":[21.714287,10.857143,-5.714287],"to":[21.714287,21.714287,21.714287],"rotation":{"angle":22.5,"axis":"y","origin":[8.0,13.714286,8.0]},"faces":{"east":{"uv":[5.1875,1.75,8.1875,2.625],"rotation":0,"texture":"#0","tintindex":0},"south":{"uv":[5.1875,1.75,8.1875,2.625],"rotation":0,"texture":"#0","tintindex":0},"north":{"uv":[5.1875,1.75,8.1875,2.625],"rotation":0,"texture":"#0","tintindex":0},"west":{"uv":[5.1875,1.75,8.1875,2.625],"rotation":0,"texture":"#0","tintindex":0},"up":{"uv":[16.0,3.0,13.0,0.0],"rotation":0,"texture":"#0","tintindex":0},"down":{"uv":[16.0,0.0,13.0,3.0],"rotation":0,"texture":"#0","tintindex":0}}}],"textures":{"0":"modelengine:entity/lr_gryffin_whirlwind"},"display":{"head":{"translation":[0.0,-6.4,0.0],"scale":[4.0,4.0,4.0]}}}