{"elements":[{"from":[6.88072,7.2,3.598404],"to":[9.166434,8.342857,8.169833],"rotation":{"angle":0.0,"axis":"y","origin":[9.166434,10.6285715,7.0269756]},"faces":{"east":{"uv":[11.5,8.5,9.5,9.0],"rotation":0,"texture":"#0","tintindex":0},"south":{"uv":[11.75,11.25,10.75,11.75],"rotation":0,"texture":"#0","tintindex":0},"north":{"uv":[10.5,11.25,9.5,11.75],"rotation":0,"texture":"#0","tintindex":0},"west":{"uv":[11.5,7.75,9.5,8.25],"rotation":0,"texture":"#0","tintindex":0},"up":{"uv":[7.0,10.75,8.0,8.75],"rotation":0,"texture":"#0","tintindex":0},"down":{"uv":[8.25,8.75,9.25,10.75],"rotation":0,"texture":"#0","tintindex":0}}},{"from":[7.457863,8.148488,5.7364025],"to":[9.16072,9.851345,7.43926],"rotation":{"angle":-22.5,"axis":"x","origin":[8.023577,8.542774,7.15926]},"faces":{"east":{"uv":[11.0,13.0,10.25,13.5],"rotation":0,"texture":"#0","tintindex":0},"south":{"uv":[12.5,15.0,11.5,15.5],"rotation":0,"texture":"#0","tintindex":0},"north":{"uv":[10.75,14.5,9.75,15.0],"rotation":0,"texture":"#0","tintindex":0},"west":{"uv":[7.0,15.25,6.25,16.0],"rotation":0,"texture":"#0","tintindex":0},"up":{"uv":[4.75,14.75,5.5,14.0],"rotation":0,"texture":"#0","tintindex":0},"down":{"uv":[7.5,14.0,8.5,14.75],"rotation":0,"texture":"#0","tintindex":0}}}],"textures":{"0":"modelengine:entity/nocsy_toom_baby"},"display":{"head":{"translation":[0.0,-6.4,0.0],"scale":[4.0,4.0,4.0]}}}