{"elements":[{"from":[8.0,6.7619047,5.207143],"to":[8.0,11.333334,10.35],"rotation":{"angle":45.0,"axis":"y","origin":[8.0,9.047619,7.7785716]},"faces":{"east":{"uv":[0.0,4.5,2.25,6.5],"rotation":0,"texture":"#0","tintindex":0},"south":{"uv":[1.75,12.0,1.75,14.0],"rotation":0,"texture":"#0","tintindex":0},"north":{"uv":[2.0,12.0,2.0,14.0],"rotation":0,"texture":"#0","tintindex":0},"west":{"uv":[2.25,4.5,0.0,6.5],"rotation":0,"texture":"#0","tintindex":0},"up":{"uv":[14.25,2.0,12.0,2.0],"rotation":90,"texture":"#0","tintindex":0},"down":{"uv":[14.25,2.25,12.0,2.25],"rotation":270,"texture":"#0","tintindex":0}}},{"from":[5.428571,6.7619047,8.214286],"to":[10.571428,11.333334,8.214286],"rotation":{"angle":45.0,"axis":"y","origin":[8.0,9.047619,8.214286]},"faces":{"east":{"uv":[1.75,12.0,1.75,14.0],"rotation":0,"texture":"#0","tintindex":0},"south":{"uv":[2.25,4.5,0.0,6.5],"rotation":0,"texture":"#0","tintindex":0},"north":{"uv":[0.0,4.5,2.25,6.5],"rotation":0,"texture":"#0","tintindex":0},"west":{"uv":[2.0,12.0,2.0,14.0],"rotation":0,"texture":"#0","tintindex":0},"up":{"uv":[14.25,2.0,12.0,2.0],"rotation":0,"texture":"#0","tintindex":0},"down":{"uv":[14.25,2.25,12.0,2.25],"rotation":0,"texture":"#0","tintindex":0}}},{"from":[5.428571,7.904762,8.007143],"to":[10.571428,12.476191,8.007143],"rotation":{"angle":0.0,"axis":"y","origin":[8.0,10.190476,8.007143]},"faces":{"east":{"uv":[12.0,2.5,12.0,4.5],"rotation":0,"texture":"#0","tintindex":0},"south":{"uv":[7.25,0.0,5.0,2.0],"rotation":0,"texture":"#0","tintindex":0},"north":{"uv":[5.0,0.0,7.25,2.0],"rotation":0,"texture":"#0","tintindex":0},"west":{"uv":[2.75,12.0,2.75,14.0],"rotation":0,"texture":"#0","tintindex":0},"up":{"uv":[5.25,12.0,3.0,12.0],"rotation":0,"texture":"#0","tintindex":0},"down":{"uv":[14.25,4.75,12.0,4.75],"rotation":0,"texture":"#0","tintindex":0}}}],"textures":{"0":"modelengine:entity/nocsy_toom_baby"},"display":{"head":{"translation":[0.0,-6.4,0.0],"scale":[4.0,4.0,4.0]}}}