{"elements":[{"from":[7.714286,5.714286,8.0],"to":[8.285714,8.0,9.142858],"rotation":{"angle":0.0,"axis":"y","origin":[9.714286,5.142857,10.285714]},"faces":{"east":{"uv":[12.0,10.5,11.0,12.5],"rotation":0,"texture":"#0","tintindex":0},"south":{"uv":[12.0,12.5,11.5,14.5],"rotation":0,"texture":"#0","tintindex":0},"north":{"uv":[12.5,12.5,12.0,14.5],"rotation":0,"texture":"#0","tintindex":0},"west":{"uv":[12.5,0.0,11.5,2.0],"rotation":0,"texture":"#0","tintindex":0},"up":{"uv":[1.5,13.5,1.0,14.5],"rotation":0,"texture":"#0","tintindex":0},"down":{"uv":[14.0,2.0,13.5,1.0],"rotation":0,"texture":"#0","tintindex":0}}},{"from":[7.428571,5.142857,7.428571],"to":[8.571428,5.714286,9.714286],"rotation":{"angle":0.0,"axis":"y","origin":[9.714286,5.142857,10.285714]},"faces":{"east":{"uv":[14.5,12.5,12.5,13.0],"rotation":0,"texture":"#0","tintindex":0},"south":{"uv":[2.5,13.5,1.5,14.0],"rotation":0,"texture":"#0","tintindex":0},"north":{"uv":[14.5,2.0,13.5,2.5],"rotation":0,"texture":"#0","tintindex":0},"west":{"uv":[2.0,13.0,0.0,13.5],"rotation":0,"texture":"#0","tintindex":0},"up":{"uv":[3.0,11.5,2.0,13.5],"rotation":0,"texture":"#0","tintindex":0},"down":{"uv":[12.5,4.0,11.5,2.0],"rotation":0,"texture":"#0","tintindex":0}}}],"textures":{"0":"modelengine:entity/chameleon"},"display":{"head":{"translation":[0.0,-6.4,0.0],"scale":[4.0,4.0,4.0]}}}