{
	"credit": "Made with Blockbench",
	"texture_size": [64, 64],
	"textures": {
		"4": "modelengine:entity/bulb_crimsonspore"
	},
	"elements": [
		{
			"from": [2, 1.91667, 2.98333],
			"to": [14, 9.91667, 12.98333],
			"rotation": {"angle": 0, "axis": "y", "origin": [8, 8.91667, 7.98333]},
			"faces": {
				"north": {"uv": [3.5, 5, 6.5, 7], "texture": "#4"},
				"east": {"uv": [6.5, 2, 9, 4], "texture": "#4"},
				"south": {"uv": [6.5, 0, 9.5, 2], "texture": "#4"},
				"west": {"uv": [6.5, 4, 9, 6], "texture": "#4"},
				"up": {"uv": [6.5, 2.5, 3.5, 0], "texture": "#4"},
				"down": {"uv": [6.5, 2.5, 3.5, 5], "texture": "#4"}
			}
		},
		{
			"from": [3, 5.91667, 1.98333],
			"to": [6, 8.91667, 2.98333],
			"rotation": {"angle": 0, "axis": "y", "origin": [8, 8.91667, 7.98333]},
			"faces": {
				"north": {"uv": [10.25, 10, 11, 10.75], "texture": "#4"},
				"east": {"uv": [4, 11, 4.25, 11.75], "texture": "#4"},
				"south": {"uv": [10.5, 0, 11.25, 0.75], "texture": "#4"},
				"west": {"uv": [4.25, 11, 4.5, 11.75], "texture": "#4"},
				"up": {"uv": [5.75, 7.25, 5, 7], "texture": "#4"},
				"down": {"uv": [6.5, 7, 5.75, 7.25], "texture": "#4"}
			}
		},
		{
			"from": [10, 5.91667, 1.98333],
			"to": [13, 8.91667, 2.98333],
			"rotation": {"angle": 0, "axis": "y", "origin": [8, 8.91667, 7.98333]},
			"faces": {
				"north": {"uv": [7, 10.25, 7.75, 11], "texture": "#4"},
				"east": {"uv": [7.75, 10.25, 8, 11], "texture": "#4"},
				"south": {"uv": [10.25, 9.25, 11, 10], "texture": "#4"},
				"west": {"uv": [11, 3.75, 11.25, 4.5], "texture": "#4"},
				"up": {"uv": [4.25, 7.25, 3.5, 7], "texture": "#4"},
				"down": {"uv": [5, 7, 4.25, 7.25], "texture": "#4"}
			}
		},
		{
			"from": [10, -0.08333, 6.98333],
			"to": [12, 2.91667, 9.98333],
			"rotation": {"angle": 0, "axis": "y", "origin": [8, 8.91667, 7.98333]},
			"faces": {
				"north": {"uv": [10.75, 5.75, 11.25, 6.5], "texture": "#4"},
				"east": {"uv": [10.5, 0.75, 11.25, 1.5], "texture": "#4"},
				"south": {"uv": [10.25, 10.75, 10.75, 11.5], "texture": "#4"},
				"west": {"uv": [2, 10.5, 2.75, 11.25], "texture": "#4"},
				"up": {"uv": [11.25, 11.5, 10.75, 10.75], "texture": "#4"},
				"down": {"uv": [0.5, 11, 0, 11.75], "texture": "#4"}
			}
		},
		{
			"from": [4, -0.08333, 6.98333],
			"to": [6, 2.91667, 9.98333],
			"rotation": {"angle": 0, "axis": "y", "origin": [8, 8.91667, 7.98333]},
			"faces": {
				"north": {"uv": [0.5, 11, 1, 11.75], "texture": "#4"},
				"east": {"uv": [2.75, 10.5, 3.5, 11.25], "texture": "#4"},
				"south": {"uv": [1, 11, 1.5, 11.75], "texture": "#4"},
				"west": {"uv": [10.5, 7, 11.25, 7.75], "texture": "#4"},
				"up": {"uv": [2, 11.75, 1.5, 11], "texture": "#4"},
				"down": {"uv": [11.5, 1.5, 11, 2.25], "texture": "#4"}
			}
		},
		{
			"from": [13, 1.91667, 6.98333],
			"to": [15, 6.91667, 9.98333],
			"rotation": {"angle": 0, "axis": "y", "origin": [7, 8.91667, 7.98333]},
			"faces": {
				"north": {"uv": [5, 10.25, 5.5, 11.5], "texture": "#4"},
				"east": {"uv": [8, 9.75, 8.75, 11], "texture": "#4"},
				"south": {"uv": [5.5, 10.25, 6, 11.5], "texture": "#4"},
				"west": {"uv": [8.75, 9.75, 9.5, 11], "texture": "#4"},
				"up": {"uv": [4, 11.25, 3.5, 10.5], "texture": "#4"},
				"down": {"uv": [11, 7.75, 10.5, 8.5], "texture": "#4"}
			}
		},
		{
			"from": [1, 1.91667, 6.98333],
			"to": [3, 6.91667, 9.98333],
			"rotation": {"angle": 0, "axis": "y", "origin": [9, 8.91667, 7.98333]},
			"faces": {
				"north": {"uv": [6, 10.25, 6.5, 11.5], "texture": "#4"},
				"east": {"uv": [9.5, 9.75, 10.25, 11], "texture": "#4"},
				"south": {"uv": [6.5, 10.25, 7, 11.5], "texture": "#4"},
				"west": {"uv": [10, 5.75, 10.75, 7], "texture": "#4"},
				"up": {"uv": [11.5, 3, 11, 2.25], "texture": "#4"},
				"down": {"uv": [11.5, 3, 11, 3.75], "texture": "#4"}
			}
		},
		{
			"from": [6, 8.91667, 5.98333],
			"to": [10, 11.91667, 9.98333],
			"rotation": {"angle": 0, "axis": "y", "origin": [8, 3.91667, 8.98333]},
			"faces": {
				"north": {"uv": [10, 8.5, 11, 9.25], "texture": "#4"},
				"east": {"uv": [0, 10.25, 1, 11], "texture": "#4"},
				"south": {"uv": [1, 10.25, 2, 11], "texture": "#4"},
				"west": {"uv": [4, 10.25, 5, 11], "texture": "#4"},
				"up": {"uv": [10.5, 1, 9.5, 0], "texture": "#4"},
				"down": {"uv": [10.5, 1, 9.5, 2], "texture": "#4"}
			}
		},
		{
			"from": [1, 4.91667, 1.73333],
			"to": [9, 11.91667, 1.73333],
			"rotation": {"angle": 0, "axis": "y", "origin": [8, 6.91667, 9.73333]},
			"faces": {
				"north": {"uv": [4, 8.5, 6, 10.25], "texture": "#4"},
				"east": {"uv": [0, 0, 0, 1.75], "texture": "#4"},
				"south": {"uv": [6, 8.5, 4, 10.25], "texture": "#4"},
				"west": {"uv": [0, 0, 0, 1.75], "texture": "#4"},
				"up": {"uv": [2, 0, 0, 0], "texture": "#4"},
				"down": {"uv": [2, 0, 0, 0], "texture": "#4"}
			}
		},
		{
			"from": [1, 11.91667, 0.98333],
			"to": [15, 16.91667, 14.98333],
			"rotation": {"angle": 0, "axis": "y", "origin": [8, 6.91667, 9.98333]},
			"faces": {
				"north": {"uv": [6.5, 6, 10, 7.25], "texture": "#4"},
				"east": {"uv": [0, 7, 3.5, 8.25], "texture": "#4"},
				"south": {"uv": [3.5, 7.25, 7, 8.5], "texture": "#4"},
				"west": {"uv": [7, 7.25, 10.5, 8.5], "texture": "#4"},
				"up": {"uv": [3.5, 3.5, 0, 0], "texture": "#4"},
				"down": {"uv": [3.5, 3.5, 0, 7], "texture": "#4"}
			}
		},
		{
			"from": [4, 16.91667, 3.98333],
			"to": [12, 21.91667, 11.98333],
			"rotation": {"angle": 0, "axis": "y", "origin": [8, 11.91667, 9.98333]},
			"faces": {
				"north": {"uv": [8, 8.5, 10, 9.75], "texture": "#4"},
				"east": {"uv": [9, 2, 11, 3.25], "texture": "#4"},
				"south": {"uv": [9, 3.25, 11, 4.5], "texture": "#4"},
				"west": {"uv": [9, 4.5, 11, 5.75], "texture": "#4"},
				"up": {"uv": [2, 10.25, 0, 8.25], "texture": "#4"},
				"down": {"uv": [4, 8.5, 2, 10.5], "texture": "#4"}
			}
		}
	],
	"gui_light": "front",
	"display": {
		"gui": {
			"rotation": [19, 180, 0],
			"translation": [0, -2.25, 0],
			"scale": [0.75, 0.75, 0.75]
		}
	},
	"groups": [
		{
			"name": "h_bulb",
			"origin": [8, 3.91667, 8.98333],
			"color": 0,
			"children": [
				0,
				1,
				2,
				{
					"name": "h_right_leg",
					"origin": [11, 2.91667, 7.98333],
					"color": 0,
					"children": [3]
				},
				{
					"name": "h_left_leg",
					"origin": [5, 2.91667, 7.98333],
					"color": 0,
					"children": [4]
				},
				{
					"name": "h_right_arm",
					"origin": [14, 6.91667, 8.48333],
					"color": 0,
					"children": [5]
				},
				{
					"name": "h_left_arm",
					"origin": [2, 6.91667, 8.48333],
					"color": 0,
					"children": [6]
				},
				{
					"name": "h_warpedfungus",
					"origin": [8, 9.91667, 7.98333],
					"color": 0,
					"children": [
						7,
						{
							"name": "h_vines",
							"origin": [5, 11.91667, 1.73333],
							"color": 0,
							"children": [8]
						},
						9,
						10
					]
				}
			]
		}
	]
}