{
	"credit": "Made with Blockbench",
	"texture_size": [64, 64],
	"textures": {
		"3": "modelengine:entity/bulb_warpedfungus",
		"particle": "Desktop/bulbpack2/bulb_warpedfungus"
	},
	"elements": [
		{
			"from": [2, 1.91667, 2.98333],
			"to": [14, 9.91667, 12.98333],
			"rotation": {"angle": 0, "axis": "y", "origin": [8, 8.91667, 7.98333]},
			"faces": {
				"north": {"uv": [3.5, 5, 6.5, 7], "texture": "#3"},
				"east": {"uv": [6.5, 2, 9, 4], "texture": "#3"},
				"south": {"uv": [6.5, 0, 9.5, 2], "texture": "#3"},
				"west": {"uv": [6.5, 4, 9, 6], "texture": "#3"},
				"up": {"uv": [6.5, 2.5, 3.5, 0], "texture": "#3"},
				"down": {"uv": [6.5, 2.5, 3.5, 5], "texture": "#3"}
			}
		},
		{
			"from": [3, 5.91667, 1.98333],
			"to": [6, 8.91667, 2.98333],
			"rotation": {"angle": 0, "axis": "y", "origin": [8, 8.91667, 7.98333]},
			"faces": {
				"north": {"uv": [5, 9.25, 5.75, 10], "texture": "#3"},
				"east": {"uv": [3.5, 9.75, 3.75, 10.5], "texture": "#3"},
				"south": {"uv": [5.75, 9.25, 6.5, 10], "texture": "#3"},
				"west": {"uv": [3.75, 9.75, 4, 10.5], "texture": "#3"},
				"up": {"uv": [5.75, 7.25, 5, 7], "texture": "#3"},
				"down": {"uv": [6.5, 7, 5.75, 7.25], "texture": "#3"}
			}
		},
		{
			"from": [10, 5.91667, 1.98333],
			"to": [13, 8.91667, 2.98333],
			"rotation": {"angle": 0, "axis": "y", "origin": [8, 8.91667, 7.98333]},
			"faces": {
				"north": {"uv": [0, 9.25, 0.75, 10], "texture": "#3"},
				"east": {"uv": [8.75, 9.25, 9, 10], "texture": "#3"},
				"south": {"uv": [0.75, 9.25, 1.5, 10], "texture": "#3"},
				"west": {"uv": [9.5, 9.25, 9.75, 10], "texture": "#3"},
				"up": {"uv": [4.25, 7.25, 3.5, 7], "texture": "#3"},
				"down": {"uv": [5, 7, 4.25, 7.25], "texture": "#3"}
			}
		},
		{
			"from": [10, -0.08333, 6.98333],
			"to": [12, 2.91667, 9.98333],
			"rotation": {"angle": 0, "axis": "y", "origin": [8, 8.91667, 7.98333]},
			"faces": {
				"north": {"uv": [9.5, 1.5, 10, 2.25], "texture": "#3"},
				"east": {"uv": [6.5, 9.25, 7.25, 10], "texture": "#3"},
				"south": {"uv": [2, 9.5, 2.5, 10.25], "texture": "#3"},
				"west": {"uv": [7.25, 9.25, 8, 10], "texture": "#3"},
				"up": {"uv": [10, 3, 9.5, 2.25], "texture": "#3"},
				"down": {"uv": [3, 9.5, 2.5, 10.25], "texture": "#3"}
			}
		},
		{
			"from": [4, -0.08333, 6.98333],
			"to": [6, 2.91667, 9.98333],
			"rotation": {"angle": 0, "axis": "y", "origin": [8, 8.91667, 7.98333]},
			"faces": {
				"north": {"uv": [3, 9.5, 3.5, 10.25], "texture": "#3"},
				"east": {"uv": [8, 9.25, 8.75, 10], "texture": "#3"},
				"south": {"uv": [9.5, 3, 10, 3.75], "texture": "#3"},
				"west": {"uv": [9.5, 0, 10.25, 0.75], "texture": "#3"},
				"up": {"uv": [10, 4.5, 9.5, 3.75], "texture": "#3"},
				"down": {"uv": [10, 4.5, 9.5, 5.25], "texture": "#3"}
			}
		},
		{
			"from": [13, 1.91667, 6.98333],
			"to": [15, 6.91667, 9.98333],
			"rotation": {"angle": 0, "axis": "y", "origin": [7, 8.91667, 7.98333]},
			"faces": {
				"north": {"uv": [9, 2, 9.5, 3.25], "texture": "#3"},
				"east": {"uv": [2, 8.25, 2.75, 9.5], "texture": "#3"},
				"south": {"uv": [9, 3.25, 9.5, 4.5], "texture": "#3"},
				"west": {"uv": [2.75, 8.25, 3.5, 9.5], "texture": "#3"},
				"up": {"uv": [2, 10, 1.5, 9.25], "texture": "#3"},
				"down": {"uv": [10, 0.75, 9.5, 1.5], "texture": "#3"}
			}
		},
		{
			"from": [1, 1.91667, 6.98333],
			"to": [3, 6.91667, 9.98333],
			"rotation": {"angle": 0, "axis": "y", "origin": [9, 8.91667, 7.98333]},
			"faces": {
				"north": {"uv": [9, 4.5, 9.5, 5.75], "texture": "#3"},
				"east": {"uv": [3.5, 8.5, 4.25, 9.75], "texture": "#3"},
				"south": {"uv": [9, 8.5, 9.5, 9.75], "texture": "#3"},
				"west": {"uv": [4.25, 8.5, 5, 9.75], "texture": "#3"},
				"up": {"uv": [10, 6, 9.5, 5.25], "texture": "#3"},
				"down": {"uv": [10, 8.5, 9.5, 9.25], "texture": "#3"}
			}
		},
		{
			"from": [6, 8.91667, 5.98333],
			"to": [10, 11.91667, 9.98333],
			"rotation": {"angle": 0, "axis": "y", "origin": [8, 3.91667, 8.98333]},
			"faces": {
				"north": {"uv": [5, 8.5, 6, 9.25], "texture": "#3"},
				"east": {"uv": [6, 8.5, 7, 9.25], "texture": "#3"},
				"south": {"uv": [7, 8.5, 8, 9.25], "texture": "#3"},
				"west": {"uv": [8, 8.5, 9, 9.25], "texture": "#3"},
				"up": {"uv": [1, 9.25, 0, 8.25], "texture": "#3"},
				"down": {"uv": [2, 8.25, 1, 9.25], "texture": "#3"}
			}
		},
		{
			"from": [1, 11.91667, 0.98333],
			"to": [15, 16.91667, 14.98333],
			"rotation": {"angle": 0, "axis": "y", "origin": [8, 6.91667, 9.98333]},
			"faces": {
				"north": {"uv": [6.5, 6, 10, 7.25], "texture": "#3"},
				"east": {"uv": [0, 7, 3.5, 8.25], "texture": "#3"},
				"south": {"uv": [3.5, 7.25, 7, 8.5], "texture": "#3"},
				"west": {"uv": [7, 7.25, 10.5, 8.5], "texture": "#3"},
				"up": {"uv": [3.5, 3.5, 0, 0], "texture": "#3"},
				"down": {"uv": [3.5, 3.5, 0, 7], "texture": "#3"}
			}
		},
		{
			"from": [6, 3.91667, 1.48333],
			"to": [14, 11.91667, 1.48333],
			"rotation": {"angle": 0, "axis": "y", "origin": [7, 6.91667, 10.48333]},
			"faces": {
				"north": {"uv": [16, 0, 14, 2], "texture": "#3"},
				"east": {"uv": [0, 7, 0, 9], "texture": "#3"},
				"south": {"uv": [14, 0, 16, 2], "texture": "#3"},
				"west": {"uv": [7, 7.25, 7, 9.25], "texture": "#3"},
				"up": {"uv": [2, 0, 0, 0], "texture": "#3"},
				"down": {"uv": [2, 3.5, 0, 3.5], "texture": "#3"}
			}
		}
	],
	"gui_light": "front",
	"display": {
		"gui": {
			"rotation": [19, 180, 0],
			"translation": [0, -2.25, 0],
			"scale": [0.75, 0.75, 0.75]
		}
	},
	"groups": [
		{
			"name": "h_bulb",
			"origin": [8, 3.91667, 8.98333],
			"color": 0,
			"children": [
				0,
				1,
				2,
				{
					"name": "h_right_leg",
					"origin": [11, 2.91667, 7.98333],
					"color": 0,
					"children": [3]
				},
				{
					"name": "h_left_leg",
					"origin": [5, 2.91667, 7.98333],
					"color": 0,
					"children": [4]
				},
				{
					"name": "h_right_arm",
					"origin": [14, 6.91667, 8.48333],
					"color": 0,
					"children": [5]
				},
				{
					"name": "h_left_arm",
					"origin": [2, 6.91667, 8.48333],
					"color": 0,
					"children": [6]
				},
				{
					"name": "h_warpedfungus",
					"origin": [8, 9.91667, 7.98333],
					"color": 0,
					"children": [
						7,
						8,
						{
							"name": "h_vines",
							"origin": [10, 11.91667, 1.48333],
							"color": 0,
							"children": [9]
						}
					]
				}
			]
		}
	]
}