{"elements":[{"from":[6.285714,5.714286,6.0],"to":[8.571428,8.0,9.428572],"rotation":{"angle":0.0,"axis":"y","origin":[8.571428,6.285714,6.857143]},"faces":{"east":{"uv":[9.875,6.625,9.125,7.125],"rotation":0,"texture":"#0","tintindex":0},"south":{"uv":[4.0,10.0,3.5,10.5],"rotation":0,"texture":"#0","tintindex":0},"north":{"uv":[3.5,10.0,3.0,10.5],"rotation":0,"texture":"#0","tintindex":0},"west":{"uv":[9.875,0.0,9.125,0.5],"rotation":0,"texture":"#0","tintindex":0},"up":{"uv":[2.5,10.0,3.0,9.25],"rotation":0,"texture":"#0","tintindex":0},"down":{"uv":[3.0,9.25,3.5,10.0],"rotation":0,"texture":"#0","tintindex":0}}},{"from":[5.0853868,4.5214386,6.141045],"to":[7.371101,6.2357244,9.569616],"rotation":{"angle":-45.0,"axis":"z","origin":[7.3592453,4.502103,6.857143]},"faces":{"east":{"uv":[10.0,9.75,9.25,10.125],"rotation":0,"texture":"#0","tintindex":0},"south":{"uv":[10.625,3.5,10.125,3.875],"rotation":0,"texture":"#0","tintindex":0},"north":{"uv":[10.5,8.0,10.0,8.375],"rotation":0,"texture":"#0","tintindex":0},"west":{"uv":[8.0,9.75,7.25,10.125],"rotation":0,"texture":"#0","tintindex":0},"up":{"uv":[3.5,10.0,4.0,9.25],"rotation":0,"texture":"#0","tintindex":0},"down":{"uv":[4.0,9.25,4.5,10.0],"rotation":0,"texture":"#0","tintindex":0}}},{"from":[5.810171,6.6649685,5.72276],"to":[6.953028,7.8078256,8.579904],"rotation":{"angle":0.0,"axis":"y","origin":[9.714286,6.285714,6.857143]},"faces":{"east":{"uv":[1.125,10.875,0.5,11.125],"rotation":0,"texture":"#0","tintindex":0},"south":{"uv":[0.5,11.5,0.25,11.75],"rotation":0,"texture":"#0","tintindex":0},"north":{"uv":[0.25,11.5,0.0,11.75],"rotation":0,"texture":"#0","tintindex":0},"west":{"uv":[1.125,11.125,0.5,11.375],"rotation":0,"texture":"#0","tintindex":0},"up":{"uv":[0.0,11.5,0.25,10.875],"rotation":0,"texture":"#0","tintindex":0},"down":{"uv":[0.25,10.875,0.5,11.5],"rotation":0,"texture":"#0","tintindex":0}}}],"textures":{"0":"modelengine:entity/rot"},"display":{"head":{"translation":[0.0,-6.4,0.0],"scale":[4.0,4.0,4.0]}}}