{"elements":[{"from":[7.714286,8.285714,7.3714285],"to":[8.285714,8.857143,7.3714285],"rotation":{"angle":0.0,"axis":"y","origin":[3.4285712,2.8571424,3.4285712]},"faces":{"east":{"uv":[0.0,0.0,0.0,0.5],"rotation":0,"texture":"#0","tintindex":0},"south":{"uv":[2.0,9.5,2.5,10.0],"rotation":0,"texture":"#0","tintindex":0},"north":{"uv":[2.0,9.5,2.5,10.0],"rotation":0,"texture":"#0","tintindex":0},"west":{"uv":[0.0,0.0,0.0,0.5],"rotation":0,"texture":"#0","tintindex":0},"up":{"uv":[0.5,0.0,0.0,0.0],"rotation":0,"texture":"#0","tintindex":0},"down":{"uv":[0.5,0.0,0.0,0.0],"rotation":0,"texture":"#0","tintindex":0}}},{"from":[7.428571,8.0,7.428571],"to":[8.571428,9.142858,8.571428],"rotation":{"angle":0.0,"axis":"y","origin":[3.4285712,2.8571424,3.4285712]},"faces":{"east":{"uv":[11.5,0.0,12.5,1.0],"rotation":0,"texture":"#0","tintindex":0},"south":{"uv":[11.5,1.0,12.5,2.0],"rotation":0,"texture":"#0","tintindex":0},"north":{"uv":[11.0,8.5,12.0,9.5],"rotation":0,"texture":"#0","tintindex":0},"west":{"uv":[11.5,2.0,12.5,3.0],"rotation":0,"texture":"#0","tintindex":0},"up":{"uv":[12.5,4.0,11.5,3.0],"rotation":0,"texture":"#0","tintindex":0},"down":{"uv":[12.5,4.0,11.5,5.0],"rotation":0,"texture":"#0","tintindex":0}}},{"from":[8.714286,9.285714,8.714286],"to":[7.285714,7.857143,7.285714],"rotation":{"angle":0.0,"axis":"y","origin":[3.4285712,2.8571424,3.4285712]},"faces":{"east":{"uv":[15.5,15.5,16.0,16.0],"rotation":0,"texture":"#0","tintindex":0},"south":{"uv":[15.5,15.5,16.0,16.0],"rotation":0,"texture":"#0","tintindex":0},"north":{"uv":[15.5,15.5,16.0,16.0],"rotation":0,"texture":"#0","tintindex":0},"west":{"uv":[15.5,15.5,16.0,16.0],"rotation":0,"texture":"#0","tintindex":0},"up":{"uv":[15.5,15.5,16.0,16.0],"rotation":0,"texture":"#0","tintindex":0},"down":{"uv":[15.5,15.5,16.0,16.0],"rotation":0,"texture":"#0","tintindex":0}}}],"textures":{"0":"modelengine:entity/cracko"},"display":{"head":{"translation":[0.0,-6.4,0.0],"scale":[4.0,4.0,4.0]}}}