{"elements":[{"from":[6.857143,7.757143,6.285714],"to":[9.142858,10.614285,8.0],"rotation":{"angle":0.0,"axis":"y","origin":[8.0,-8.242857,8.0]},"faces":{"east":{"uv":[11.0,2.25,11.75,3.5],"rotation":0,"texture":"#0","tintindex":0},"south":{"uv":[9.75,7.5,10.75,8.75],"rotation":0,"texture":"#0","tintindex":0},"north":{"uv":[9.75,6.25,10.75,7.5],"rotation":0,"texture":"#0","tintindex":0},"west":{"uv":[11.25,9.25,12.0,10.5],"rotation":0,"texture":"#0","tintindex":0},"up":{"uv":[12.5,6.25,11.5,5.5],"rotation":0,"texture":"#0","tintindex":0},"down":{"uv":[12.5,6.25,11.5,7.0],"rotation":0,"texture":"#0","tintindex":0}}},{"from":[7.428571,6.042857,6.285714],"to":[8.571428,7.757143,8.0],"rotation":{"angle":0.0,"axis":"y","origin":[8.0,-11.671429,8.0]},"faces":{"east":{"uv":[10.75,12.75,11.5,13.5],"rotation":0,"texture":"#0","tintindex":0},"south":{"uv":[13.5,0.0,14.0,0.75],"rotation":0,"texture":"#0","tintindex":0},"north":{"uv":[9.0,1.0,9.5,1.75],"rotation":0,"texture":"#0","tintindex":0},"west":{"uv":[12.75,12.5,13.5,13.25],"rotation":0,"texture":"#0","tintindex":0},"up":{"uv":[1.75,14.25,1.25,13.5],"rotation":0,"texture":"#0","tintindex":0},"down":{"uv":[14.0,1.5,13.5,2.25],"rotation":0,"texture":"#0","tintindex":0}}}],"textures":{"0":"modelengine:entity/em_dyerftum1"},"display":{"head":{"translation":[0.0,-6.4,0.0],"scale":[4.0,4.0,4.0]}}}