{"elements":[{"from":[6.829121,5.0032463,7.1741242],"to":[8.5434065,8.431818,8.888411],"rotation":{"angle":0.0,"axis":"y","origin":[6.2576923,0.43181753,8.316981]},"faces":{"east":{"uv":[10.25,1.0,11.0,2.5],"rotation":0,"texture":"#0","tintindex":0},"south":{"uv":[10.25,2.5,11.0,4.0],"rotation":0,"texture":"#0","tintindex":0},"north":{"uv":[10.0,8.75,10.75,10.25],"rotation":0,"texture":"#0","tintindex":0},"west":{"uv":[3.0,10.25,3.75,11.75],"rotation":0,"texture":"#0","tintindex":0},"up":{"uv":[13.5,7.75,12.75,7.0],"rotation":0,"texture":"#0","tintindex":0},"down":{"uv":[13.5,7.75,12.75,8.5],"rotation":0,"texture":"#0","tintindex":0}}},{"from":[7.1148353,2.7175317,7.459839],"to":[8.257692,5.0032463,8.602695],"rotation":{"angle":0.0,"axis":"y","origin":[6.2576923,-0.13961124,8.316981]},"faces":{"east":{"uv":[12.25,13.0,12.75,14.0],"rotation":0,"texture":"#0","tintindex":0},"south":{"uv":[9.5,13.25,10.0,14.25],"rotation":0,"texture":"#0","tintindex":0},"north":{"uv":[6.0,3.0,6.5,4.0],"rotation":0,"texture":"#0","tintindex":0},"west":{"uv":[13.25,10.0,13.75,11.0],"rotation":0,"texture":"#0","tintindex":0},"up":{"uv":[2.25,14.25,1.75,13.75],"rotation":0,"texture":"#0","tintindex":0},"down":{"uv":[2.75,13.75,2.25,14.25],"rotation":0,"texture":"#0","tintindex":0}}}],"textures":{"0":"modelengine:entity/em_dyerftum1"},"display":{"head":{"translation":[0.0,-6.4,0.0],"scale":[4.0,4.0,4.0]}}}