{
	"format_version": "1.8.0",
	"animations": {
		"animation.kyogre.special_attack": {
			"animation_length": 2,
			"bones": {
				"head": {
					"rotation": {
						"0.0": [0, 0, 0],
						"1.0": [0, 0, -7.5],
						"2.0": [0, 0, 0]
					},
					"position": {
						"0.25": [0, 0, 0],
						"0.7083": [0, 0, 0],
						"0.75": [-3, 0, 0],
						"1.375": [-3, 0, 0],
						"1.75": [0, 0, 0]
					}
				},
				"face": {
					"rotation": {
						"0.0": [0, 0, 0],
						"1.0": [0, 0, -7.5],
						"2.0": [0, 0, 0]
					},
					"position": {
						"0.25": [0, 0, 0],
						"0.7083": [0, 0, 0],
						"0.75": [-3, 0, 0],
						"1.375": [0, 0, 0],
						"1.75": [0, 0, 0]
					}
				},
				"topjaw": {
					"rotation": {
						"0.0": [0, 0, 0],
						"0.25": [0, 0, 0],
						"0.75": [0, 0, -20],
						"0.7917": [0, 0, -30],
						"0.8333": [0, 0, -20],
						"0.875": [0, 0, -22.5],
						"0.9167": [0, 0, -20],
						"0.9583": [0, 0, -30],
						"1.0": [0, 0, -20],
						"1.0417": [0, 0, -22.5],
						"1.0833": [0, 0, -20],
						"1.125": [0, 0, -30],
						"1.1667": [0, 0, -20],
						"1.2083": [0, 0, -22.5],
						"1.25": [0, 0, -20],
						"1.2917": [0, 0, -30],
						"1.3333": [0, 0, -20],
						"1.375": [0, 0, -22.5],
						"1.75": [0, 0, 0],
						"2.0": [0, 0, 0]
					}
				},
				"bottomjaw": {
					"rotation": {
						"0.0": [0, 0, 0],
						"0.25": [0, 0, 0],
						"0.75": [0, 0, 25],
						"0.7917": [0, 0, 25],
						"0.8333": [0, 0, 17.5],
						"0.875": [0, 0, 25],
						"0.9167": [0, 0, 25],
						"0.9583": [0, 0, 25],
						"1.0": [0, 0, 17.5],
						"1.0417": [0, 0, 25],
						"1.0833": [0, 0, 25],
						"1.125": [0, 0, 25],
						"1.1667": [0, 0, 17.5],
						"1.2083": [0, 0, 25],
						"1.25": [0, 0, 25],
						"1.2917": [0, 0, 25],
						"1.3333": [0, 0, 17.5],
						"1.375": [0, 0, 25],
						"1.75": [0, 0, 0],
						"2.0": [0, 0, 0]
					}
				},
				"bodyseg3": {
					"rotation": {
						"0.0": [0, 0, 0],
						"1.0": [0, 0, 2.5],
						"2.0": [0, 0, 0]
					}
				},
				"tail": {
					"rotation": {
						"0.0": [0, 0, 0],
						"1.0": [0, 0, 0]
					}
				},
				"Tailsect1": {
					"rotation": {
						"0.0": [0, 0, 0],
						"1.0": [0, 0, 5],
						"2.0": [0, 0, 0]
					}
				},
				"tailset2": {
					"rotation": {
						"0.0": [0, 0, 0],
						"1.0": [0, 0, 2.5],
						"2.0": [0, 0, 0]
					}
				},
				"tailsect3": {
					"rotation": {
						"0.0": [0, 0, 0],
						"1.0": [0, 0, 2.5],
						"2.0": [0, 0, 0]
					}
				},
				"tailsect4": {
					"rotation": {
						"0.0": [0, 0, 0],
						"1.0": [0, 0, 25],
						"2.0": [0, 0, 0]
					}
				},
				"Tailthing": {
					"rotation": {
						"0.0": [0, 0, 0],
						"1.0": [0, 0, 20],
						"2.0": [0, 0, 0]
					}
				},
				"righthand": {
					"rotation": {
						"0.0": [0, 0, 0],
						"1.0": [-2.5, 0, 0],
						"2.0": [0, 0, 0]
					}
				},
				"rhseg1": {
					"rotation": {
						"0.0": [0, 0, 0],
						"1.0": [-5, 0, 0],
						"2.0": [0, 0, 0]
					}
				},
				"rhseg2": {
					"rotation": {
						"0.0": [0, 0, 0],
						"1.0": [-5, 0, 0],
						"2.0": [0, 0, 0]
					}
				},
				"rpalm": {
					"rotation": {
						"0.0": [0, 0, 0],
						"1.0": [-2.5, 0, 0],
						"2.0": [0, 0, 0]
					}
				},
				"rfingee": {
					"rotation": {
						"0.0": [0, 0, 0],
						"1.0": [-5, 0, 0],
						"2.0": [0, 0, 0]
					}
				},
				"lhseg1": {
					"rotation": {
						"0.0": [0, 0, 0],
						"1.0": [2.5, 0, 0],
						"2.0": [0, 0, 0]
					}
				},
				"lhseg2": {
					"rotation": {
						"0.0": [0, 0, 0],
						"1.0": [5, 0, 0],
						"2.0": [0, 0, 0]
					}
				},
				"lpalm": {
					"rotation": {
						"0.0": [0, 0, 0],
						"1.0": [2.5, 0, 0],
						"2.0": [0, 0, 0]
					}
				},
				"lfingee": {
					"rotation": {
						"0.0": [0, 0, 0],
						"1.0": [5, 0, 0],
						"2.0": [0, 0, 0]
					}
				},
				"kyogre": {
					"position": [0, -9, 0]
				},
				"hands": {
					"position": [0, -12, 0]
				},
				"torso": {
					"position": [0, -12, 0]
				}
			}
		},
		"animation.kyogre.water_idle": {
			"loop": true,
			"animation_length": 6,
			"bones": {
				"topjaw": {
					"rotation": {
						"0.0": [0, 0, 0],
						"2.0": [0, 0, -2.5],
						"3.0": [0, 0, -3.75],
						"4.0": [0, 0, 0]
					}
				},
				"bottomjaw": {
					"rotation": {
						"0.0": [0, 0, 0],
						"2.0": [0, 0, 2.5],
						"4.0": [0, 0, 0]
					}
				},
				"bodyseg3": {
					"rotation": {
						"0.0": [0, 0, 2.5],
						"3.0": [0, 0, -2.5],
						"6.0": [0, 0, 2.5]
					}
				},
				"tail": {
					"rotation": {
						"0.0": [0, 0, 0],
						"6.0": [0, 0, 0]
					}
				},
				"Tailsect1": {
					"rotation": {
						"0.0": [0, 0, 2.5],
						"3.0": [0, 0, 0],
						"6.0": [0, 0, 2.5]
					}
				},
				"tailset2": {
					"rotation": {
						"0.0": [0, 0, 2.5],
						"3.0": [0, 0, -2.5],
						"6.0": [0, 0, 2.5]
					}
				},
				"tailsect3": {
					"rotation": {
						"0.0": [0, 0, 2.5],
						"3.0": [0, 0, -2.5],
						"6.0": [0, 0, 2.5]
					}
				},
				"tailsect4": {
					"rotation": {
						"0.0": [0, 0, 2.5],
						"3.0": [0, 0, -5],
						"6.0": [0, 0, 2.5]
					}
				},
				"Tailthing": {
					"rotation": {
						"0.0": [0, 0, 5],
						"3.0": [0, 0, -2.5],
						"6.0": [0, 0, 5]
					}
				},
				"righthand": {
					"rotation": {
						"0.0": [-2.5, 0, 0],
						"3.0": [2.5, 0, 0],
						"6.0": [-2.5, 0, 0]
					}
				},
				"rhseg1": {
					"rotation": {
						"0.0": [0, 0, 0],
						"3.0": [2.5, 0, 0],
						"6.0": [0, 0, 0]
					}
				},
				"rhseg2": {
					"rotation": {
						"0.0": [-2.5, 0, 0],
						"3.0": [0, 0, 0],
						"6.0": [-2.5, 0, 0]
					}
				},
				"rpalm": {
					"rotation": {
						"0.0": [-2.5, 0, 0],
						"3.0": [2.5, 0, 0],
						"6.0": [-2.5, 0, 0]
					}
				},
				"rfingee": {
					"rotation": {
						"0.0": [-7.5, 0, 0],
						"3.0": [-2.5, 0, 0],
						"6.0": [-7.5, 0, 0]
					}
				},
				"handleft": {
					"rotation": {
						"0.0": [2.5, 0, 0],
						"3.0": [-5, 0, 0],
						"6.0": [2.5, 0, 0]
					}
				},
				"lhseg2": {
					"rotation": {
						"0.0": [2.5, 0, 0],
						"6.0": [2.5, 0, 0]
					}
				},
				"lpalm": {
					"rotation": {
						"0.0": [0, 0, 0],
						"3.0": [-2.5, 0, 0],
						"6.0": [0, 0, 0]
					}
				},
				"lfingee": {
					"rotation": {
						"0.0": [15, 0, 0],
						"3.0": [2.5, 0, 0],
						"6.0": [15, 0, 0]
					}
				},
				"9ut": {
					"rotation": {
						"0.0": [0, 0, 7.5],
						"3.0": [0, 0, -10],
						"6.0": [0, 0, 7.5]
					}
				},
				"in": {
					"rotation": {
						"0.0": [0, 0, 2.5],
						"3.0": [0, 0, -5],
						"6.0": [0, 0, 2.5]
					}
				},
				"hands": {
					"position": {
						"0.0": [0, 0, 0],
						"3.0": [0, 9, 0],
						"6.0": [0, 0, 0]
					}
				},
				"torso": {
					"position": {
						"0.0": [0, 0, 0],
						"3.0": [0, 9, 0],
						"6.0": [0, 0, 0]
					}
				}
			}
		},
		"animation.kyogre.water_swim": {
			"loop": true,
			"animation_length": 6,
			"bones": {
				"kyogre": {
					"position": {
						"0.0": [0, 0, 0],
						"1.5": [0, 4, 0],
						"3.0": [0, 0, 0],
						"4.5": [0, -4, 0],
						"6.0": [0, 0, 0]
					}
				},
				"head": {
					"rotation": {
						"0.0": [0, 0, 0],
						"1.5": [0, 0, 2.5],
						"3.0": [0, 0, 0],
						"4.5": [0, 0, -2.5],
						"6.0": [0, 0, 0]
					}
				},
				"face": {
					"rotation": {
						"0.0": [0, 0, 0],
						"1.5": [0, 0, 5],
						"3.0": [0, 0, 0],
						"4.5": [0, 0, -2.5],
						"6.0": [0, 0, 0]
					}
				},
				"topjaw": {
					"rotation": {
						"0.0": [0, 0, 0],
						"2.0": [0, 0, -5],
						"3.0": [0, 0, -5],
						"4.0": [0, 0, -5],
						"6.0": [0, 0, 0]
					}
				},
				"bottomjaw": {
					"rotation": {
						"0.0": [0, 0, 0],
						"3.0": [0, 0, 12.5],
						"6.0": [0, 0, 0]
					}
				},
				"bodyseg3": {
					"rotation": {
						"0.0": [0, 0, 0],
						"1.5": [0, 0, -2.5],
						"3.0": [0, 0, 0],
						"4.5": [0, 0, 2.5],
						"6.0": [0, 0, 0]
					}
				},
				"tail": {
					"rotation": {
						"0.0": [0, 0, 0],
						"1.5": [0, 0, -7.5],
						"3.0": [0, 0, 0],
						"4.5": [0, 0, 5],
						"6.0": [0, 0, 0]
					}
				},
				"Tailsect1": {
					"rotation": {
						"0.0": [0, 0, 0],
						"1.5": [0, 0, 2.5],
						"3.0": [0, 0, 0],
						"4.5": [0, 0, -2.5],
						"6.0": [0, 0, 0]
					}
				},
				"tailset2": {
					"rotation": {
						"0.0": [0, 0, 0],
						"1.5": [0, 0, -2.5],
						"3.0": [0, 0, 0],
						"4.5": [0, 0, 2.5],
						"6.0": [0, 0, 0]
					}
				},
				"tailsect3": {
					"rotation": {
						"0.0": [0, 0, 0],
						"1.5": [0, 0, -2.5],
						"3.0": [0, 0, 0],
						"4.5": [0, 0, 2.5],
						"6.0": [0, 0, 0]
					}
				},
				"tailsect4": {
					"rotation": {
						"0.0": [0, 0, 0],
						"1.5": [0, 0, -7.5],
						"3.0": [0, 0, 0],
						"4.5": [0, 0, 5],
						"6.0": [0, 0, 0]
					}
				},
				"Tailthing": {
					"rotation": {
						"0.0": [0, 0, 0],
						"1.5": [0, 0, -2.5],
						"3.0": [0, 0, 0],
						"4.5": [0, 0, 2.5],
						"6.0": [0, 0, 0]
					}
				},
				"in": {
					"rotation": {
						"0.0": [0, 0, 0],
						"1.5": [0, 0, -15],
						"3.0": [0, 0, 0],
						"4.5": [0, 0, 10],
						"6.0": [0, 0, 0]
					}
				},
				"9ut": {
					"rotation": {
						"0.0": [0, 0, 0],
						"1.5": [0, 0, -22.5],
						"3.0": [0, 0, 0],
						"4.5": [0, 0, 7.5],
						"6.0": [0, 0, 0]
					}
				},
				"hands": {
					"position": {
						"0.0": [0, 0, 0],
						"2.0": [0, -11, 0],
						"3.0": [0, -11, 0],
						"4.0": [0, -11, 0],
						"6.0": [0, 0, 0]
					}
				},
				"righthand": {
					"rotation": {
						"0.0": [0, 0, 0],
						"2.0": [0, -27.5, 3.75],
						"4.0": [0, 0, 7.5],
						"6.0": [0, 0, 0]
					}
				},
				"rhseg1": {
					"rotation": {
						"0.0": [0, 0, 0],
						"2.0": [5, 5, 12.5],
						"3.0": [5, 5, 12.5],
						"4.0": [5, 5, 12.5],
						"6.0": [0, 0, 0]
					}
				},
				"rhseg2": {
					"rotation": {
						"0.0": [0, 0, 0],
						"2.0": [4.98414, 2.05533, 5.19821],
						"3.0": [4.98414, 2.05533, 5.19821],
						"4.0": [4.98414, 2.05533, 5.19821],
						"6.0": [0, 0, 0]
					}
				},
				"rpalm": {
					"rotation": {
						"0.0": [0, 0, 0],
						"2.0": [8.86425, 12.2653, 10.41889],
						"3.0": [8.86425, 12.2653, 10.41889],
						"4.0": [8.86425, 12.2653, 10.41889],
						"6.0": [0, 0, 0]
					}
				},
				"handleft": {
					"rotation": {
						"0.0": [0, 0, 0],
						"2.0": [0, 27.5, 3.75],
						"4.0": [0, 0, 7.5],
						"6.0": [0, 0, 0]
					}
				},
				"lhseg1": {
					"rotation": {
						"0.0": [0, 0, 0],
						"2.0": [-5.97579, -3.77865, 12.91574],
						"3.0": [-5.97579, -3.77865, 12.91574],
						"4.0": [-5.97579, -3.77865, 12.91574],
						"6.0": [0, 0, 0]
					}
				},
				"lhseg2": {
					"rotation": {
						"0.0": [0, 0, 0],
						"2.0": [-5.23116, -4.75756, 2.9359],
						"3.0": [-5.23116, -4.75756, 2.9359],
						"4.0": [-5.23116, -4.75756, 2.9359],
						"6.0": [0, 0, 0]
					}
				},
				"lpalm": {
					"rotation": {
						"0.0": [0, 0, 0],
						"2.0": [-8.8643, -12.2653, 10.4189],
						"3.0": [-8.8643, -12.2653, 10.4189],
						"4.0": [-8.8643, -12.2653, 10.4189],
						"6.0": [0, 0, 0]
					}
				}
			}
		},
		"animation.kyogre.ground_walk": {
			"loop": true,
			"animation_length": 6,
			"bones": {
				"kyogre": {
					"position": {
						"0.0": [0, 0, 0],
						"1.5": [0, 4, 0],
						"3.0": [0, 0, 0],
						"4.5": [0, -4, 0],
						"6.0": [0, 0, 0]
					}
				},
				"head": {
					"rotation": {
						"0.0": [0, 0, 0],
						"1.5": [0, 0, 2.5],
						"3.0": [0, 0, 0],
						"4.5": [0, 0, -2.5],
						"6.0": [0, 0, 0]
					}
				},
				"face": {
					"rotation": {
						"0.0": [0, 0, 0],
						"1.5": [0, 0, 5],
						"3.0": [0, 0, 0],
						"4.5": [0, 0, -2.5],
						"6.0": [0, 0, 0]
					}
				},
				"topjaw": {
					"rotation": {
						"0.0": [0, 0, 0],
						"2.0": [0, 0, -5],
						"3.0": [0, 0, -5],
						"4.0": [0, 0, -5],
						"6.0": [0, 0, 0]
					}
				},
				"bottomjaw": {
					"rotation": {
						"0.0": [0, 0, 0],
						"3.0": [0, 0, 12.5],
						"6.0": [0, 0, 0]
					}
				},
				"bodyseg3": {
					"rotation": [0, 0, -2.5]
				},
				"tail": {
					"rotation": [0, 0, 0]
				},
				"Tailsect1": {
					"rotation": [0, 0, -2.5]
				},
				"tailset2": {
					"rotation": [0, 0, -10],
					"position": [0, 10, 0]
				},
				"tailsect3": {
					"rotation": [0, 0, 0]
				},
				"tailsect4": {
					"rotation": [0, 0, 15]
				},
				"Tailthing": {
					"rotation": [0, 0, 5]
				},
				"in": {
					"rotation": [0, 0, 7.5]
				},
				"9ut": {
					"rotation": [0, 0, 12.5],
					"position": [0, 0, 0]
				},
				"hands": {
					"position": {
						"0.0": [0, -16, 0],
						"2.0": [0, -11, 0],
						"3.0": [0, -11, 0],
						"4.0": [0, -11, 0],
						"6.0": [0, -16, 0]
					}
				},
				"righthand": {
					"rotation": {
						"0.0": [0, -27.5, 3.75],
						"1.2": [0, 0, 7.5],
						"2.4": [0, -27.5, 3.75],
						"4.8": [0, 0, 7.5],
						"6.0": [0, -27.5, 3.75]
					}
				},
				"rhseg1": {
					"rotation": {
						"0.0": [5, 5, 12.5],
						"1.2": [5, 5, 12.5],
						"2.4": [5, 5, 12.5],
						"3.6": [5, 5, 12.5],
						"4.8": [5, 5, 12.5],
						"6.0": [5, 5, 12.5]
					}
				},
				"rhseg2": {
					"rotation": {
						"0.0": [4.98414, 2.05533, 5.19821],
						"1.2": [4.98414, 2.05533, 5.19821],
						"2.4": [4.98414, 2.05533, 5.19821],
						"3.6": [4.98414, 2.05533, 5.19821],
						"4.8": [4.98414, 2.05533, 5.19821],
						"6.0": [4.98414, 2.05533, 5.19821]
					}
				},
				"rpalm": {
					"rotation": {
						"0.0": [8.86425, 12.2653, 10.41889],
						"1.2": [8.86425, 12.2653, 10.41889],
						"2.4": [8.86425, 12.2653, 10.41889],
						"3.6": [8.86425, 12.2653, 10.41889],
						"4.8": [8.86425, 12.2653, 10.41889],
						"6.0": [8.86425, 12.2653, 10.41889]
					}
				},
				"handleft": {
					"rotation": {
						"0.0": [0, 27.5, 3.75],
						"1.2": [0, 0, 7.5],
						"2.4": [0, 27.5, 3.75],
						"4.8": [0, 0, 7.5],
						"6.0": [0, 27.5, 3.75]
					}
				},
				"lhseg1": {
					"rotation": {
						"0.0": [-5.97579, -3.77865, 12.91574],
						"1.2": [-5.97579, -3.77865, 12.91574],
						"2.4": [-5.97579, -3.77865, 12.91574],
						"3.6": [-5.97579, -3.77865, 12.91574],
						"4.8": [-5.97579, -3.77865, 12.91574],
						"6.0": [-5.97579, -3.77865, 12.91574]
					}
				},
				"lhseg2": {
					"rotation": {
						"0.0": [-5.23116, -4.75756, 2.9359],
						"1.2": [-5.23116, -4.75756, 2.9359],
						"2.4": [-5.23116, -4.75756, 2.9359],
						"3.6": [-5.23116, -4.75756, 2.9359],
						"4.8": [-5.23116, -4.75756, 2.9359],
						"6.0": [-5.23116, -4.75756, 2.9359]
					}
				},
				"lpalm": {
					"rotation": {
						"0.0": [-8.8643, -12.2653, 10.4189],
						"1.2": [-8.8643, -12.2653, 10.4189],
						"2.4": [-8.8643, -12.2653, 10.4189],
						"3.6": [-8.8643, -12.2653, 10.4189],
						"4.8": [-8.8643, -12.2653, 10.4189],
						"6.0": [-8.8643, -12.2653, 10.4189]
					}
				},
				"torso": {
					"position": {
						"0.0": [0, 0, 0],
						"6.0": [0, 0, 0]
					}
				}
			}
		},
		"animation.kyogre.ground_idle": {
			"loop": true,
			"animation_length": 5.5,
			"bones": {
				"torso": {
					"position": {
						"0.0": [0, 0, 0],
						"2.75": [0, 7, 0],
						"5.5": [0, 0, 0]
					}
				},
				"topjaw": {
					"rotation": {
						"0.0": [0, 0, 0],
						"2.75": [0, 0, -7.5],
						"5.5": [0, 0, 0]
					}
				},
				"bottomjaw": {
					"rotation": {
						"0.0": [0, 0, 0],
						"2.75": [0, 0, 5],
						"5.5": [0, 0, 0]
					}
				},
				"bodyseg3": {
					"rotation": {
						"0.0": [0, 0, -2.5],
						"1.5": [0, 0, -5],
						"2.75": [0, 0, -5],
						"5.5": [0, 0, -2.5]
					}
				},
				"Tailsect1": {
					"rotation": {
						"0.0": [0, 0, -2.5],
						"1.5": [0, 0, -5],
						"2.75": [0, 0, -5],
						"5.5": [0, 0, -2.5]
					}
				},
				"tailset2": {
					"rotation": {
						"0.0": [0, 0, -10],
						"1.5": [0, 0, -5],
						"2.75": [0, 0, -5],
						"5.5": [0, 0, -7.5]
					},
					"position": [0, 10, 0]
				},
				"tailsect3": {
					"rotation": {
						"0.0": [0, 0, 0],
						"1.5": [0, 0, 0],
						"2.3333": [0, 0, -2.5],
						"2.75": [0, 0, 0],
						"5.5": [0, 0, 0]
					}
				},
				"tailsect4": {
					"rotation": {
						"0.0": [0, 0, 15],
						"5.5": [0, 0, 15]
					}
				},
				"Tailthing": {
					"rotation": {
						"0.0": [0, 0, 5],
						"1.6667": [0, 0, 7.5],
						"2.3333": [0, 0, 8.45],
						"2.75": [0, 0, 5],
						"5.5": [0, 0, 5]
					}
				},
				"in": {
					"rotation": {
						"0.0": [0, 0, 7.5],
						"1.6667": [0, 0, 11.52],
						"2.75": [0, 0, 10],
						"5.5": [0, 0, 7.5]
					}
				},
				"9ut": {
					"rotation": {
						"0.0": [0, 0, 12.5],
						"1.6667": [0, 0, 15.53],
						"2.75": [0, 0, 17.5],
						"5.5": [0, 0, 12.5]
					},
					"position": {
						"0.0": [0, 0, 0],
						"1.6667": [7, 1, 0],
						"5.5": [0, 0, 0]
					}
				},
				"righthand": {
					"rotation": {
						"0.0": [5, 0, 0],
						"2.75": [7.5, 0, 0],
						"5.5": [5, 0, 0]
					}
				},
				"rhseg1": {
					"rotation": {
						"0.0": [2.5, 0, 0],
						"2.75": [5, 0, 0],
						"5.5": [2.5, 0, 0]
					}
				},
				"rhseg2": {
					"rotation": {
						"0.0": [2.5, 0, 0],
						"2.75": [5, 0, 0],
						"5.5": [2.5, 0, 0]
					}
				},
				"rpalm": {
					"rotation": {
						"0.0": [-2.5, 0, 0],
						"2.75": [-7.5, 0, 0],
						"5.5": [-2.5, 0, 0]
					}
				},
				"rfingee": {
					"rotation": {
						"0.0": [2.5, 0, 0],
						"2.75": [-5, 0, 0],
						"5.5": [2.5, 0, 0]
					}
				},
				"handleft": {
					"rotation": {
						"0.0": [-5, 0, 0],
						"2.75": [-7.5, 0, 0],
						"5.5": [-5, 0, 0]
					}
				},
				"lhseg1": {
					"rotation": {
						"0.0": [-2.5, 0, 0],
						"2.75": [-5, 0, 0],
						"5.5": [-2.5, 0, 0]
					}
				},
				"lhseg2": {
					"rotation": {
						"0.0": [-2.5, 0, 0],
						"2.75": [-5, 0, 0],
						"5.5": [-2.5, 0, 0]
					}
				},
				"lpalm": {
					"rotation": {
						"0.0": [2.5, 0, 0],
						"2.75": [7.5, 0, 0],
						"5.5": [2.5, 0, 0]
					}
				},
				"lfingee": {
					"rotation": {
						"0.0": [-2.5, 0, 0],
						"2.75": [5, 0, 0],
						"5.5": [-2.5, 0, 0]
					}
				},
				"hands": {
					"position": [0, -20, 0]
				},
				"bodyseg2": {
					"position": [0, -4, 0]
				},
				"tail": {
					"rotation": {
						"0.0": [0, 0, 0],
						"2.3333": [0, 0, -2.5]
					}
				}
			}
		},
		"animation.kyogre.faint": {
			"animation_length": 4,
			"bones": {
				"head": {
					"rotation": {
						"0.0": [0, 0, 0],
						"0.75": [0, 0, -5],
						"1.25": [0, 0, 2.5]
					}
				},
				"face": {
					"rotation": {
						"0.0": [0, 0, 0],
						"0.75": [0, 0, -5],
						"1.25": [0, 0, 7.5]
					}
				},
				"topjaw": {
					"rotation": {
						"0.0": [0, 0, 0],
						"0.6667": [0, 0, -10.54],
						"0.9583": [0, 0, -19.17],
						"1.25": [0, 0, -15],
						"2.0": [0, 0, 0]
					}
				},
				"bottomjaw": {
					"rotation": {
						"0.0": [0, 0, 0],
						"0.6667": [0, 0, 26.9],
						"0.9583": [0, 0, 21.39],
						"1.25": [0, 0, 20],
						"2.0": [0, 0, 0]
					}
				},
				"rightlid": {
					"position": {
						"0.0": [0, 0, 0],
						"0.75": [0, 0, 0],
						"2.0": [0, -20, -1]
					},
					"scale": {
						"0.0": [1, 1, 1],
						"0.75": [1, 1, 1],
						"2.0": [1, 5.3, 1]
					}
				},
				"leftlid": {
					"position": {
						"0.0": [0, 0, 0],
						"0.75": [0, 0, 0],
						"2.0": [0, -99, 1]
					},
					"scale": {
						"0.0": [1, 1, 1],
						"0.75": [1, 1, 1],
						"2.0": [1, 4.2, 1]
					}
				},
				"righthand": {
					"rotation": {
						"0.0": [0, 0, 0],
						"2.0": [12.5, 0, 0]
					}
				},
				"rhseg1": {
					"rotation": {
						"0.0": [0, 0, 0],
						"0.75": [-5, 0, 0]
					}
				},
				"rhseg2": {
					"rotation": {
						"0.0": [0, 0, 0],
						"0.75": [-2.5, 0, 0]
					}
				},
				"rpalm": {
					"rotation": {
						"0.0": [0, 0, 0],
						"0.75": [-2.5, 0, 0]
					}
				},
				"handleft": {
					"rotation": {
						"0.0": [0, 0, 0],
						"0.75": [5, 0, 0],
						"2.0": [-7.5, 0, 0]
					}
				},
				"lhseg1": {
					"rotation": {
						"0.0": [0, 0, 0],
						"0.75": [-2.5, 0, 0]
					}
				},
				"lhseg2": {
					"rotation": {
						"0.0": [0, 0, 0],
						"0.75": [5, 0, 0]
					}
				},
				"lpalm": {
					"rotation": {
						"0.0": [0, 0, 0],
						"0.75": [2.5, 0, 0]
					}
				},
				"tail": {
					"rotation": {
						"0.0": [0, 0, 0],
						"0.75": [0, 0, 2.5],
						"2.0": [0, 0, -7.5]
					}
				},
				"Tailsect1": {
					"rotation": {
						"0.0": [0, 0, 0],
						"0.75": [0, 0, 2.5]
					}
				},
				"tailset2": {
					"rotation": {
						"0.0": [0, 0, 0],
						"2.0": [0, 0, -2.5]
					}
				},
				"tailsect3": {
					"rotation": {
						"0.0": [0, 0, 0],
						"0.75": [0, 0, 2.5],
						"2.0": [0, 0, 0]
					}
				},
				"tailsect4": {
					"rotation": {
						"0.0": [0, 0, 0],
						"0.75": [0, 0, 2.5]
					}
				},
				"Tailthing": {
					"rotation": {
						"0.0": [0, 0, 0],
						"0.75": [0, 0, 5],
						"2.0": [0, 0, 7.5]
					}
				},
				"hands": {
					"position": {
						"0.0": [0, 0, 0],
						"2.0": [0, -14, 0]
					}
				},
				"torso": {
					"position": {
						"0.0": [0, 0, 0],
						"2.0": [0, 0, 0]
					}
				},
				"kyogre": {
					"position": {
						"0.0": [0, 0, 0],
						"0.5": [0, -22, 0]
					}
				}
			}
		},
		"animation.kyogre.blink": {
			"loop": true,
			"animation_length": 8,
			"bones": {
				"rightlid": {
					"position": {
						"0.0": [0, 0, 0],
						"0.0833": [0, -16, -1],
						"0.1667": [0, 0, 0]
					},
					"scale": {
						"0.0": [1, 1, 1],
						"0.0833": [1, 4.1, 1],
						"0.1667": [1, 1, 1]
					}
				},
				"leftlid": {
					"position": {
						"0.0": [0, 1, 0],
						"0.0833": [0, -96.5, 1],
						"0.1667": [0, 0, 0]
					},
					"scale": {
						"0.0": [1, 1, 1],
						"0.0833": [1, 4.1, 1],
						"0.1667": [1, 1, 1]
					}
				}
			}
		},
		"animation.kyogre.cry": {
			"animation_length": 2,
			"bones": {
				"head": {
					"rotation": {
						"0.0": [0, 0, 0],
						"1.0": [0, 0, -10],
						"2.0": [0, 0, 0]
					}
				},
				"face": {
					"rotation": {
						"0.0": [0, 0, 0],
						"1.0": [0, 0, -12.5],
						"2.0": [0, 0, 0]
					}
				},
				"topjaw": {
					"rotation": {
						"0.0": [0, 0, 0],
						"1.0": [0, 0, -15],
						"1.0417": [0, 0, -10],
						"1.0833": [0, 0, -15],
						"2.0": [0, 0, 0]
					}
				},
				"bottomjaw": {
					"rotation": {
						"0.0": [0, 0, 0],
						"1.0": [0.67273, 0.80384, 36.05506],
						"1.0417": [0.74023, 0.74215, 41.05513],
						"1.0833": [0.67273, 0.80384, 36.05506],
						"2.0": [0, 0, 0]
					}
				}
			}
		},
		"animation.kyogre.quirk_ground_idle": {
			"animation_length": 11,
			"bones": {
				"head": {
					"rotation": {
						"0.0": [0, 0, 0],
						"1.0": [0, 0, -10],
						"2.0": [0, 0, 0]
					}
				},
				"face": {
					"rotation": {
						"0.0": [0, 0, 0],
						"1.0": [0, 0, -12.5],
						"2.0": [0, 0, 0]
					}
				},
				"topjaw": {
					"rotation": {
						"0.0": [0, 0, 0],
						"1.0": [0, 0, -15],
						"1.0417": [0, 0, -10],
						"1.0833": [0, 0, -15],
						"2.0": [0, 0, 0]
					}
				},
				"bottomjaw": {
					"rotation": {
						"0.0": [0, 0, 0],
						"1.0": [0.67273, 0.80384, 36.05506],
						"1.0417": [0.74023, 0.74215, 41.05513],
						"1.0833": [0.67273, 0.80384, 36.05506],
						"2.0": [0, 0, 0]
					}
				}
			}
		}
	}
}