{"elements":[{"from":[5.714286,5.714286,4.5714283],"to":[10.285714,10.285714,8.0],"rotation":{"angle":0.0,"axis":"y","origin":[8.0,-3.4285717,12.571428]},"faces":{"east":{"uv":[0.0,3.0,1.5,7.0],"rotation":0,"texture":"#0","tintindex":0},"south":{"uv":[5.0,3.0,7.0,7.0],"rotation":0,"texture":"#0","tintindex":0},"north":{"uv":[1.5,3.0,3.5,7.0],"rotation":0,"texture":"#0","tintindex":0},"west":{"uv":[3.5,3.0,5.0,7.0],"rotation":0,"texture":"#0","tintindex":0},"up":{"uv":[3.5,3.0,1.5,0.0],"rotation":0,"texture":"#0","tintindex":0},"down":{"uv":[5.5,0.0,3.5,3.0],"rotation":0,"texture":"#0","tintindex":0}}},{"from":[5.142857,9.142858,5.714286],"to":[5.714286,10.857143,6.285714],"rotation":{"angle":0.0,"axis":"y","origin":[8.0,-3.4285717,12.571428]},"faces":{"east":{"uv":[5.5,0.5,5.75,2.0],"rotation":0,"texture":"#0","tintindex":0},"south":{"uv":[6.25,0.5,6.5,2.0],"rotation":0,"texture":"#0","tintindex":0},"north":{"uv":[5.75,0.5,6.0,2.0],"rotation":0,"texture":"#0","tintindex":0},"west":{"uv":[6.0,0.5,6.25,2.0],"rotation":0,"texture":"#0","tintindex":0},"up":{"uv":[6.0,0.5,5.75,0.0],"rotation":0,"texture":"#0","tintindex":0},"down":{"uv":[6.25,0.0,6.0,0.5],"rotation":0,"texture":"#0","tintindex":0}}},{"from":[10.285714,9.142858,5.714286],"to":[10.857143,10.857143,6.285714],"rotation":{"angle":0.0,"axis":"y","origin":[8.0,-3.4285717,12.571428]},"faces":{"east":{"uv":[5.5,0.5,5.75,2.0],"rotation":0,"texture":"#0","tintindex":0},"south":{"uv":[6.25,0.5,6.5,2.0],"rotation":0,"texture":"#0","tintindex":0},"north":{"uv":[5.75,0.5,6.0,2.0],"rotation":0,"texture":"#0","tintindex":0},"west":{"uv":[6.0,0.5,6.25,2.0],"rotation":0,"texture":"#0","tintindex":0},"up":{"uv":[6.0,0.5,5.75,0.0],"rotation":0,"texture":"#0","tintindex":0},"down":{"uv":[6.25,0.0,6.0,0.5],"rotation":0,"texture":"#0","tintindex":0}}}],"textures":{"0":"modelengine:entity/cow"},"display":{"head":{"translation":[0.0,-6.4,0.0],"scale":[4.0,4.0,4.0]}}}