{"elements":[{"from":[6.857143,1.1428566,6.857143],"to":[9.142858,8.0,9.142858],"rotation":{"angle":0.0,"axis":"y","origin":[10.285714,1.1428566,4.0]},"faces":{"east":{"uv":[0.0,10.0,1.0,16.0],"rotation":0,"texture":"#0","tintindex":0},"south":{"uv":[3.0,10.0,4.0,16.0],"rotation":0,"texture":"#0","tintindex":0},"north":{"uv":[1.0,10.0,2.0,16.0],"rotation":0,"texture":"#0","tintindex":0},"west":{"uv":[2.0,10.0,3.0,16.0],"rotation":0,"texture":"#0","tintindex":0},"up":{"uv":[2.0,10.0,1.0,8.0],"rotation":0,"texture":"#0","tintindex":0},"down":{"uv":[3.0,8.0,2.0,10.0],"rotation":0,"texture":"#0","tintindex":0}}}],"textures":{"0":"modelengine:entity/cow"},"display":{"head":{"translation":[0.0,-6.4,0.0],"scale":[4.0,4.0,4.0]}}}