{"elements":[{"from":[2.8571424,8.0,2.8571424],"to":[13.142858,8.0,13.142858],"rotation":{"angle":0.0,"axis":"y","origin":[8.0,8.0,7.428571]},"faces":{"east":{"uv":[0.0,0.0,18.0,0.0],"rotation":0,"texture":"#missing","tintindex":0},"south":{"uv":[0.0,0.0,18.0,0.0],"rotation":0,"texture":"#missing","tintindex":0},"north":{"uv":[0.0,0.0,18.0,0.0],"rotation":0,"texture":"#missing","tintindex":0},"west":{"uv":[0.0,0.0,18.0,0.0],"rotation":0,"texture":"#missing","tintindex":0},"up":{"uv":[0.0,0.0,18.0,18.0],"rotation":0,"texture":"#missing","tintindex":0},"down":{"uv":[0.0,0.0,18.0,18.0],"rotation":0,"texture":"#missing","tintindex":0}}}],"textures":{},"display":{"head":{"translation":[0.0,-6.4,0.0],"scale":[4.0,4.0,4.0]}}}