{"elements":[{"from":[7.5714283,6.428571,7.857143],"to":[8.428572,8.428572,8.714286],"rotation":{"angle":0.0,"axis":"y","origin":[7.714286,8.285714,8.571428]},"faces":{"east":{"uv":[9.5,14.0,9.0,15.5],"rotation":0,"texture":"#0","tintindex":0},"south":{"uv":[9.0,14.0,8.5,15.5],"rotation":0,"texture":"#0","tintindex":0},"north":{"uv":[7.5,11.5,7.0,13.0],"rotation":0,"texture":"#0","tintindex":0},"west":{"uv":[8.5,14.0,8.0,15.5],"rotation":0,"texture":"#0","tintindex":0},"up":{"uv":[11.5,14.5,12.0,14.0],"rotation":0,"texture":"#0","tintindex":0},"down":{"uv":[14.0,11.5,14.5,12.0],"rotation":0,"texture":"#0","tintindex":0}}},{"from":[8.571428,8.571428,8.857143],"to":[7.428571,6.285714,7.714286],"rotation":{"angle":0.0,"axis":"y","origin":[7.714286,8.285714,8.571428]},"faces":{"east":{"uv":[16.0,15.5,15.5,16.0],"rotation":0,"texture":"#0","tintindex":0},"south":{"uv":[16.0,15.5,15.5,16.0],"rotation":0,"texture":"#0","tintindex":0},"north":{"uv":[16.0,15.5,15.5,16.0],"rotation":0,"texture":"#0","tintindex":0},"west":{"uv":[16.0,15.5,15.5,16.0],"rotation":0,"texture":"#0","tintindex":0},"up":{"uv":[16.0,15.5,15.5,16.0],"rotation":0,"texture":"#0","tintindex":0},"down":{"uv":[16.0,15.5,15.5,16.0],"rotation":0,"texture":"#0","tintindex":0}}}],"textures":{"0":"modelengine:entity/baboon_chick"},"display":{"head":{"translation":[0.0,-6.4,0.0],"scale":[4.0,4.0,4.0]}}}