{"elements":[{"from":[7.714286,6.857143,7.428571],"to":[8.285714,8.0,9.142858],"rotation":{"angle":0.0,"axis":"y","origin":[5.428571,12.0,7.142857]},"faces":{"east":{"uv":[8.0,13.0,9.5,14.0],"rotation":0,"texture":"#0","tintindex":0},"south":{"uv":[10.5,14.0,11.0,15.0],"rotation":0,"texture":"#0","tintindex":0},"north":{"uv":[14.0,8.0,14.5,9.0],"rotation":0,"texture":"#0","tintindex":0},"west":{"uv":[13.0,9.0,14.5,10.0],"rotation":0,"texture":"#0","tintindex":0},"up":{"uv":[10.0,15.5,9.5,14.0],"rotation":0,"texture":"#0","tintindex":0},"down":{"uv":[10.5,14.0,10.0,15.5],"rotation":0,"texture":"#0","tintindex":0}}},{"from":[8.428572,8.142858,9.285714],"to":[7.5714283,6.714286,7.285714],"rotation":{"angle":0.0,"axis":"y","origin":[5.428571,12.0,7.142857]},"faces":{"east":{"uv":[15.5,15.5,16.0,16.0],"rotation":0,"texture":"#0","tintindex":0},"south":{"uv":[15.5,15.5,16.0,16.0],"rotation":0,"texture":"#0","tintindex":0},"north":{"uv":[15.5,15.5,16.0,16.0],"rotation":0,"texture":"#0","tintindex":0},"west":{"uv":[15.5,15.5,16.0,16.0],"rotation":0,"texture":"#0","tintindex":0},"up":{"uv":[15.5,15.5,16.0,16.0],"rotation":0,"texture":"#0","tintindex":0},"down":{"uv":[15.5,15.5,16.0,16.0],"rotation":0,"texture":"#0","tintindex":0}}}],"textures":{"0":"modelengine:entity/baboon_chick"},"display":{"head":{"translation":[0.0,-6.4,0.0],"scale":[4.0,4.0,4.0]}}}