{"elements":[{"from":[7.142857,6.857143,5.714286],"to":[8.857143,9.142858,8.0],"rotation":{"angle":0.0,"axis":"y","origin":[7.714286,5.714286,9.142858]},"faces":{"east":{"uv":[8.0,0.0,10.0,2.0],"rotation":0,"texture":"#0","tintindex":0},"south":{"uv":[10.0,0.0,11.5,2.0],"rotation":0,"texture":"#0","tintindex":0},"north":{"uv":[2.0,9.5,3.5,11.5],"rotation":0,"texture":"#0","tintindex":0},"west":{"uv":[8.0,2.0,10.0,4.0],"rotation":0,"texture":"#0","tintindex":0},"up":{"uv":[11.5,4.0,10.0,2.0],"rotation":0,"texture":"#0","tintindex":0},"down":{"uv":[11.5,7.0,10.0,9.0],"rotation":0,"texture":"#0","tintindex":0}}},{"from":[6.5714283,7.142857,6.0],"to":[7.714286,8.857143,7.714286],"rotation":{"angle":0.0,"axis":"y","origin":[7.714286,5.714286,9.142858]},"faces":{"east":{"uv":[4.5,11.0,6.0,12.5],"rotation":0,"texture":"#0","tintindex":0},"south":{"uv":[12.0,11.0,13.0,12.5],"rotation":0,"texture":"#0","tintindex":0},"north":{"uv":[12.0,9.5,13.0,11.0],"rotation":0,"texture":"#0","tintindex":0},"west":{"uv":[6.0,11.0,7.5,12.5],"rotation":0,"texture":"#0","tintindex":0},"up":{"uv":[13.5,1.5,12.5,0.0],"rotation":0,"texture":"#0","tintindex":0},"down":{"uv":[13.5,1.5,12.5,3.0],"rotation":0,"texture":"#0","tintindex":0}}},{"from":[7.714286,9.142858,5.714286],"to":[8.285714,10.857143,8.0],"rotation":{"angle":0.0,"axis":"y","origin":[7.714286,5.714286,9.142858]},"faces":{"east":{"uv":[8.0,4.0,10.0,5.5],"rotation":0,"texture":"#0","tintindex":0},"south":{"uv":[10.5,13.0,11.0,14.5],"rotation":0,"texture":"#0","tintindex":0},"north":{"uv":[9.5,7.0,10.0,8.5],"rotation":0,"texture":"#0","tintindex":0},"west":{"uv":[9.5,5.5,11.5,7.0],"rotation":0,"texture":"#0","tintindex":0},"up":{"uv":[3.5,13.5,3.0,11.5],"rotation":0,"texture":"#0","tintindex":0},"down":{"uv":[11.5,12.5,11.0,14.5],"rotation":0,"texture":"#0","tintindex":0}}},{"from":[8.285714,7.142857,6.0],"to":[9.428572,8.857143,7.714286],"rotation":{"angle":0.0,"axis":"y","origin":[8.285714,5.714286,9.142858]},"faces":{"east":{"uv":[7.5,11.0,6.0,12.5],"rotation":0,"texture":"#0","tintindex":0},"south":{"uv":[13.0,11.0,12.0,12.5],"rotation":0,"texture":"#0","tintindex":0},"north":{"uv":[13.0,9.5,12.0,11.0],"rotation":0,"texture":"#0","tintindex":0},"west":{"uv":[6.0,11.0,4.5,12.5],"rotation":0,"texture":"#0","tintindex":0},"up":{"uv":[12.5,1.5,13.5,0.0],"rotation":0,"texture":"#0","tintindex":0},"down":{"uv":[12.5,1.5,13.5,3.0],"rotation":0,"texture":"#0","tintindex":0}}},{"from":[7.142857,6.857143,5.142857],"to":[8.857143,8.0,5.714286],"rotation":{"angle":0.0,"axis":"y","origin":[7.714286,5.714286,9.142858]},"faces":{"east":{"uv":[7.5,11.0,8.0,12.0],"rotation":0,"texture":"#0","tintindex":0},"south":{"uv":[12.0,8.5,13.5,9.5],"rotation":0,"texture":"#0","tintindex":0},"north":{"uv":[8.5,12.0,10.0,13.0],"rotation":0,"texture":"#0","tintindex":0},"west":{"uv":[0.0,13.5,0.5,14.5],"rotation":0,"texture":"#0","tintindex":0},"up":{"uv":[9.5,6.0,8.0,5.5],"rotation":0,"texture":"#0","tintindex":0},"down":{"uv":[14.5,5.0,13.0,5.5],"rotation":0,"texture":"#0","tintindex":0}}}],"textures":{"0":"modelengine:entity/chameleon_invisible"},"display":{"head":{"translation":[0.0,-6.4,0.0],"scale":[4.0,4.0,4.0]}}}