{"elements":[{"from":[7.428571,7.428571,7.885714],"to":[8.571428,8.571428,7.885714],"rotation":{"angle":0.0,"axis":"y","origin":[6.5714283,-2.5714293,9.714286]},"faces":{"east":{"uv":[5.0,6.0,8.0,9.5],"rotation":0,"texture":"#0","tintindex":0},"south":{"uv":[15.5,2.5,14.5,3.5],"rotation":0,"texture":"#0","tintindex":0},"north":{"uv":[14.5,2.5,15.5,3.5],"rotation":0,"texture":"#0","tintindex":0},"west":{"uv":[0.0,7.0,3.0,10.5],"rotation":0,"texture":"#0","tintindex":0},"up":{"uv":[10.0,3.0,5.0,0.0],"rotation":0,"texture":"#0","tintindex":0},"down":{"uv":[10.0,3.0,5.0,6.0],"rotation":0,"texture":"#0","tintindex":0}}},{"from":[7.142857,7.142857,7.9428573],"to":[8.857143,8.857143,7.9428573],"rotation":{"angle":0.0,"axis":"y","origin":[6.5714283,-2.5714293,9.714286]},"faces":{"east":{"uv":[5.0,6.0,8.0,9.5],"rotation":0,"texture":"#0","tintindex":0},"south":{"uv":[14.5,0.0,16.0,1.5],"rotation":0,"texture":"#0","tintindex":0},"north":{"uv":[16.0,0.0,14.5,1.5],"rotation":0,"texture":"#0","tintindex":0},"west":{"uv":[0.0,7.0,3.0,10.5],"rotation":0,"texture":"#0","tintindex":0},"up":{"uv":[10.0,3.0,5.0,0.0],"rotation":0,"texture":"#0","tintindex":0},"down":{"uv":[10.0,3.0,5.0,6.0],"rotation":0,"texture":"#0","tintindex":0}}}],"textures":{"0":"modelengine:entity/baby_giant"},"display":{"head":{"translation":[0.0,-6.4,0.0],"scale":[4.0,4.0,4.0]}}}