{"elements":[{"from":[6.857143,5.142857,7.142857],"to":[8.571428,8.0,8.857143],"rotation":{"angle":0.0,"axis":"y","origin":[6.5714283,1.7142854,8.0]},"faces":{"east":{"uv":[9.5,11.5,11.0,14.0],"rotation":0,"texture":"#0","tintindex":0},"south":{"uv":[11.0,11.5,12.5,14.0],"rotation":0,"texture":"#0","tintindex":0},"north":{"uv":[5.0,11.5,6.5,14.0],"rotation":0,"texture":"#0","tintindex":0},"west":{"uv":[2.0,12.0,3.5,14.5],"rotation":0,"texture":"#0","tintindex":0},"up":{"uv":[14.0,1.5,12.5,0.0],"rotation":0,"texture":"#0","tintindex":0},"down":{"uv":[14.0,7.0,12.5,8.5],"rotation":0,"texture":"#0","tintindex":0}}},{"from":[8.714286,8.142858,9.0],"to":[6.714286,5.0,7.0],"rotation":{"angle":0.0,"axis":"y","origin":[6.5714283,1.7142854,8.0]},"faces":{"east":{"uv":[15.5,15.5,16.0,16.0],"rotation":0,"texture":"#0","tintindex":0},"south":{"uv":[15.5,15.5,16.0,16.0],"rotation":0,"texture":"#0","tintindex":0},"north":{"uv":[15.5,15.5,16.0,16.0],"rotation":0,"texture":"#0","tintindex":0},"west":{"uv":[15.5,15.5,16.0,16.0],"rotation":0,"texture":"#0","tintindex":0},"up":{"uv":[15.5,15.5,16.0,16.0],"rotation":0,"texture":"#0","tintindex":0},"down":{"uv":[15.5,15.5,16.0,16.0],"rotation":0,"texture":"#0","tintindex":0}}}],"textures":{"0":"modelengine:entity/baby_giant"},"display":{"head":{"translation":[0.0,-6.4,0.0],"scale":[4.0,4.0,4.0]}}}