{
	"credit": "Made with Blockbench",
	"texture_size": [128, 128],
	"textures": {
		"2": "modelengine:entity/oog_fx",
		"3": "modelengine:entity/oog_mace_charged"
	},
	"elements": [
		{
			"from": [6.69542, -1.92749, 7.20498],
			"to": [8.69542, 15.07251, 9.20498],
			"rotation": {"angle": 45, "axis": "y", "origin": [7.74238, 10.34319, 7.80446]},
			"faces": {
				"north": {"uv": [3.75, 6, 3.25, 10.25], "rotation": 180, "texture": "#3"},
				"east": {"uv": [2.75, 5.5, 7, 6], "rotation": 270, "texture": "#3"},
				"south": {"uv": [3.25, 10.25, 2.75, 6], "texture": "#3"},
				"west": {"uv": [5.5, 2.75, 9.75, 3.25], "rotation": 90, "texture": "#3"},
				"up": {"uv": [5.25, 8, 5.75, 8.5], "rotation": 180, "texture": "#3"},
				"down": {"uv": [5.75, 8, 6.25, 8.5], "texture": "#3"}
			}
		},
		{
			"from": [5.69542, 15.07251, 6.20498],
			"to": [9.69542, 16.57251, 10.20498],
			"rotation": {"angle": 45, "axis": "y", "origin": [7.74238, 10.34319, 7.80446]},
			"faces": {
				"north": {"uv": [8.875, 4.625, 7.875, 5], "rotation": 180, "texture": "#3"},
				"east": {"uv": [3.75, 7.875, 4.125, 8.875], "rotation": 270, "texture": "#3"},
				"south": {"uv": [8.875, 4.625, 7.875, 4.25], "texture": "#3"},
				"west": {"uv": [4.125, 7.875, 4.5, 8.875], "rotation": 90, "texture": "#3"},
				"up": {"uv": [5.25, 7, 6.25, 8], "rotation": 180, "texture": "#3"},
				"down": {"uv": [6.25, 7, 7.25, 8], "texture": "#3"}
			}
		},
		{
			"from": [2.49238, 16.57251, 2.62088],
			"to": [13.49238, 27.57251, 13.62088],
			"rotation": {"angle": 0, "axis": "y", "origin": [7.74238, 10.34319, 7.80446]},
			"faces": {
				"north": {"uv": [8.25, 0, 5.5, 2.75], "rotation": 180, "texture": "#3"},
				"east": {"uv": [0, 2.75, 2.75, 5.5], "rotation": 270, "texture": "#3"},
				"south": {"uv": [2.75, 8.25, 0, 5.5], "texture": "#3"},
				"west": {"uv": [2.75, 2.75, 5.5, 5.5], "rotation": 90, "texture": "#3"},
				"up": {"uv": [0, 0, 2.75, 2.75], "rotation": 180, "texture": "#3"},
				"down": {"uv": [2.75, 0, 5.5, 2.75], "texture": "#3"}
			}
		},
		{
			"from": [1.70913, 16.54018, 6.44047],
			"to": [1.70913, 18.04018, 18.44047],
			"rotation": {"angle": -22.5, "axis": "x", "origin": [7.74238, 10.34319, 7.80446]},
			"faces": {
				"north": {"uv": [2.75, 0, 2.75, 0.375], "rotation": 180, "texture": "#3"},
				"east": {"uv": [8.625, 0.375, 11.625, 0], "texture": "#3"},
				"south": {"uv": [0, 0, 0, 0.375], "rotation": 180, "texture": "#3"},
				"west": {"uv": [8.625, 0.375, 11.625, 0], "texture": "#3"},
				"up": {"uv": [5.5, 0, 5.5, 2.375], "texture": "#3"},
				"down": {"uv": [0, 8.25, 0, 5.5], "texture": "#3"}
			}
		},
		{
			"from": [0.95913, 17.29018, 4.44047],
			"to": [2.45913, 17.29018, 16.94047],
			"rotation": {"angle": -22.5, "axis": "x", "origin": [7.74238, 10.34319, 7.80446]},
			"faces": {
				"north": {"uv": [2.75, 0.375, 2.75, 0], "rotation": 90, "texture": "#3"},
				"east": {"uv": [0, 8.25, 0, 5.5], "rotation": 270, "texture": "#3"},
				"south": {"uv": [0, 0.375, 0, 0], "rotation": 270, "texture": "#3"},
				"west": {"uv": [5.5, 0, 5.5, 2.375], "rotation": 270, "texture": "#3"},
				"up": {"uv": [8.625, 0.375, 11.75, 0], "rotation": 270, "texture": "#3"},
				"down": {"uv": [8.625, 0.375, 11.75, 0], "rotation": 270, "texture": "#3"}
			}
		},
		{
			"from": [-3.27485, 12.91372, 13.56542],
			"to": [-3.27485, 25.41372, 15.06542],
			"rotation": {"angle": -45, "axis": "z", "origin": [7.74238, 10.34319, 7.80446]},
			"faces": {
				"north": {"uv": [5.5, 0, 5.5, 2.75], "rotation": 180, "texture": "#3"},
				"east": {"uv": [11.75, 0, 8.625, 0.375], "rotation": 270, "texture": "#3"},
				"south": {"uv": [0, 8.25, 0, 5.5], "texture": "#3"},
				"west": {"uv": [11.75, 0, 8.625, 0.375], "rotation": 90, "texture": "#3"},
				"up": {"uv": [0, 0, 0, 0.375], "rotation": 180, "texture": "#3"},
				"down": {"uv": [2.75, 0, 2.75, 0.375], "texture": "#3"}
			}
		},
		{
			"from": [-4.02485, 13.91372, 14.31542],
			"to": [-2.52485, 26.41372, 14.31542],
			"rotation": {"angle": -45, "axis": "z", "origin": [7.74238, 10.34319, 7.80446]},
			"faces": {
				"north": {"uv": [8.625, 0.375, 11.75, 0], "rotation": 270, "texture": "#3"},
				"east": {"uv": [5.5, 2.75, 5.5, 0], "texture": "#3"},
				"south": {"uv": [8.625, 0.375, 11.75, 0], "rotation": 90, "texture": "#3"},
				"west": {"uv": [0, 5.5, 0, 8.25], "rotation": 180, "texture": "#3"},
				"up": {"uv": [0, 0.375, 0, 0], "rotation": 90, "texture": "#3"},
				"down": {"uv": [2.75, 0.375, 2.75, 0], "rotation": 90, "texture": "#3"}
			}
		},
		{
			"from": [12.11713, 28.32251, 2.96442],
			"to": [13.61713, 28.32251, 12.46442],
			"rotation": {"angle": -22.5, "axis": "y", "origin": [7.74238, 10.34319, 7.80446]},
			"faces": {
				"north": {"uv": [0, 0.375, 0, 0], "rotation": 270, "texture": "#3"},
				"east": {"uv": [5.5, 0, 5.5, 2.375], "rotation": 270, "texture": "#3"},
				"south": {"uv": [2.75, 0.375, 2.75, 0], "rotation": 90, "texture": "#3"},
				"west": {"uv": [0, 8.25, 0, 5.5], "rotation": 270, "texture": "#3"},
				"up": {"uv": [8.625, 0.375, 11, 0], "rotation": 90, "texture": "#3"},
				"down": {"uv": [8.625, 0.375, 11, 0], "rotation": 90, "texture": "#3"}
			}
		},
		{
			"from": [12.86713, 27.57251, 4.46442],
			"to": [12.86713, 29.07251, 13.96442],
			"rotation": {"angle": -22.5, "axis": "y", "origin": [7.74238, 10.34319, 7.80446]},
			"faces": {
				"north": {"uv": [0, 0, 0, 0.375], "texture": "#3"},
				"east": {"uv": [8.625, 0.375, 11, 0], "rotation": 180, "texture": "#3"},
				"south": {"uv": [2.75, 0, 2.75, 0.375], "texture": "#3"},
				"west": {"uv": [8.625, 0.375, 11, 0], "rotation": 180, "texture": "#3"},
				"up": {"uv": [0, 8.25, 0, 5.5], "texture": "#3"},
				"down": {"uv": [5.5, 0, 5.5, 2.375], "texture": "#3"}
			}
		},
		{
			"from": [13.34809, 16.632, -0.46208],
			"to": [14.84809, 26.132, -0.46208],
			"rotation": {"angle": 22.5, "axis": "x", "origin": [7.74238, 10.34319, 7.80446]},
			"faces": {
				"north": {"uv": [8.625, 0.375, 11, 0], "rotation": 90, "texture": "#3"},
				"east": {"uv": [0, 5.5, 0, 8.25], "texture": "#3"},
				"south": {"uv": [8.625, 0.375, 11, 0], "rotation": 270, "texture": "#3"},
				"west": {"uv": [5.5, 2.375, 5.5, 0], "rotation": 180, "texture": "#3"},
				"up": {"uv": [2.75, 0.375, 2.75, 0], "rotation": 270, "texture": "#3"},
				"down": {"uv": [0, 0.375, 0, 0], "rotation": 270, "texture": "#3"}
			}
		},
		{
			"from": [14.09809, 18.132, -1.21208],
			"to": [14.09809, 27.632, 0.28792],
			"rotation": {"angle": 22.5, "axis": "x", "origin": [7.74238, 10.34319, 7.80446]},
			"faces": {
				"north": {"uv": [0, 8.25, 0, 5.5], "rotation": 180, "texture": "#3"},
				"east": {"uv": [11, 0, 8.625, 0.375], "rotation": 90, "texture": "#3"},
				"south": {"uv": [5.5, 0, 5.5, 2.375], "texture": "#3"},
				"west": {"uv": [11, 0, 8.625, 0.375], "rotation": 270, "texture": "#3"},
				"up": {"uv": [2.75, 0, 2.75, 0.375], "texture": "#3"},
				"down": {"uv": [0, 0, 0, 0.375], "rotation": 180, "texture": "#3"}
			}
		},
		{
			"from": [4.87561, 17.29133, 1.52423],
			"to": [17.37561, 17.29133, 3.02423],
			"rotation": {"angle": 22.5, "axis": "z", "origin": [7.74238, 10.34319, 7.80446]},
			"faces": {
				"north": {"uv": [5.5, 2.375, 5.5, 0], "rotation": 90, "texture": "#3"},
				"east": {"uv": [2.75, 0, 2.75, 0.375], "rotation": 270, "texture": "#3"},
				"south": {"uv": [0, 5.5, 0, 8.25], "rotation": 90, "texture": "#3"},
				"west": {"uv": [0, 0, 0, 0.375], "rotation": 90, "texture": "#3"},
				"up": {"uv": [11.75, 0, 8.625, 0.375], "rotation": 180, "texture": "#3"},
				"down": {"uv": [11.75, 0, 8.625, 0.375], "texture": "#3"}
			}
		},
		{
			"from": [6.37561, 16.54133, 2.27423],
			"to": [15.37561, 18.04133, 2.27423],
			"rotation": {"angle": 22.5, "axis": "z", "origin": [7.74238, 10.34319, 7.80446]},
			"faces": {
				"north": {"uv": [11, 0, 8.75, 0.375], "rotation": 180, "texture": "#3"},
				"east": {"uv": [2.75, 0.375, 2.75, 0], "texture": "#3"},
				"south": {"uv": [11, 0, 8.75, 0.375], "rotation": 180, "texture": "#3"},
				"west": {"uv": [0, 0.375, 0, 0], "texture": "#3"},
				"up": {"uv": [5.5, 2.375, 5.5, 0], "rotation": 270, "texture": "#3"},
				"down": {"uv": [0, 5.5, 0, 8.25], "rotation": 90, "texture": "#3"}
			}
		},
		{
			"from": [6.72653, 15.10671, 0.46767],
			"to": [8.72653, 16.60671, 0.46767],
			"rotation": {"angle": 45, "axis": "y", "origin": [7.74238, 10.34319, 7.80446]},
			"faces": {
				"north": {"uv": [9.25, 0, 8.75, 0.375], "rotation": 180, "texture": "#3"},
				"east": {"uv": [2.75, 0.375, 2.75, 0], "texture": "#3"},
				"south": {"uv": [9.25, 0, 8.75, 0.375], "rotation": 180, "texture": "#3"},
				"west": {"uv": [0, 0.375, 0, 0], "texture": "#3"},
				"up": {"uv": [5.5, 2.375, 5.5, 0], "rotation": 270, "texture": "#3"},
				"down": {"uv": [0, 5.5, 0, 8.25], "rotation": 90, "texture": "#3"}
			}
		},
		{
			"from": [7.18376, 19.60671, 0.04214],
			"to": [9.18376, 21.10671, 0.04214],
			"rotation": {"angle": -45, "axis": "y", "origin": [7.74238, 10.34319, 7.80446]},
			"faces": {
				"north": {"uv": [9.25, 0, 8.75, 0.375], "rotation": 180, "texture": "#3"},
				"east": {"uv": [2.75, 0.375, 2.75, 0], "texture": "#3"},
				"south": {"uv": [9.25, 0, 8.75, 0.375], "rotation": 180, "texture": "#3"},
				"west": {"uv": [0, 0.375, 0, 0], "texture": "#3"},
				"up": {"uv": [5.5, 2.375, 5.5, 0], "rotation": 270, "texture": "#3"},
				"down": {"uv": [0, 5.5, 0, 8.25], "rotation": 90, "texture": "#3"}
			}
		},
		{
			"from": [9.54833, 24.12666, 1.77423],
			"to": [18.54833, 25.62666, 1.77423],
			"rotation": {"angle": 22.5, "axis": "z", "origin": [7.74238, 10.34319, 7.80446]},
			"faces": {
				"north": {"uv": [8.75, 0.375, 11, 0], "rotation": 180, "texture": "#3"},
				"east": {"uv": [0, 0.375, 0, 0], "rotation": 180, "texture": "#3"},
				"south": {"uv": [8.75, 0.375, 11, 0], "rotation": 180, "texture": "#3"},
				"west": {"uv": [2.75, 0.375, 2.75, 0], "rotation": 180, "texture": "#3"},
				"up": {"uv": [0, 5.5, 0, 8.25], "rotation": 270, "texture": "#3"},
				"down": {"uv": [5.5, 2.375, 5.5, 0], "rotation": 90, "texture": "#3"}
			}
		},
		{
			"from": [7.54833, 24.87666, 1.02423],
			"to": [20.04833, 24.87666, 2.52423],
			"rotation": {"angle": 22.5, "axis": "z", "origin": [7.74238, 10.34319, 7.80446]},
			"faces": {
				"north": {"uv": [5.5, 0, 5.5, 2.375], "rotation": 90, "texture": "#3"},
				"east": {"uv": [0, 0, 0, 0.375], "rotation": 270, "texture": "#3"},
				"south": {"uv": [0, 8.25, 0, 5.5], "rotation": 90, "texture": "#3"},
				"west": {"uv": [2.75, 0, 2.75, 0.375], "rotation": 90, "texture": "#3"},
				"up": {"uv": [11.75, 0, 8.625, 0.375], "rotation": 180, "texture": "#3"},
				"down": {"uv": [11.75, 0, 8.625, 0.375], "texture": "#3"}
			}
		},
		{
			"from": [1.88667, 14.91868, 7.30321],
			"to": [1.88667, 24.41868, 8.80321],
			"rotation": {"angle": -22.5, "axis": "x", "origin": [7.74238, 10.34319, 7.80446]},
			"faces": {
				"north": {"uv": [0, 5.5, 0, 8.25], "rotation": 180, "texture": "#3"},
				"east": {"uv": [11, 0, 8.625, 0.375], "rotation": 90, "texture": "#3"},
				"south": {"uv": [5.5, 2.375, 5.5, 0], "texture": "#3"},
				"west": {"uv": [11, 0, 8.625, 0.375], "rotation": 270, "texture": "#3"},
				"up": {"uv": [0, 0, 0, 0.375], "texture": "#3"},
				"down": {"uv": [2.75, 0, 2.75, 0.375], "rotation": 180, "texture": "#3"}
			}
		},
		{
			"from": [1.13667, 16.41868, 8.05321],
			"to": [2.63667, 25.91868, 8.05321],
			"rotation": {"angle": -22.5, "axis": "x", "origin": [7.74238, 10.34319, 7.80446]},
			"faces": {
				"north": {"uv": [11, 0, 8.625, 0.375], "rotation": 90, "texture": "#3"},
				"east": {"uv": [5.5, 2.375, 5.5, 0], "texture": "#3"},
				"south": {"uv": [11, 0, 8.625, 0.375], "rotation": 270, "texture": "#3"},
				"west": {"uv": [0, 5.5, 0, 8.25], "rotation": 180, "texture": "#3"},
				"up": {"uv": [0, 0.375, 0, 0], "rotation": 90, "texture": "#3"},
				"down": {"uv": [2.75, 0.375, 2.75, 0], "rotation": 90, "texture": "#3"}
			}
		},
		{
			"from": [3.27091, 15.07251, 4.19382],
			"to": [3.27091, 16.57251, 13.69382],
			"rotation": {"angle": 22.5, "axis": "y", "origin": [7.74238, 10.34319, 7.80446]},
			"faces": {
				"north": {"uv": [0, 0.375, 0, 0], "texture": "#3"},
				"east": {"uv": [8.625, 0.375, 11, 0], "texture": "#3"},
				"south": {"uv": [2.75, 0.375, 2.75, 0], "texture": "#3"},
				"west": {"uv": [8.625, 0.375, 11, 0], "texture": "#3"},
				"up": {"uv": [5.5, 0, 5.5, 2.375], "rotation": 180, "texture": "#3"},
				"down": {"uv": [0, 8.25, 0, 5.5], "rotation": 180, "texture": "#3"}
			}
		},
		{
			"from": [2.52091, 15.82251, 2.69382],
			"to": [4.02091, 15.82251, 12.19382],
			"rotation": {"angle": 22.5, "axis": "y", "origin": [7.74238, 10.34319, 7.80446]},
			"faces": {
				"north": {"uv": [0, 0, 0, 0.375], "rotation": 270, "texture": "#3"},
				"east": {"uv": [0, 8.25, 0, 5.5], "rotation": 90, "texture": "#3"},
				"south": {"uv": [2.75, 0, 2.75, 0.375], "rotation": 90, "texture": "#3"},
				"west": {"uv": [5.5, 0, 5.5, 2.375], "rotation": 90, "texture": "#3"},
				"up": {"uv": [8.625, 0.375, 11, 0], "rotation": 270, "texture": "#3"},
				"down": {"uv": [8.625, 0.375, 11, 0], "rotation": 270, "texture": "#3"}
			}
		},
		{
			"from": [1.7754, 11.21397, 13.81542],
			"to": [3.2754, 23.71397, 13.81542],
			"rotation": {"angle": -45, "axis": "z", "origin": [7.74238, 10.34319, 7.80446]},
			"faces": {
				"north": {"uv": [11.75, 0, 8.625, 0.375], "rotation": 270, "texture": "#3"},
				"east": {"uv": [0, 5.5, 0, 8.25], "texture": "#3"},
				"south": {"uv": [11.75, 0, 8.625, 0.375], "rotation": 90, "texture": "#3"},
				"west": {"uv": [5.5, 2.75, 5.5, 0], "rotation": 180, "texture": "#3"},
				"up": {"uv": [2.75, 0.375, 2.75, 0], "rotation": 270, "texture": "#3"},
				"down": {"uv": [0, 0.375, 0, 0], "rotation": 270, "texture": "#3"}
			}
		},
		{
			"from": [2.5254, 12.21397, 13.06542],
			"to": [2.5254, 24.71397, 14.56542],
			"rotation": {"angle": -45, "axis": "z", "origin": [7.74238, 10.34319, 7.80446]},
			"faces": {
				"north": {"uv": [5.5, 2.75, 5.5, 0], "rotation": 180, "texture": "#3"},
				"east": {"uv": [11.75, 0, 8.625, 0.375], "rotation": 270, "texture": "#3"},
				"south": {"uv": [0, 5.5, 0, 8.25], "texture": "#3"},
				"west": {"uv": [11.75, 0, 8.625, 0.375], "rotation": 90, "texture": "#3"},
				"up": {"uv": [2.75, 0, 2.75, 0.375], "rotation": 180, "texture": "#3"},
				"down": {"uv": [0, 0, 0, 0.375], "texture": "#3"}
			}
		},
		{
			"from": [13.52563, 24.87781, -4.9987],
			"to": [15.02563, 24.87781, 7.5013],
			"rotation": {"angle": 22.5, "axis": "x", "origin": [7.74238, 10.34319, 7.80446]},
			"faces": {
				"north": {"uv": [2.75, 0, 2.75, 0.375], "rotation": 90, "texture": "#3"},
				"east": {"uv": [5.5, 0, 5.5, 2.375], "rotation": 90, "texture": "#3"},
				"south": {"uv": [0, 0, 0, 0.375], "rotation": 270, "texture": "#3"},
				"west": {"uv": [0, 8.25, 0, 5.5], "rotation": 90, "texture": "#3"},
				"up": {"uv": [8.625, 0.375, 11.75, 0], "rotation": 90, "texture": "#3"},
				"down": {"uv": [8.625, 0.375, 11.75, 0], "rotation": 90, "texture": "#3"}
			}
		},
		{
			"from": [14.27563, 24.12781, -2.9987],
			"to": [14.27563, 25.62781, 9.0013],
			"rotation": {"angle": 22.5, "axis": "x", "origin": [7.74238, 10.34319, 7.80446]},
			"faces": {
				"north": {"uv": [2.75, 0.375, 2.75, 0], "rotation": 180, "texture": "#3"},
				"east": {"uv": [8.625, 0.375, 11.625, 0], "rotation": 180, "texture": "#3"},
				"south": {"uv": [0, 0.375, 0, 0], "rotation": 180, "texture": "#3"},
				"west": {"uv": [8.625, 0.375, 11.625, 0], "rotation": 180, "texture": "#3"},
				"up": {"uv": [0, 8.25, 0, 5.5], "rotation": 180, "texture": "#3"},
				"down": {"uv": [5.5, 0, 5.5, 2.375], "rotation": 180, "texture": "#3"}
			}
		},
		{
			"from": [6.75824, 27.53831, -0.23944],
			"to": [8.75824, 29.03831, -0.23944],
			"rotation": {"angle": -45, "axis": "y", "origin": [7.74238, 10.34319, 7.80446]},
			"faces": {
				"north": {"uv": [8.75, 0.375, 9.25, 0], "rotation": 180, "texture": "#3"},
				"east": {"uv": [0, 0.375, 0, 0], "rotation": 180, "texture": "#3"},
				"south": {"uv": [8.75, 0.375, 9.25, 0], "rotation": 180, "texture": "#3"},
				"west": {"uv": [2.75, 0.375, 2.75, 0], "rotation": 180, "texture": "#3"},
				"up": {"uv": [0, 5.5, 0, 8.25], "rotation": 270, "texture": "#3"},
				"down": {"uv": [5.5, 2.375, 5.5, 0], "rotation": 90, "texture": "#3"}
			}
		},
		{
			"from": [7.0081, 23.03831, 0.04214],
			"to": [9.0081, 24.53831, 0.04214],
			"rotation": {"angle": 45, "axis": "y", "origin": [7.74238, 10.34319, 7.80446]},
			"faces": {
				"north": {"uv": [8.75, 0.375, 9.25, 0], "rotation": 180, "texture": "#3"},
				"east": {"uv": [0, 0.375, 0, 0], "rotation": 180, "texture": "#3"},
				"south": {"uv": [8.75, 0.375, 9.25, 0], "rotation": 180, "texture": "#3"},
				"west": {"uv": [2.75, 0.375, 2.75, 0], "rotation": 180, "texture": "#3"},
				"up": {"uv": [0, 5.5, 0, 8.25], "rotation": 270, "texture": "#3"},
				"down": {"uv": [5.5, 2.375, 5.5, 0], "rotation": 90, "texture": "#3"}
			}
		},
		{
			"from": [5.99238, 20.07251, 13.62088],
			"to": [9.99238, 24.07251, 15.62088],
			"rotation": {"angle": 0, "axis": "y", "origin": [7.74238, 10.34319, 7.80446]},
			"faces": {
				"north": {"uv": [7.25, 6, 6.25, 7], "rotation": 180, "texture": "#3"},
				"east": {"uv": [7.25, 6.5, 8.25, 7], "rotation": 270, "texture": "#3"},
				"south": {"uv": [6.25, 7, 5.25, 6], "texture": "#3"},
				"west": {"uv": [3.75, 7.375, 4.75, 7.875], "rotation": 90, "texture": "#3"},
				"up": {"uv": [7.25, 6, 8.25, 6.5], "rotation": 180, "texture": "#3"},
				"down": {"uv": [7.25, 7, 8.25, 7.5], "texture": "#3"}
			}
		},
		{
			"from": [5.99238, 27.57251, 6.12088],
			"to": [9.99238, 29.57251, 10.12088],
			"rotation": {"angle": 0, "axis": "y", "origin": [7.74238, 10.34319, 7.80446]},
			"faces": {
				"north": {"uv": [7.25, 6, 8.25, 6.5], "texture": "#3"},
				"east": {"uv": [7.25, 6.5, 8.25, 7], "texture": "#3"},
				"south": {"uv": [7.25, 7, 8.25, 7.5], "texture": "#3"},
				"west": {"uv": [3.75, 7.375, 4.75, 7.875], "texture": "#3"},
				"up": {"uv": [6.25, 7, 5.25, 6], "texture": "#3"},
				"down": {"uv": [7.25, 6, 6.25, 7], "texture": "#3"}
			}
		},
		{
			"from": [13.49238, 20.07251, 6.12088],
			"to": [15.49238, 24.07251, 10.12088],
			"rotation": {"angle": 0, "axis": "y", "origin": [7.74238, 10.34319, 7.80446]},
			"faces": {
				"north": {"uv": [8.375, 3.25, 7.875, 4.25], "rotation": 180, "texture": "#3"},
				"east": {"uv": [6.875, 3.25, 7.875, 4.25], "rotation": 270, "texture": "#3"},
				"south": {"uv": [8.25, 8.5, 7.75, 7.5], "texture": "#3"},
				"west": {"uv": [6.875, 4.25, 7.875, 5.25], "rotation": 90, "texture": "#3"},
				"up": {"uv": [4.75, 7.375, 5.25, 8.375], "rotation": 180, "texture": "#3"},
				"down": {"uv": [7.25, 7.5, 7.75, 8.5], "texture": "#3"}
			}
		},
		{
			"from": [5.99238, 20.07251, 0.62088],
			"to": [9.99238, 24.07251, 2.62088],
			"rotation": {"angle": 0, "axis": "y", "origin": [7.74238, 10.34319, 7.80446]},
			"faces": {
				"north": {"uv": [6.25, 7, 5.25, 6], "texture": "#3"},
				"east": {"uv": [3.75, 7.375, 4.75, 7.875], "rotation": 90, "texture": "#3"},
				"south": {"uv": [7.25, 6, 6.25, 7], "rotation": 180, "texture": "#3"},
				"west": {"uv": [7.25, 6.5, 8.25, 7], "rotation": 270, "texture": "#3"},
				"up": {"uv": [7.25, 6, 8.25, 6.5], "texture": "#3"},
				"down": {"uv": [7.25, 7, 8.25, 7.5], "rotation": 180, "texture": "#3"}
			}
		},
		{
			"from": [0.49238, 20.07251, 6.12088],
			"to": [2.49238, 24.07251, 10.12088],
			"rotation": {"angle": 0, "axis": "y", "origin": [7.74238, 10.34319, 7.80446]},
			"faces": {
				"north": {"uv": [8.25, 8.5, 7.75, 7.5], "texture": "#3"},
				"east": {"uv": [6.875, 4.25, 7.875, 5.25], "rotation": 90, "texture": "#3"},
				"south": {"uv": [8.375, 3.25, 7.875, 4.25], "rotation": 180, "texture": "#3"},
				"west": {"uv": [6.875, 3.25, 7.875, 4.25], "rotation": 270, "texture": "#3"},
				"up": {"uv": [4.75, 7.375, 5.25, 8.375], "texture": "#3"},
				"down": {"uv": [7.25, 7.5, 7.75, 8.5], "rotation": 180, "texture": "#3"}
			}
		},
		{
			"from": [6.19542, -7.42749, 6.70498],
			"to": [9.19542, -1.92749, 9.70498],
			"rotation": {"angle": 45, "axis": "y", "origin": [7.74238, 10.34319, 7.80446]},
			"faces": {
				"north": {"uv": [5.25, 6, 4.5, 7.375], "rotation": 180, "texture": "#3"},
				"east": {"uv": [5.5, 3.25, 6.875, 4], "rotation": 270, "texture": "#3"},
				"south": {"uv": [4.5, 7.375, 3.75, 6], "texture": "#3"},
				"west": {"uv": [5.5, 4, 6.875, 4.75], "rotation": 90, "texture": "#3"},
				"up": {"uv": [5.5, 4.75, 6.25, 5.5], "rotation": 180, "texture": "#3"},
				"down": {"uv": [7, 5.25, 7.75, 6], "texture": "#3"}
			}
		},
		{
			"from": [7.99238, -9.92749, 6.62088],
			"to": [7.99238, -7.42749, 9.62088],
			"rotation": {"angle": 0, "axis": "y", "origin": [7.74238, 10.34319, 7.80446]},
			"faces": {
				"north": {"uv": [0, 0, 0, 0.625], "rotation": 180, "texture": "#3"},
				"east": {"uv": [6.25, 4.75, 6.875, 5.5], "rotation": 270, "texture": "#3"},
				"south": {"uv": [0, 0.625, 0, 0], "texture": "#3"},
				"west": {"uv": [6.875, 4.75, 6.25, 5.5], "rotation": 90, "texture": "#3"},
				"up": {"uv": [0, 0, 0, 0.75], "rotation": 180, "texture": "#3"},
				"down": {"uv": [0, 0, 0, 0.75], "texture": "#3"}
			}
		},
		{
			"from": [4.24738, 29.86952, 1.36426],
			"to": [14.82238, 29.86952, 9.11926],
			"rotation": {"angle": 22.5, "axis": "x", "origin": [7.74238, 10.34319, 7.80446]},
			"faces": {
				"north": {"uv": [2.66667, 4.83333, 4.04167, 4.83333], "texture": "#2"},
				"east": {"uv": [2.66667, 4.83333, 4.04167, 4.83333], "texture": "#2"},
				"south": {"uv": [2.66667, 4.83333, 4.04167, 4.83333], "texture": "#2"},
				"west": {"uv": [2.66667, 4.83333, 4.04167, 4.83333], "texture": "#2"},
				"up": {"uv": [2.5, 2.33333, 8.70833, 12.375], "rotation": 90, "texture": "#2"},
				"down": {"uv": [8.70833, 2.33333, 2.5, 12.375], "rotation": 90, "texture": "#2"}
			}
		},
		{
			"from": [4.24738, 20.12501, 16.49088],
			"to": [14.82238, 27.88001, 16.49088],
			"rotation": {"angle": 0, "axis": "y", "origin": [7.74238, 10.34319, 7.80446]},
			"faces": {
				"north": {"uv": [14.875, 2.33333, 8.66667, 12.375], "rotation": 270, "texture": "#2"},
				"east": {"uv": [2.66667, 4.83333, 4.04167, 4.83333], "rotation": 270, "texture": "#2"},
				"south": {"uv": [8.66667, 2.33333, 14.875, 12.375], "rotation": 90, "texture": "#2"},
				"west": {"uv": [2.66667, 4.83333, 4.04167, 4.83333], "rotation": 90, "texture": "#2"},
				"up": {"uv": [2.66667, 4.83333, 4.04167, 4.83333], "rotation": 180, "texture": "#2"},
				"down": {"uv": [2.66667, 4.83333, 4.04167, 4.83333], "texture": "#2"}
			}
		},
		{
			"from": [-2.03349, 12.51602, 1.48088],
			"to": [5.72151, 12.51602, 12.05588],
			"rotation": {"angle": -22.5, "axis": "z", "origin": [7.74238, 10.34319, 7.80446]},
			"faces": {
				"north": {"uv": [2.66667, 4.83333, 4.04167, 4.83333], "rotation": 180, "texture": "#2"},
				"east": {"uv": [2.66667, 4.83333, 4.04167, 4.83333], "rotation": 180, "texture": "#2"},
				"south": {"uv": [2.66667, 4.83333, 4.04167, 4.83333], "rotation": 180, "texture": "#2"},
				"west": {"uv": [2.66667, 4.83333, 4.04167, 4.83333], "rotation": 180, "texture": "#2"},
				"up": {"uv": [14.875, 2.33333, 8.66667, 12.375], "rotation": 180, "texture": "#2"},
				"down": {"uv": [8.66667, 2.33333, 14.875, 12.375], "texture": "#2"}
			}
		},
		{
			"from": [-0.45811, 16.09104, 1.48088],
			"to": [-0.45811, 23.84604, 12.05588],
			"rotation": {"angle": 0, "axis": "y", "origin": [7.74238, 10.34319, 7.80446]},
			"faces": {
				"north": {"uv": [2.66667, 4.83333, 4.04167, 4.83333], "rotation": 90, "texture": "#2"},
				"east": {"uv": [8.70833, 2.33333, 2.5, 12.375], "rotation": 270, "texture": "#2"},
				"south": {"uv": [2.66667, 4.83333, 4.04167, 4.83333], "rotation": 270, "texture": "#2"},
				"west": {"uv": [2.5, 2.33333, 8.70833, 12.375], "rotation": 90, "texture": "#2"},
				"up": {"uv": [2.66667, 4.83333, 4.04167, 4.83333], "rotation": 270, "texture": "#2"},
				"down": {"uv": [2.66667, 4.83333, 4.04167, 4.83333], "rotation": 270, "texture": "#2"}
			}
		},
		{
			"from": [15.94287, 16.09104, 2.18588],
			"to": [15.94287, 23.84604, 12.76088],
			"rotation": {"angle": 0, "axis": "y", "origin": [7.74238, 10.34319, 7.80446]},
			"faces": {
				"north": {"uv": [4.04167, 4.83333, 2.66667, 4.83333], "rotation": 90, "texture": "#2"},
				"east": {"uv": [8.70833, 12.375, 2.5, 2.33333], "rotation": 270, "texture": "#2"},
				"south": {"uv": [4.04167, 4.83333, 2.66667, 4.83333], "rotation": 270, "texture": "#2"},
				"west": {"uv": [2.5, 12.375, 8.70833, 2.33333], "rotation": 90, "texture": "#2"},
				"up": {"uv": [4.04167, 4.83333, 2.66667, 4.83333], "rotation": 270, "texture": "#2"},
				"down": {"uv": [4.04167, 4.83333, 2.66667, 4.83333], "rotation": 270, "texture": "#2"}
			}
		},
		{
			"from": [9.76325, 12.51602, 2.18588],
			"to": [17.51825, 12.51602, 12.76088],
			"rotation": {"angle": 22.5, "axis": "z", "origin": [7.74238, 10.34319, 7.80446]},
			"faces": {
				"north": {"uv": [4.04167, 4.83333, 2.66667, 4.83333], "texture": "#2"},
				"east": {"uv": [4.04167, 4.83333, 2.66667, 4.83333], "texture": "#2"},
				"south": {"uv": [4.04167, 4.83333, 2.66667, 4.83333], "texture": "#2"},
				"west": {"uv": [4.04167, 4.83333, 2.66667, 4.83333], "texture": "#2"},
				"up": {"uv": [8.66667, 12.375, 14.875, 2.33333], "rotation": 180, "texture": "#2"},
				"down": {"uv": [14.875, 12.375, 8.66667, 2.33333], "texture": "#2"}
			}
		},
		{
			"from": [1.50238, 26.73113, 9.80855],
			"to": [12.07738, 26.73113, 17.56355],
			"rotation": {"angle": -45, "axis": "x", "origin": [7.74238, 10.34319, 7.80446]},
			"faces": {
				"north": {"uv": [2.66667, 4.83333, 4.04167, 4.83333], "texture": "#2"},
				"east": {"uv": [2.66667, 4.83333, 4.04167, 4.83333], "texture": "#2"},
				"south": {"uv": [2.66667, 4.83333, 4.04167, 4.83333], "texture": "#2"},
				"west": {"uv": [2.66667, 4.83333, 4.04167, 4.83333], "texture": "#2"},
				"up": {"uv": [2.5, 2.33333, 8.70833, 12.375], "rotation": 270, "texture": "#2"},
				"down": {"uv": [8.70833, 2.33333, 2.5, 12.375], "rotation": 270, "texture": "#2"}
			}
		},
		{
			"from": [1.50238, 18.49561, 3.38531],
			"to": [12.07738, 26.25061, 3.38531],
			"rotation": {"angle": -22.5, "axis": "x", "origin": [7.74238, 10.34319, 7.80446]},
			"faces": {
				"north": {"uv": [8.66667, 2.33333, 14.875, 12.375], "rotation": 90, "texture": "#2"},
				"east": {"uv": [2.66667, 4.83333, 4.04167, 4.83333], "rotation": 90, "texture": "#2"},
				"south": {"uv": [14.875, 2.33333, 8.66667, 12.375], "rotation": 270, "texture": "#2"},
				"west": {"uv": [2.66667, 4.83333, 4.04167, 4.83333], "rotation": 270, "texture": "#2"},
				"up": {"uv": [2.66667, 4.83333, 4.04167, 4.83333], "texture": "#2"},
				"down": {"uv": [2.66667, 4.83333, 4.04167, 4.83333], "rotation": 180, "texture": "#2"}
			}
		}
	],
	"gui_light": "front",
	"display": {
		"thirdperson_righthand": {
			"rotation": [0, 31, -7],
			"translation": [0, 3.25, 1],
			"scale": [0.85, 0.85, 0.85]
		},
		"thirdperson_lefthand": {
			"rotation": [0, 31, -7],
			"translation": [0, 3.25, 1],
			"scale": [0.85, 0.85, 0.85]
		},
		"firstperson_righthand": {
			"rotation": [-19, 105, -3],
			"translation": [4.5, -2.25, -2.25],
			"scale": [0.85, 0.85, 0.85]
		},
		"firstperson_lefthand": {
			"rotation": [-19, 105, -3],
			"translation": [4.5, -2.25, -2.25],
			"scale": [0.85, 0.85, 0.85]
		},
		"ground": {
			"rotation": [46, 0, 0],
			"translation": [0, 4.5, 0],
			"scale": [0.6, 0.6, 0.6]
		},
		"gui": {
			"rotation": [54, 39, -65],
			"translation": [-2, -1.25, 0],
			"scale": [0.5, 0.5, 0.5]
		}
	}
}