{"elements":[{"from":[6.285714,6.857143,6.5714283],"to":[9.714286,10.285714,9.428572],"rotation":{"angle":0.0,"axis":"y","origin":[8.0,7.428571,8.0]},"faces":{"east":{"uv":[9.5,3.5,12.0,6.5],"rotation":0,"texture":"#0","tintindex":0},"south":{"uv":[0.0,7.0,3.0,10.0],"rotation":0,"texture":"#0","tintindex":0},"north":{"uv":[4.0,5.0,7.0,8.0],"rotation":0,"texture":"#0","tintindex":0},"west":{"uv":[0.0,10.0,2.5,13.0],"rotation":0,"texture":"#0","tintindex":0},"up":{"uv":[13.0,9.0,10.0,6.5],"rotation":0,"texture":"#0","tintindex":0},"down":{"uv":[13.0,9.0,10.0,11.5],"rotation":0,"texture":"#0","tintindex":0}}},{"from":[9.857143,10.142858,9.571428],"to":[6.142857,6.714286,6.428571],"rotation":{"angle":0.0,"axis":"y","origin":[8.0,7.428571,8.0]},"faces":{"east":{"uv":[15.5,15.5,16.0,16.0],"rotation":0,"texture":"#0","tintindex":0},"south":{"uv":[15.5,15.5,16.0,16.0],"rotation":0,"texture":"#0","tintindex":0},"north":{"uv":[15.5,15.5,16.0,16.0],"rotation":0,"texture":"#0","tintindex":0},"west":{"uv":[15.5,15.5,16.0,16.0],"rotation":0,"texture":"#0","tintindex":0},"up":{"uv":[15.5,15.5,16.0,16.0],"rotation":0,"texture":"#0","tintindex":0},"down":{"uv":[15.5,15.0,16.0,15.5],"rotation":0,"texture":"#0","tintindex":0}}},{"from":[5.714286,10.285714,6.5714283],"to":[10.285714,14.285715,9.428572],"rotation":{"angle":0.0,"axis":"y","origin":[8.0,7.428571,8.0]},"faces":{"east":{"uv":[7.0,5.0,9.5,8.5],"rotation":0,"texture":"#0","tintindex":0},"south":{"uv":[0.0,3.5,4.0,7.0],"rotation":0,"texture":"#0","tintindex":0},"north":{"uv":[0.0,0.0,4.0,3.5],"rotation":0,"texture":"#0","tintindex":0},"west":{"uv":[8.0,0.0,10.5,3.5],"rotation":0,"texture":"#0","tintindex":0},"up":{"uv":[8.0,2.5,4.0,0.0],"rotation":0,"texture":"#0","tintindex":0},"down":{"uv":[8.0,2.5,4.0,5.0],"rotation":0,"texture":"#0","tintindex":0}}},{"from":[10.428572,14.428572,9.571428],"to":[5.5714283,10.142858,6.428571],"rotation":{"angle":0.0,"axis":"y","origin":[8.0,7.428571,8.0]},"faces":{"east":{"uv":[15.5,15.5,16.0,16.0],"rotation":0,"texture":"#0","tintindex":0},"south":{"uv":[15.5,15.5,16.0,16.0],"rotation":0,"texture":"#0","tintindex":0},"north":{"uv":[15.5,15.5,16.0,16.0],"rotation":0,"texture":"#0","tintindex":0},"west":{"uv":[15.5,15.5,16.0,16.0],"rotation":0,"texture":"#0","tintindex":0},"up":{"uv":[12.7375,15.0,14.7625,16.0],"rotation":0,"texture":"#0","tintindex":0},"down":{"uv":[15.5,15.5,16.0,16.0],"rotation":0,"texture":"#0","tintindex":0}}},{"from":[6.857143,13.142858,8.857143],"to":[6.857143,16.0,10.0],"rotation":{"angle":22.5,"axis":"x","origin":[6.857143,14.285715,9.428572]},"faces":{"east":{"uv":[4.5,10.5,5.5,13.0],"rotation":0,"texture":"#0","tintindex":0},"south":{"uv":[15.5,15.0,16.0,15.5],"rotation":0,"texture":"#0","tintindex":0},"north":{"uv":[15.5,15.0,16.0,15.5],"rotation":0,"texture":"#0","tintindex":0},"west":{"uv":[5.5,10.5,4.5,13.0],"rotation":0,"texture":"#0","tintindex":0},"up":{"uv":[15.5,15.0,16.0,15.5],"rotation":0,"texture":"#0","tintindex":0},"down":{"uv":[15.5,15.0,16.0,15.5],"rotation":0,"texture":"#0","tintindex":0}}},{"from":[6.8714285,13.0,8.714286],"to":[6.8714285,16.142857,9.571428],"rotation":{"angle":22.5,"axis":"x","origin":[6.857143,14.285715,9.428572]},"faces":{"east":{"uv":[15.5,15.0,16.0,15.5],"rotation":0,"texture":"#0","tintindex":0},"south":{"uv":[15.5,15.5,16.0,16.0],"rotation":0,"texture":"#0","tintindex":0},"north":{"uv":[15.5,15.5,16.0,16.0],"rotation":0,"texture":"#0","tintindex":0},"west":{"uv":[15.5,15.5,16.0,16.0],"rotation":0,"texture":"#0","tintindex":0},"up":{"uv":[15.5,15.5,16.0,16.0],"rotation":0,"texture":"#0","tintindex":0},"down":{"uv":[15.5,15.5,16.0,16.0],"rotation":0,"texture":"#0","tintindex":0}}},{"from":[6.8714285,13.0,9.285714],"to":[6.8714285,15.0,10.142858],"rotation":{"angle":22.5,"axis":"x","origin":[6.857143,14.285715,9.428572]},"faces":{"east":{"uv":[15.5,15.0,16.0,15.5],"rotation":0,"texture":"#0","tintindex":0},"south":{"uv":[15.5,15.5,16.0,16.0],"rotation":0,"texture":"#0","tintindex":0},"north":{"uv":[15.5,15.5,16.0,16.0],"rotation":0,"texture":"#0","tintindex":0},"west":{"uv":[15.5,15.5,16.0,16.0],"rotation":0,"texture":"#0","tintindex":0},"up":{"uv":[15.5,15.5,16.0,16.0],"rotation":0,"texture":"#0","tintindex":0},"down":{"uv":[15.5,15.5,16.0,16.0],"rotation":0,"texture":"#0","tintindex":0}}},{"from":[6.842857,13.0,9.285714],"to":[6.842857,15.0,10.142858],"rotation":{"angle":22.5,"axis":"x","origin":[9.142858,14.285715,9.428572]},"faces":{"east":{"uv":[16.0,15.5,15.5,16.0],"rotation":0,"texture":"#0","tintindex":0},"south":{"uv":[16.0,15.5,15.5,16.0],"rotation":0,"texture":"#0","tintindex":0},"north":{"uv":[16.0,15.5,15.5,16.0],"rotation":0,"texture":"#0","tintindex":0},"west":{"uv":[16.0,15.0,15.5,15.5],"rotation":0,"texture":"#0","tintindex":0},"up":{"uv":[16.0,15.5,15.5,16.0],"rotation":0,"texture":"#0","tintindex":0},"down":{"uv":[16.0,15.5,15.5,16.0],"rotation":0,"texture":"#0","tintindex":0}}},{"from":[6.842857,13.0,8.714286],"to":[6.842857,16.142857,9.571428],"rotation":{"angle":22.5,"axis":"x","origin":[9.142858,14.285715,9.428572]},"faces":{"east":{"uv":[16.0,15.5,15.5,16.0],"rotation":0,"texture":"#0","tintindex":0},"south":{"uv":[16.0,15.5,15.5,16.0],"rotation":0,"texture":"#0","tintindex":0},"north":{"uv":[16.0,15.5,15.5,16.0],"rotation":0,"texture":"#0","tintindex":0},"west":{"uv":[16.0,15.0,15.5,15.5],"rotation":0,"texture":"#0","tintindex":0},"up":{"uv":[16.0,15.5,15.5,16.0],"rotation":0,"texture":"#0","tintindex":0},"down":{"uv":[16.0,15.5,15.5,16.0],"rotation":0,"texture":"#0","tintindex":0}}},{"from":[9.142858,13.142858,8.857143],"to":[9.142858,16.0,10.0],"rotation":{"angle":22.5,"axis":"x","origin":[9.142858,14.285715,9.428572]},"faces":{"east":{"uv":[4.5,10.5,5.5,13.0],"rotation":0,"texture":"#0","tintindex":0},"south":{"uv":[16.0,15.0,15.5,15.5],"rotation":0,"texture":"#0","tintindex":0},"north":{"uv":[16.0,15.0,15.5,15.5],"rotation":0,"texture":"#0","tintindex":0},"west":{"uv":[5.5,10.5,4.5,13.0],"rotation":0,"texture":"#0","tintindex":0},"up":{"uv":[16.0,15.0,15.5,15.5],"rotation":0,"texture":"#0","tintindex":0},"down":{"uv":[16.0,15.0,15.5,15.5],"rotation":0,"texture":"#0","tintindex":0}}},{"from":[9.1285715,13.0,8.714286],"to":[9.1285715,16.142857,9.571428],"rotation":{"angle":22.5,"axis":"x","origin":[9.142858,14.285715,9.428572]},"faces":{"east":{"uv":[16.0,15.5,15.5,16.0],"rotation":0,"texture":"#0","tintindex":0},"south":{"uv":[16.0,15.5,15.5,16.0],"rotation":0,"texture":"#0","tintindex":0},"north":{"uv":[16.0,15.5,15.5,16.0],"rotation":0,"texture":"#0","tintindex":0},"west":{"uv":[16.0,15.0,15.5,15.5],"rotation":0,"texture":"#0","tintindex":0},"up":{"uv":[16.0,15.5,15.5,16.0],"rotation":0,"texture":"#0","tintindex":0},"down":{"uv":[16.0,15.5,15.5,16.0],"rotation":0,"texture":"#0","tintindex":0}}},{"from":[9.1285715,13.0,9.285714],"to":[9.1285715,15.0,10.142858],"rotation":{"angle":22.5,"axis":"x","origin":[9.142858,14.285715,9.428572]},"faces":{"east":{"uv":[16.0,15.5,15.5,16.0],"rotation":0,"texture":"#0","tintindex":0},"south":{"uv":[16.0,15.5,15.5,16.0],"rotation":0,"texture":"#0","tintindex":0},"north":{"uv":[16.0,15.5,15.5,16.0],"rotation":0,"texture":"#0","tintindex":0},"west":{"uv":[16.0,15.0,15.5,15.5],"rotation":0,"texture":"#0","tintindex":0},"up":{"uv":[16.0,15.5,15.5,16.0],"rotation":0,"texture":"#0","tintindex":0},"down":{"uv":[16.0,15.5,15.5,16.0],"rotation":0,"texture":"#0","tintindex":0}}},{"from":[9.157143,13.0,8.714286],"to":[9.157143,16.142857,9.571428],"rotation":{"angle":22.5,"axis":"x","origin":[6.857143,14.285715,9.428572]},"faces":{"east":{"uv":[15.5,15.0,16.0,15.5],"rotation":0,"texture":"#0","tintindex":0},"south":{"uv":[15.5,15.5,16.0,16.0],"rotation":0,"texture":"#0","tintindex":0},"north":{"uv":[15.5,15.5,16.0,16.0],"rotation":0,"texture":"#0","tintindex":0},"west":{"uv":[15.5,15.5,16.0,16.0],"rotation":0,"texture":"#0","tintindex":0},"up":{"uv":[15.5,15.5,16.0,16.0],"rotation":0,"texture":"#0","tintindex":0},"down":{"uv":[15.5,15.5,16.0,16.0],"rotation":0,"texture":"#0","tintindex":0}}},{"from":[9.157143,13.0,9.285714],"to":[9.157143,15.0,10.142858],"rotation":{"angle":22.5,"axis":"x","origin":[6.857143,14.285715,9.428572]},"faces":{"east":{"uv":[15.5,15.0,16.0,15.5],"rotation":0,"texture":"#0","tintindex":0},"south":{"uv":[15.5,15.5,16.0,16.0],"rotation":0,"texture":"#0","tintindex":0},"north":{"uv":[15.5,15.5,16.0,16.0],"rotation":0,"texture":"#0","tintindex":0},"west":{"uv":[15.5,15.5,16.0,16.0],"rotation":0,"texture":"#0","tintindex":0},"up":{"uv":[15.5,15.5,16.0,16.0],"rotation":0,"texture":"#0","tintindex":0},"down":{"uv":[15.5,15.5,16.0,16.0],"rotation":0,"texture":"#0","tintindex":0}}},{"from":[7.428571,10.285714,6.285714],"to":[7.428571,10.857143,6.857143],"rotation":{"angle":45.0,"axis":"x","origin":[7.428571,10.571428,6.5714283]},"faces":{"east":{"uv":[6.5,8.0,7.0,8.5],"rotation":0,"texture":"#0","tintindex":0},"south":{"uv":[0.0,0.0,0.0,0.5],"rotation":0,"texture":"#0","tintindex":0},"north":{"uv":[0.0,0.0,0.0,0.5],"rotation":0,"texture":"#0","tintindex":0},"west":{"uv":[6.5,8.0,7.0,8.5],"rotation":0,"texture":"#0","tintindex":0},"up":{"uv":[0.0,0.5,0.0,0.0],"rotation":0,"texture":"#0","tintindex":0},"down":{"uv":[0.0,0.0,0.0,0.5],"rotation":0,"texture":"#0","tintindex":0}}},{"from":[8.571428,10.285714,6.285714],"to":[8.571428,10.857143,6.857143],"rotation":{"angle":45.0,"axis":"x","origin":[8.571428,10.571428,6.5714283]},"faces":{"east":{"uv":[7.0,8.0,6.5,8.5],"rotation":0,"texture":"#0","tintindex":0},"south":{"uv":[0.0,0.0,0.0,0.5],"rotation":0,"texture":"#0","tintindex":0},"north":{"uv":[0.0,0.0,0.0,0.5],"rotation":0,"texture":"#0","tintindex":0},"west":{"uv":[7.0,8.0,6.5,8.5],"rotation":0,"texture":"#0","tintindex":0},"up":{"uv":[0.0,0.5,0.0,0.0],"rotation":0,"texture":"#0","tintindex":0},"down":{"uv":[0.0,0.0,0.0,0.5],"rotation":0,"texture":"#0","tintindex":0}}},{"from":[5.8571424,11.714286,6.0],"to":[7.5714283,13.428572,6.5714283],"rotation":{"angle":0.0,"axis":"y","origin":[8.0,7.428571,8.0]},"faces":{"east":{"uv":[9.5,6.5,10.0,8.0],"rotation":0,"texture":"#0","tintindex":0},"south":{"uv":[8.5,11.0,10.0,12.5],"rotation":0,"texture":"#0","tintindex":0},"north":{"uv":[8.0,3.5,9.5,5.0],"rotation":0,"texture":"#0","tintindex":0},"west":{"uv":[2.0,13.0,2.5,14.5],"rotation":0,"texture":"#0","tintindex":0},"up":{"uv":[14.0,3.5,12.5,3.0],"rotation":0,"texture":"#0","tintindex":0},"down":{"uv":[6.0,13.0,4.5,13.5],"rotation":0,"texture":"#0","tintindex":0}}},{"from":[5.714286,11.571428,5.8571424],"to":[7.714286,13.571428,5.8571424],"rotation":{"angle":0.0,"axis":"y","origin":[8.0,7.428571,8.0]},"faces":{"east":{"uv":[15.5,15.5,16.0,16.0],"rotation":0,"texture":"#0","tintindex":0},"south":{"uv":[15.5,15.5,16.0,16.0],"rotation":0,"texture":"#0","tintindex":0},"north":{"uv":[15.5,15.0,16.0,15.5],"rotation":0,"texture":"#0","tintindex":0},"west":{"uv":[15.5,15.5,16.0,16.0],"rotation":0,"texture":"#0","tintindex":0},"up":{"uv":[15.5,15.5,16.0,16.0],"rotation":0,"texture":"#0","tintindex":0},"down":{"uv":[15.5,15.5,16.0,16.0],"rotation":0,"texture":"#0","tintindex":0}}},{"from":[8.285714,11.571428,5.8571424],"to":[10.285714,13.571428,5.8571424],"rotation":{"angle":0.0,"axis":"y","origin":[8.0,7.428571,8.0]},"faces":{"east":{"uv":[16.0,15.5,15.5,16.0],"rotation":0,"texture":"#0","tintindex":0},"south":{"uv":[16.0,15.5,15.5,16.0],"rotation":0,"texture":"#0","tintindex":0},"north":{"uv":[16.0,15.0,15.5,15.5],"rotation":0,"texture":"#0","tintindex":0},"west":{"uv":[16.0,15.5,15.5,16.0],"rotation":0,"texture":"#0","tintindex":0},"up":{"uv":[16.0,15.5,15.5,16.0],"rotation":0,"texture":"#0","tintindex":0},"down":{"uv":[16.0,15.5,15.5,16.0],"rotation":0,"texture":"#0","tintindex":0}}},{"from":[8.428572,11.714286,6.0],"to":[10.142858,13.428572,6.5714283],"rotation":{"angle":0.0,"axis":"y","origin":[8.0,7.428571,8.0]},"faces":{"east":{"uv":[2.5,13.0,2.0,14.5],"rotation":0,"texture":"#0","tintindex":0},"south":{"uv":[10.0,11.0,8.5,12.5],"rotation":0,"texture":"#0","tintindex":0},"north":{"uv":[9.5,3.5,8.0,5.0],"rotation":0,"texture":"#0","tintindex":0},"west":{"uv":[10.0,6.5,9.5,8.0],"rotation":0,"texture":"#0","tintindex":0},"up":{"uv":[12.5,3.5,14.0,3.0],"rotation":0,"texture":"#0","tintindex":0},"down":{"uv":[4.5,13.0,6.0,13.5],"rotation":0,"texture":"#0","tintindex":0}}}],"textures":{"0":"modelengine:entity/hoarding_grub"},"display":{"head":{"translation":[0.0,-6.4,0.0],"scale":[4.0,4.0,4.0]}}}