{"elements":[{"from":[5.714286,8.0,7.428571],"to":[8.0,9.142858,8.571428],"rotation":{"angle":0.0,"axis":"y","origin":[9.714286,6.857143,8.0]},"faces":{"east":{"uv":[0.0,13.0,1.0,14.0],"rotation":0,"texture":"#0","tintindex":0},"south":{"uv":[12.5,2.0,14.5,3.0],"rotation":0,"texture":"#0","tintindex":0},"north":{"uv":[12.5,1.0,14.5,2.0],"rotation":0,"texture":"#0","tintindex":0},"west":{"uv":[1.0,13.0,2.0,14.0],"rotation":0,"texture":"#0","tintindex":0},"up":{"uv":[10.5,13.5,8.5,12.5],"rotation":0,"texture":"#0","tintindex":0},"down":{"uv":[12.5,12.5,10.5,13.5],"rotation":0,"texture":"#0","tintindex":0}}},{"from":[8.142858,9.285714,8.714286],"to":[5.5714283,7.857143,7.285714],"rotation":{"angle":0.0,"axis":"y","origin":[9.714286,6.857143,8.0]},"faces":{"east":{"uv":[15.5,15.5,16.0,16.0],"rotation":0,"texture":"#0","tintindex":0},"south":{"uv":[15.5,15.5,16.0,16.0],"rotation":0,"texture":"#0","tintindex":0},"north":{"uv":[15.5,15.5,16.0,16.0],"rotation":0,"texture":"#0","tintindex":0},"west":{"uv":[15.5,15.5,16.0,16.0],"rotation":0,"texture":"#0","tintindex":0},"up":{"uv":[15.5,15.5,16.0,16.0],"rotation":0,"texture":"#0","tintindex":0},"down":{"uv":[15.5,15.5,16.0,16.0],"rotation":0,"texture":"#0","tintindex":0}}}],"textures":{"0":"modelengine:entity/hoarding_grub"},"display":{"head":{"translation":[0.0,-6.4,0.0],"scale":[4.0,4.0,4.0]}}}