{"elements":[{"from":[5.714286,7.428571,7.428571],"to":[8.0,8.571428,8.571428],"rotation":{"angle":0.0,"axis":"y","origin":[9.714286,2.2857141,8.857143]},"faces":{"east":{"uv":[3.0,7.0,4.0,8.0],"rotation":0,"texture":"#0","tintindex":0},"south":{"uv":[12.0,3.5,14.0,4.5],"rotation":0,"texture":"#0","tintindex":0},"north":{"uv":[10.0,11.5,12.0,12.5],"rotation":0,"texture":"#0","tintindex":0},"west":{"uv":[12.5,12.5,13.5,13.5],"rotation":0,"texture":"#0","tintindex":0},"up":{"uv":[14.0,5.5,12.0,4.5],"rotation":0,"texture":"#0","tintindex":0},"down":{"uv":[14.0,5.5,12.0,6.5],"rotation":0,"texture":"#0","tintindex":0}}},{"from":[8.142858,8.714286,8.714286],"to":[5.5714283,7.285714,7.285714],"rotation":{"angle":0.0,"axis":"y","origin":[9.714286,2.2857141,8.857143]},"faces":{"east":{"uv":[15.5,15.5,16.0,16.0],"rotation":0,"texture":"#0","tintindex":0},"south":{"uv":[15.5,15.5,16.0,16.0],"rotation":0,"texture":"#0","tintindex":0},"north":{"uv":[15.5,15.5,16.0,16.0],"rotation":0,"texture":"#0","tintindex":0},"west":{"uv":[15.5,15.0,16.0,15.5],"rotation":0,"texture":"#0","tintindex":0},"up":{"uv":[15.5,15.5,16.0,16.0],"rotation":0,"texture":"#0","tintindex":0},"down":{"uv":[15.5,15.5,16.0,16.0],"rotation":0,"texture":"#0","tintindex":0}}}],"textures":{"0":"modelengine:entity/hoarding_grub"},"display":{"head":{"translation":[0.0,-6.4,0.0],"scale":[4.0,4.0,4.0]}}}