{"elements":[{"from":[8.0,8.0,7.428571],"to":[10.285714,9.142858,8.571428],"rotation":{"angle":0.0,"axis":"y","origin":[6.285714,6.857143,8.0]},"faces":{"east":{"uv":[2.0,13.0,1.0,14.0],"rotation":0,"texture":"#0","tintindex":0},"south":{"uv":[14.5,2.0,12.5,3.0],"rotation":0,"texture":"#0","tintindex":0},"north":{"uv":[14.5,1.0,12.5,2.0],"rotation":0,"texture":"#0","tintindex":0},"west":{"uv":[1.0,13.0,0.0,14.0],"rotation":0,"texture":"#0","tintindex":0},"up":{"uv":[8.5,13.5,10.5,12.5],"rotation":0,"texture":"#0","tintindex":0},"down":{"uv":[10.5,12.5,12.5,13.5],"rotation":0,"texture":"#0","tintindex":0}}},{"from":[10.428572,9.285714,8.714286],"to":[7.857143,7.857143,7.285714],"rotation":{"angle":0.0,"axis":"y","origin":[6.285714,6.857143,8.0]},"faces":{"east":{"uv":[16.0,15.5,15.5,16.0],"rotation":0,"texture":"#0","tintindex":0},"south":{"uv":[16.0,15.5,15.5,16.0],"rotation":0,"texture":"#0","tintindex":0},"north":{"uv":[16.0,15.5,15.5,16.0],"rotation":0,"texture":"#0","tintindex":0},"west":{"uv":[16.0,15.5,15.5,16.0],"rotation":0,"texture":"#0","tintindex":0},"up":{"uv":[16.0,15.5,15.5,16.0],"rotation":0,"texture":"#0","tintindex":0},"down":{"uv":[16.0,15.5,15.5,16.0],"rotation":0,"texture":"#0","tintindex":0}}}],"textures":{"0":"modelengine:entity/hoarding_grub"},"display":{"head":{"translation":[0.0,-6.4,0.0],"scale":[4.0,4.0,4.0]}}}