{"elements":[{"from":[8.0,7.428571,7.428571],"to":[10.285714,8.571428,8.571428],"rotation":{"angle":0.0,"axis":"y","origin":[6.285714,2.2857141,8.857143]},"faces":{"east":{"uv":[13.5,12.5,12.5,13.5],"rotation":0,"texture":"#0","tintindex":0},"south":{"uv":[14.0,3.5,12.0,4.5],"rotation":0,"texture":"#0","tintindex":0},"north":{"uv":[12.0,11.5,10.0,12.5],"rotation":0,"texture":"#0","tintindex":0},"west":{"uv":[4.0,7.0,3.0,8.0],"rotation":0,"texture":"#0","tintindex":0},"up":{"uv":[12.0,5.5,14.0,4.5],"rotation":0,"texture":"#0","tintindex":0},"down":{"uv":[12.0,5.5,14.0,6.5],"rotation":0,"texture":"#0","tintindex":0}}},{"from":[10.428572,8.714286,8.714286],"to":[7.857143,7.285714,7.285714],"rotation":{"angle":0.0,"axis":"y","origin":[6.285714,2.2857141,8.857143]},"faces":{"east":{"uv":[16.0,15.0,15.5,15.5],"rotation":0,"texture":"#0","tintindex":0},"south":{"uv":[16.0,15.5,15.5,16.0],"rotation":0,"texture":"#0","tintindex":0},"north":{"uv":[16.0,15.5,15.5,16.0],"rotation":0,"texture":"#0","tintindex":0},"west":{"uv":[16.0,15.5,15.5,16.0],"rotation":0,"texture":"#0","tintindex":0},"up":{"uv":[16.0,15.5,15.5,16.0],"rotation":0,"texture":"#0","tintindex":0},"down":{"uv":[16.0,15.5,15.5,16.0],"rotation":0,"texture":"#0","tintindex":0}}}],"textures":{"0":"modelengine:entity/hoarding_grub"},"display":{"head":{"translation":[0.0,-6.4,0.0],"scale":[4.0,4.0,4.0]}}}