{"elements":[{"from":[6.857143,5.142857,8.0],"to":[8.0,8.0,8.0],"rotation":{"angle":0.0,"axis":"y","origin":[4.0,6.857143,8.0]},"faces":{"east":{"uv":[0.0,0.0,0.0,2.5],"rotation":0,"texture":"#0","tintindex":0},"south":{"uv":[6.5,11.0,7.5,13.5],"rotation":0,"texture":"#0","tintindex":0},"north":{"uv":[7.5,11.0,6.5,13.5],"rotation":0,"texture":"#0","tintindex":0},"west":{"uv":[0.0,0.0,0.0,2.5],"rotation":0,"texture":"#0","tintindex":0},"up":{"uv":[0.0,0.0,1.0,0.0],"rotation":0,"texture":"#0","tintindex":0},"down":{"uv":[0.0,0.0,1.0,0.0],"rotation":0,"texture":"#0","tintindex":0}}},{"from":[7.285714,5.0,8.014286],"to":[8.142858,8.142858,8.014286],"rotation":{"angle":0.0,"axis":"y","origin":[4.0,6.857143,8.0]},"faces":{"east":{"uv":[16.0,15.5,15.5,16.0],"rotation":0,"texture":"#0","tintindex":0},"south":{"uv":[16.0,15.0,15.5,15.5],"rotation":0,"texture":"#0","tintindex":0},"north":{"uv":[16.0,15.5,15.5,16.0],"rotation":0,"texture":"#0","tintindex":0},"west":{"uv":[16.0,15.5,15.5,16.0],"rotation":0,"texture":"#0","tintindex":0},"up":{"uv":[16.0,15.5,15.5,16.0],"rotation":0,"texture":"#0","tintindex":0},"down":{"uv":[16.0,15.5,15.5,16.0],"rotation":0,"texture":"#0","tintindex":0}}},{"from":[7.285714,5.0,7.9857144],"to":[8.142858,8.142858,7.9857144],"rotation":{"angle":0.0,"axis":"y","origin":[4.0,6.857143,8.0]},"faces":{"east":{"uv":[15.5,15.5,16.0,16.0],"rotation":0,"texture":"#0","tintindex":0},"south":{"uv":[15.5,15.5,16.0,16.0],"rotation":0,"texture":"#0","tintindex":0},"north":{"uv":[15.5,15.0,16.0,15.5],"rotation":0,"texture":"#0","tintindex":0},"west":{"uv":[15.5,15.5,16.0,16.0],"rotation":0,"texture":"#0","tintindex":0},"up":{"uv":[16.0,16.0,15.5,15.5],"rotation":0,"texture":"#0","tintindex":0},"down":{"uv":[16.0,16.0,15.5,15.5],"rotation":0,"texture":"#0","tintindex":0}}},{"from":[6.714286,6.714286,8.014286],"to":[7.5714283,8.142858,8.014286],"rotation":{"angle":0.0,"axis":"y","origin":[4.0,6.857143,8.0]},"faces":{"east":{"uv":[16.0,15.5,15.5,16.0],"rotation":0,"texture":"#0","tintindex":0},"south":{"uv":[16.0,15.0,15.5,15.5],"rotation":0,"texture":"#0","tintindex":0},"north":{"uv":[16.0,15.5,15.5,16.0],"rotation":0,"texture":"#0","tintindex":0},"west":{"uv":[16.0,15.5,15.5,16.0],"rotation":0,"texture":"#0","tintindex":0},"up":{"uv":[16.0,15.5,15.5,16.0],"rotation":0,"texture":"#0","tintindex":0},"down":{"uv":[16.0,15.5,15.5,16.0],"rotation":0,"texture":"#0","tintindex":0}}},{"from":[6.714286,6.714286,7.9857144],"to":[7.5714283,8.142858,7.9857144],"rotation":{"angle":0.0,"axis":"y","origin":[4.0,6.857143,8.0]},"faces":{"east":{"uv":[15.5,15.5,16.0,16.0],"rotation":0,"texture":"#0","tintindex":0},"south":{"uv":[15.5,15.5,16.0,16.0],"rotation":0,"texture":"#0","tintindex":0},"north":{"uv":[15.5,15.0,16.0,15.5],"rotation":0,"texture":"#0","tintindex":0},"west":{"uv":[15.5,15.5,16.0,16.0],"rotation":0,"texture":"#0","tintindex":0},"up":{"uv":[16.0,16.0,15.5,15.5],"rotation":0,"texture":"#0","tintindex":0},"down":{"uv":[16.0,16.0,15.5,15.5],"rotation":0,"texture":"#0","tintindex":0}}}],"textures":{"0":"modelengine:entity/hoarding_grub"},"display":{"head":{"translation":[0.0,-6.4,0.0],"scale":[4.0,4.0,4.0]}}}