{"elements":[{"from":[8.0,8.0,8.0],"to":[10.285714,9.142858,8.0],"rotation":{"angle":0.0,"axis":"y","origin":[4.0,2.8571424,8.857143]},"faces":{"east":{"uv":[0.0,0.0,0.0,1.0],"rotation":0,"texture":"#0","tintindex":0},"south":{"uv":[14.5,0.0,12.5,1.0],"rotation":0,"texture":"#0","tintindex":0},"north":{"uv":[12.5,0.0,14.5,1.0],"rotation":0,"texture":"#0","tintindex":0},"west":{"uv":[0.0,0.0,0.0,1.0],"rotation":0,"texture":"#0","tintindex":0},"up":{"uv":[0.0,0.0,2.0,0.0],"rotation":0,"texture":"#0","tintindex":0},"down":{"uv":[0.0,0.0,2.0,0.0],"rotation":0,"texture":"#0","tintindex":0}}},{"from":[7.857143,8.428572,8.014286],"to":[10.428572,9.285714,8.014286],"rotation":{"angle":0.0,"axis":"y","origin":[4.0,2.8571424,8.857143]},"faces":{"east":{"uv":[16.0,15.5,15.5,16.0],"rotation":0,"texture":"#0","tintindex":0},"south":{"uv":[16.0,15.0,15.5,15.5],"rotation":0,"texture":"#0","tintindex":0},"north":{"uv":[16.0,15.5,15.5,16.0],"rotation":0,"texture":"#0","tintindex":0},"west":{"uv":[16.0,15.5,15.5,16.0],"rotation":0,"texture":"#0","tintindex":0},"up":{"uv":[16.0,15.5,15.5,16.0],"rotation":0,"texture":"#0","tintindex":0},"down":{"uv":[16.0,15.5,15.5,16.0],"rotation":0,"texture":"#0","tintindex":0}}},{"from":[7.857143,8.428572,7.9857144],"to":[10.428572,9.285714,7.9857144],"rotation":{"angle":0.0,"axis":"y","origin":[4.0,2.8571424,8.857143]},"faces":{"east":{"uv":[15.5,15.5,16.0,16.0],"rotation":0,"texture":"#0","tintindex":0},"south":{"uv":[15.5,15.5,16.0,16.0],"rotation":0,"texture":"#0","tintindex":0},"north":{"uv":[15.5,15.0,16.0,15.5],"rotation":0,"texture":"#0","tintindex":0},"west":{"uv":[15.5,15.5,16.0,16.0],"rotation":0,"texture":"#0","tintindex":0},"up":{"uv":[16.0,16.0,15.5,15.5],"rotation":0,"texture":"#0","tintindex":0},"down":{"uv":[16.0,16.0,15.5,15.5],"rotation":0,"texture":"#0","tintindex":0}}},{"from":[7.857143,7.857143,8.014286],"to":[9.857143,8.714286,8.014286],"rotation":{"angle":0.0,"axis":"y","origin":[4.0,2.8571424,8.857143]},"faces":{"east":{"uv":[16.0,15.5,15.5,16.0],"rotation":0,"texture":"#0","tintindex":0},"south":{"uv":[16.0,15.0,15.5,15.5],"rotation":0,"texture":"#0","tintindex":0},"north":{"uv":[16.0,15.5,15.5,16.0],"rotation":0,"texture":"#0","tintindex":0},"west":{"uv":[16.0,15.5,15.5,16.0],"rotation":0,"texture":"#0","tintindex":0},"up":{"uv":[16.0,15.5,15.5,16.0],"rotation":0,"texture":"#0","tintindex":0},"down":{"uv":[16.0,15.5,15.5,16.0],"rotation":0,"texture":"#0","tintindex":0}}},{"from":[7.857143,7.857143,7.9857144],"to":[9.857143,8.714286,7.9857144],"rotation":{"angle":0.0,"axis":"y","origin":[4.0,2.8571424,8.857143]},"faces":{"east":{"uv":[15.5,15.5,16.0,16.0],"rotation":0,"texture":"#0","tintindex":0},"south":{"uv":[15.5,15.5,16.0,16.0],"rotation":0,"texture":"#0","tintindex":0},"north":{"uv":[15.5,15.0,16.0,15.5],"rotation":0,"texture":"#0","tintindex":0},"west":{"uv":[15.5,15.5,16.0,16.0],"rotation":0,"texture":"#0","tintindex":0},"up":{"uv":[16.0,16.0,15.5,15.5],"rotation":0,"texture":"#0","tintindex":0},"down":{"uv":[16.0,16.0,15.5,15.5],"rotation":0,"texture":"#0","tintindex":0}}}],"textures":{"0":"modelengine:entity/hoarding_grub"},"display":{"head":{"translation":[0.0,-6.4,0.0],"scale":[4.0,4.0,4.0]}}}