{"elements":[{"from":[6.0,7.9142857,5.428571],"to":[10.0,11.914286,10.571428],"rotation":{"angle":0.0,"axis":"y","origin":[7.714286,6.7714286,7.714286]},"faces":{"east":{"uv":[0.0,0.0,2.25,1.75],"rotation":0,"texture":"#0","tintindex":0},"south":{"uv":[4.0,0.0,5.75,1.75],"rotation":0,"texture":"#0","tintindex":0},"north":{"uv":[0.0,3.5,1.75,5.25],"rotation":0,"texture":"#0","tintindex":0},"west":{"uv":[0.0,1.75,2.25,3.5],"rotation":0,"texture":"#0","tintindex":0},"up":{"uv":[4.0,2.25,2.25,0.0],"rotation":0,"texture":"#0","tintindex":0},"down":{"uv":[4.0,2.25,2.25,4.5],"rotation":0,"texture":"#0","tintindex":0}}},{"from":[10.0,7.9142857,6.0],"to":[10.571428,11.914286,10.0],"rotation":{"angle":0.0,"axis":"y","origin":[7.714286,6.7714286,7.714286]},"faces":{"east":{"uv":[4.0,1.75,5.75,3.5],"rotation":0,"texture":"#0","tintindex":0},"south":{"uv":[5.5,10.0,5.75,11.75],"rotation":0,"texture":"#0","tintindex":0},"north":{"uv":[5.25,10.0,5.5,11.75],"rotation":0,"texture":"#0","tintindex":0},"west":{"uv":[4.0,3.5,5.75,5.25],"rotation":0,"texture":"#0","tintindex":0},"up":{"uv":[6.0,11.75,5.75,10.0],"rotation":0,"texture":"#0","tintindex":0},"down":{"uv":[6.25,10.0,6.0,11.75],"rotation":0,"texture":"#0","tintindex":0}}},{"from":[9.428572,11.914286,6.5714283],"to":[10.0,13.628572,9.428572],"rotation":{"angle":0.0,"axis":"y","origin":[7.714286,6.7714286,7.714286]},"faces":{"east":{"uv":[5.75,4.5,7.0,5.25],"rotation":0,"texture":"#0","tintindex":0},"south":{"uv":[2.0,3.5,2.25,4.25],"rotation":0,"texture":"#0","tintindex":0},"north":{"uv":[1.75,3.5,2.0,4.25],"rotation":0,"texture":"#0","tintindex":0},"west":{"uv":[8.75,1.0,10.0,1.75],"rotation":0,"texture":"#0","tintindex":0},"up":{"uv":[8.25,11.25,8.0,10.0],"rotation":0,"texture":"#0","tintindex":0},"down":{"uv":[8.5,10.0,8.25,11.25],"rotation":0,"texture":"#0","tintindex":0}}},{"from":[6.5714283,11.914286,6.0],"to":[9.428572,13.628572,6.5714283],"rotation":{"angle":0.0,"axis":"y","origin":[7.714286,6.7714286,7.714286]},"faces":{"east":{"uv":[3.5,4.5,3.75,5.25],"rotation":0,"texture":"#0","tintindex":0},"south":{"uv":[7.25,8.75,8.5,9.5],"rotation":0,"texture":"#0","tintindex":0},"north":{"uv":[8.75,1.75,10.0,2.5],"rotation":0,"texture":"#0","tintindex":0},"west":{"uv":[3.75,4.5,4.0,5.25],"rotation":0,"texture":"#0","tintindex":0},"up":{"uv":[11.25,2.5,10.0,2.25],"rotation":0,"texture":"#0","tintindex":0},"down":{"uv":[9.75,10.0,8.5,10.25],"rotation":0,"texture":"#0","tintindex":0}}},{"from":[6.5714283,11.342857,6.5714283],"to":[9.428572,14.771429,9.428572],"rotation":{"angle":0.0,"axis":"y","origin":[7.714286,6.7714286,7.714286]},"faces":{"east":{"uv":[1.75,6.25,3.0,7.75],"rotation":0,"texture":"#0","tintindex":0},"south":{"uv":[0.0,7.0,1.25,8.5],"rotation":0,"texture":"#0","tintindex":0},"north":{"uv":[5.75,3.0,7.0,4.5],"rotation":0,"texture":"#0","tintindex":0},"west":{"uv":[3.0,7.0,4.25,8.5],"rotation":0,"texture":"#0","tintindex":0},"up":{"uv":[8.25,4.25,7.0,3.0],"rotation":0,"texture":"#0","tintindex":0},"down":{"uv":[5.5,7.0,4.25,8.25],"rotation":0,"texture":"#0","tintindex":0}}},{"from":[6.0,11.914286,6.5714283],"to":[6.5714283,13.628572,9.428572],"rotation":{"angle":0.0,"axis":"y","origin":[7.714286,6.7714286,7.714286]},"faces":{"east":{"uv":[8.5,8.75,9.75,9.5],"rotation":0,"texture":"#0","tintindex":0},"south":{"uv":[3.25,6.25,3.5,7.0],"rotation":0,"texture":"#0","tintindex":0},"north":{"uv":[3.0,6.25,3.25,7.0],"rotation":0,"texture":"#0","tintindex":0},"west":{"uv":[9.25,2.5,10.5,3.25],"rotation":0,"texture":"#0","tintindex":0},"up":{"uv":[10.0,11.25,9.75,10.0],"rotation":0,"texture":"#0","tintindex":0},"down":{"uv":[10.25,10.0,10.0,11.25],"rotation":0,"texture":"#0","tintindex":0}}},{"from":[5.428571,7.9142857,6.0],"to":[6.0,11.914286,10.0],"rotation":{"angle":0.0,"axis":"y","origin":[7.714286,6.7714286,7.714286]},"faces":{"east":{"uv":[1.75,4.5,3.5,6.25],"rotation":0,"texture":"#0","tintindex":0},"south":{"uv":[7.25,10.0,7.5,11.75],"rotation":0,"texture":"#0","tintindex":0},"north":{"uv":[6.25,10.0,6.5,11.75],"rotation":0,"texture":"#0","tintindex":0},"west":{"uv":[0.0,5.25,1.75,7.0],"rotation":0,"texture":"#0","tintindex":0},"up":{"uv":[7.75,11.75,7.5,10.0],"rotation":0,"texture":"#0","tintindex":0},"down":{"uv":[8.0,10.0,7.75,11.75],"rotation":0,"texture":"#0","tintindex":0}}},{"from":[6.5714283,11.914286,9.428572],"to":[9.428572,13.628572,10.0],"rotation":{"angle":0.0,"axis":"y","origin":[7.714286,6.7714286,7.714286]},"faces":{"east":{"uv":[1.25,7.0,1.5,7.75],"rotation":0,"texture":"#0","tintindex":0},"south":{"uv":[9.25,4.0,10.5,4.75],"rotation":0,"texture":"#0","tintindex":0},"north":{"uv":[9.25,3.25,10.5,4.0],"rotation":0,"texture":"#0","tintindex":0},"west":{"uv":[1.5,7.0,1.75,7.75],"rotation":0,"texture":"#0","tintindex":0},"up":{"uv":[1.25,10.5,0.0,10.25],"rotation":0,"texture":"#0","tintindex":0},"down":{"uv":[2.5,10.25,1.25,10.5],"rotation":0,"texture":"#0","tintindex":0}}},{"from":[6.5714283,6.7714286,6.5714283],"to":[9.428572,7.3428574,9.428572],"rotation":{"angle":0.0,"axis":"y","origin":[7.714286,6.7714286,7.714286]},"faces":{"east":{"uv":[10.25,10.0,11.5,10.25],"rotation":0,"texture":"#0","tintindex":0},"south":{"uv":[10.25,10.25,11.5,10.5],"rotation":0,"texture":"#0","tintindex":0},"north":{"uv":[8.5,10.25,9.75,10.5],"rotation":0,"texture":"#0","tintindex":0},"west":{"uv":[0.0,10.5,1.25,10.75],"rotation":0,"texture":"#0","tintindex":0},"up":{"uv":[8.25,5.5,7.0,4.25],"rotation":0,"texture":"#0","tintindex":0},"down":{"uv":[6.75,7.0,5.5,8.25],"rotation":0,"texture":"#0","tintindex":0}}},{"from":[6.0,7.3428574,6.0],"to":[10.0,7.9142857,10.0],"rotation":{"angle":0.0,"axis":"y","origin":[7.714286,6.7714286,7.714286]},"faces":{"east":{"uv":[10.0,1.5,11.75,1.75],"rotation":0,"texture":"#0","tintindex":0},"south":{"uv":[10.0,1.75,11.75,2.0],"rotation":0,"texture":"#0","tintindex":0},"north":{"uv":[10.0,1.25,11.75,1.5],"rotation":0,"texture":"#0","tintindex":0},"west":{"uv":[10.0,2.0,11.75,2.25],"rotation":0,"texture":"#0","tintindex":0},"up":{"uv":[5.25,7.0,3.5,5.25],"rotation":0,"texture":"#0","tintindex":0},"down":{"uv":[7.0,5.25,5.25,7.0],"rotation":0,"texture":"#0","tintindex":0}}}],"textures":{"0":"modelengine:entity/yukio_egg"},"display":{"head":{"translation":[0.0,-6.4,0.0],"scale":[4.0,4.0,4.0]}}}