{"elements":[{"from":[4.885534,7.4292636,8.443829],"to":[8.314105,9.714978,11.8724],"rotation":{"angle":-22.5,"axis":"x","origin":[6.5998197,9.14355,9.586686]},"faces":{"east":{"uv":[7.25,1.0,8.75,2.0],"rotation":0,"texture":"#0","tintindex":0},"south":{"uv":[7.25,2.0,8.75,3.0],"rotation":0,"texture":"#0","tintindex":0},"north":{"uv":[7.25,0.0,8.75,1.0],"rotation":0,"texture":"#0","tintindex":0},"west":{"uv":[1.25,7.75,2.75,8.75],"rotation":0,"texture":"#0","tintindex":0},"up":{"uv":[7.25,1.5,5.75,0.0],"rotation":0,"texture":"#0","tintindex":0},"down":{"uv":[7.25,1.5,5.75,3.0],"rotation":0,"texture":"#0","tintindex":0}}},{"from":[8.314105,7.4292636,7.8724],"to":[10.59982,9.714978,10.158114],"rotation":{"angle":-22.5,"axis":"y","origin":[6.5998197,9.14355,9.586686]},"faces":{"east":{"uv":[5.25,8.25,6.25,9.25],"rotation":0,"texture":"#0","tintindex":0},"south":{"uv":[8.25,5.25,9.25,6.25],"rotation":0,"texture":"#0","tintindex":0},"north":{"uv":[8.25,4.25,9.25,5.25],"rotation":0,"texture":"#0","tintindex":0},"west":{"uv":[6.25,8.25,7.25,9.25],"rotation":0,"texture":"#0","tintindex":0},"up":{"uv":[1.0,9.5,0.0,8.5],"rotation":0,"texture":"#0","tintindex":0},"down":{"uv":[3.75,8.5,2.75,9.5],"rotation":0,"texture":"#0","tintindex":0}}},{"from":[9.456963,8.000692,6.7295427],"to":[12.314106,9.714978,9.015257],"rotation":{"angle":22.5,"axis":"z","origin":[10.885534,8.857836,7.8724]},"faces":{"east":{"uv":[0.0,9.5,1.0,10.25],"rotation":0,"texture":"#0","tintindex":0},"south":{"uv":[5.25,9.25,6.5,10.0],"rotation":0,"texture":"#0","tintindex":0},"north":{"uv":[9.25,4.75,10.5,5.5],"rotation":0,"texture":"#0","tintindex":0},"west":{"uv":[2.0,9.5,3.0,10.25],"rotation":0,"texture":"#0","tintindex":0},"up":{"uv":[9.25,7.75,8.0,6.75],"rotation":0,"texture":"#0","tintindex":0},"down":{"uv":[9.25,7.75,8.0,8.75],"rotation":0,"texture":"#0","tintindex":0}}},{"from":[3.7426767,8.000692,7.3009715],"to":[6.028391,9.14355,10.158114],"rotation":{"angle":0.0,"axis":"y","origin":[6.5998197,9.14355,9.586686]},"faces":{"east":{"uv":[7.25,9.5,8.5,10.0],"rotation":0,"texture":"#0","tintindex":0},"south":{"uv":[1.0,9.75,2.0,10.25],"rotation":0,"texture":"#0","tintindex":0},"north":{"uv":[8.25,6.25,9.25,6.75],"rotation":0,"texture":"#0","tintindex":0},"west":{"uv":[8.5,9.5,9.75,10.0],"rotation":0,"texture":"#0","tintindex":0},"up":{"uv":[9.25,4.25,8.25,3.0],"rotation":0,"texture":"#0","tintindex":0},"down":{"uv":[5.25,8.25,4.25,9.5],"rotation":0,"texture":"#0","tintindex":0}}},{"from":[8.885534,8.000692,4.4438286],"to":[11.171248,9.14355,6.7295427],"rotation":{"angle":0.0,"axis":"y","origin":[6.5998197,9.14355,9.586686]},"faces":{"east":{"uv":[9.75,9.0,10.75,9.5],"rotation":0,"texture":"#0","tintindex":0},"south":{"uv":[9.75,9.5,10.75,10.0],"rotation":0,"texture":"#0","tintindex":0},"north":{"uv":[9.75,8.5,10.75,9.0],"rotation":0,"texture":"#0","tintindex":0},"west":{"uv":[10.0,0.75,11.0,1.25],"rotation":0,"texture":"#0","tintindex":0},"up":{"uv":[9.75,1.0,8.75,0.0],"rotation":0,"texture":"#0","tintindex":0},"down":{"uv":[2.0,8.75,1.0,9.75],"rotation":0,"texture":"#0","tintindex":0}}},{"from":[7.1712484,8.000692,4.4438286],"to":[8.885534,10.2864065,6.1581144],"rotation":{"angle":22.5,"axis":"x","origin":[6.3141055,9.14355,5.300971]},"faces":{"east":{"uv":[3.0,9.5,3.75,10.5],"rotation":0,"texture":"#0","tintindex":0},"south":{"uv":[3.75,9.5,4.5,10.5],"rotation":0,"texture":"#0","tintindex":0},"north":{"uv":[6.5,9.25,7.25,10.25],"rotation":0,"texture":"#0","tintindex":0},"west":{"uv":[4.5,9.5,5.25,10.5],"rotation":0,"texture":"#0","tintindex":0},"up":{"uv":[2.75,9.5,2.0,8.75],"rotation":0,"texture":"#0","tintindex":0},"down":{"uv":[10.5,0.0,9.75,0.75],"rotation":0,"texture":"#0","tintindex":0}}},{"from":[4.314105,8.000692,5.015257],"to":[7.1712484,9.714978,7.8724],"rotation":{"angle":-22.5,"axis":"z","origin":[5.4569626,8.572121,5.8724]},"faces":{"east":{"uv":[9.25,6.25,10.5,7.0],"rotation":0,"texture":"#0","tintindex":0},"south":{"uv":[9.25,7.0,10.5,7.75],"rotation":0,"texture":"#0","tintindex":0},"north":{"uv":[9.25,5.5,10.5,6.25],"rotation":0,"texture":"#0","tintindex":0},"west":{"uv":[9.25,7.75,10.5,8.5],"rotation":0,"texture":"#0","tintindex":0},"up":{"uv":[8.25,6.75,7.0,5.5],"rotation":0,"texture":"#0","tintindex":0},"down":{"uv":[8.0,7.0,6.75,8.25],"rotation":0,"texture":"#0","tintindex":0}}}],"textures":{"0":"modelengine:entity/yukio_egg"},"display":{"head":{"translation":[0.0,-6.4,0.0],"scale":[4.0,4.0,4.0]}}}