{"elements":[{"from":[7.7339134,7.6225266,-4.542612],"to":[8.248199,8.136812,13.685961],"rotation":{"angle":0.0,"axis":"y","origin":[8.000463,7.42627,-5.6078777]},"faces":{"east":{"uv":[2.8135,1.376,4.8115,1.4365],"rotation":0,"texture":"#1","tintindex":0},"south":{"uv":[8.4385,0.126,8.499,0.1865],"rotation":0,"texture":"#1","tintindex":0},"north":{"uv":[8.4385,0.001,8.499,0.0615],"rotation":0,"texture":"#1","tintindex":0},"west":{"uv":[2.8135,1.501,4.8115,1.5615],"rotation":0,"texture":"#1","tintindex":0},"up":{"uv":[2.9365,4.749,2.876,2.751],"rotation":0,"texture":"#1","tintindex":0},"down":{"uv":[0.374,3.001,0.3135,4.999],"rotation":0,"texture":"#1","tintindex":0}}},{"from":[7.7339134,7.6225266,-5.6854687],"to":[8.248199,8.136812,-4.028325],"rotation":{"angle":0.0,"axis":"y","origin":[8.000463,7.42627,-5.6078777]},"faces":{"east":{"uv":[7.5635,2.376,7.749,2.4365],"rotation":0,"texture":"#1","tintindex":0},"south":{"uv":[8.4385,0.751,8.499,0.8115],"rotation":0,"texture":"#1","tintindex":0},"north":{"uv":[8.4385,0.376,8.499,0.4365],"rotation":0,"texture":"#1","tintindex":0},"west":{"uv":[7.5635,3.626,7.749,3.6865],"rotation":0,"texture":"#1","tintindex":0},"up":{"uv":[7.624,6.0615,7.5635,5.876],"rotation":0,"texture":"#1","tintindex":0},"down":{"uv":[7.624,6.4385,7.5635,6.624],"rotation":0,"texture":"#1","tintindex":0}}},{"from":[7.6004624,4.4780827,-3.4534092],"to":[8.400462,5.849511,-2.0819798],"rotation":{"angle":-45.0,"axis":"x","origin":[8.009869,7.42627,-5.6078777]},"faces":{"east":{"uv":[7.251,4.376,7.374,4.499],"rotation":0,"texture":"#1","tintindex":0},"south":{"uv":[5.4385,7.9385,5.499,8.0615],"rotation":0,"texture":"#1","tintindex":0},"north":{"uv":[5.3135,7.9385,5.374,8.0615],"rotation":0,"texture":"#1","tintindex":0},"west":{"uv":[6.6885,7.251,6.8115,7.374],"rotation":0,"texture":"#1","tintindex":0},"up":{"uv":[7.999,5.624,7.9385,5.501],"rotation":0,"texture":"#1","tintindex":0},"down":{"uv":[7.999,6.376,7.9385,6.499],"rotation":0,"texture":"#1","tintindex":0}}},{"from":[7.5910563,-2.0734959,3.73309],"to":[8.391056,-1.2734947,4.5330896],"rotation":{"angle":-45.0,"axis":"x","origin":[8.000463,7.42627,-5.6078777]},"faces":{"east":{"uv":[1.001,8.4385,1.0615,8.499],"rotation":0,"texture":"#1","tintindex":0},"south":{"uv":[1.126,8.4385,1.1865,8.499],"rotation":0,"texture":"#1","tintindex":0},"north":{"uv":[8.4385,0.876,8.499,0.9365],"rotation":0,"texture":"#1","tintindex":0},"west":{"uv":[1.251,8.4385,1.3115,8.499],"rotation":0,"texture":"#1","tintindex":0},"up":{"uv":[8.499,1.374,8.4385,1.3135],"rotation":0,"texture":"#1","tintindex":0},"down":{"uv":[1.4365,8.4385,1.376,8.499],"rotation":0,"texture":"#1","tintindex":0}}},{"from":[7.6004624,-5.3059835,6.965578],"to":[8.400462,-4.5059834,7.765578],"rotation":{"angle":-45.0,"axis":"x","origin":[8.009869,7.42627,-5.6078777]},"faces":{"east":{"uv":[8.4385,1.5635,8.499,1.624],"rotation":0,"texture":"#1","tintindex":0},"south":{"uv":[1.626,8.4385,1.6865,8.499],"rotation":0,"texture":"#1","tintindex":0},"north":{"uv":[8.4385,1.4385,8.499,1.499],"rotation":0,"texture":"#1","tintindex":0},"west":{"uv":[8.4385,1.6885,8.499,1.749],"rotation":0,"texture":"#1","tintindex":0},"up":{"uv":[8.499,2.0615,8.4385,2.001],"rotation":0,"texture":"#1","tintindex":0},"down":{"uv":[2.1865,8.4385,2.126,8.499],"rotation":0,"texture":"#1","tintindex":0}}},{"from":[7.7147484,-6.201851,8.090016],"to":[8.286177,-5.6304216,9.804302],"rotation":{"angle":-45.0,"axis":"x","origin":[8.009869,7.42627,-5.6078777]},"faces":{"east":{"uv":[7.5635,6.126,7.749,6.1865],"rotation":0,"texture":"#1","tintindex":0},"south":{"uv":[8.4385,2.376,8.499,2.4365],"rotation":0,"texture":"#1","tintindex":0},"north":{"uv":[2.251,8.4385,2.3115,8.499],"rotation":0,"texture":"#1","tintindex":0},"west":{"uv":[7.3135,7.5635,7.499,7.624],"rotation":0,"texture":"#1","tintindex":0},"up":{"uv":[7.624,7.749,7.5635,7.5635],"rotation":0,"texture":"#1","tintindex":0},"down":{"uv":[0.3115,7.626,0.251,7.8115],"rotation":0,"texture":"#1","tintindex":0}}},{"from":[7.7147484,-7.3447075,8.090016],"to":[8.286177,-6.773279,9.804302],"rotation":{"angle":-45.0,"axis":"x","origin":[8.009869,7.42627,-5.6078777]},"faces":{"east":{"uv":[0.501,7.626,0.6865,7.6865],"rotation":0,"texture":"#1","tintindex":0},"south":{"uv":[2.626,8.4385,2.6865,8.499],"rotation":0,"texture":"#1","tintindex":0},"north":{"uv":[2.501,8.4385,2.5615,8.499],"rotation":0,"texture":"#1","tintindex":0},"west":{"uv":[0.751,7.626,0.9365,7.6865],"rotation":0,"texture":"#1","tintindex":0},"up":{"uv":[1.0615,7.8115,1.001,7.626],"rotation":0,"texture":"#1","tintindex":0},"down":{"uv":[1.1865,7.626,1.126,7.8115],"rotation":0,"texture":"#1","tintindex":0}}},{"from":[7.7147484,-6.773279,8.090016],"to":[8.286177,-6.201851,8.661445],"rotation":{"angle":-45.0,"axis":"x","origin":[8.009869,7.42627,-5.6078777]},"faces":{"east":{"uv":[2.876,8.4385,2.9365,8.499],"rotation":0,"texture":"#1","tintindex":0},"south":{"uv":[3.251,8.4385,3.3115,8.499],"rotation":0,"texture":"#1","tintindex":0},"north":{"uv":[2.751,8.4385,2.8115,8.499],"rotation":0,"texture":"#1","tintindex":0},"west":{"uv":[3.376,8.4385,3.4365,8.499],"rotation":0,"texture":"#1","tintindex":0},"up":{"uv":[3.5615,8.499,3.501,8.4385],"rotation":0,"texture":"#1","tintindex":0},"down":{"uv":[8.499,3.501,8.4385,3.5615],"rotation":0,"texture":"#1","tintindex":0}}},{"from":[7.7147484,-6.773279,9.232874],"to":[8.286177,-6.201851,9.804302],"rotation":{"angle":-45.0,"axis":"x","origin":[8.009869,7.42627,-5.6078777]},"faces":{"east":{"uv":[3.751,8.4385,3.8115,8.499],"rotation":0,"texture":"#1","tintindex":0},"south":{"uv":[3.876,8.4385,3.9365,8.499],"rotation":0,"texture":"#1","tintindex":0},"north":{"uv":[3.626,8.4385,3.6865,8.499],"rotation":0,"texture":"#1","tintindex":0},"west":{"uv":[4.126,8.4385,4.1865,8.499],"rotation":0,"texture":"#1","tintindex":0},"up":{"uv":[4.3115,8.499,4.251,8.4385],"rotation":0,"texture":"#1","tintindex":0},"down":{"uv":[8.499,4.3135,8.4385,4.374],"rotation":0,"texture":"#1","tintindex":0}}},{"from":[6.973034,10.013672,-8.019344],"to":[7.5421767,10.415447,-7.61757],"rotation":{"angle":-45.0,"axis":"x","origin":[8.009869,7.42627,-5.6078777]},"faces":{"east":{"uv":[4.501,8.4385,4.5615,8.499],"rotation":0,"texture":"#1","tintindex":0},"south":{"uv":[4.626,8.4385,4.6865,8.499],"rotation":0,"texture":"#1","tintindex":0},"north":{"uv":[4.376,8.4385,4.4365,8.499],"rotation":0,"texture":"#1","tintindex":0},"west":{"uv":[8.4385,4.751,8.499,4.8115],"rotation":0,"texture":"#1","tintindex":0},"up":{"uv":[5.0615,8.499,5.001,8.4385],"rotation":0,"texture":"#1","tintindex":0},"down":{"uv":[5.1865,8.4385,5.126,8.499],"rotation":0,"texture":"#1","tintindex":0}}},{"from":[6.9718914,7.5490594,-9.142612],"to":[7.5433197,8.120488,-7.999754],"rotation":{"angle":0.0,"axis":"y","origin":[8.009869,7.42627,-5.6078777]},"faces":{"east":{"uv":[7.9385,5.6885,8.0615,5.749],"rotation":0,"texture":"#1","tintindex":0},"south":{"uv":[5.5635,8.4385,5.624,8.499],"rotation":0,"texture":"#1","tintindex":0},"north":{"uv":[8.4385,5.4385,8.499,5.499],"rotation":0,"texture":"#1","tintindex":0},"west":{"uv":[7.9385,6.8135,8.0615,6.874],"rotation":0,"texture":"#1","tintindex":0},"up":{"uv":[7.6865,8.0615,7.626,7.9385],"rotation":0,"texture":"#1","tintindex":0},"down":{"uv":[7.8115,7.9385,7.751,8.0615],"rotation":0,"texture":"#1","tintindex":0}}},{"from":[6.973034,9.20555,-7.2112217],"to":[7.5421767,9.607326,-6.8094482],"rotation":{"angle":-45.0,"axis":"x","origin":[8.009869,7.42627,-5.6078777]},"faces":{"east":{"uv":[8.4385,5.6885,8.499,5.749],"rotation":0,"texture":"#1","tintindex":0},"south":{"uv":[5.8135,8.4385,5.874,8.499],"rotation":0,"texture":"#1","tintindex":0},"north":{"uv":[5.6885,8.4385,5.749,8.499],"rotation":0,"texture":"#1","tintindex":0},"west":{"uv":[8.4385,5.8135,8.499,5.874],"rotation":0,"texture":"#1","tintindex":0},"up":{"uv":[5.999,8.499,5.9385,8.4385],"rotation":0,"texture":"#1","tintindex":0},"down":{"uv":[6.124,8.4385,6.0635,8.499],"rotation":0,"texture":"#1","tintindex":0}}},{"from":[7.1433196,7.263345,-9.714041],"to":[7.7147484,8.406202,-7.4283257],"rotation":{"angle":0.0,"axis":"y","origin":[8.009869,7.42627,-5.6078777]},"faces":{"east":{"uv":[5.751,5.126,5.999,5.249],"rotation":0,"texture":"#1","tintindex":0},"south":{"uv":[0.001,8.001,0.0615,8.124],"rotation":0,"texture":"#1","tintindex":0},"north":{"uv":[7.876,7.9385,7.9365,8.0615],"rotation":0,"texture":"#1","tintindex":0},"west":{"uv":[5.626,5.751,5.874,5.874],"rotation":0,"texture":"#1","tintindex":0},"up":{"uv":[2.374,7.499,2.3135,7.251],"rotation":0,"texture":"#1","tintindex":0},"down":{"uv":[7.3115,7.126,7.251,7.374],"rotation":0,"texture":"#1","tintindex":0}}},{"from":[7.145034,9.408152,-6.771927],"to":[7.713034,9.976151,-6.203927],"rotation":{"angle":-45.0,"axis":"x","origin":[8.009869,7.42627,-5.6078777]},"faces":{"east":{"uv":[6.1885,8.4385,6.249,8.499],"rotation":0,"texture":"#1","tintindex":0},"south":{"uv":[8.4385,6.1885,8.499,6.249],"rotation":0,"texture":"#1","tintindex":0},"north":{"uv":[8.4385,6.0635,8.499,6.124],"rotation":0,"texture":"#1","tintindex":0},"west":{"uv":[6.3135,8.4385,6.374,8.499],"rotation":0,"texture":"#1","tintindex":0},"up":{"uv":[8.499,6.374,8.4385,6.3135],"rotation":0,"texture":"#1","tintindex":0},"down":{"uv":[6.499,8.4385,6.4385,8.499],"rotation":0,"texture":"#1","tintindex":0}}},{"from":[7.145034,5.454099,-7.349638],"to":[7.713034,6.0220995,-6.781639],"rotation":{"angle":45.0,"axis":"x","origin":[8.009869,7.42627,-5.6078777]},"faces":{"east":{"uv":[6.5635,8.4385,6.624,8.499],"rotation":0,"texture":"#1","tintindex":0},"south":{"uv":[8.4385,6.751,8.499,6.8115],"rotation":0,"texture":"#1","tintindex":0},"north":{"uv":[8.4385,6.4385,8.499,6.499],"rotation":0,"texture":"#1","tintindex":0},"west":{"uv":[8.4385,6.876,8.499,6.9365],"rotation":0,"texture":"#1","tintindex":0},"up":{"uv":[8.499,7.0615,8.4385,7.001],"rotation":0,"texture":"#1","tintindex":0},"down":{"uv":[7.249,8.4385,7.1885,8.499],"rotation":0,"texture":"#1","tintindex":0}}},{"from":[7.145034,4.4085913,-8.395145],"to":[7.713034,4.976592,-7.8271456],"rotation":{"angle":45.0,"axis":"x","origin":[8.009869,7.42627,-5.6078777]},"faces":{"east":{"uv":[8.4385,7.5635,8.499,7.624],"rotation":0,"texture":"#1","tintindex":0},"south":{"uv":[7.9385,8.4385,7.999,8.499],"rotation":0,"texture":"#1","tintindex":0},"north":{"uv":[7.3135,8.4385,7.374,8.499],"rotation":0,"texture":"#1","tintindex":0},"west":{"uv":[8.0635,8.4385,8.124,8.499],"rotation":0,"texture":"#1","tintindex":0},"up":{"uv":[8.499,8.1865,8.4385,8.126],"rotation":0,"texture":"#1","tintindex":0},"down":{"uv":[8.249,8.4385,8.1885,8.499],"rotation":0,"texture":"#1","tintindex":0}}},{"from":[7.145034,10.45366,-7.8174343],"to":[7.713034,11.02166,-7.2494354],"rotation":{"angle":-45.0,"axis":"x","origin":[8.009869,7.42627,-5.6078777]},"faces":{"east":{"uv":[8.3135,8.4385,8.374,8.499],"rotation":0,"texture":"#1","tintindex":0},"south":{"uv":[8.4385,8.376,8.499,8.4365],"rotation":0,"texture":"#1","tintindex":0},"north":{"uv":[8.4385,8.251,8.499,8.3115],"rotation":0,"texture":"#1","tintindex":0},"west":{"uv":[0.126,8.501,0.1865,8.5615],"rotation":0,"texture":"#1","tintindex":0},"up":{"uv":[0.3115,8.5615,0.251,8.501],"rotation":0,"texture":"#1","tintindex":0},"down":{"uv":[8.5615,0.251,8.501,0.3115],"rotation":0,"texture":"#1","tintindex":0}}},{"from":[8.287891,4.4085913,-8.395145],"to":[8.855891,4.976592,-7.8271456],"rotation":{"angle":45.0,"axis":"x","origin":[8.009869,7.42627,-5.6078777]},"faces":{"east":{"uv":[0.501,8.501,0.5615,8.5615],"rotation":0,"texture":"#1","tintindex":0},"south":{"uv":[8.501,0.501,8.5615,0.5615],"rotation":0,"texture":"#1","tintindex":0},"north":{"uv":[0.376,8.501,0.4365,8.5615],"rotation":0,"texture":"#1","tintindex":0},"west":{"uv":[0.626,8.501,0.6865,8.5615],"rotation":0,"texture":"#1","tintindex":0},"up":{"uv":[8.5615,0.6865,8.501,0.626],"rotation":0,"texture":"#1","tintindex":0},"down":{"uv":[0.8115,8.501,0.751,8.5615],"rotation":0,"texture":"#1","tintindex":0}}},{"from":[8.287891,10.45366,-7.8174343],"to":[8.855891,11.02166,-7.2494354],"rotation":{"angle":-45.0,"axis":"x","origin":[8.009869,7.42627,-5.6078777]},"faces":{"east":{"uv":[8.501,1.001,8.5615,1.0615],"rotation":0,"texture":"#1","tintindex":0},"south":{"uv":[8.501,1.126,8.5615,1.1865],"rotation":0,"texture":"#1","tintindex":0},"north":{"uv":[0.876,8.501,0.9365,8.5615],"rotation":0,"texture":"#1","tintindex":0},"west":{"uv":[1.501,8.501,1.5615,8.5615],"rotation":0,"texture":"#1","tintindex":0},"up":{"uv":[1.8115,8.5615,1.751,8.501],"rotation":0,"texture":"#1","tintindex":0},"down":{"uv":[8.5615,1.8135,8.501,1.874],"rotation":0,"texture":"#1","tintindex":0}}},{"from":[8.458748,10.013672,-8.019344],"to":[9.027891,10.415447,-7.61757],"rotation":{"angle":-45.0,"axis":"x","origin":[8.009869,7.42627,-5.6078777]},"faces":{"east":{"uv":[2.001,8.501,2.0615,8.5615],"rotation":0,"texture":"#1","tintindex":0},"south":{"uv":[8.501,2.126,8.5615,2.1865],"rotation":0,"texture":"#1","tintindex":0},"north":{"uv":[1.876,8.501,1.9365,8.5615],"rotation":0,"texture":"#1","tintindex":0},"west":{"uv":[8.501,2.251,8.5615,2.3115],"rotation":0,"texture":"#1","tintindex":0},"up":{"uv":[2.4365,8.5615,2.376,8.501],"rotation":0,"texture":"#1","tintindex":0},"down":{"uv":[8.5615,2.501,8.501,2.5615],"rotation":0,"texture":"#1","tintindex":0}}},{"from":[8.457605,7.5490594,-9.142612],"to":[9.029034,8.120488,-7.999754],"rotation":{"angle":0.0,"axis":"y","origin":[8.009869,7.42627,-5.6078777]},"faces":{"east":{"uv":[0.126,8.001,0.249,8.0615],"rotation":0,"texture":"#1","tintindex":0},"south":{"uv":[8.501,2.751,8.5615,2.8115],"rotation":0,"texture":"#1","tintindex":0},"north":{"uv":[8.501,2.626,8.5615,2.6865],"rotation":0,"texture":"#1","tintindex":0},"west":{"uv":[8.001,0.1885,8.124,0.249],"rotation":0,"texture":"#1","tintindex":0},"up":{"uv":[8.0615,0.4365,8.001,0.3135],"rotation":0,"texture":"#1","tintindex":0},"down":{"uv":[8.0615,0.6885,8.001,0.8115],"rotation":0,"texture":"#1","tintindex":0}}},{"from":[8.458748,9.20555,-7.2112217],"to":[9.027891,9.607326,-6.8094482],"rotation":{"angle":-45.0,"axis":"x","origin":[8.009869,7.42627,-5.6078777]},"faces":{"east":{"uv":[3.001,8.501,3.0615,8.5615],"rotation":0,"texture":"#1","tintindex":0},"south":{"uv":[8.501,3.001,8.5615,3.0615],"rotation":0,"texture":"#1","tintindex":0},"north":{"uv":[8.501,2.876,8.5615,2.9365],"rotation":0,"texture":"#1","tintindex":0},"west":{"uv":[3.126,8.501,3.1865,8.5615],"rotation":0,"texture":"#1","tintindex":0},"up":{"uv":[8.5615,3.1865,8.501,3.126],"rotation":0,"texture":"#1","tintindex":0},"down":{"uv":[8.5615,3.251,8.501,3.3115],"rotation":0,"texture":"#1","tintindex":0}}},{"from":[8.286177,7.263345,-9.714041],"to":[8.857606,8.406202,-7.4283257],"rotation":{"angle":0.0,"axis":"y","origin":[8.009869,7.42627,-5.6078777]},"faces":{"east":{"uv":[5.8135,1.751,6.0615,1.874],"rotation":0,"texture":"#1","tintindex":0},"south":{"uv":[1.126,8.001,1.1865,8.124],"rotation":0,"texture":"#1","tintindex":0},"north":{"uv":[1.001,8.001,1.0615,8.124],"rotation":0,"texture":"#1","tintindex":0},"west":{"uv":[5.8135,3.626,6.0615,3.749],"rotation":0,"texture":"#1","tintindex":0},"up":{"uv":[1.499,7.5615,1.4385,7.3135],"rotation":0,"texture":"#1","tintindex":0},"down":{"uv":[1.8115,7.3135,1.751,7.5615],"rotation":0,"texture":"#1","tintindex":0}}},{"from":[8.287891,9.408152,-6.771927],"to":[8.855891,9.976151,-6.203927],"rotation":{"angle":-45.0,"axis":"x","origin":[8.009869,7.42627,-5.6078777]},"faces":{"east":{"uv":[8.501,3.626,8.5615,3.6865],"rotation":0,"texture":"#1","tintindex":0},"south":{"uv":[8.501,3.751,8.5615,3.8115],"rotation":0,"texture":"#1","tintindex":0},"north":{"uv":[8.501,3.376,8.5615,3.4365],"rotation":0,"texture":"#1","tintindex":0},"west":{"uv":[8.501,3.876,8.5615,3.9365],"rotation":0,"texture":"#1","tintindex":0},"up":{"uv":[4.0615,8.5615,4.001,8.501],"rotation":0,"texture":"#1","tintindex":0},"down":{"uv":[8.5615,4.001,8.501,4.0615],"rotation":0,"texture":"#1","tintindex":0}}},{"from":[8.287891,5.454099,-7.349638],"to":[8.855891,6.0220995,-6.781639],"rotation":{"angle":45.0,"axis":"x","origin":[8.009869,7.42627,-5.6078777]},"faces":{"east":{"uv":[8.501,4.4385,8.5615,4.499],"rotation":0,"texture":"#1","tintindex":0},"south":{"uv":[8.501,4.5635,8.5615,4.624],"rotation":0,"texture":"#1","tintindex":0},"north":{"uv":[8.501,4.126,8.5615,4.1865],"rotation":0,"texture":"#1","tintindex":0},"west":{"uv":[4.751,8.501,4.8115,8.5615],"rotation":0,"texture":"#1","tintindex":0},"up":{"uv":[4.9365,8.5615,4.876,8.501],"rotation":0,"texture":"#1","tintindex":0},"down":{"uv":[8.5615,4.876,8.501,4.9365],"rotation":0,"texture":"#1","tintindex":0}}},{"from":[7.6576056,7.5368123,-4.6283255],"to":[8.34332,8.222527,-3.9426107],"rotation":{"angle":0.0,"axis":"y","origin":[8.009869,7.42627,-5.6078777]},"faces":{"east":{"uv":[8.501,5.126,8.5615,5.1865],"rotation":0,"texture":"#1","tintindex":0},"south":{"uv":[5.251,8.501,5.3115,8.5615],"rotation":0,"texture":"#1","tintindex":0},"north":{"uv":[8.501,5.001,8.5615,5.0615],"rotation":0,"texture":"#1","tintindex":0},"west":{"uv":[8.501,5.251,8.5615,5.3115],"rotation":0,"texture":"#1","tintindex":0},"up":{"uv":[5.4365,8.5615,5.376,8.501],"rotation":0,"texture":"#1","tintindex":0},"down":{"uv":[8.5615,5.5635,8.501,5.624],"rotation":0,"texture":"#1","tintindex":0}}},{"from":[7.6576056,7.5368123,-1.771183],"to":[8.34332,8.222527,-1.0854683],"rotation":{"angle":0.0,"axis":"y","origin":[8.009869,7.42627,-5.6078777]},"faces":{"east":{"uv":[8.501,6.5635,8.5615,6.624],"rotation":0,"texture":"#1","tintindex":0},"south":{"uv":[6.6885,8.501,6.749,8.5615],"rotation":0,"texture":"#1","tintindex":0},"north":{"uv":[8.501,5.9385,8.5615,5.999],"rotation":0,"texture":"#1","tintindex":0},"west":{"uv":[6.8135,8.501,6.874,8.5615],"rotation":0,"texture":"#1","tintindex":0},"up":{"uv":[6.999,8.5615,6.9385,8.501],"rotation":0,"texture":"#1","tintindex":0},"down":{"uv":[7.124,8.501,7.0635,8.5615],"rotation":0,"texture":"#1","tintindex":0}}},{"from":[7.6576056,7.5368123,-6.28547],"to":[8.34332,8.222527,-5.5997553],"rotation":{"angle":0.0,"axis":"y","origin":[8.009869,7.42627,-5.6078777]},"faces":{"east":{"uv":[8.501,7.251,8.5615,7.3115],"rotation":0,"texture":"#1","tintindex":0},"south":{"uv":[8.501,7.376,8.5615,7.4365],"rotation":0,"texture":"#1","tintindex":0},"north":{"uv":[8.501,7.126,8.5615,7.1865],"rotation":0,"texture":"#1","tintindex":0},"west":{"uv":[7.4385,8.501,7.499,8.5615],"rotation":0,"texture":"#1","tintindex":0},"up":{"uv":[7.624,8.5615,7.5635,8.501],"rotation":0,"texture":"#1","tintindex":0},"down":{"uv":[7.749,8.501,7.6885,8.5615],"rotation":0,"texture":"#1","tintindex":0}}},{"from":[7.7147484,7.593955,-10.799755],"to":[8.286177,8.165383,-6.228327],"rotation":{"angle":0.0,"axis":"y","origin":[8.009869,7.42627,-5.6078777]},"faces":{"east":{"uv":[5.751,2.4385,6.249,2.499],"rotation":0,"texture":"#1","tintindex":0},"south":{"uv":[7.8135,8.501,7.874,8.5615],"rotation":0,"texture":"#1","tintindex":0},"north":{"uv":[8.501,7.6885,8.5615,7.749],"rotation":0,"texture":"#1","tintindex":0},"west":{"uv":[5.876,0.376,6.374,0.4365],"rotation":0,"texture":"#1","tintindex":0},"up":{"uv":[4.4365,6.124,4.376,5.626],"rotation":0,"texture":"#1","tintindex":0},"down":{"uv":[5.3115,5.751,5.251,6.249],"rotation":0,"texture":"#1","tintindex":0}}},{"from":[7.718177,3.8770585,-9.798292],"to":[8.282748,4.2742624,-9.401091],"rotation":{"angle":45.0,"axis":"x","origin":[8.009869,7.42627,-5.6078777]},"faces":{"east":{"uv":[8.501,7.9385,8.5615,7.999],"rotation":0,"texture":"#1","tintindex":0},"south":{"uv":[8.4385,8.501,8.499,8.5615],"rotation":0,"texture":"#1","tintindex":0},"north":{"uv":[8.501,7.8135,8.5615,7.874],"rotation":0,"texture":"#1","tintindex":0},"west":{"uv":[0.001,8.5635,0.0615,8.624],"rotation":0,"texture":"#1","tintindex":0},"up":{"uv":[8.624,0.0615,8.5635,0.001],"rotation":0,"texture":"#1","tintindex":0},"down":{"uv":[8.624,0.126,8.5635,0.1865],"rotation":0,"texture":"#1","tintindex":0}}},{"from":[7.0597615,7.7985034,-10.796326],"to":[7.624333,8.363075,-6.2317553],"rotation":{"angle":-45.0,"axis":"z","origin":[8.009869,7.42627,-5.6078777]},"faces":{"east":{"uv":[5.876,0.501,6.374,0.5615],"rotation":0,"texture":"#1","tintindex":0},"south":{"uv":[8.5635,0.751,8.624,0.8115],"rotation":0,"texture":"#1","tintindex":0},"north":{"uv":[8.5635,0.376,8.624,0.4365],"rotation":0,"texture":"#1","tintindex":0},"west":{"uv":[5.876,1.4385,6.374,1.499],"rotation":0,"texture":"#1","tintindex":0},"up":{"uv":[0.0615,6.3115,0.001,5.8135],"rotation":0,"texture":"#1","tintindex":0},"down":{"uv":[0.374,5.8135,0.3135,6.3115],"rotation":0,"texture":"#1","tintindex":0}}},{"from":[7.0597615,7.3921866,-10.796326],"to":[7.624333,7.956758,-6.2317553],"rotation":{"angle":45.0,"axis":"z","origin":[8.009869,8.328992,-5.6078777]},"faces":{"east":{"uv":[5.876,2.251,6.374,2.3115],"rotation":0,"texture":"#1","tintindex":0},"south":{"uv":[1.001,8.5635,1.0615,8.624],"rotation":0,"texture":"#1","tintindex":0},"north":{"uv":[8.5635,0.876,8.624,0.9365],"rotation":0,"texture":"#1","tintindex":0},"west":{"uv":[5.876,2.5635,6.374,2.624],"rotation":0,"texture":"#1","tintindex":0},"up":{"uv":[1.0615,6.3115,1.001,5.8135],"rotation":0,"texture":"#1","tintindex":0},"down":{"uv":[2.124,5.8135,2.0635,6.3115],"rotation":0,"texture":"#1","tintindex":0}}},{"from":[7.8692327,4.9253073,-9.112892],"to":[8.13209,7.188164,-7.992893],"rotation":{"angle":-22.5,"axis":"x","origin":[7.989912,7.42627,-5.6078777]},"faces":{"east":{"uv":[3.1885,5.8135,3.3115,6.0615],"rotation":0,"texture":"#1","tintindex":0},"south":{"uv":[2.126,7.3135,2.1865,7.5615],"rotation":0,"texture":"#1","tintindex":0},"north":{"uv":[7.3135,1.876,7.374,2.124],"rotation":0,"texture":"#1","tintindex":0},"west":{"uv":[5.9385,1.126,6.0615,1.374],"rotation":0,"texture":"#1","tintindex":0},"up":{"uv":[8.0615,1.3115,8.001,1.1885],"rotation":0,"texture":"#1","tintindex":0},"down":{"uv":[1.3115,8.001,1.251,8.124],"rotation":0,"texture":"#1","tintindex":0}}},{"from":[7.863518,2.6515775,-8.704052],"to":[8.137804,4.3544345,-8.572622],"rotation":{"angle":22.5,"axis":"x","origin":[7.989912,7.42627,-5.6078777]},"faces":{"east":{"uv":[1.376,7.626,1.4365,7.8115],"rotation":0,"texture":"#1","tintindex":0},"south":{"uv":[1.6885,7.626,1.749,7.8115],"rotation":0,"texture":"#1","tintindex":0},"north":{"uv":[1.251,7.626,1.3115,7.8115],"rotation":0,"texture":"#1","tintindex":0},"west":{"uv":[2.001,7.626,2.0615,7.8115],"rotation":0,"texture":"#1","tintindex":0},"up":{"uv":[1.1865,8.624,1.126,8.5635],"rotation":0,"texture":"#1","tintindex":0},"down":{"uv":[1.3115,8.5635,1.251,8.624],"rotation":0,"texture":"#1","tintindex":0}}},{"from":[7.8440895,5.459689,-8.127331],"to":[8.150089,7.458546,-7.557045],"rotation":{"angle":-22.5,"axis":"x","origin":[7.989912,7.42627,-5.6078777]},"faces":{"east":{"uv":[2.6885,7.3135,2.749,7.5615],"rotation":0,"texture":"#1","tintindex":0},"south":{"uv":[2.8135,7.3135,2.874,7.5615],"rotation":0,"texture":"#1","tintindex":0},"north":{"uv":[2.5635,7.3135,2.624,7.5615],"rotation":0,"texture":"#1","tintindex":0},"west":{"uv":[7.3135,3.501,7.374,3.749],"rotation":0,"texture":"#1","tintindex":0},"up":{"uv":[8.624,1.3115,8.5635,1.251],"rotation":0,"texture":"#1","tintindex":0},"down":{"uv":[1.4365,8.5635,1.376,8.624],"rotation":0,"texture":"#1","tintindex":0}}},{"from":[7.8623753,1.3126087,-7.243044],"to":[8.138947,3.0177512,-6.109329],"rotation":{"angle":45.0,"axis":"x","origin":[7.989912,7.42627,-5.6078777]},"faces":{"east":{"uv":[4.126,6.1885,4.249,6.374],"rotation":0,"texture":"#1","tintindex":0},"south":{"uv":[2.5635,7.626,2.624,7.8115],"rotation":0,"texture":"#1","tintindex":0},"north":{"uv":[2.126,7.626,2.1865,7.8115],"rotation":0,"texture":"#1","tintindex":0},"west":{"uv":[4.3135,6.1885,4.4365,6.374],"rotation":0,"texture":"#1","tintindex":0},"up":{"uv":[1.6865,8.124,1.626,8.001],"rotation":0,"texture":"#1","tintindex":0},"down":{"uv":[8.0615,1.876,8.001,1.999],"rotation":0,"texture":"#1","tintindex":0}}},{"from":[7.860661,2.4028063,-10.026127],"to":[8.140661,4.1113777,-8.317554],"rotation":{"angle":22.5,"axis":"x","origin":[7.989912,7.42627,-5.6078777]},"faces":{"east":{"uv":[5.376,0.001,5.5615,0.1865],"rotation":0,"texture":"#1","tintindex":0},"south":{"uv":[2.8135,7.626,2.874,7.8115],"rotation":0,"texture":"#1","tintindex":0},"north":{"uv":[2.6885,7.626,2.749,7.8115],"rotation":0,"texture":"#1","tintindex":0},"west":{"uv":[5.376,2.8135,5.5615,2.999],"rotation":0,"texture":"#1","tintindex":0},"up":{"uv":[3.749,7.8115,3.6885,7.626],"rotation":0,"texture":"#1","tintindex":0},"down":{"uv":[3.874,7.626,3.8135,7.8115],"rotation":0,"texture":"#1","tintindex":0}}},{"from":[7.8623753,7.0000315,-12.848175],"to":[8.138947,7.562317,-11.71446],"rotation":{"angle":-22.5,"axis":"x","origin":[7.989912,7.42627,-5.6078777]},"faces":{"east":{"uv":[1.9385,8.001,2.0615,8.0615],"rotation":0,"texture":"#1","tintindex":0},"south":{"uv":[8.5635,1.501,8.624,1.5615],"rotation":0,"texture":"#1","tintindex":0},"north":{"uv":[8.5635,1.376,8.624,1.4365],"rotation":0,"texture":"#1","tintindex":0},"west":{"uv":[8.001,2.0635,8.124,2.124],"rotation":0,"texture":"#1","tintindex":0},"up":{"uv":[8.0615,2.3115,8.001,2.1885],"rotation":0,"texture":"#1","tintindex":0},"down":{"uv":[2.3115,8.001,2.251,8.124],"rotation":0,"texture":"#1","tintindex":0}}},{"from":[7.863518,9.762086,-12.24305],"to":[8.137804,10.322085,-10.54019],"rotation":{"angle":-45.0,"axis":"x","origin":[7.989912,7.42627,-5.6078777]},"faces":{"east":{"uv":[7.626,0.876,7.8115,0.9365],"rotation":0,"texture":"#1","tintindex":0},"south":{"uv":[8.5635,1.626,8.624,1.6865],"rotation":0,"texture":"#1","tintindex":0},"north":{"uv":[1.626,8.5635,1.6865,8.624],"rotation":0,"texture":"#1","tintindex":0},"west":{"uv":[7.626,1.4385,7.8115,1.499],"rotation":0,"texture":"#1","tintindex":0},"up":{"uv":[4.249,7.8115,4.1885,7.626],"rotation":0,"texture":"#1","tintindex":0},"down":{"uv":[4.499,7.626,4.4385,7.8115],"rotation":0,"texture":"#1","tintindex":0}}},{"from":[7.860661,5.5016403,-9.298889],"to":[8.140661,7.2102118,-8.161745],"rotation":{"angle":-45.0,"axis":"x","origin":[7.989912,7.42627,-5.6078777]},"faces":{"east":{"uv":[6.1885,5.376,6.3115,5.5615],"rotation":0,"texture":"#1","tintindex":0},"south":{"uv":[4.6885,7.626,4.749,7.8115],"rotation":0,"texture":"#1","tintindex":0},"north":{"uv":[4.5635,7.626,4.624,7.8115],"rotation":0,"texture":"#1","tintindex":0},"west":{"uv":[0.626,6.251,0.749,6.4365],"rotation":0,"texture":"#1","tintindex":0},"up":{"uv":[2.5615,8.124,2.501,8.001],"rotation":0,"texture":"#1","tintindex":0},"down":{"uv":[2.6865,8.001,2.626,8.124],"rotation":0,"texture":"#1","tintindex":0}}},{"from":[7.8583755,1.4096241,-6.170538],"to":[8.142947,1.6941953,-5.600252],"rotation":{"angle":45.0,"axis":"x","origin":[7.989912,7.42627,-5.6078777]},"faces":{"east":{"uv":[2.126,8.5635,2.1865,8.624],"rotation":0,"texture":"#1","tintindex":0},"south":{"uv":[2.251,8.5635,2.3115,8.624],"rotation":0,"texture":"#1","tintindex":0},"north":{"uv":[8.5635,1.9385,8.624,1.999],"rotation":0,"texture":"#1","tintindex":0},"west":{"uv":[8.5635,2.376,8.624,2.4365],"rotation":0,"texture":"#1","tintindex":0},"up":{"uv":[2.5615,8.624,2.501,8.5635],"rotation":0,"texture":"#1","tintindex":0},"down":{"uv":[2.6865,8.5635,2.626,8.624],"rotation":0,"texture":"#1","tintindex":0}}},{"from":[7.8583755,4.7922473,-8.998129],"to":[8.142947,5.362533,-6.7135563],"rotation":{"angle":-45.0,"axis":"x","origin":[7.989912,7.42627,-5.6078777]},"faces":{"east":{"uv":[7.251,3.126,7.499,3.1865],"rotation":0,"texture":"#1","tintindex":0},"south":{"uv":[2.876,8.5635,2.9365,8.624],"rotation":0,"texture":"#1","tintindex":0},"north":{"uv":[2.751,8.5635,2.8115,8.624],"rotation":0,"texture":"#1","tintindex":0},"west":{"uv":[7.3135,1.501,7.5615,1.5615],"rotation":0,"texture":"#1","tintindex":0},"up":{"uv":[3.749,7.5615,3.6885,7.3135],"rotation":0,"texture":"#1","tintindex":0},"down":{"uv":[3.874,7.3135,3.8135,7.5615],"rotation":0,"texture":"#1","tintindex":0}}},{"from":[7.8583755,5.363676,-8.998129],"to":[8.142947,5.933962,-7.2849846],"rotation":{"angle":-45.0,"axis":"x","origin":[7.989912,7.42627,-5.6078777]},"faces":{"east":{"uv":[7.626,3.751,7.8115,3.8115],"rotation":0,"texture":"#1","tintindex":0},"south":{"uv":[3.376,8.5635,3.4365,8.624],"rotation":0,"texture":"#1","tintindex":0},"north":{"uv":[3.251,8.5635,3.3115,8.624],"rotation":0,"texture":"#1","tintindex":0},"west":{"uv":[4.8135,7.626,4.999,7.6865],"rotation":0,"texture":"#1","tintindex":0},"up":{"uv":[5.124,7.8115,5.0635,7.626],"rotation":0,"texture":"#1","tintindex":0},"down":{"uv":[5.249,7.626,5.1885,7.8115],"rotation":0,"texture":"#1","tintindex":0}}},{"from":[7.864661,5.9413905,-8.991842],"to":[8.136661,6.4991045,-7.2912703],"rotation":{"angle":-45.0,"axis":"x","origin":[7.989912,7.42627,-5.6078777]},"faces":{"east":{"uv":[7.626,4.8135,7.8115,4.874],"rotation":0,"texture":"#1","tintindex":0},"south":{"uv":[8.5635,3.501,8.624,3.5615],"rotation":0,"texture":"#1","tintindex":0},"north":{"uv":[3.501,8.5635,3.5615,8.624],"rotation":0,"texture":"#1","tintindex":0},"west":{"uv":[5.3135,7.626,5.499,7.6865],"rotation":0,"texture":"#1","tintindex":0},"up":{"uv":[7.6865,5.8115,7.626,5.626],"rotation":0,"texture":"#1","tintindex":0},"down":{"uv":[5.874,7.626,5.8135,7.8115],"rotation":0,"texture":"#1","tintindex":0}}},{"from":[7.863518,3.829646,-6.886112],"to":[8.137804,5.532503,-4.611827],"rotation":{"angle":22.5,"axis":"x","origin":[7.989912,7.42627,-5.6078777]},"faces":{"east":{"uv":[2.876,5.251,3.124,5.4365],"rotation":0,"texture":"#1","tintindex":0},"south":{"uv":[6.3135,7.626,6.374,7.8115],"rotation":0,"texture":"#1","tintindex":0},"north":{"uv":[5.9385,7.626,5.999,7.8115],"rotation":0,"texture":"#1","tintindex":0},"west":{"uv":[5.251,4.1885,5.499,4.374],"rotation":0,"texture":"#1","tintindex":0},"up":{"uv":[4.499,7.5615,4.4385,7.3135],"rotation":0,"texture":"#1","tintindex":0},"down":{"uv":[4.624,7.3135,4.5635,7.5615],"rotation":0,"texture":"#1","tintindex":0}}},{"from":[7.859518,4.41031,-6.663625],"to":[8.141804,4.9783106,-4.9527683],"rotation":{"angle":-22.5,"axis":"x","origin":[7.989912,7.42627,-5.6078777]},"faces":{"east":{"uv":[7.626,6.251,7.8115,6.3115],"rotation":0,"texture":"#1","tintindex":0},"south":{"uv":[3.751,8.5635,3.8115,8.624],"rotation":0,"texture":"#1","tintindex":0},"north":{"uv":[3.626,8.5635,3.6865,8.624],"rotation":0,"texture":"#1","tintindex":0},"west":{"uv":[7.626,6.6885,7.8115,6.749],"rotation":0,"texture":"#1","tintindex":0},"up":{"uv":[7.6865,6.999,7.626,6.8135],"rotation":0,"texture":"#1","tintindex":0},"down":{"uv":[7.6865,7.0635,7.626,7.249],"rotation":0,"texture":"#1","tintindex":0}}},{"from":[7.857804,4.8461614,-6.922056],"to":[8.143518,5.41759,-4.0649137],"rotation":{"angle":0.0,"axis":"y","origin":[7.989912,7.42627,-5.6078777]},"faces":{"east":{"uv":[6.4385,2.251,6.749,2.3115],"rotation":0,"texture":"#1","tintindex":0},"south":{"uv":[4.126,8.5635,4.1865,8.624],"rotation":0,"texture":"#1","tintindex":0},"north":{"uv":[3.876,8.5635,3.9365,8.624],"rotation":0,"texture":"#1","tintindex":0},"west":{"uv":[6.626,4.8135,6.9365,4.874],"rotation":0,"texture":"#1","tintindex":0},"up":{"uv":[0.1865,6.999,0.126,6.6885],"rotation":0,"texture":"#1","tintindex":0},"down":{"uv":[0.4365,6.6885,0.376,6.999],"rotation":0,"texture":"#1","tintindex":0}}},{"from":[7.857804,3.1656585,-9.856897],"to":[8.143518,3.4513726,-6.1426115],"rotation":{"angle":0.0,"axis":"y","origin":[7.989912,7.42627,-5.6078777]},"faces":{"east":{"uv":[5.876,2.6885,6.3115,2.749],"rotation":0,"texture":"#1","tintindex":0},"south":{"uv":[8.5635,4.251,8.624,4.3115],"rotation":0,"texture":"#1","tintindex":0},"north":{"uv":[4.251,8.5635,4.3115,8.624],"rotation":0,"texture":"#1","tintindex":0},"west":{"uv":[5.9385,0.251,6.374,0.3115],"rotation":0,"texture":"#1","tintindex":0},"up":{"uv":[5.6865,6.374,5.626,5.9385],"rotation":0,"texture":"#1","tintindex":0},"down":{"uv":[5.8115,5.9385,5.751,6.374],"rotation":0,"texture":"#1","tintindex":0}}},{"from":[7.8555183,3.4490867,-10.287756],"to":[8.145803,4.5965157,-6.283183],"rotation":{"angle":0.0,"axis":"y","origin":[7.989912,7.42627,-5.6078777]},"faces":{"east":{"uv":[4.9385,4.6885,5.374,4.8115],"rotation":0,"texture":"#1","tintindex":0},"south":{"uv":[8.001,3.0635,8.0615,3.1865],"rotation":0,"texture":"#1","tintindex":0},"north":{"uv":[2.751,8.001,2.8115,8.124],"rotation":0,"texture":"#1","tintindex":0},"west":{"uv":[4.9385,4.876,5.374,4.999],"rotation":0,"texture":"#1","tintindex":0},"up":{"uv":[5.999,6.1865,5.9385,5.751],"rotation":0,"texture":"#1","tintindex":0},"down":{"uv":[1.999,6.001,1.9385,6.4365],"rotation":0,"texture":"#1","tintindex":0}}},{"from":[7.857804,4.5942297,-9.714041],"to":[8.143518,7.4513726,-7.4283257],"rotation":{"angle":0.0,"axis":"y","origin":[7.989912,7.42627,-5.6078777]},"faces":{"east":{"uv":[2.001,3.8135,2.249,4.124],"rotation":0,"texture":"#1","tintindex":0},"south":{"uv":[6.6885,1.126,6.749,1.4365],"rotation":0,"texture":"#1","tintindex":0},"north":{"uv":[1.126,6.6885,1.1865,6.999],"rotation":0,"texture":"#1","tintindex":0},"west":{"uv":[3.8135,2.9385,4.0615,3.249],"rotation":0,"texture":"#1","tintindex":0},"up":{"uv":[4.749,7.5615,4.6885,7.3135],"rotation":0,"texture":"#1","tintindex":0},"down":{"uv":[4.874,7.3135,4.8135,7.5615],"rotation":0,"texture":"#1","tintindex":0}}},{"from":[7.858255,8.218175,-9.714041],"to":[8.14397,10.503889,-7.4283257],"rotation":{"angle":0.0,"axis":"y","origin":[7.990363,7.42627,-5.6078777]},"faces":{"east":{"uv":[1.6885,4.8135,1.9365,5.0615],"rotation":0,"texture":"#1","tintindex":0},"south":{"uv":[5.0635,7.3135,5.124,7.5615],"rotation":0,"texture":"#1","tintindex":0},"north":{"uv":[4.9385,7.3135,4.999,7.5615],"rotation":0,"texture":"#1","tintindex":0},"west":{"uv":[2.001,4.8135,2.249,5.0615],"rotation":0,"texture":"#1","tintindex":0},"up":{"uv":[5.249,7.5615,5.1885,7.3135],"rotation":0,"texture":"#1","tintindex":0},"down":{"uv":[5.374,7.3135,5.3135,7.5615],"rotation":0,"texture":"#1","tintindex":0}}},{"from":[7.858255,10.503889,-9.142612],"to":[8.14397,11.646746,-6.8568974],"rotation":{"angle":0.0,"axis":"y","origin":[7.990363,7.42627,-5.6078777]},"faces":{"east":{"uv":[5.9385,1.9385,6.1865,2.0615],"rotation":0,"texture":"#1","tintindex":0},"south":{"uv":[8.001,4.626,8.0615,4.749],"rotation":0,"texture":"#1","tintindex":0},"north":{"uv":[3.6885,8.001,3.749,8.124],"rotation":0,"texture":"#1","tintindex":0},"west":{"uv":[5.9385,4.8135,6.1865,4.9365],"rotation":0,"texture":"#1","tintindex":0},"up":{"uv":[7.374,5.624,7.3135,5.376],"rotation":0,"texture":"#1","tintindex":0},"down":{"uv":[5.499,7.3135,5.4385,7.5615],"rotation":0,"texture":"#1","tintindex":0}}},{"from":[7.858255,11.646746,-8.714041],"to":[8.14397,11.932461,-7.285469],"rotation":{"angle":0.0,"axis":"y","origin":[7.990363,7.42627,-5.6078777]},"faces":{"east":{"uv":[7.626,7.3135,7.8115,7.374],"rotation":0,"texture":"#1","tintindex":0},"south":{"uv":[4.501,8.5635,4.5615,8.624],"rotation":0,"texture":"#1","tintindex":0},"north":{"uv":[4.376,8.5635,4.4365,8.624],"rotation":0,"texture":"#1","tintindex":0},"west":{"uv":[7.626,7.4385,7.8115,7.499],"rotation":0,"texture":"#1","tintindex":0},"up":{"uv":[7.749,0.1865,7.6885,0.001],"rotation":0,"texture":"#1","tintindex":0},"down":{"uv":[7.749,1.001,7.6885,1.1865],"rotation":0,"texture":"#1","tintindex":0}}},{"from":[7.858826,9.14125,-9.9799],"to":[8.143397,9.425821,-9.409615],"rotation":{"angle":45.0,"axis":"x","origin":[7.990363,7.42627,-5.6078777]},"faces":{"east":{"uv":[8.5635,4.6885,8.624,4.749],"rotation":0,"texture":"#1","tintindex":0},"south":{"uv":[5.001,8.5635,5.0615,8.624],"rotation":0,"texture":"#1","tintindex":0},"north":{"uv":[4.626,8.5635,4.6865,8.624],"rotation":0,"texture":"#1","tintindex":0},"west":{"uv":[5.126,8.5635,5.1865,8.624],"rotation":0,"texture":"#1","tintindex":0},"up":{"uv":[8.624,5.4365,8.5635,5.376],"rotation":0,"texture":"#1","tintindex":0},"down":{"uv":[5.5615,8.5635,5.501,8.624],"rotation":0,"texture":"#1","tintindex":0}}},{"from":[7.858826,12.523873,-5.1887655],"to":[8.143397,12.808444,-4.6184797],"rotation":{"angle":-45.0,"axis":"x","origin":[7.990363,7.42627,-5.6078777]},"faces":{"east":{"uv":[8.5635,5.6885,8.624,5.749],"rotation":0,"texture":"#1","tintindex":0},"south":{"uv":[5.751,8.5635,5.8115,8.624],"rotation":0,"texture":"#1","tintindex":0},"north":{"uv":[5.626,8.5635,5.6865,8.624],"rotation":0,"texture":"#1","tintindex":0},"west":{"uv":[8.5635,5.8135,8.624,5.874],"rotation":0,"texture":"#1","tintindex":0},"up":{"uv":[5.9365,8.624,5.876,8.5635],"rotation":0,"texture":"#1","tintindex":0},"down":{"uv":[6.0615,8.5635,6.001,8.624],"rotation":0,"texture":"#1","tintindex":0}}},{"from":[7.861112,7.815979,-9.47254],"to":[8.141112,9.52455,-8.335396],"rotation":{"angle":45.0,"axis":"x","origin":[7.990363,7.42627,-5.6078777]},"faces":{"east":{"uv":[1.3135,6.251,1.4365,6.4365],"rotation":0,"texture":"#1","tintindex":0},"south":{"uv":[7.6885,2.126,7.749,2.3115],"rotation":0,"texture":"#1","tintindex":0},"north":{"uv":[7.6885,1.876,7.749,2.0615],"rotation":0,"texture":"#1","tintindex":0},"west":{"uv":[1.626,6.251,1.749,6.4365],"rotation":0,"texture":"#1","tintindex":0},"up":{"uv":[8.0615,5.0615,8.001,4.9385],"rotation":0,"texture":"#1","tintindex":0},"down":{"uv":[8.0615,5.126,8.001,5.249],"rotation":0,"texture":"#1","tintindex":0}}},{"from":[7.861112,11.198603,-6.8344145],"to":[8.141112,12.907174,-5.125842],"rotation":{"angle":-45.0,"axis":"x","origin":[7.990363,7.42627,-5.6078777]},"faces":{"east":{"uv":[4.876,5.376,5.0615,5.5615],"rotation":0,"texture":"#1","tintindex":0},"south":{"uv":[7.6885,2.501,7.749,2.6865],"rotation":0,"texture":"#1","tintindex":0},"north":{"uv":[2.376,7.6885,2.4365,7.874],"rotation":0,"texture":"#1","tintindex":0},"west":{"uv":[5.4385,0.626,5.624,0.8115],"rotation":0,"texture":"#1","tintindex":0},"up":{"uv":[7.749,2.9365,7.6885,2.751],"rotation":0,"texture":"#1","tintindex":0},"down":{"uv":[7.749,3.001,7.6885,3.1865],"rotation":0,"texture":"#1","tintindex":0}}},{"from":[7.8445406,11.165827,-9.127201],"to":[8.15054,12.021828,-8.2712],"rotation":{"angle":-22.5,"axis":"x","origin":[7.990363,7.42627,-5.6078777]},"faces":{"east":{"uv":[7.3135,4.6885,7.4365,4.8115],"rotation":0,"texture":"#1","tintindex":0},"south":{"uv":[5.5635,8.001,5.624,8.124],"rotation":0,"texture":"#1","tintindex":0},"north":{"uv":[8.001,5.3135,8.0615,5.4365],"rotation":0,"texture":"#1","tintindex":0},"west":{"uv":[7.3135,5.6885,7.4365,5.8115],"rotation":0,"texture":"#1","tintindex":0},"up":{"uv":[5.749,8.124,5.6885,8.001],"rotation":0,"texture":"#1","tintindex":0},"down":{"uv":[5.999,8.001,5.9385,8.124],"rotation":0,"texture":"#1","tintindex":0}}},{"from":[7.8445406,9.335165,-7.364167],"to":[8.15054,10.191165,-6.5081663],"rotation":{"angle":22.5,"axis":"x","origin":[7.990363,7.42627,-5.6078777]},"faces":{"east":{"uv":[8.001,6.0635,8.0615,6.1865],"rotation":0,"texture":"#1","tintindex":0},"south":{"uv":[6.1885,8.001,6.249,8.124],"rotation":0,"texture":"#1","tintindex":0},"north":{"uv":[6.0635,8.001,6.124,8.124],"rotation":0,"texture":"#1","tintindex":0},"west":{"uv":[6.3135,8.001,6.374,8.124],"rotation":0,"texture":"#1","tintindex":0},"up":{"uv":[8.624,6.124,8.5635,6.0635],"rotation":0,"texture":"#1","tintindex":0},"down":{"uv":[6.1865,8.5635,6.126,8.624],"rotation":0,"texture":"#1","tintindex":0}}},{"from":[7.858255,8.955978,-8.332539],"to":[8.14397,9.527408,-7.7611103],"rotation":{"angle":45.0,"axis":"x","origin":[7.990363,7.42627,-5.6078777]},"faces":{"east":{"uv":[6.251,8.5635,6.3115,8.624],"rotation":0,"texture":"#1","tintindex":0},"south":{"uv":[8.5635,6.3135,8.624,6.374],"rotation":0,"texture":"#1","tintindex":0},"north":{"uv":[8.5635,6.1885,8.624,6.249],"rotation":0,"texture":"#1","tintindex":0},"west":{"uv":[6.376,8.5635,6.4365,8.624],"rotation":0,"texture":"#1","tintindex":0},"up":{"uv":[8.624,6.499,8.5635,6.4385],"rotation":0,"texture":"#1","tintindex":0},"down":{"uv":[6.5615,8.5635,6.501,8.624],"rotation":0,"texture":"#1","tintindex":0}}},{"from":[7.8696833,7.8912606,-9.206871],"to":[8.132541,10.154118,-8.086872],"rotation":{"angle":22.5,"axis":"x","origin":[7.990363,7.42627,-5.6078777]},"faces":{"east":{"uv":[1.3135,5.9385,1.4365,6.1865],"rotation":0,"texture":"#1","tintindex":0},"south":{"uv":[7.3135,5.876,7.374,6.124],"rotation":0,"texture":"#1","tintindex":0},"north":{"uv":[5.8135,7.3135,5.874,7.5615],"rotation":0,"texture":"#1","tintindex":0},"west":{"uv":[4.876,5.9385,4.999,6.1865],"rotation":0,"texture":"#1","tintindex":0},"up":{"uv":[6.499,8.124,6.4385,8.001],"rotation":0,"texture":"#1","tintindex":0},"down":{"uv":[6.624,8.001,6.5635,8.124],"rotation":0,"texture":"#1","tintindex":0}}}],"textures":{"1":"modelengine:entity/fallenravager"},"display":{"head":{"translation":[0.0,-6.4,0.0],"scale":[4.0,4.0,4.0]}}}