{"elements":[{"from":[6.304,9.718286,6.8897142],"to":[9.696,10.396,9.110286],"rotation":{"angle":0.0,"axis":"y","origin":[8.0,0.5714283,8.0]},"faces":{"east":{"uv":[0.0075,7.0075,1.9575,7.5075],"rotation":0,"texture":"#0","tintindex":0},"south":{"uv":[1.0,3.0,4.975,4.0],"rotation":0,"texture":"#0","tintindex":0},"north":{"uv":[0.75,2.5,5.25,5.0],"rotation":0,"texture":"#0","tintindex":0},"west":{"uv":[0.0075,7.0075,1.9575,7.5075],"rotation":0,"texture":"#0","tintindex":0},"up":{"uv":[0.71775,1.124,4.69275,3.074],"rotation":0,"texture":"#0","tintindex":0},"down":{"uv":[0.999,1.001,4.974,2.951],"rotation":0,"texture":"#0","tintindex":0}}},{"from":[9.428572,9.714286,6.857143],"to":[10.0,10.285714,9.142858],"rotation":{"angle":0.0,"axis":"y","origin":[8.0,1.1428566,8.0]},"faces":{"east":{"uv":[6.8135,0.001,7.0615,0.0615],"rotation":0,"texture":"#1","tintindex":0},"south":{"uv":[8.126,1.251,8.1865,1.3115],"rotation":0,"texture":"#1","tintindex":0},"north":{"uv":[8.126,1.126,8.1865,1.1865],"rotation":0,"texture":"#1","tintindex":0},"west":{"uv":[6.8135,0.126,7.0615,0.1865],"rotation":0,"texture":"#1","tintindex":0},"up":{"uv":[6.5615,6.999,6.501,6.751],"rotation":0,"texture":"#1","tintindex":0},"down":{"uv":[6.874,1.126,6.8135,1.374],"rotation":0,"texture":"#1","tintindex":0}}},{"from":[8.285714,8.0,6.857143],"to":[10.0,8.571428,9.142858],"rotation":{"angle":0.0,"axis":"y","origin":[8.0,-0.57142925,8.0]},"faces":{"east":{"uv":[6.751,2.126,6.999,2.1865],"rotation":0,"texture":"#1","tintindex":0},"south":{"uv":[7.376,3.8135,7.5615,3.874],"rotation":0,"texture":"#1","tintindex":0},"north":{"uv":[7.376,0.9385,7.5615,0.999],"rotation":0,"texture":"#1","tintindex":0},"west":{"uv":[3.0635,6.751,3.3115,6.8115],"rotation":0,"texture":"#1","tintindex":0},"up":{"uv":[4.749,5.3115,4.5635,5.0635],"rotation":0,"texture":"#1","tintindex":0},"down":{"uv":[4.999,5.0635,4.8135,5.3115],"rotation":0,"texture":"#1","tintindex":0}}},{"from":[8.285714,8.571428,6.942857],"to":[9.428572,9.714286,9.057143],"rotation":{"angle":0.0,"axis":"y","origin":[7.428571,0.5714283,8.0]},"faces":{"east":{"uv":[5.4385,3.8135,5.6865,3.9365],"rotation":0,"texture":"#1","tintindex":0},"south":{"uv":[6.4385,0.376,6.5615,0.499],"rotation":0,"texture":"#1","tintindex":0},"north":{"uv":[6.376,5.376,6.499,5.499],"rotation":0,"texture":"#1","tintindex":0},"west":{"uv":[5.4385,4.001,5.6865,4.124],"rotation":0,"texture":"#1","tintindex":0},"up":{"uv":[5.249,5.624,5.126,5.376],"rotation":0,"texture":"#1","tintindex":0},"down":{"uv":[1.749,5.4385,1.626,5.6865],"rotation":0,"texture":"#1","tintindex":0}}},{"from":[9.428572,8.571428,6.857143],"to":[10.0,9.714286,9.142858],"rotation":{"angle":0.0,"axis":"y","origin":[8.0,0.5714283,8.0]},"faces":{"east":{"uv":[5.4385,3.251,5.6865,3.374],"rotation":0,"texture":"#1","tintindex":0},"south":{"uv":[6.4385,3.251,6.499,3.374],"rotation":0,"texture":"#1","tintindex":0},"north":{"uv":[6.4385,1.376,6.499,1.499],"rotation":0,"texture":"#1","tintindex":0},"west":{"uv":[5.4385,3.4385,5.6865,3.5615],"rotation":0,"texture":"#1","tintindex":0},"up":{"uv":[0.999,6.999,0.9385,6.751],"rotation":0,"texture":"#1","tintindex":0},"down":{"uv":[2.124,6.751,2.0635,6.999],"rotation":0,"texture":"#1","tintindex":0}}},{"from":[6.5714283,8.571428,6.942857],"to":[7.714286,9.714286,9.057143],"rotation":{"angle":0.0,"axis":"y","origin":[8.571428,0.5714283,8.0]},"faces":{"east":{"uv":[5.751,0.751,5.999,0.874],"rotation":0,"texture":"#1","tintindex":0},"south":{"uv":[6.9385,5.0635,7.0615,5.1865],"rotation":0,"texture":"#1","tintindex":0},"north":{"uv":[6.9385,4.5635,7.0615,4.6865],"rotation":0,"texture":"#1","tintindex":0},"west":{"uv":[5.751,0.9385,5.999,1.0615],"rotation":0,"texture":"#1","tintindex":0},"up":{"uv":[5.5615,5.9365,5.4385,5.6885],"rotation":0,"texture":"#1","tintindex":0},"down":{"uv":[5.874,1.126,5.751,1.374],"rotation":0,"texture":"#1","tintindex":0}}},{"from":[6.0,8.571428,6.857143],"to":[6.5714283,9.714286,9.142858],"rotation":{"angle":0.0,"axis":"y","origin":[8.0,0.5714283,8.0]},"faces":{"east":{"uv":[5.4385,5.001,5.6865,5.124],"rotation":0,"texture":"#1","tintindex":0},"south":{"uv":[7.6885,3.876,7.749,3.999],"rotation":0,"texture":"#1","tintindex":0},"north":{"uv":[7.6885,3.4385,7.749,3.5615],"rotation":0,"texture":"#1","tintindex":0},"west":{"uv":[5.4385,5.1885,5.6865,5.3115],"rotation":0,"texture":"#1","tintindex":0},"up":{"uv":[6.0615,6.999,6.001,6.751],"rotation":0,"texture":"#1","tintindex":0},"down":{"uv":[6.1865,6.751,6.126,6.999],"rotation":0,"texture":"#1","tintindex":0}}},{"from":[6.0,8.0,6.857143],"to":[7.714286,8.571428,9.142858],"rotation":{"angle":0.0,"axis":"y","origin":[8.0,-0.57142925,8.0]},"faces":{"east":{"uv":[6.751,5.9385,6.999,5.999],"rotation":0,"texture":"#1","tintindex":0},"south":{"uv":[7.376,4.876,7.5615,4.9365],"rotation":0,"texture":"#1","tintindex":0},"north":{"uv":[3.9385,7.376,4.124,7.4365],"rotation":0,"texture":"#1","tintindex":0},"west":{"uv":[6.751,6.0635,6.999,6.124],"rotation":0,"texture":"#1","tintindex":0},"up":{"uv":[5.249,5.3115,5.0635,5.0635],"rotation":0,"texture":"#1","tintindex":0},"down":{"uv":[5.3115,0.001,5.126,0.249],"rotation":0,"texture":"#1","tintindex":0}}},{"from":[5.6571426,7.7,6.6285715],"to":[10.342857,8.385715,9.314285],"rotation":{"angle":0.0,"axis":"y","origin":[8.0,0.8999996,7.9714284]},"faces":{"east":{"uv":[6.1885,5.626,6.499,5.6865],"rotation":0,"texture":"#1","tintindex":0},"south":{"uv":[5.4385,4.6885,5.9365,4.749],"rotation":0,"texture":"#1","tintindex":0},"north":{"uv":[5.376,0.251,5.874,0.3115],"rotation":0,"texture":"#1","tintindex":0},"west":{"uv":[6.251,0.626,6.5615,0.6865],"rotation":0,"texture":"#1","tintindex":0},"up":{"uv":[1.0615,2.6865,0.5635,2.376],"rotation":0,"texture":"#1","tintindex":0},"down":{"uv":[1.624,2.376,1.126,2.6865],"rotation":0,"texture":"#1","tintindex":0}}},{"from":[6.8599997,7.714286,8.988796],"to":[9.14,8.857143,9.560225],"rotation":{"angle":45.0,"axis":"x","origin":[8.285714,8.571428,9.27451]},"faces":{"east":{"uv":[4.001,0.626,4.0615,0.749],"rotation":0,"texture":"#1","tintindex":0},"south":{"uv":[1.3135,5.4385,1.5615,5.5615],"rotation":0,"texture":"#1","tintindex":0},"north":{"uv":[5.4385,1.251,5.6865,1.374],"rotation":0,"texture":"#1","tintindex":0},"west":{"uv":[0.3135,5.0635,0.374,5.1865],"rotation":0,"texture":"#1","tintindex":0},"up":{"uv":[6.9365,3.5615,6.6885,3.501],"rotation":0,"texture":"#1","tintindex":0},"down":{"uv":[6.9365,4.3135,6.6885,4.374],"rotation":0,"texture":"#1","tintindex":0}}},{"from":[6.857143,8.571428,9.107143],"to":[9.142858,11.428572,9.678572],"rotation":{"angle":0.0,"axis":"y","origin":[8.0,-3.4285717,7.964286]},"faces":{"east":{"uv":[1.251,6.501,1.3115,6.8115],"rotation":0,"texture":"#1","tintindex":0},"south":{"uv":[3.6885,1.626,3.9365,1.9365],"rotation":0,"texture":"#1","tintindex":0},"north":{"uv":[3.626,0.001,3.874,0.3115],"rotation":0,"texture":"#1","tintindex":0},"west":{"uv":[1.376,6.501,1.4365,6.8115],"rotation":0,"texture":"#1","tintindex":0},"up":{"uv":[7.3115,0.4365,7.0635,0.376],"rotation":0,"texture":"#1","tintindex":0},"down":{"uv":[0.6865,7.0635,0.4385,7.124],"rotation":0,"texture":"#1","tintindex":0}}},{"from":[8.089631,13.636549,6.862857],"to":[8.661059,14.207978,9.137143],"rotation":{"angle":45.0,"axis":"z","origin":[13.518203,13.922264,8.857143]},"faces":{"east":{"uv":[6.6885,3.251,6.9365,3.3115],"rotation":0,"texture":"#1","tintindex":0},"south":{"uv":[7.0635,8.001,7.124,8.0615],"rotation":0,"texture":"#1","tintindex":0},"north":{"uv":[6.9385,8.001,6.999,8.0615],"rotation":0,"texture":"#1","tintindex":0},"west":{"uv":[6.6885,3.376,6.9365,3.4365],"rotation":0,"texture":"#1","tintindex":0},"up":{"uv":[6.749,4.249,6.6885,4.001],"rotation":0,"texture":"#1","tintindex":0},"down":{"uv":[5.3115,6.6885,5.251,6.9365],"rotation":0,"texture":"#1","tintindex":0}}},{"from":[7.792022,13.232489,6.862857],"to":[8.649165,13.803917,9.137143],"rotation":{"angle":-45.0,"axis":"z","origin":[2.9348793,13.518203,8.851429]},"faces":{"east":{"uv":[6.8135,0.251,7.0615,0.3115],"rotation":0,"texture":"#1","tintindex":0},"south":{"uv":[7.6885,5.3135,7.8115,5.374],"rotation":0,"texture":"#1","tintindex":0},"north":{"uv":[7.6885,0.626,7.8115,0.6865],"rotation":0,"texture":"#1","tintindex":0},"west":{"uv":[6.8135,2.251,7.0615,2.3115],"rotation":0,"texture":"#1","tintindex":0},"up":{"uv":[5.5615,5.624,5.4385,5.376],"rotation":0,"texture":"#1","tintindex":0},"down":{"uv":[0.124,5.501,0.001,5.749],"rotation":0,"texture":"#1","tintindex":0}}},{"from":[7.350835,13.232489,6.862857],"to":[8.207977,13.803917,9.137143],"rotation":{"angle":45.0,"axis":"z","origin":[13.065121,13.518203,8.851429]},"faces":{"east":{"uv":[7.251,0.8135,7.499,0.874],"rotation":0,"texture":"#1","tintindex":0},"south":{"uv":[7.9385,4.3135,8.0615,4.374],"rotation":0,"texture":"#1","tintindex":0},"north":{"uv":[7.9385,4.1885,8.0615,4.249],"rotation":0,"texture":"#1","tintindex":0},"west":{"uv":[7.251,2.376,7.499,2.4365],"rotation":0,"texture":"#1","tintindex":0},"up":{"uv":[3.124,5.999,3.001,5.751],"rotation":0,"texture":"#1","tintindex":0},"down":{"uv":[5.874,4.8135,5.751,5.0615],"rotation":0,"texture":"#1","tintindex":0}}},{"from":[6.0,9.714286,6.857143],"to":[6.5714283,10.285714,9.142858],"rotation":{"angle":0.0,"axis":"y","origin":[8.0,1.1428566,8.0]},"faces":{"east":{"uv":[6.8135,2.376,7.0615,2.4365],"rotation":0,"texture":"#1","tintindex":0},"south":{"uv":[1.751,8.126,1.8115,8.1865],"rotation":0,"texture":"#1","tintindex":0},"north":{"uv":[1.501,8.126,1.5615,8.1865],"rotation":0,"texture":"#1","tintindex":0},"west":{"uv":[6.8135,2.501,7.0615,2.5615],"rotation":0,"texture":"#1","tintindex":0},"up":{"uv":[2.499,7.0615,2.4385,6.8135],"rotation":0,"texture":"#1","tintindex":0},"down":{"uv":[6.874,2.9385,6.8135,3.1865],"rotation":0,"texture":"#1","tintindex":0}}},{"from":[7.3389406,13.636549,6.862857],"to":[7.910369,14.207978,9.137143],"rotation":{"angle":-45.0,"axis":"z","origin":[2.4817972,13.922264,8.857143]},"faces":{"east":{"uv":[6.6885,2.6885,6.9365,2.749],"rotation":0,"texture":"#1","tintindex":0},"south":{"uv":[6.8135,8.001,6.874,8.0615],"rotation":0,"texture":"#1","tintindex":0},"north":{"uv":[6.6885,8.001,6.749,8.0615],"rotation":0,"texture":"#1","tintindex":0},"west":{"uv":[6.6885,2.8135,6.9365,2.874],"rotation":0,"texture":"#1","tintindex":0},"up":{"uv":[2.874,6.9365,2.8135,6.6885],"rotation":0,"texture":"#1","tintindex":0},"down":{"uv":[6.749,2.9385,6.6885,3.1865],"rotation":0,"texture":"#1","tintindex":0}}},{"from":[7.425143,7.568,6.610857],"to":[8.574857,8.717714,6.7605715],"rotation":{"angle":0.0,"axis":"y","origin":[8.0,0.7142854,8.014286]},"faces":{"east":{"uv":[7.6885,4.0635,7.749,4.1865],"rotation":0,"texture":"#1","tintindex":0},"south":{"uv":[6.751,6.376,6.874,6.499],"rotation":0,"texture":"#1","tintindex":0},"north":{"uv":[6.751,6.1885,6.874,6.3115],"rotation":0,"texture":"#1","tintindex":0},"west":{"uv":[7.6885,4.251,7.749,4.374],"rotation":0,"texture":"#1","tintindex":0},"up":{"uv":[6.5615,4.749,6.4385,4.6885],"rotation":0,"texture":"#1","tintindex":0},"down":{"uv":[7.8115,0.251,7.6885,0.3115],"rotation":0,"texture":"#1","tintindex":0}}},{"from":[7.2678385,8.402572,6.6019998],"to":[7.5498385,8.684571,6.678],"rotation":{"angle":-45.0,"axis":"z","origin":[7.393839,8.528571,6.49]},"faces":{"east":{"uv":[8.0635,6.501,8.124,6.5615],"rotation":0,"texture":"#1","tintindex":0},"south":{"uv":[8.0635,6.626,8.124,6.6865],"rotation":0,"texture":"#1","tintindex":0},"north":{"uv":[8.0635,6.376,8.124,6.4365],"rotation":0,"texture":"#1","tintindex":0},"west":{"uv":[8.0635,6.9385,8.124,6.999],"rotation":0,"texture":"#1","tintindex":0},"up":{"uv":[8.124,7.124,8.0635,7.0635],"rotation":0,"texture":"#1","tintindex":0},"down":{"uv":[7.249,8.0635,7.1885,8.124],"rotation":0,"texture":"#1","tintindex":0}}},{"from":[7.2678385,7.6025715,6.6019998],"to":[7.5498385,7.8845716,6.678],"rotation":{"angle":-45.0,"axis":"z","origin":[7.393839,7.7285714,6.49]},"faces":{"east":{"uv":[7.3135,8.0635,7.374,8.124],"rotation":0,"texture":"#1","tintindex":0},"south":{"uv":[8.0635,7.6885,8.124,7.749],"rotation":0,"texture":"#1","tintindex":0},"north":{"uv":[8.0635,7.1885,8.124,7.249],"rotation":0,"texture":"#1","tintindex":0},"west":{"uv":[8.001,8.0635,8.0615,8.124],"rotation":0,"texture":"#1","tintindex":0},"up":{"uv":[0.1865,8.1865,0.126,8.126],"rotation":0,"texture":"#1","tintindex":0},"down":{"uv":[0.3115,8.126,0.251,8.1865],"rotation":0,"texture":"#1","tintindex":0}}},{"from":[7.214456,7.7285714,6.59984],"to":[7.614456,8.528571,6.68016],"rotation":{"angle":0.0,"axis":"y","origin":[4.56252,7.3150234,4.039384]},"faces":{"east":{"uv":[0.376,8.126,0.4365,8.1865],"rotation":0,"texture":"#1","tintindex":0},"south":{"uv":[0.501,8.126,0.5615,8.1865],"rotation":0,"texture":"#1","tintindex":0},"north":{"uv":[8.126,0.3135,8.1865,0.374],"rotation":0,"texture":"#1","tintindex":0},"west":{"uv":[0.626,8.126,0.6865,8.1865],"rotation":0,"texture":"#1","tintindex":0},"up":{"uv":[8.1865,0.6865,8.126,0.626],"rotation":0,"texture":"#1","tintindex":0},"down":{"uv":[0.8115,8.126,0.751,8.1865],"rotation":0,"texture":"#1","tintindex":0}}},{"from":[7.867839,8.545428,6.6019998],"to":[8.149838,8.827429,6.678],"rotation":{"angle":-45.0,"axis":"z","origin":[7.993839,8.671429,6.49]},"faces":{"east":{"uv":[4.3135,8.0635,4.374,8.124],"rotation":0,"texture":"#1","tintindex":0},"south":{"uv":[4.4385,8.0635,4.499,8.124],"rotation":0,"texture":"#1","tintindex":0},"north":{"uv":[4.1885,8.0635,4.249,8.124],"rotation":0,"texture":"#1","tintindex":0},"west":{"uv":[8.0635,4.4385,8.124,4.499],"rotation":0,"texture":"#1","tintindex":0},"up":{"uv":[4.624,8.124,4.5635,8.0635],"rotation":0,"texture":"#1","tintindex":0},"down":{"uv":[4.749,8.0635,4.6885,8.124],"rotation":0,"texture":"#1","tintindex":0}}},{"from":[7.867839,7.4597144,6.6019998],"to":[8.149838,7.7417145,6.678],"rotation":{"angle":-45.0,"axis":"z","origin":[7.993839,7.5857143,6.49]},"faces":{"east":{"uv":[5.0635,8.0635,5.124,8.124],"rotation":0,"texture":"#1","tintindex":0},"south":{"uv":[5.1885,8.0635,5.249,8.124],"rotation":0,"texture":"#1","tintindex":0},"north":{"uv":[8.0635,4.8135,8.124,4.874],"rotation":0,"texture":"#1","tintindex":0},"west":{"uv":[8.0635,5.501,8.124,5.5615],"rotation":0,"texture":"#1","tintindex":0},"up":{"uv":[5.874,8.124,5.8135,8.0635],"rotation":0,"texture":"#1","tintindex":0},"down":{"uv":[8.124,5.8135,8.0635,5.874],"rotation":0,"texture":"#1","tintindex":0}}},{"from":[7.814456,7.5857143,6.59984],"to":[8.214456,8.671429,6.68016],"rotation":{"angle":0.0,"axis":"y","origin":[5.16252,7.1721663,4.039384]},"faces":{"east":{"uv":[7.6885,4.4385,7.749,4.5615],"rotation":0,"texture":"#1","tintindex":0},"south":{"uv":[7.6885,4.9385,7.749,5.0615],"rotation":0,"texture":"#1","tintindex":0},"north":{"uv":[4.3135,7.6885,4.374,7.8115],"rotation":0,"texture":"#1","tintindex":0},"west":{"uv":[7.6885,5.126,7.749,5.249],"rotation":0,"texture":"#1","tintindex":0},"up":{"uv":[8.124,5.999,8.0635,5.9385],"rotation":0,"texture":"#1","tintindex":0},"down":{"uv":[8.124,6.251,8.0635,6.3115],"rotation":0,"texture":"#1","tintindex":0}}},{"from":[8.414456,7.7285714,6.59984],"to":[8.814456,8.528571,6.68016],"rotation":{"angle":0.0,"axis":"y","origin":[5.76252,7.3150234,4.039384]},"faces":{"east":{"uv":[8.0635,0.501,8.124,0.5615],"rotation":0,"texture":"#1","tintindex":0},"south":{"uv":[8.0635,0.876,8.124,0.9365],"rotation":0,"texture":"#1","tintindex":0},"north":{"uv":[8.0635,0.001,8.124,0.0615],"rotation":0,"texture":"#1","tintindex":0},"west":{"uv":[8.0635,1.001,8.124,1.0615],"rotation":0,"texture":"#1","tintindex":0},"up":{"uv":[1.4365,8.124,1.376,8.0635],"rotation":0,"texture":"#1","tintindex":0},"down":{"uv":[8.124,1.376,8.0635,1.4365],"rotation":0,"texture":"#1","tintindex":0}}},{"from":[8.467838,7.6025715,6.6019998],"to":[8.749839,7.8845716,6.678],"rotation":{"angle":-45.0,"axis":"z","origin":[8.593839,7.7285714,6.49]},"faces":{"east":{"uv":[3.4385,8.0635,3.499,8.124],"rotation":0,"texture":"#1","tintindex":0},"south":{"uv":[3.5635,8.0635,3.624,8.124],"rotation":0,"texture":"#1","tintindex":0},"north":{"uv":[3.3135,8.0635,3.374,8.124],"rotation":0,"texture":"#1","tintindex":0},"west":{"uv":[8.0635,3.6885,8.124,3.749],"rotation":0,"texture":"#1","tintindex":0},"up":{"uv":[3.874,8.124,3.8135,8.0635],"rotation":0,"texture":"#1","tintindex":0},"down":{"uv":[3.999,8.0635,3.9385,8.124],"rotation":0,"texture":"#1","tintindex":0}}},{"from":[8.467838,8.402572,6.6019998],"to":[8.749839,8.684571,6.678],"rotation":{"angle":-45.0,"axis":"z","origin":[8.593839,8.528571,6.49]},"faces":{"east":{"uv":[8.0635,1.626,8.124,1.6865],"rotation":0,"texture":"#1","tintindex":0},"south":{"uv":[8.0635,1.751,8.124,1.8115],"rotation":0,"texture":"#1","tintindex":0},"north":{"uv":[8.0635,1.501,8.124,1.5615],"rotation":0,"texture":"#1","tintindex":0},"west":{"uv":[2.126,8.0635,2.1865,8.124],"rotation":0,"texture":"#1","tintindex":0},"up":{"uv":[8.124,2.5615,8.0635,2.501],"rotation":0,"texture":"#1","tintindex":0},"down":{"uv":[2.9365,8.0635,2.876,8.124],"rotation":0,"texture":"#1","tintindex":0}}},{"from":[7.428571,8.571428,6.6857142],"to":[8.571428,10.857143,7.257143],"rotation":{"angle":0.0,"axis":"y","origin":[8.0,22.285715,8.4]},"faces":{"east":{"uv":[6.626,6.876,6.6865,7.124],"rotation":0,"texture":"#1","tintindex":0},"south":{"uv":[5.751,1.9385,5.874,2.1865],"rotation":0,"texture":"#1","tintindex":0},"north":{"uv":[1.626,5.751,1.749,5.999],"rotation":0,"texture":"#1","tintindex":0},"west":{"uv":[2.3135,6.9385,2.374,7.1865],"rotation":0,"texture":"#1","tintindex":0},"up":{"uv":[3.8115,7.9365,3.6885,7.876],"rotation":0,"texture":"#1","tintindex":0},"down":{"uv":[7.999,3.6885,7.876,3.749],"rotation":0,"texture":"#1","tintindex":0}}},{"from":[8.287429,10.169082,6.6874285],"to":[8.855429,10.7370825,7.2554283],"rotation":{"angle":45.0,"axis":"z","origin":[8.571428,10.453082,6.9714284]},"faces":{"east":{"uv":[8.251,5.5635,8.3115,5.624],"rotation":0,"texture":"#1","tintindex":0},"south":{"uv":[8.251,6.001,8.3115,6.0615],"rotation":0,"texture":"#1","tintindex":0},"north":{"uv":[5.4385,8.251,5.499,8.3115],"rotation":0,"texture":"#1","tintindex":0},"west":{"uv":[6.6885,8.251,6.749,8.3115],"rotation":0,"texture":"#1","tintindex":0},"up":{"uv":[8.3115,6.749,8.251,6.6885],"rotation":0,"texture":"#1","tintindex":0},"down":{"uv":[6.874,8.251,6.8135,8.3115],"rotation":0,"texture":"#1","tintindex":0}}},{"from":[7.1445713,10.169082,6.6874285],"to":[7.7125716,10.7370825,7.2554283],"rotation":{"angle":-45.0,"axis":"z","origin":[7.428571,10.453082,6.9714284]},"faces":{"east":{"uv":[8.251,4.9385,8.3115,4.999],"rotation":0,"texture":"#1","tintindex":0},"south":{"uv":[8.251,5.0635,8.3115,5.124],"rotation":0,"texture":"#1","tintindex":0},"north":{"uv":[4.9385,8.251,4.999,8.3115],"rotation":0,"texture":"#1","tintindex":0},"west":{"uv":[8.251,5.1885,8.3115,5.249],"rotation":0,"texture":"#1","tintindex":0},"up":{"uv":[5.374,8.3115,5.3135,8.251],"rotation":0,"texture":"#1","tintindex":0},"down":{"uv":[8.3115,5.3135,8.251,5.374],"rotation":0,"texture":"#1","tintindex":0}}},{"from":[7.4257145,9.14,9.254286],"to":[8.5742855,11.431429,9.831429],"rotation":{"angle":0.0,"axis":"y","origin":[8.0,22.857143,10.971429]},"faces":{"east":{"uv":[5.876,7.001,5.9365,7.249],"rotation":0,"texture":"#1","tintindex":0},"south":{"uv":[2.8135,5.751,2.9365,5.999],"rotation":0,"texture":"#1","tintindex":0},"north":{"uv":[2.626,5.751,2.749,5.999],"rotation":0,"texture":"#1","tintindex":0},"west":{"uv":[0.3135,7.0635,0.374,7.3115],"rotation":0,"texture":"#1","tintindex":0},"up":{"uv":[7.999,7.124,7.876,7.0635],"rotation":0,"texture":"#1","tintindex":0},"down":{"uv":[7.999,7.1885,7.876,7.249],"rotation":0,"texture":"#1","tintindex":0}}},{"from":[7.1445713,10.740511,9.258858],"to":[7.7125716,11.308511,9.826858],"rotation":{"angle":-45.0,"axis":"z","origin":[7.428571,11.02451,9.542857]},"faces":{"east":{"uv":[8.3135,6.8135,8.374,6.874],"rotation":0,"texture":"#1","tintindex":0},"south":{"uv":[8.3135,6.9385,8.374,6.999],"rotation":0,"texture":"#1","tintindex":0},"north":{"uv":[6.5635,8.3135,6.624,8.374],"rotation":0,"texture":"#1","tintindex":0},"west":{"uv":[8.3135,7.0635,8.374,7.124],"rotation":0,"texture":"#1","tintindex":0},"up":{"uv":[7.249,8.374,7.1885,8.3135],"rotation":0,"texture":"#1","tintindex":0},"down":{"uv":[7.374,8.3135,7.3135,8.374],"rotation":0,"texture":"#1","tintindex":0}}},{"from":[8.287429,10.740511,9.258858],"to":[8.855429,11.308511,9.826858],"rotation":{"angle":45.0,"axis":"z","origin":[8.571428,11.02451,9.542857]},"faces":{"east":{"uv":[8.3135,6.251,8.374,6.3115],"rotation":0,"texture":"#1","tintindex":0},"south":{"uv":[6.3135,8.3135,6.374,8.374],"rotation":0,"texture":"#1","tintindex":0},"north":{"uv":[6.1885,8.3135,6.249,8.374],"rotation":0,"texture":"#1","tintindex":0},"west":{"uv":[8.3135,6.376,8.374,6.4365],"rotation":0,"texture":"#1","tintindex":0},"up":{"uv":[6.499,8.374,6.4385,8.3135],"rotation":0,"texture":"#1","tintindex":0},"down":{"uv":[8.374,6.501,8.3135,6.5615],"rotation":0,"texture":"#1","tintindex":0}}},{"from":[5.942069,8.268061,6.578918],"to":[6.513498,10.553776,7.1503468],"rotation":{"angle":45.0,"axis":"y","origin":[6.2277837,8.553776,6.8646326]},"faces":{"east":{"uv":[6.9385,6.501,6.999,6.749],"rotation":0,"texture":"#1","tintindex":0},"south":{"uv":[6.751,6.9385,6.8115,7.1865],"rotation":0,"texture":"#1","tintindex":0},"north":{"uv":[6.9385,6.1885,6.999,6.4365],"rotation":0,"texture":"#1","tintindex":0},"west":{"uv":[6.9385,6.8135,6.999,7.0615],"rotation":0,"texture":"#1","tintindex":0},"up":{"uv":[6.999,8.3115,6.9385,8.251],"rotation":0,"texture":"#1","tintindex":0},"down":{"uv":[7.124,8.251,7.0635,8.3115],"rotation":0,"texture":"#1","tintindex":0}}},{"from":[9.486502,8.268061,6.578918],"to":[10.057931,10.553776,7.1503468],"rotation":{"angle":-45.0,"axis":"y","origin":[9.772217,8.553776,6.8646326]},"faces":{"east":{"uv":[1.501,7.001,1.5615,7.249],"rotation":0,"texture":"#1","tintindex":0},"south":{"uv":[1.751,7.001,1.8115,7.249],"rotation":0,"texture":"#1","tintindex":0},"north":{"uv":[7.001,0.6885,7.0615,0.9365],"rotation":0,"texture":"#1","tintindex":0},"west":{"uv":[2.1885,7.001,2.249,7.249],"rotation":0,"texture":"#1","tintindex":0},"up":{"uv":[8.3115,7.3115,8.251,7.251],"rotation":0,"texture":"#1","tintindex":0},"down":{"uv":[8.3115,7.376,8.251,7.4365],"rotation":0,"texture":"#1","tintindex":0}}},{"from":[9.486502,8.268061,8.978918],"to":[10.057931,10.553776,9.550346],"rotation":{"angle":-45.0,"axis":"y","origin":[9.772217,8.553776,9.264632]},"faces":{"east":{"uv":[5.0635,7.001,5.124,7.249],"rotation":0,"texture":"#1","tintindex":0},"south":{"uv":[5.1885,7.001,5.249,7.249],"rotation":0,"texture":"#1","tintindex":0},"north":{"uv":[4.9385,7.001,4.999,7.249],"rotation":0,"texture":"#1","tintindex":0},"west":{"uv":[7.001,5.251,7.0615,5.499],"rotation":0,"texture":"#1","tintindex":0},"up":{"uv":[3.8115,8.374,3.751,8.3135],"rotation":0,"texture":"#1","tintindex":0},"down":{"uv":[3.9365,8.3135,3.876,8.374],"rotation":0,"texture":"#1","tintindex":0}}},{"from":[5.942069,8.268061,8.978918],"to":[6.513498,10.553776,9.550346],"rotation":{"angle":45.0,"axis":"y","origin":[6.2277837,8.553776,9.264632]},"faces":{"east":{"uv":[4.5635,7.001,4.624,7.249],"rotation":0,"texture":"#1","tintindex":0},"south":{"uv":[4.6885,7.001,4.749,7.249],"rotation":0,"texture":"#1","tintindex":0},"north":{"uv":[4.4385,7.001,4.499,7.249],"rotation":0,"texture":"#1","tintindex":0},"west":{"uv":[4.8135,7.001,4.874,7.249],"rotation":0,"texture":"#1","tintindex":0},"up":{"uv":[8.374,3.624,8.3135,3.5635],"rotation":0,"texture":"#1","tintindex":0},"down":{"uv":[3.6865,8.3135,3.626,8.374],"rotation":0,"texture":"#1","tintindex":0}}},{"from":[7.8337755,10.144,6.5154285],"to":[8.235551,10.545775,7.0845714],"rotation":{"angle":-45.0,"axis":"z","origin":[8.118347,10.428572,6.8]},"faces":{"east":{"uv":[8.376,2.876,8.4365,2.9365],"rotation":0,"texture":"#1","tintindex":0},"south":{"uv":[3.001,8.376,3.0615,8.4365],"rotation":0,"texture":"#1","tintindex":0},"north":{"uv":[8.376,2.751,8.4365,2.8115],"rotation":0,"texture":"#1","tintindex":0},"west":{"uv":[8.376,3.001,8.4365,3.0615],"rotation":0,"texture":"#1","tintindex":0},"up":{"uv":[3.1865,8.4365,3.126,8.376],"rotation":0,"texture":"#1","tintindex":0},"down":{"uv":[8.4365,3.126,8.376,3.1865],"rotation":0,"texture":"#1","tintindex":0}}},{"from":[7.142857,6.857143,6.9],"to":[8.857143,8.0,9.1],"rotation":{"angle":0.0,"axis":"y","origin":[8.0,0.5714283,8.0]},"faces":{"east":{"uv":[5.4385,2.126,5.6865,2.249],"rotation":0,"texture":"#1","tintindex":0},"south":{"uv":[3.751,6.001,3.9365,6.124],"rotation":0,"texture":"#1","tintindex":0},"north":{"uv":[3.501,6.001,3.6865,6.124],"rotation":0,"texture":"#1","tintindex":0},"west":{"uv":[5.4385,3.0635,5.6865,3.1865],"rotation":0,"texture":"#1","tintindex":0},"up":{"uv":[5.249,3.3115,5.0635,3.0635],"rotation":0,"texture":"#1","tintindex":0},"down":{"uv":[5.249,3.376,5.0635,3.624],"rotation":0,"texture":"#1","tintindex":0}}}],"textures":{"0":"modelengine:entity/boneshadingravager","1":"modelengine:entity/fallenravager"},"display":{"head":{"translation":[0.0,-6.4,0.0],"scale":[4.0,4.0,4.0]}}}