{"elements":[{"from":[5.714286,7.8095236,6.857143],"to":[10.285714,12.380953,9.142858],"rotation":{"angle":0.0,"axis":"y","origin":[8.0,0.38095236,8.0]},"faces":{"east":{"uv":[6.0,8.75,7.0,10.75],"rotation":0,"texture":"#0","tintindex":0},"south":{"uv":[2.0,4.0,4.0,6.0],"rotation":0,"texture":"#0","tintindex":0},"north":{"uv":[0.0,4.0,2.0,6.0],"rotation":0,"texture":"#0","tintindex":0},"west":{"uv":[7.0,8.75,8.0,10.75],"rotation":0,"texture":"#0","tintindex":0},"up":{"uv":[10.0,9.75,8.0,8.75],"rotation":0,"texture":"#0","tintindex":0},"down":{"uv":[11.0,0.0,9.0,1.0],"rotation":0,"texture":"#0","tintindex":0}}}],"textures":{"0":"modelengine:entity/em_dyerftum1"},"display":{"head":{"translation":[0.0,-6.4,0.0],"scale":[4.0,4.0,4.0]}}}