{"elements":[{"from":[6.857143,7.757143,6.285714],"to":[9.142858,10.614285,8.0],"rotation":{"angle":0.0,"axis":"y","origin":[8.0,-8.242857,8.0]},"faces":{"east":{"uv":[11.25,10.5,12.0,11.75],"rotation":0,"texture":"#0","tintindex":0},"south":{"uv":[9.0,9.75,10.0,11.0],"rotation":0,"texture":"#0","tintindex":0},"north":{"uv":[8.0,9.75,9.0,11.0],"rotation":0,"texture":"#0","tintindex":0},"west":{"uv":[0.0,11.5,0.75,12.75],"rotation":0,"texture":"#0","tintindex":0},"up":{"uv":[12.75,9.25,11.75,8.5],"rotation":0,"texture":"#0","tintindex":0},"down":{"uv":[12.5,11.75,11.5,12.5],"rotation":0,"texture":"#0","tintindex":0}}},{"from":[7.428571,6.042857,6.285714],"to":[8.571428,7.757143,8.0],"rotation":{"angle":0.0,"axis":"y","origin":[8.0,-11.671429,8.0]},"faces":{"east":{"uv":[6.5,13.0,7.25,13.75],"rotation":0,"texture":"#0","tintindex":0},"south":{"uv":[13.5,4.25,14.0,5.0],"rotation":0,"texture":"#0","tintindex":0},"north":{"uv":[13.5,3.5,14.0,4.25],"rotation":0,"texture":"#0","tintindex":0},"west":{"uv":[7.25,13.0,8.0,13.75],"rotation":0,"texture":"#0","tintindex":0},"up":{"uv":[5.5,14.25,5.0,13.5],"rotation":0,"texture":"#0","tintindex":0},"down":{"uv":[14.0,7.0,13.5,7.75],"rotation":0,"texture":"#0","tintindex":0}}}],"textures":{"0":"modelengine:entity/em_dyerftum1"},"display":{"head":{"translation":[0.0,-6.4,0.0],"scale":[4.0,4.0,4.0]}}}