{"elements":[{"from":[8.0,-10.285715,-10.285715],"to":[8.0,26.285715,26.285715],"rotation":{"angle":0.0,"axis":"y","origin":[8.0,8.0,8.0]},"faces":{"east":{"uv":[4.0,0.0,5.0,1.0],"rotation":0,"texture":"#1","tintindex":0},"south":{"uv":[0.0,0.0,0.0,16.0],"rotation":0,"texture":"#1","tintindex":0},"north":{"uv":[0.0,0.0,0.0,16.0],"rotation":0,"texture":"#1","tintindex":0},"west":{"uv":[5.0,0.0,4.0,1.0],"rotation":0,"texture":"#1","tintindex":0},"up":{"uv":[0.0,0.0,16.0,0.0],"rotation":90,"texture":"#1","tintindex":0},"down":{"uv":[0.0,0.0,16.0,0.0],"rotation":270,"texture":"#1","tintindex":0}}},{"from":[-10.285715,-10.285715,8.0],"to":[26.285715,26.285715,8.0],"rotation":{"angle":0.0,"axis":"y","origin":[8.0,8.0,8.0]},"faces":{"east":{"uv":[0.0,0.0,0.0,16.0],"rotation":0,"texture":"#1","tintindex":0},"south":{"uv":[4.0,0.0,5.0,1.0],"rotation":0,"texture":"#1","tintindex":0},"north":{"uv":[5.0,0.0,4.0,1.0],"rotation":0,"texture":"#1","tintindex":0},"west":{"uv":[0.0,0.0,0.0,16.0],"rotation":0,"texture":"#1","tintindex":0},"up":{"uv":[0.0,0.0,16.0,0.0],"rotation":180,"texture":"#1","tintindex":0},"down":{"uv":[0.0,0.0,16.0,0.0],"rotation":180,"texture":"#1","tintindex":0}}}],"textures":{"1":"modelengine:entity/em_nothingness"},"display":{"head":{"translation":[0.0,-6.4,0.0],"scale":[4.0,4.0,4.0]}}}