{"elements":[{"from":[8.0,-1.1428576,-1.1428576],"to":[8.0,17.142857,17.142857],"rotation":{"angle":0.0,"axis":"y","origin":[8.0,-1.1428576,17.142857]},"faces":{"east":{"uv":[0.5,15.5,0.0,16.0],"rotation":0,"texture":"#0","tintindex":0},"south":{"uv":[0.0,0.0,16.0,16.0],"rotation":0,"texture":"#0","tintindex":0},"north":{"uv":[0.0,0.0,16.0,16.0],"rotation":0,"texture":"#0","tintindex":0},"west":{"uv":[0.0,15.5,0.5,16.0],"rotation":0,"texture":"#0","tintindex":0},"up":{"uv":[0.0,0.0,16.0,16.0],"rotation":0,"texture":"#0","tintindex":0},"down":{"uv":[0.0,0.0,0.0,0.5],"rotation":0,"texture":"#0","tintindex":0}}}],"textures":{"0":"modelengine:entity/em_nothingness"},"display":{"head":{"translation":[0.0,-6.4,0.0],"scale":[4.0,4.0,4.0]}}}