{"elements":[{"from":[10.251429,8.651428,6.2988],"to":[10.891429,12.148571,9.224514],"rotation":{"angle":0.0,"axis":"y","origin":[7.714286,-2.4571428,7.861657]},"faces":{"east":{"uv":[2.876,0.001,3.1865,0.374],"rotation":0,"texture":"#1","tintindex":0},"south":{"uv":[4.001,6.001,4.0615,6.374],"rotation":0,"texture":"#1","tintindex":0},"north":{"uv":[2.4385,6.001,2.499,6.374],"rotation":0,"texture":"#1","tintindex":0},"west":{"uv":[0.4385,3.001,0.749,3.374],"rotation":0,"texture":"#1","tintindex":0},"up":{"uv":[2.374,6.499,2.3135,6.1885],"rotation":0,"texture":"#1","tintindex":0},"down":{"uv":[1.874,6.251,1.8135,6.5615],"rotation":0,"texture":"#1","tintindex":0}}},{"from":[5.108571,8.651428,6.2988],"to":[5.7485714,12.148571,9.224514],"rotation":{"angle":0.0,"axis":"y","origin":[8.285714,-2.4571428,7.861657]},"faces":{"east":{"uv":[1.626,3.001,1.9365,3.374],"rotation":0,"texture":"#1","tintindex":0},"south":{"uv":[2.1885,6.1885,2.249,6.5615],"rotation":0,"texture":"#1","tintindex":0},"north":{"uv":[1.501,6.1885,1.5615,6.5615],"rotation":0,"texture":"#1","tintindex":0},"west":{"uv":[2.001,3.001,2.3115,3.374],"rotation":0,"texture":"#1","tintindex":0},"up":{"uv":[1.6865,6.8115,1.626,6.501],"rotation":0,"texture":"#1","tintindex":0},"down":{"uv":[1.999,6.501,1.9385,6.8115],"rotation":0,"texture":"#1","tintindex":0}}},{"from":[5.1457143,9.145715,6.5788],"to":[10.854286,11.997143,8.8588],"rotation":{"angle":0.0,"axis":"y","origin":[8.0,-1.7142859,7.7188]},"faces":{"east":{"uv":[3.376,1.626,3.624,1.9365],"rotation":0,"texture":"#1","tintindex":0},"south":{"uv":[1.251,2.001,1.874,2.3115],"rotation":0,"texture":"#1","tintindex":0},"north":{"uv":[0.5635,2.001,1.1865,2.3115],"rotation":0,"texture":"#1","tintindex":0},"west":{"uv":[1.6885,3.4385,1.9365,3.749],"rotation":0,"texture":"#1","tintindex":0},"up":{"uv":[2.749,1.374,2.126,1.126],"rotation":0,"texture":"#1","tintindex":0},"down":{"uv":[2.749,1.4385,2.126,1.6865],"rotation":0,"texture":"#1","tintindex":0}}},{"from":[5.6142855,7.428571,6.4759426],"to":[10.385715,9.142858,8.961658],"rotation":{"angle":0.0,"axis":"y","origin":[8.0,-1.7142859,7.7188]},"faces":{"east":{"uv":[0.6885,5.126,0.9365,5.3115],"rotation":0,"texture":"#1","tintindex":0},"south":{"uv":[3.251,2.001,3.749,2.1865],"rotation":0,"texture":"#1","tintindex":0},"north":{"uv":[3.001,0.8135,3.499,0.999],"rotation":0,"texture":"#1","tintindex":0},"west":{"uv":[5.126,1.1885,5.374,1.374],"rotation":0,"texture":"#1","tintindex":0},"up":{"uv":[1.5615,2.999,1.0635,2.751],"rotation":0,"texture":"#1","tintindex":0},"down":{"uv":[3.3115,1.0635,2.8135,1.3115],"rotation":0,"texture":"#1","tintindex":0}}},{"from":[7.8337755,11.144,5.8342285],"to":[8.235551,11.545775,6.4033713],"rotation":{"angle":-45.0,"axis":"z","origin":[8.118347,11.428572,6.1188]},"faces":{"east":{"uv":[8.251,1.126,8.3115,1.1865],"rotation":0,"texture":"#1","tintindex":0},"south":{"uv":[8.251,1.251,8.3115,1.3115],"rotation":0,"texture":"#1","tintindex":0},"north":{"uv":[0.876,8.251,0.9365,8.3115],"rotation":0,"texture":"#1","tintindex":0},"west":{"uv":[1.501,8.251,1.5615,8.3115],"rotation":0,"texture":"#1","tintindex":0},"up":{"uv":[1.8115,8.3115,1.751,8.251],"rotation":0,"texture":"#1","tintindex":0},"down":{"uv":[1.9365,8.251,1.876,8.3115],"rotation":0,"texture":"#1","tintindex":0}}},{"from":[7.714286,10.285714,5.8330855],"to":[8.285714,11.428572,6.4045143],"rotation":{"angle":0.0,"axis":"y","origin":[7.9714284,-2.285715,7.5473714]},"faces":{"east":{"uv":[7.8135,3.501,7.874,3.624],"rotation":0,"texture":"#1","tintindex":0},"south":{"uv":[7.8135,3.876,7.874,3.999],"rotation":0,"texture":"#1","tintindex":0},"north":{"uv":[7.8135,3.3135,7.874,3.4365],"rotation":0,"texture":"#1","tintindex":0},"west":{"uv":[7.8135,4.0635,7.874,4.1865],"rotation":0,"texture":"#1","tintindex":0},"up":{"uv":[8.249,6.9365,8.1885,6.876],"rotation":0,"texture":"#1","tintindex":0},"down":{"uv":[8.249,7.001,8.1885,7.0615],"rotation":0,"texture":"#1","tintindex":0}}},{"from":[7.8337755,10.0011425,5.8342285],"to":[8.235551,10.402918,6.4033713],"rotation":{"angle":-45.0,"axis":"z","origin":[8.118347,10.285714,6.1188]},"faces":{"east":{"uv":[2.001,8.251,2.0615,8.3115],"rotation":0,"texture":"#1","tintindex":0},"south":{"uv":[8.251,2.126,8.3115,2.1865],"rotation":0,"texture":"#1","tintindex":0},"north":{"uv":[8.251,1.876,8.3115,1.9365],"rotation":0,"texture":"#1","tintindex":0},"west":{"uv":[8.251,2.251,8.3115,2.3115],"rotation":0,"texture":"#1","tintindex":0},"up":{"uv":[2.4365,8.3115,2.376,8.251],"rotation":0,"texture":"#1","tintindex":0},"down":{"uv":[8.3115,2.5635,8.251,2.624],"rotation":0,"texture":"#1","tintindex":0}}},{"from":[7.4257145,9.711429,6.001657],"to":[8.5742855,12.002857,6.5788],"rotation":{"angle":0.0,"axis":"y","origin":[8.0,-1.7142859,7.7188]},"faces":{"east":{"uv":[3.4385,6.876,3.499,7.124],"rotation":0,"texture":"#1","tintindex":0},"south":{"uv":[5.0635,5.6885,5.1865,5.9365],"rotation":0,"texture":"#1","tintindex":0},"north":{"uv":[4.876,5.626,4.999,5.874],"rotation":0,"texture":"#1","tintindex":0},"west":{"uv":[3.5635,6.876,3.624,7.124],"rotation":0,"texture":"#1","tintindex":0},"up":{"uv":[7.9365,3.124,7.8135,3.0635],"rotation":0,"texture":"#1","tintindex":0},"down":{"uv":[7.9365,3.1885,7.8135,3.249],"rotation":0,"texture":"#1","tintindex":0}}},{"from":[8.287429,9.834347,6.0062284],"to":[8.855429,10.402347,6.5742283],"rotation":{"angle":-45.0,"axis":"z","origin":[8.571428,10.118347,6.2902284]},"faces":{"east":{"uv":[8.251,2.8135,8.3115,2.874],"rotation":0,"texture":"#1","tintindex":0},"south":{"uv":[8.251,2.9385,8.3115,2.999],"rotation":0,"texture":"#1","tintindex":0},"north":{"uv":[8.251,2.6885,8.3115,2.749],"rotation":0,"texture":"#1","tintindex":0},"west":{"uv":[3.001,8.251,3.0615,8.3115],"rotation":0,"texture":"#1","tintindex":0},"up":{"uv":[8.3115,3.124,8.251,3.0635],"rotation":0,"texture":"#1","tintindex":0},"down":{"uv":[3.1865,8.251,3.126,8.3115],"rotation":0,"texture":"#1","tintindex":0}}},{"from":[7.1445713,9.834347,6.0062284],"to":[7.7125716,10.402347,6.5742283],"rotation":{"angle":45.0,"axis":"z","origin":[7.428571,10.118347,6.2902284]},"faces":{"east":{"uv":[8.251,3.3135,8.3115,3.374],"rotation":0,"texture":"#1","tintindex":0},"south":{"uv":[8.251,3.4385,8.3115,3.499],"rotation":0,"texture":"#1","tintindex":0},"north":{"uv":[8.251,3.1885,8.3115,3.249],"rotation":0,"texture":"#1","tintindex":0},"west":{"uv":[8.251,3.751,8.3115,3.8115],"rotation":0,"texture":"#1","tintindex":0},"up":{"uv":[8.3115,3.9365,8.251,3.876],"rotation":0,"texture":"#1","tintindex":0},"down":{"uv":[4.0615,8.251,4.001,8.3115],"rotation":0,"texture":"#1","tintindex":0}}},{"from":[6.285714,10.285714,6.2902284],"to":[9.714286,12.0,6.861657],"rotation":{"angle":0.0,"axis":"y","origin":[8.0,-1.7142859,8.004515]},"faces":{"east":{"uv":[7.5635,1.876,7.624,2.0615],"rotation":0,"texture":"#1","tintindex":0},"south":{"uv":[3.001,3.8135,3.374,3.999],"rotation":0,"texture":"#1","tintindex":0},"north":{"uv":[3.8135,2.001,4.1865,2.1865],"rotation":0,"texture":"#1","tintindex":0},"west":{"uv":[2.251,7.5635,2.3115,7.749],"rotation":0,"texture":"#1","tintindex":0},"up":{"uv":[6.499,1.3115,6.126,1.251],"rotation":0,"texture":"#1","tintindex":0},"down":{"uv":[6.499,1.751,6.126,1.8115],"rotation":0,"texture":"#1","tintindex":0}}},{"from":[6.857143,9.714286,6.2902284],"to":[9.142858,10.285714,6.861657],"rotation":{"angle":0.0,"axis":"y","origin":[8.0,-2.285715,8.004515]},"faces":{"east":{"uv":[8.251,4.001,8.3115,4.0615],"rotation":0,"texture":"#1","tintindex":0},"south":{"uv":[6.9385,3.126,7.1865,3.1865],"rotation":0,"texture":"#1","tintindex":0},"north":{"uv":[6.9385,1.376,7.1865,1.4365],"rotation":0,"texture":"#1","tintindex":0},"west":{"uv":[8.251,4.126,8.3115,4.1865],"rotation":0,"texture":"#1","tintindex":0},"up":{"uv":[4.249,6.999,4.001,6.9385],"rotation":0,"texture":"#1","tintindex":0},"down":{"uv":[7.1865,4.4385,6.9385,4.499],"rotation":0,"texture":"#1","tintindex":0}}},{"from":[8.860572,9.8360615,6.2936573],"to":[9.996572,10.400633,6.8582287],"rotation":{"angle":45.0,"axis":"z","origin":[9.142858,10.118347,6.575943]},"faces":{"east":{"uv":[8.251,4.251,8.3115,4.3115],"rotation":0,"texture":"#1","tintindex":0},"south":{"uv":[1.1885,7.876,1.3115,7.9365],"rotation":0,"texture":"#1","tintindex":0},"north":{"uv":[1.001,7.876,1.124,7.9365],"rotation":0,"texture":"#1","tintindex":0},"west":{"uv":[8.251,4.5635,8.3115,4.624],"rotation":0,"texture":"#1","tintindex":0},"up":{"uv":[7.999,1.499,7.876,1.4385],"rotation":0,"texture":"#1","tintindex":0},"down":{"uv":[7.999,1.5635,7.876,1.624],"rotation":0,"texture":"#1","tintindex":0}}},{"from":[9.999657,8.546576,6.2898855],"to":[10.571772,9.11869,9.147715],"rotation":{"angle":45.0,"axis":"z","origin":[10.285714,8.832632,6.575943]},"faces":{"east":{"uv":[6.251,5.126,6.5615,5.1865],"rotation":0,"texture":"#1","tintindex":0},"south":{"uv":[7.6885,8.251,7.749,8.3115],"rotation":0,"texture":"#1","tintindex":0},"north":{"uv":[7.5635,8.251,7.624,8.3115],"rotation":0,"texture":"#1","tintindex":0},"west":{"uv":[6.251,5.251,6.5615,5.3115],"rotation":0,"texture":"#1","tintindex":0},"up":{"uv":[5.3115,6.624,5.251,6.3135],"rotation":0,"texture":"#1","tintindex":0},"down":{"uv":[0.0615,6.376,0.001,6.6865],"rotation":0,"texture":"#1","tintindex":0}}},{"from":[9.883074,7.693204,6.2902284],"to":[10.454502,8.8360615,6.861657],"rotation":{"angle":0.0,"axis":"y","origin":[10.168788,7.978918,6.575943]},"faces":{"east":{"uv":[2.126,7.876,2.1865,7.999],"rotation":0,"texture":"#1","tintindex":0},"south":{"uv":[4.1885,7.876,4.249,7.999],"rotation":0,"texture":"#1","tintindex":0},"north":{"uv":[1.376,7.876,1.4365,7.999],"rotation":0,"texture":"#1","tintindex":0},"west":{"uv":[4.3135,7.876,4.374,7.999],"rotation":0,"texture":"#1","tintindex":0},"up":{"uv":[7.499,8.3115,7.4385,8.251],"rotation":0,"texture":"#1","tintindex":0},"down":{"uv":[8.3115,7.501,8.251,7.5615],"rotation":0,"texture":"#1","tintindex":0}}},{"from":[5.4282284,8.546576,6.2898855],"to":[6.000343,9.11869,9.147715],"rotation":{"angle":-45.0,"axis":"z","origin":[5.714286,8.832632,6.575943]},"faces":{"east":{"uv":[6.3135,1.5635,6.624,1.624],"rotation":0,"texture":"#1","tintindex":0},"south":{"uv":[8.3135,0.001,8.374,0.0615],"rotation":0,"texture":"#1","tintindex":0},"north":{"uv":[0.001,8.3135,0.0615,8.374],"rotation":0,"texture":"#1","tintindex":0},"west":{"uv":[6.3135,2.376,6.624,2.4365],"rotation":0,"texture":"#1","tintindex":0},"up":{"uv":[2.124,6.6865,2.0635,6.376],"rotation":0,"texture":"#1","tintindex":0},"down":{"uv":[3.1865,6.376,3.126,6.6865],"rotation":0,"texture":"#1","tintindex":0}}},{"from":[5.545498,7.693204,6.2902284],"to":[6.1169267,8.8360615,6.861657],"rotation":{"angle":0.0,"axis":"y","origin":[5.831212,7.978918,6.575943]},"faces":{"east":{"uv":[4.5635,7.876,4.624,7.999],"rotation":0,"texture":"#1","tintindex":0},"south":{"uv":[7.876,4.626,7.9365,4.749],"rotation":0,"texture":"#1","tintindex":0},"north":{"uv":[4.4385,7.876,4.499,7.999],"rotation":0,"texture":"#1","tintindex":0},"west":{"uv":[4.6885,7.876,4.749,7.999],"rotation":0,"texture":"#1","tintindex":0},"up":{"uv":[8.3115,7.999,8.251,7.9385],"rotation":0,"texture":"#1","tintindex":0},"down":{"uv":[8.3115,8.0635,8.251,8.124],"rotation":0,"texture":"#1","tintindex":0}}},{"from":[5.665853,7.2357755,6.2936573],"to":[6.2304244,7.800347,9.143943],"rotation":{"angle":-45.0,"axis":"z","origin":[5.9481387,7.6966324,6.575943]},"faces":{"east":{"uv":[6.251,5.751,6.5615,5.8115],"rotation":0,"texture":"#1","tintindex":0},"south":{"uv":[8.251,7.8135,8.3115,7.874],"rotation":0,"texture":"#1","tintindex":0},"north":{"uv":[7.8135,8.251,7.874,8.3115],"rotation":0,"texture":"#1","tintindex":0},"west":{"uv":[6.251,5.876,6.5615,5.9365],"rotation":0,"texture":"#1","tintindex":0},"up":{"uv":[0.3115,6.6865,0.251,6.376],"rotation":0,"texture":"#1","tintindex":0},"down":{"uv":[1.0615,6.376,1.001,6.6865],"rotation":0,"texture":"#1","tintindex":0}}},{"from":[9.769575,7.2357755,6.2936573],"to":[10.3341465,7.800347,9.143943],"rotation":{"angle":45.0,"axis":"z","origin":[10.051861,7.6966324,6.575943]},"faces":{"east":{"uv":[6.376,2.126,6.6865,2.1865],"rotation":0,"texture":"#1","tintindex":0},"south":{"uv":[1.376,8.3135,1.4365,8.374],"rotation":0,"texture":"#1","tintindex":0},"north":{"uv":[1.251,8.3135,1.3115,8.374],"rotation":0,"texture":"#1","tintindex":0},"west":{"uv":[6.376,4.9385,6.6865,4.999],"rotation":0,"texture":"#1","tintindex":0},"up":{"uv":[6.499,3.1865,6.4385,2.876],"rotation":0,"texture":"#1","tintindex":0},"down":{"uv":[4.0615,6.4385,4.001,6.749],"rotation":0,"texture":"#1","tintindex":0}}},{"from":[6.0034285,9.8360615,6.2936573],"to":[7.1394286,10.400633,6.8582287],"rotation":{"angle":-45.0,"axis":"z","origin":[6.857143,10.118347,6.575943]},"faces":{"east":{"uv":[8.251,4.6885,8.3115,4.749],"rotation":0,"texture":"#1","tintindex":0},"south":{"uv":[1.9385,7.876,2.0615,7.9365],"rotation":0,"texture":"#1","tintindex":0},"north":{"uv":[1.626,7.876,1.749,7.9365],"rotation":0,"texture":"#1","tintindex":0},"west":{"uv":[4.8135,8.251,4.874,8.3115],"rotation":0,"texture":"#1","tintindex":0},"up":{"uv":[2.624,7.9365,2.501,7.876],"rotation":0,"texture":"#1","tintindex":0},"down":{"uv":[2.8115,7.876,2.6885,7.9365],"rotation":0,"texture":"#1","tintindex":0}}},{"from":[7.4257145,9.14,9.144514],"to":[8.5742855,12.002857,9.721657],"rotation":{"angle":0.0,"axis":"y","origin":[8.0,-2.285715,8.004515]},"faces":{"east":{"uv":[6.501,0.751,6.5615,1.0615],"rotation":0,"texture":"#1","tintindex":0},"south":{"uv":[1.251,3.5635,1.374,3.874],"rotation":0,"texture":"#1","tintindex":0},"north":{"uv":[1.4385,3.0635,1.5615,3.374],"rotation":0,"texture":"#1","tintindex":0},"west":{"uv":[0.8135,6.501,0.874,6.8115],"rotation":0,"texture":"#1","tintindex":0},"up":{"uv":[6.249,7.9365,6.126,7.876],"rotation":0,"texture":"#1","tintindex":0},"down":{"uv":[7.999,6.251,7.876,6.3115],"rotation":0,"texture":"#1","tintindex":0}}},{"from":[8.287429,9.262918,9.149086],"to":[8.855429,9.830918,9.717086],"rotation":{"angle":-45.0,"axis":"z","origin":[8.571428,9.546918,9.433085]},"faces":{"east":{"uv":[5.6885,8.3135,5.749,8.374],"rotation":0,"texture":"#1","tintindex":0},"south":{"uv":[8.3135,5.6885,8.374,5.749],"rotation":0,"texture":"#1","tintindex":0},"north":{"uv":[5.5635,8.3135,5.624,8.374],"rotation":0,"texture":"#1","tintindex":0},"west":{"uv":[5.8135,8.3135,5.874,8.374],"rotation":0,"texture":"#1","tintindex":0},"up":{"uv":[8.374,5.874,8.3135,5.8135],"rotation":0,"texture":"#1","tintindex":0},"down":{"uv":[5.999,8.3135,5.9385,8.374],"rotation":0,"texture":"#1","tintindex":0}}},{"from":[7.1445713,9.262918,9.149086],"to":[7.7125716,9.830918,9.717086],"rotation":{"angle":45.0,"axis":"z","origin":[7.428571,9.546918,9.433085]},"faces":{"east":{"uv":[4.626,8.3135,4.6865,8.374],"rotation":0,"texture":"#1","tintindex":0},"south":{"uv":[8.3135,4.8135,8.374,4.874],"rotation":0,"texture":"#1","tintindex":0},"north":{"uv":[4.501,8.3135,4.5615,8.374],"rotation":0,"texture":"#1","tintindex":0},"west":{"uv":[5.0635,8.3135,5.124,8.374],"rotation":0,"texture":"#1","tintindex":0},"up":{"uv":[5.249,8.374,5.1885,8.3135],"rotation":0,"texture":"#1","tintindex":0},"down":{"uv":[8.374,5.4385,8.3135,5.499],"rotation":0,"texture":"#1","tintindex":0}}},{"from":[6.857143,9.142858,8.861657],"to":[9.142858,9.714286,9.433085],"rotation":{"angle":0.0,"axis":"y","origin":[8.0,-2.8571434,7.7188]},"faces":{"east":{"uv":[4.376,8.3135,4.4365,8.374],"rotation":0,"texture":"#1","tintindex":0},"south":{"uv":[7.001,4.751,7.249,4.8115],"rotation":0,"texture":"#1","tintindex":0},"north":{"uv":[7.001,1.501,7.249,1.5615],"rotation":0,"texture":"#1","tintindex":0},"west":{"uv":[8.3135,4.376,8.374,4.4365],"rotation":0,"texture":"#1","tintindex":0},"up":{"uv":[7.249,5.624,7.001,5.5635],"rotation":0,"texture":"#1","tintindex":0},"down":{"uv":[0.249,7.0635,0.001,7.124],"rotation":0,"texture":"#1","tintindex":0}}},{"from":[8.860572,9.264632,8.865086],"to":[9.996572,9.829204,9.429657],"rotation":{"angle":45.0,"axis":"z","origin":[9.142858,9.546918,9.147371]},"faces":{"east":{"uv":[4.126,8.3135,4.1865,8.374],"rotation":0,"texture":"#1","tintindex":0},"south":{"uv":[7.876,5.8135,7.999,5.874],"rotation":0,"texture":"#1","tintindex":0},"north":{"uv":[7.876,4.8135,7.999,4.874],"rotation":0,"texture":"#1","tintindex":0},"west":{"uv":[4.251,8.3135,4.3115,8.374],"rotation":0,"texture":"#1","tintindex":0},"up":{"uv":[6.0615,7.9365,5.9385,7.876],"rotation":0,"texture":"#1","tintindex":0},"down":{"uv":[7.999,5.9385,7.876,5.999],"rotation":0,"texture":"#1","tintindex":0}}},{"from":[6.0034285,9.264632,8.865086],"to":[7.1394286,9.829204,9.429657],"rotation":{"angle":-45.0,"axis":"z","origin":[6.857143,9.546918,9.147371]},"faces":{"east":{"uv":[6.0635,8.3135,6.124,8.374],"rotation":0,"texture":"#1","tintindex":0},"south":{"uv":[6.501,7.876,6.624,7.9365],"rotation":0,"texture":"#1","tintindex":0},"north":{"uv":[6.3135,7.876,6.4365,7.9365],"rotation":0,"texture":"#1","tintindex":0},"west":{"uv":[8.3135,6.126,8.374,6.1865],"rotation":0,"texture":"#1","tintindex":0},"up":{"uv":[7.999,6.624,7.876,6.5635],"rotation":0,"texture":"#1","tintindex":0},"down":{"uv":[6.8115,7.876,6.6885,7.9365],"rotation":0,"texture":"#1","tintindex":0}}},{"from":[6.285714,9.714286,8.861657],"to":[9.714286,12.0,9.433085],"rotation":{"angle":0.0,"axis":"y","origin":[8.0,-2.285715,7.7188]},"faces":{"east":{"uv":[5.3135,7.001,5.374,7.249],"rotation":0,"texture":"#1","tintindex":0},"south":{"uv":[3.376,1.0635,3.749,1.3115],"rotation":0,"texture":"#1","tintindex":0},"north":{"uv":[3.3135,2.8135,3.6865,3.0615],"rotation":0,"texture":"#1","tintindex":0},"west":{"uv":[5.4385,7.001,5.499,7.249],"rotation":0,"texture":"#1","tintindex":0},"up":{"uv":[6.499,3.624,6.126,3.5635],"rotation":0,"texture":"#1","tintindex":0},"down":{"uv":[6.499,3.6885,6.126,3.749],"rotation":0,"texture":"#1","tintindex":0}}},{"from":[5.997143,10.282857,6.1200037],"to":[6.5742855,12.002857,6.697147],"rotation":{"angle":45.0,"axis":"y","origin":[6.285714,10.571428,6.408575]},"faces":{"east":{"uv":[1.376,4.5635,1.4365,4.749],"rotation":0,"texture":"#1","tintindex":0},"south":{"uv":[7.3135,6.4385,7.374,6.624],"rotation":0,"texture":"#1","tintindex":0},"north":{"uv":[0.751,4.251,0.8115,4.4365],"rotation":0,"texture":"#1","tintindex":0},"west":{"uv":[0.251,7.376,0.3115,7.5615],"rotation":0,"texture":"#1","tintindex":0},"up":{"uv":[0.749,3.499,0.6885,3.4385],"rotation":0,"texture":"#1","tintindex":0},"down":{"uv":[2.6865,4.0635,2.626,4.124],"rotation":0,"texture":"#1","tintindex":0}}},{"from":[9.4257145,10.282857,6.1200037],"to":[10.002857,12.002857,6.697147],"rotation":{"angle":-45.0,"axis":"y","origin":[9.714286,10.571428,6.408575]},"faces":{"east":{"uv":[5.9385,7.376,5.999,7.5615],"rotation":0,"texture":"#1","tintindex":0},"south":{"uv":[6.376,7.376,6.4365,7.5615],"rotation":0,"texture":"#1","tintindex":0},"north":{"uv":[4.1885,7.376,4.249,7.5615],"rotation":0,"texture":"#1","tintindex":0},"west":{"uv":[7.376,6.6885,7.4365,6.874],"rotation":0,"texture":"#1","tintindex":0},"up":{"uv":[8.1865,0.8115,8.126,0.751],"rotation":0,"texture":"#1","tintindex":0},"down":{"uv":[0.9365,8.126,0.876,8.1865],"rotation":0,"texture":"#1","tintindex":0}}},{"from":[9.4257145,10.282857,9.026168],"to":[10.5742855,12.002857,9.603311],"rotation":{"angle":45.0,"axis":"y","origin":[9.714286,10.571428,9.314739]},"faces":{"east":{"uv":[7.5635,3.376,7.624,3.5615],"rotation":0,"texture":"#1","tintindex":0},"south":{"uv":[6.0635,6.126,6.1865,6.3115],"rotation":0,"texture":"#1","tintindex":0},"north":{"uv":[6.126,4.1885,6.249,4.374],"rotation":0,"texture":"#1","tintindex":0},"west":{"uv":[7.5635,3.9385,7.624,4.124],"rotation":0,"texture":"#1","tintindex":0},"up":{"uv":[7.999,6.999,7.876,6.9385],"rotation":0,"texture":"#1","tintindex":0},"down":{"uv":[7.1865,7.876,7.0635,7.9365],"rotation":0,"texture":"#1","tintindex":0}}},{"from":[5.425714,10.282857,9.026168],"to":[6.5742855,12.002857,9.603311],"rotation":{"angle":-45.0,"axis":"y","origin":[6.285714,10.571428,9.314739]},"faces":{"east":{"uv":[7.5635,2.876,7.624,3.0615],"rotation":0,"texture":"#1","tintindex":0},"south":{"uv":[3.3135,6.126,3.4365,6.3115],"rotation":0,"texture":"#1","tintindex":0},"north":{"uv":[3.126,6.126,3.249,6.3115],"rotation":0,"texture":"#1","tintindex":0},"west":{"uv":[7.5635,3.126,7.624,3.3115],"rotation":0,"texture":"#1","tintindex":0},"up":{"uv":[7.999,6.749,7.876,6.6885],"rotation":0,"texture":"#1","tintindex":0},"down":{"uv":[6.999,7.876,6.876,7.9365],"rotation":0,"texture":"#1","tintindex":0}}},{"from":[7.428571,8.571428,6.2902284],"to":[8.571428,10.285714,7.4330854],"rotation":{"angle":0.0,"axis":"y","origin":[8.0,-5.1428576,8.004515]},"faces":{"east":{"uv":[1.501,3.9385,1.624,4.124],"rotation":0,"texture":"#1","tintindex":0},"south":{"uv":[4.501,6.001,4.624,6.1865],"rotation":0,"texture":"#1","tintindex":0},"north":{"uv":[3.5635,2.5635,3.6865,2.749],"rotation":0,"texture":"#1","tintindex":0},"west":{"uv":[4.6885,6.001,4.8115,6.1865],"rotation":0,"texture":"#1","tintindex":0},"up":{"uv":[6.874,6.6865,6.751,6.5635],"rotation":0,"texture":"#1","tintindex":0},"down":{"uv":[6.874,6.751,6.751,6.874],"rotation":0,"texture":"#1","tintindex":0}}},{"from":[10.857143,12.0,8.861657],"to":[5.142857,9.142858,6.575943],"rotation":{"angle":0.0,"axis":"y","origin":[8.0,-1.7142859,7.7188]},"faces":{"east":{"uv":[1.6885,3.749,1.9365,3.4385],"rotation":0,"texture":"#1","tintindex":0},"south":{"uv":[0.5635,2.3115,1.1865,2.001],"rotation":0,"texture":"#1","tintindex":0},"north":{"uv":[1.251,2.3115,1.874,2.001],"rotation":0,"texture":"#1","tintindex":0},"west":{"uv":[3.376,1.9365,3.624,1.626],"rotation":0,"texture":"#1","tintindex":0},"up":{"uv":[2.126,1.4385,2.749,1.6865],"rotation":0,"texture":"#1","tintindex":0},"down":{"uv":[2.126,1.374,2.749,1.126],"rotation":0,"texture":"#1","tintindex":0}}}],"textures":{"1":"modelengine:entity/fallenravager"},"display":{"head":{"translation":[0.0,-6.4,0.0],"scale":[4.0,4.0,4.0]}}}