{"elements":[{"from":[6.285714,8.0,5.428571],"to":[9.714286,10.857143,8.285714],"rotation":{"angle":0.0,"axis":"y","origin":[8.0,8.571428,9.142858]},"faces":{"east":{"uv":[2.5,7.5,5.0,10.0],"rotation":0,"texture":"#0","tintindex":0},"south":{"uv":[3.0,5.0,6.0,7.5],"rotation":0,"texture":"#0","tintindex":0},"north":{"uv":[0.0,5.0,3.0,7.5],"rotation":0,"texture":"#0","tintindex":0},"west":{"uv":[5.0,7.5,7.5,10.0],"rotation":0,"texture":"#0","tintindex":0},"up":{"uv":[9.0,7.5,6.0,5.0],"rotation":0,"texture":"#0","tintindex":0},"down":{"uv":[10.0,0.0,7.0,2.5],"rotation":0,"texture":"#0","tintindex":0}}},{"from":[8.0,10.285714,6.0],"to":[8.0,11.428572,7.714286],"rotation":{"angle":22.5,"axis":"x","origin":[8.000571,10.857143,6.5714283]},"faces":{"east":{"uv":[16.0,14.0,14.5,15.0],"rotation":0,"texture":"#0","tintindex":0},"south":{"uv":[3.0,5.0,6.0,7.5],"rotation":0,"texture":"#0","tintindex":0},"north":{"uv":[0.0,5.0,3.0,7.5],"rotation":0,"texture":"#0","tintindex":0},"west":{"uv":[14.5,14.0,16.0,15.0],"rotation":0,"texture":"#0","tintindex":0},"up":{"uv":[9.0,7.5,6.0,5.0],"rotation":0,"texture":"#0","tintindex":0},"down":{"uv":[10.0,0.0,7.0,2.5],"rotation":0,"texture":"#0","tintindex":0}}},{"from":[8.142858,11.571428,6.714286],"to":[7.857143,10.142858,5.8571424],"rotation":{"angle":22.5,"axis":"x","origin":[7.9994287,10.857143,6.5714283]},"faces":{"east":{"uv":[16.0,15.5,15.5,16.0],"rotation":0,"texture":"#0","tintindex":0},"south":{"uv":[16.0,15.5,15.5,16.0],"rotation":0,"texture":"#0","tintindex":0},"north":{"uv":[16.0,15.5,15.5,16.0],"rotation":0,"texture":"#0","tintindex":0},"west":{"uv":[16.0,15.5,15.5,16.0],"rotation":0,"texture":"#0","tintindex":0},"up":{"uv":[16.0,15.5,15.5,16.0],"rotation":0,"texture":"#0","tintindex":0},"down":{"uv":[16.0,15.5,15.5,16.0],"rotation":0,"texture":"#0","tintindex":0}}},{"from":[8.142858,11.571428,7.857143],"to":[7.857143,10.714286,7.0],"rotation":{"angle":22.5,"axis":"x","origin":[7.9994287,10.857143,6.5714283]},"faces":{"east":{"uv":[16.0,15.5,15.5,16.0],"rotation":0,"texture":"#0","tintindex":0},"south":{"uv":[16.0,15.5,15.5,16.0],"rotation":0,"texture":"#0","tintindex":0},"north":{"uv":[16.0,15.5,15.5,16.0],"rotation":0,"texture":"#0","tintindex":0},"west":{"uv":[16.0,15.5,15.5,16.0],"rotation":0,"texture":"#0","tintindex":0},"up":{"uv":[16.0,15.5,15.5,16.0],"rotation":0,"texture":"#0","tintindex":0},"down":{"uv":[16.0,15.5,15.5,16.0],"rotation":0,"texture":"#0","tintindex":0}}},{"from":[9.857143,11.0,8.428572],"to":[6.142857,7.857143,5.285714],"rotation":{"angle":0.0,"axis":"y","origin":[8.0,8.571428,9.142858]},"faces":{"east":{"uv":[15.5,15.5,16.0,16.0],"rotation":0,"texture":"#0","tintindex":0},"south":{"uv":[15.5,15.3125,16.0,16.0],"rotation":0,"texture":"#0","tintindex":0},"north":{"uv":[15.5,15.5,16.0,16.0],"rotation":0,"texture":"#0","tintindex":0},"west":{"uv":[15.5,15.5,16.0,16.0],"rotation":0,"texture":"#0","tintindex":0},"up":{"uv":[15.5,15.0,16.0,15.5],"rotation":0,"texture":"#0","tintindex":0},"down":{"uv":[15.5,15.5,16.0,16.0],"rotation":0,"texture":"#0","tintindex":0}}},{"from":[6.142857,7.857143,5.8571424],"to":[9.857143,9.285714,7.857143],"rotation":{"angle":-22.5,"axis":"x","origin":[8.0,8.285714,6.857143]},"faces":{"east":{"uv":[4.0,12.5,5.5,13.5],"rotation":0,"texture":"#0","tintindex":0},"south":{"uv":[10.0,1.5,13.0,2.5],"rotation":0,"texture":"#0","tintindex":0},"north":{"uv":[9.5,4.0,12.5,5.0],"rotation":0,"texture":"#0","tintindex":0},"west":{"uv":[13.0,1.0,14.5,2.0],"rotation":0,"texture":"#0","tintindex":0},"up":{"uv":[12.5,4.0,9.5,2.5],"rotation":0,"texture":"#0","tintindex":0},"down":{"uv":[10.5,9.5,7.5,11.0],"rotation":0,"texture":"#0","tintindex":0}}},{"from":[10.0,9.428572,8.0],"to":[6.0,7.714286,5.714286],"rotation":{"angle":-22.5,"axis":"x","origin":[8.0,8.285714,6.857143]},"faces":{"east":{"uv":[15.5,15.5,16.0,16.0],"rotation":0,"texture":"#0","tintindex":0},"south":{"uv":[15.5,15.5,16.0,16.0],"rotation":0,"texture":"#0","tintindex":0},"north":{"uv":[15.5,15.5,16.0,16.0],"rotation":0,"texture":"#0","tintindex":0},"west":{"uv":[15.5,15.5,16.0,16.0],"rotation":0,"texture":"#0","tintindex":0},"up":{"uv":[15.5,15.5,16.0,16.0],"rotation":0,"texture":"#0","tintindex":0},"down":{"uv":[15.5,15.5,16.0,16.0],"rotation":0,"texture":"#0","tintindex":0}}},{"from":[8.285714,9.142858,4.8571424],"to":[9.428572,10.285714,5.428571],"rotation":{"angle":0.0,"axis":"y","origin":[8.0,8.571428,9.142858]},"faces":{"east":{"uv":[10.0,8.5,10.5,9.5],"rotation":0,"texture":"#0","tintindex":0},"south":{"uv":[0.0,14.0,1.0,15.0],"rotation":0,"texture":"#0","tintindex":0},"north":{"uv":[13.0,13.5,14.0,14.5],"rotation":0,"texture":"#0","tintindex":0},"west":{"uv":[2.0,11.5,2.5,12.5],"rotation":0,"texture":"#0","tintindex":0},"up":{"uv":[10.0,7.5,9.0,7.0],"rotation":0,"texture":"#0","tintindex":0},"down":{"uv":[10.5,13.0,9.5,13.5],"rotation":0,"texture":"#0","tintindex":0}}},{"from":[8.142858,9.0,4.714286],"to":[9.571428,10.428572,4.714286],"rotation":{"angle":0.0,"axis":"y","origin":[8.0,8.571428,9.142858]},"faces":{"east":{"uv":[15.5,15.5,16.0,16.0],"rotation":0,"texture":"#0","tintindex":0},"south":{"uv":[15.5,15.5,16.0,16.0],"rotation":0,"texture":"#0","tintindex":0},"north":{"uv":[15.5,15.0,16.0,15.5],"rotation":0,"texture":"#0","tintindex":0},"west":{"uv":[15.5,15.5,16.0,16.0],"rotation":0,"texture":"#0","tintindex":0},"up":{"uv":[15.5,15.5,16.0,16.0],"rotation":0,"texture":"#0","tintindex":0},"down":{"uv":[15.5,15.5,16.0,16.0],"rotation":0,"texture":"#0","tintindex":0}}},{"from":[6.428571,9.0,4.714286],"to":[7.857143,10.428572,4.714286],"rotation":{"angle":0.0,"axis":"y","origin":[8.0,8.571428,9.142858]},"faces":{"east":{"uv":[16.0,15.5,15.5,16.0],"rotation":0,"texture":"#0","tintindex":0},"south":{"uv":[16.0,15.5,15.5,16.0],"rotation":0,"texture":"#0","tintindex":0},"north":{"uv":[16.0,15.0,15.5,15.5],"rotation":0,"texture":"#0","tintindex":0},"west":{"uv":[16.0,15.5,15.5,16.0],"rotation":0,"texture":"#0","tintindex":0},"up":{"uv":[16.0,15.5,15.5,16.0],"rotation":0,"texture":"#0","tintindex":0},"down":{"uv":[16.0,15.5,15.5,16.0],"rotation":0,"texture":"#0","tintindex":0}}},{"from":[6.5714283,9.142858,4.8571424],"to":[7.714286,10.285714,5.428571],"rotation":{"angle":0.0,"axis":"y","origin":[8.0,8.571428,9.142858]},"faces":{"east":{"uv":[10.0,8.5,10.5,9.5],"rotation":0,"texture":"#0","tintindex":0},"south":{"uv":[0.0,14.0,1.0,15.0],"rotation":0,"texture":"#0","tintindex":0},"north":{"uv":[13.0,13.5,14.0,14.5],"rotation":0,"texture":"#0","tintindex":0},"west":{"uv":[2.0,11.5,2.5,12.5],"rotation":0,"texture":"#0","tintindex":0},"up":{"uv":[10.0,7.5,9.0,7.0],"rotation":0,"texture":"#0","tintindex":0},"down":{"uv":[10.5,13.0,9.5,13.5],"rotation":0,"texture":"#0","tintindex":0}}},{"from":[7.1371427,7.9942856,3.708571],"to":[8.862857,9.148571,5.4342856],"rotation":{"angle":0.0,"axis":"y","origin":[8.0,8.571428,9.142858]},"faces":{"east":{"uv":[5.5,13.0,7.0,14.0],"rotation":0,"texture":"#0","tintindex":0},"south":{"uv":[13.0,5.5,14.5,6.5],"rotation":0,"texture":"#0","tintindex":0},"north":{"uv":[13.0,4.5,14.5,5.5],"rotation":0,"texture":"#0","tintindex":0},"west":{"uv":[13.0,6.5,14.5,7.5],"rotation":0,"texture":"#0","tintindex":0},"up":{"uv":[13.0,6.5,11.5,5.0],"rotation":0,"texture":"#0","tintindex":0},"down":{"uv":[7.0,11.5,5.5,13.0],"rotation":0,"texture":"#0","tintindex":0}}},{"from":[9.0,9.285714,5.5714283],"to":[7.0,7.857143,3.5714283],"rotation":{"angle":0.0,"axis":"y","origin":[8.0,8.571428,9.142858]},"faces":{"east":{"uv":[15.5,15.5,16.0,16.0],"rotation":0,"texture":"#0","tintindex":0},"south":{"uv":[15.5,15.5,16.0,16.0],"rotation":0,"texture":"#0","tintindex":0},"north":{"uv":[15.5,15.0,16.0,15.5],"rotation":0,"texture":"#0","tintindex":0},"west":{"uv":[15.5,15.5,16.0,16.0],"rotation":0,"texture":"#0","tintindex":0},"up":{"uv":[15.5,15.0,16.0,15.5],"rotation":0,"texture":"#0","tintindex":0},"down":{"uv":[15.5,15.5,16.0,16.0],"rotation":0,"texture":"#0","tintindex":0}}},{"from":[8.857143,7.428571,3.7142854],"to":[8.857143,8.0,4.285714],"rotation":{"angle":-45.0,"axis":"x","origin":[8.857143,8.0,3.7142854]},"faces":{"east":{"uv":[14.0,10.5,14.5,11.0],"rotation":0,"texture":"#0","tintindex":0},"south":{"uv":[0.0,0.0,0.0,0.5],"rotation":0,"texture":"#0","tintindex":0},"north":{"uv":[0.0,0.0,0.0,0.5],"rotation":0,"texture":"#0","tintindex":0},"west":{"uv":[14.0,10.5,14.5,11.0],"rotation":0,"texture":"#0","tintindex":0},"up":{"uv":[0.0,0.5,0.0,0.0],"rotation":0,"texture":"#0","tintindex":0},"down":{"uv":[0.0,0.0,0.0,0.5],"rotation":0,"texture":"#0","tintindex":0}}},{"from":[8.8714285,7.3285713,3.6142855],"to":[8.8714285,8.1,4.3857145],"rotation":{"angle":-45.0,"axis":"x","origin":[8.857143,8.0,3.7142854]},"faces":{"east":{"uv":[15.5,15.0,16.0,15.5],"rotation":0,"texture":"#0","tintindex":0},"south":{"uv":[15.5,15.5,16.0,16.0],"rotation":0,"texture":"#0","tintindex":0},"north":{"uv":[15.5,15.5,16.0,16.0],"rotation":0,"texture":"#0","tintindex":0},"west":{"uv":[15.5,15.5,16.0,16.0],"rotation":0,"texture":"#0","tintindex":0},"up":{"uv":[15.5,15.5,16.0,16.0],"rotation":0,"texture":"#0","tintindex":0},"down":{"uv":[15.5,15.5,16.0,16.0],"rotation":0,"texture":"#0","tintindex":0}}},{"from":[7.1285715,7.3285713,3.6142855],"to":[7.1285715,8.1,4.3857145],"rotation":{"angle":-45.0,"axis":"x","origin":[7.142857,8.0,3.7142854]},"faces":{"east":{"uv":[16.0,15.5,15.5,16.0],"rotation":0,"texture":"#0","tintindex":0},"south":{"uv":[16.0,15.5,15.5,16.0],"rotation":0,"texture":"#0","tintindex":0},"north":{"uv":[16.0,15.5,15.5,16.0],"rotation":0,"texture":"#0","tintindex":0},"west":{"uv":[16.0,15.0,15.5,15.5],"rotation":0,"texture":"#0","tintindex":0},"up":{"uv":[16.0,15.5,15.5,16.0],"rotation":0,"texture":"#0","tintindex":0},"down":{"uv":[16.0,15.5,15.5,16.0],"rotation":0,"texture":"#0","tintindex":0}}},{"from":[7.142857,7.428571,3.7142854],"to":[7.142857,8.0,4.285714],"rotation":{"angle":-45.0,"axis":"x","origin":[7.142857,8.0,3.7142854]},"faces":{"east":{"uv":[14.5,10.5,14.0,11.0],"rotation":0,"texture":"#0","tintindex":0},"south":{"uv":[0.0,0.0,0.0,0.5],"rotation":0,"texture":"#0","tintindex":0},"north":{"uv":[0.0,0.0,0.0,0.5],"rotation":0,"texture":"#0","tintindex":0},"west":{"uv":[14.5,10.5,14.0,11.0],"rotation":0,"texture":"#0","tintindex":0},"up":{"uv":[0.0,0.5,0.0,0.0],"rotation":0,"texture":"#0","tintindex":0},"down":{"uv":[0.0,0.0,0.0,0.5],"rotation":0,"texture":"#0","tintindex":0}}}],"textures":{"0":"modelengine:entity/baboon_chick"},"display":{"head":{"translation":[0.0,-6.4,0.0],"scale":[4.0,4.0,4.0]}}}