{"elements":[{"from":[6.0,5.714286,6.285714],"to":[10.0,9.142858,9.714286],"rotation":{"angle":0.0,"axis":"y","origin":[9.428572,2.8571424,9.142858]},"faces":{"east":{"uv":[1.125,7.25,1.875,8.0],"rotation":0,"texture":"#0","tintindex":0},"south":{"uv":[4.125,7.0,5.0,7.75],"rotation":0,"texture":"#0","tintindex":0},"north":{"uv":[2.75,4.75,3.625,5.5],"rotation":0,"texture":"#0","tintindex":0},"west":{"uv":[7.125,7.625,7.875,8.375],"rotation":0,"texture":"#0","tintindex":0},"up":{"uv":[6.0,7.75,5.125,7.0],"rotation":0,"texture":"#0","tintindex":0},"down":{"uv":[7.0,7.0,6.125,7.75],"rotation":0,"texture":"#0","tintindex":0}}},{"from":[4.8571424,5.885714,5.771428],"to":[11.142858,9.314285,5.771428],"rotation":{"angle":22.5,"axis":"x","origin":[8.0,7.428571,6.1142855]},"faces":{"east":{"uv":[5.625,9.125,5.625,9.875],"rotation":0,"texture":"#0","tintindex":0},"south":{"uv":[4.125,6.125,5.5,6.875],"rotation":0,"texture":"#0","tintindex":0},"north":{"uv":[0.0,6.125,1.375,6.875],"rotation":0,"texture":"#0","tintindex":0},"west":{"uv":[6.25,9.125,6.25,9.875],"rotation":0,"texture":"#0","tintindex":0},"up":{"uv":[10.625,3.375,9.25,3.375],"rotation":0,"texture":"#0","tintindex":0},"down":{"uv":[10.625,3.5,9.25,3.5],"rotation":0,"texture":"#0","tintindex":0}}},{"from":[4.8571424,5.771428,10.171429],"to":[11.142858,9.2,10.171429],"rotation":{"angle":-22.5,"axis":"x","origin":[8.0,7.428571,9.885715]},"faces":{"east":{"uv":[6.375,9.125,6.375,9.875],"rotation":0,"texture":"#0","tintindex":0},"south":{"uv":[6.625,0.0,8.0,0.75],"rotation":0,"texture":"#0","tintindex":0},"north":{"uv":[5.625,6.125,7.0,6.875],"rotation":0,"texture":"#0","tintindex":0},"west":{"uv":[6.5,9.125,6.5,9.875],"rotation":0,"texture":"#0","tintindex":0},"up":{"uv":[10.625,3.625,9.25,3.625],"rotation":0,"texture":"#0","tintindex":0},"down":{"uv":[10.625,3.75,9.25,3.75],"rotation":0,"texture":"#0","tintindex":0}}},{"from":[5.6,5.3714285,6.285714],"to":[5.6,8.8,9.714286],"rotation":{"angle":-22.5,"axis":"z","origin":[5.771428,7.714286,8.0]},"faces":{"east":{"uv":[7.75,0.875,8.5,1.625],"rotation":0,"texture":"#0","tintindex":0},"south":{"uv":[6.75,9.125,6.75,9.875],"rotation":0,"texture":"#0","tintindex":0},"north":{"uv":[6.625,9.125,6.625,9.875],"rotation":0,"texture":"#0","tintindex":0},"west":{"uv":[7.75,1.75,8.5,2.5],"rotation":0,"texture":"#0","tintindex":0},"up":{"uv":[6.875,9.875,6.875,9.125],"rotation":0,"texture":"#0","tintindex":0},"down":{"uv":[8.0,9.125,8.0,9.875],"rotation":0,"texture":"#0","tintindex":0}}},{"from":[10.4,5.3714285,6.342857],"to":[10.4,8.8,9.771429],"rotation":{"angle":22.5,"axis":"z","origin":[10.228572,7.714286,8.0]},"faces":{"east":{"uv":[7.75,2.625,8.5,3.375],"rotation":0,"texture":"#0","tintindex":0},"south":{"uv":[8.25,9.125,8.25,9.875],"rotation":0,"texture":"#0","tintindex":0},"north":{"uv":[8.125,9.125,8.125,9.875],"rotation":0,"texture":"#0","tintindex":0},"west":{"uv":[7.75,3.5,8.5,4.25],"rotation":0,"texture":"#0","tintindex":0},"up":{"uv":[8.375,9.875,8.375,9.125],"rotation":0,"texture":"#0","tintindex":0},"down":{"uv":[8.5,9.125,8.5,9.875],"rotation":0,"texture":"#0","tintindex":0}}}],"textures":{"0":"modelengine:entity/nocsy_toom_warrior"},"display":{"head":{"translation":[0.0,-6.4,0.0],"scale":[4.0,4.0,4.0]}}}