{"elements":[{"from":[8.0,11.428572,5.714286],"to":[8.0,16.0,10.285714],"rotation":{"angle":-45.0,"axis":"y","origin":[8.0,14.285715,8.0]},"faces":{"east":{"uv":[1.5,6.125,2.5,7.125],"rotation":0,"texture":"#0","tintindex":0},"south":{"uv":[9.125,2.75,9.125,3.75],"rotation":0,"texture":"#0","tintindex":0},"north":{"uv":[2.75,9.125,2.75,10.125],"rotation":0,"texture":"#0","tintindex":0},"west":{"uv":[6.625,0.875,7.625,1.875],"rotation":0,"texture":"#0","tintindex":0},"up":{"uv":[2.875,10.125,2.875,9.125],"rotation":0,"texture":"#0","tintindex":0},"down":{"uv":[3.0,9.125,3.0,10.125],"rotation":0,"texture":"#0","tintindex":0}}},{"from":[5.714286,11.428572,8.0],"to":[10.285714,16.0,8.0],"rotation":{"angle":-45.0,"axis":"y","origin":[8.0,14.285715,8.0]},"faces":{"east":{"uv":[3.125,9.125,3.125,10.125],"rotation":0,"texture":"#0","tintindex":0},"south":{"uv":[6.625,3.125,7.625,4.125],"rotation":0,"texture":"#0","tintindex":0},"north":{"uv":[6.625,2.0,7.625,3.0],"rotation":0,"texture":"#0","tintindex":0},"west":{"uv":[3.25,9.125,3.25,10.125],"rotation":0,"texture":"#0","tintindex":0},"up":{"uv":[5.125,6.0,4.125,6.0],"rotation":0,"texture":"#0","tintindex":0},"down":{"uv":[10.0,7.25,9.0,7.25],"rotation":0,"texture":"#0","tintindex":0}}},{"from":[5.142857,7.428571,5.714286],"to":[10.857143,12.0,10.285714],"rotation":{"angle":0.0,"axis":"y","origin":[8.0,9.714286,8.0]},"faces":{"east":{"uv":[6.625,4.25,7.625,5.25],"rotation":0,"texture":"#0","tintindex":0},"south":{"uv":[5.25,3.875,6.5,4.875],"rotation":0,"texture":"#0","tintindex":0},"north":{"uv":[5.25,2.75,6.5,3.75],"rotation":0,"texture":"#0","tintindex":0},"west":{"uv":[0.0,7.0,1.0,8.0],"rotation":0,"texture":"#0","tintindex":0},"up":{"uv":[6.5,6.0,5.25,5.0],"rotation":0,"texture":"#0","tintindex":0},"down":{"uv":[4.0,6.0,2.75,7.0],"rotation":0,"texture":"#0","tintindex":0}}},{"from":[0.5419836,4.685714,4.685714],"to":[8.541985,14.971429,4.685714],"rotation":{"angle":22.5,"axis":"y","origin":[7.741984,9.828571,5.942857]},"faces":{"east":{"uv":[3.375,9.125,3.375,11.375],"rotation":0,"texture":"#0","tintindex":0},"south":{"uv":[1.75,0.0,0.0,2.25],"rotation":0,"texture":"#0","tintindex":0},"north":{"uv":[0.0,0.0,1.75,2.25],"rotation":0,"texture":"#0","tintindex":0},"west":{"uv":[3.5,9.125,3.5,11.375],"rotation":0,"texture":"#0","tintindex":0},"up":{"uv":[10.875,0.5,9.125,0.5],"rotation":0,"texture":"#0","tintindex":0},"down":{"uv":[10.875,0.625,9.125,0.625],"rotation":0,"texture":"#0","tintindex":0}}},{"from":[7.458016,4.685714,4.685714],"to":[15.458016,14.971429,4.685714],"rotation":{"angle":-22.5,"axis":"y","origin":[8.258016,9.828571,5.942857]},"faces":{"east":{"uv":[3.625,9.125,3.625,11.375],"rotation":0,"texture":"#0","tintindex":0},"south":{"uv":[1.75,2.375,0.0,4.625],"rotation":0,"texture":"#0","tintindex":0},"north":{"uv":[0.0,2.375,1.75,4.625],"rotation":0,"texture":"#0","tintindex":0},"west":{"uv":[3.75,9.125,3.75,11.375],"rotation":0,"texture":"#0","tintindex":0},"up":{"uv":[10.875,0.75,9.125,0.75],"rotation":0,"texture":"#0","tintindex":0},"down":{"uv":[10.875,3.875,9.125,3.875],"rotation":0,"texture":"#0","tintindex":0}}},{"from":[11.12409,8.571428,5.777424],"to":[11.12409,10.285714,10.348853],"rotation":{"angle":0.0,"axis":"y","origin":[11.6955185,9.714286,6.0059958]},"faces":{"east":{"uv":[7.875,6.375,8.875,6.75],"rotation":0,"texture":"#0","tintindex":0},"south":{"uv":[2.625,6.625,2.625,7.0],"rotation":0,"texture":"#0","tintindex":0},"north":{"uv":[2.625,6.125,2.625,6.5],"rotation":0,"texture":"#0","tintindex":0},"west":{"uv":[7.875,6.875,8.875,7.25],"rotation":0,"texture":"#0","tintindex":0},"up":{"uv":[3.875,10.125,3.875,9.125],"rotation":0,"texture":"#0","tintindex":0},"down":{"uv":[4.0,9.125,4.0,10.125],"rotation":0,"texture":"#0","tintindex":0}}},{"from":[4.8759103,8.571428,5.777424],"to":[4.8759103,10.285714,10.348853],"rotation":{"angle":0.0,"axis":"y","origin":[4.3044815,9.714286,6.0059958]},"faces":{"east":{"uv":[8.0,7.375,9.0,7.75],"rotation":0,"texture":"#0","tintindex":0},"south":{"uv":[2.5,7.75,2.5,8.125],"rotation":0,"texture":"#0","tintindex":0},"north":{"uv":[2.5,7.25,2.5,7.625],"rotation":0,"texture":"#0","tintindex":0},"west":{"uv":[8.0,7.875,9.0,8.25],"rotation":0,"texture":"#0","tintindex":0},"up":{"uv":[4.375,10.125,4.375,9.125],"rotation":0,"texture":"#0","tintindex":0},"down":{"uv":[4.5,9.125,4.5,10.125],"rotation":0,"texture":"#0","tintindex":0}}},{"from":[4.8571424,8.571428,10.348853],"to":[11.142858,10.285714,10.348853],"rotation":{"angle":0.0,"axis":"y","origin":[7.142857,9.428572,10.348853]},"faces":{"east":{"uv":[4.625,9.125,4.625,9.5],"rotation":0,"texture":"#0","tintindex":0},"south":{"uv":[7.75,4.875,9.125,5.25],"rotation":0,"texture":"#0","tintindex":0},"north":{"uv":[7.75,4.375,9.125,4.75],"rotation":0,"texture":"#0","tintindex":0},"west":{"uv":[4.75,9.125,4.75,9.5],"rotation":0,"texture":"#0","tintindex":0},"up":{"uv":[10.5,4.0,9.125,4.0],"rotation":0,"texture":"#0","tintindex":0},"down":{"uv":[10.5,7.375,9.125,7.375],"rotation":0,"texture":"#0","tintindex":0}}},{"from":[5.885714,9.542857,5.6],"to":[6.457143,10.114286,5.6],"rotation":{"angle":0.0,"axis":"y","origin":[8.0,9.714286,8.0]},"faces":{"east":{"uv":[1.375,7.0,1.375,7.125],"rotation":0,"texture":"#0","tintindex":0},"south":{"uv":[1.75,8.125,1.875,8.25],"rotation":0,"texture":"#0","tintindex":0},"north":{"uv":[1.125,7.0,1.25,7.125],"rotation":0,"texture":"#0","tintindex":0},"west":{"uv":[7.875,7.375,7.875,7.5],"rotation":0,"texture":"#0","tintindex":0},"up":{"uv":[3.5,8.25,3.375,8.25],"rotation":0,"texture":"#0","tintindex":0},"down":{"uv":[3.75,8.25,3.625,8.25],"rotation":0,"texture":"#0","tintindex":0}}},{"from":[8.742857,9.542857,5.6],"to":[9.314285,10.114286,5.6],"rotation":{"angle":0.0,"axis":"y","origin":[8.0,9.714286,8.0]},"faces":{"east":{"uv":[4.875,9.125,4.875,9.25],"rotation":0,"texture":"#0","tintindex":0},"south":{"uv":[6.25,8.875,6.375,9.0],"rotation":0,"texture":"#0","tintindex":0},"north":{"uv":[1.75,8.375,1.875,8.5],"rotation":0,"texture":"#0","tintindex":0},"west":{"uv":[5.0,9.125,5.0,9.25],"rotation":0,"texture":"#0","tintindex":0},"up":{"uv":[4.0,8.25,3.875,8.25],"rotation":0,"texture":"#0","tintindex":0},"down":{"uv":[2.875,8.75,2.75,8.75],"rotation":0,"texture":"#0","tintindex":0}}},{"from":[4.457143,9.942858,5.685714],"to":[7.885714,11.657143,5.685714],"rotation":{"angle":0.0,"axis":"y","origin":[6.5714283,10.342857,5.542857]},"faces":{"east":{"uv":[5.125,9.125,5.125,9.5],"rotation":0,"texture":"#0","tintindex":0},"south":{"uv":[0.875,8.125,1.625,8.5],"rotation":0,"texture":"#0","tintindex":0},"north":{"uv":[0.0,8.125,0.75,8.5],"rotation":0,"texture":"#0","tintindex":0},"west":{"uv":[5.25,9.125,5.25,9.5],"rotation":0,"texture":"#0","tintindex":0},"up":{"uv":[9.875,7.5,9.125,7.5],"rotation":0,"texture":"#0","tintindex":0},"down":{"uv":[9.875,7.625,9.125,7.625],"rotation":0,"texture":"#0","tintindex":0}}},{"from":[8.114285,9.942858,5.685714],"to":[11.542857,11.657143,5.685714],"rotation":{"angle":0.0,"axis":"y","origin":[9.828571,10.8,5.685714]},"faces":{"east":{"uv":[5.375,9.125,5.375,9.5],"rotation":0,"texture":"#0","tintindex":0},"south":{"uv":[3.375,8.375,4.125,8.75],"rotation":0,"texture":"#0","tintindex":0},"north":{"uv":[2.5,8.25,3.25,8.625],"rotation":0,"texture":"#0","tintindex":0},"west":{"uv":[5.5,9.125,5.5,9.5],"rotation":0,"texture":"#0","tintindex":0},"up":{"uv":[9.875,7.75,9.125,7.75],"rotation":0,"texture":"#0","tintindex":0},"down":{"uv":[9.875,7.875,9.125,7.875],"rotation":0,"texture":"#0","tintindex":0}}}],"textures":{"0":"modelengine:entity/nocsy_toom_warrior"},"display":{"head":{"translation":[0.0,-6.4,0.0],"scale":[4.0,4.0,4.0]}}}