{"elements":[{"from":[5.142857,8.0,4.0],"to":[10.285714,12.571428,8.0],"rotation":{"angle":0.0,"axis":"y","origin":[8.0,8.0,6.857143]},"faces":{"east":{"uv":[1.0,6.625,0.5625,7.125],"rotation":0,"texture":"#2","tintindex":0},"south":{"uv":[5.1875,6.0625,5.75,6.5625],"rotation":0,"texture":"#2","tintindex":0},"north":{"uv":[2.0625,5.875,2.625,6.375],"rotation":0,"texture":"#2","tintindex":0},"west":{"uv":[0.5625,6.625,1.0,7.125],"rotation":0,"texture":"#2","tintindex":0},"up":{"uv":[3.6875,6.875,3.125,6.4375],"rotation":0,"texture":"#2","tintindex":0},"down":{"uv":[7.0625,0.0,6.5,0.4375],"rotation":0,"texture":"#2","tintindex":0}}},{"from":[3.2324882,10.285714,2.8571424],"to":[7.803917,14.857143,8.571428],"rotation":{"angle":45.0,"axis":"z","origin":[5.5182023,12.571428,6.5714283]},"faces":{"east":{"uv":[5.6875,2.75,6.3125,3.25],"rotation":0,"texture":"#2","tintindex":0},"south":{"uv":[4.375,6.25,4.875,6.75],"rotation":0,"texture":"#2","tintindex":0},"north":{"uv":[1.3125,6.25,1.8125,6.75],"rotation":0,"texture":"#2","tintindex":0},"west":{"uv":[5.6875,3.25,6.3125,3.75],"rotation":0,"texture":"#2","tintindex":0},"up":{"uv":[4.875,6.25,4.375,5.625],"rotation":0,"texture":"#2","tintindex":0},"down":{"uv":[6.1875,3.75,5.6875,4.375],"rotation":0,"texture":"#2","tintindex":0}}},{"from":[7.053226,10.285714,2.8571424],"to":[11.624655,14.857143,8.571428],"rotation":{"angle":-45.0,"axis":"z","origin":[9.338941,12.571428,6.5714283]},"faces":{"east":{"uv":[6.3125,3.25,5.6875,3.75],"rotation":0,"texture":"#2","tintindex":0},"south":{"uv":[4.875,6.25,4.375,6.75],"rotation":0,"texture":"#2","tintindex":0},"north":{"uv":[1.8125,6.25,1.3125,6.75],"rotation":0,"texture":"#2","tintindex":0},"west":{"uv":[6.3125,2.75,5.6875,3.25],"rotation":0,"texture":"#2","tintindex":0},"up":{"uv":[4.375,6.25,4.875,5.625],"rotation":0,"texture":"#2","tintindex":0},"down":{"uv":[5.6875,3.75,6.1875,4.375],"rotation":0,"texture":"#2","tintindex":0}}},{"from":[2.2857141,12.571428,2.8571424],"to":[12.571428,17.142857,8.571428],"rotation":{"angle":0.0,"axis":"y","origin":[8.0,12.571428,7.428571]},"faces":{"east":{"uv":[6.3125,2.25,5.6875,2.75],"rotation":0,"texture":"#2","tintindex":0},"south":{"uv":[4.125,0.5,5.25,1.0],"rotation":0,"texture":"#2","tintindex":0},"north":{"uv":[4.125,0.0,5.25,0.5],"rotation":0,"texture":"#2","tintindex":0},"west":{"uv":[5.6875,2.25,6.3125,2.75],"rotation":0,"texture":"#2","tintindex":0},"up":{"uv":[1.125,4.0625,0.0,3.4375],"rotation":0,"texture":"#2","tintindex":0},"down":{"uv":[2.25,3.4375,1.125,4.0625],"rotation":0,"texture":"#2","tintindex":0}}},{"from":[2.2857141,9.714286,2.7999997],"to":[12.571428,17.142857,2.7999997],"rotation":{"angle":0.0,"axis":"y","origin":[8.0,12.571428,7.428571]},"faces":{"east":{"uv":[5.6875,1.75,5.6875,2.5625],"rotation":0,"texture":"#2","tintindex":0},"south":{"uv":[14.875,0.0,16.0,0.8125],"rotation":0,"texture":"#2","tintindex":0},"north":{"uv":[8.0,0.0,9.125,0.8125],"rotation":0,"texture":"#2","tintindex":0},"west":{"uv":[5.6875,2.25,5.6875,3.0625],"rotation":0,"texture":"#2","tintindex":0},"up":{"uv":[1.125,3.4375,0.0,3.4375],"rotation":0,"texture":"#2","tintindex":0},"down":{"uv":[2.25,3.4375,1.125,3.4375],"rotation":0,"texture":"#2","tintindex":0}}},{"from":[2.2857141,9.714286,8.6285715],"to":[12.571428,17.142857,8.6285715],"rotation":{"angle":0.0,"axis":"y","origin":[6.857143,12.571428,-7.4285717]},"faces":{"east":{"uv":[5.6875,2.25,5.6875,3.0625],"rotation":0,"texture":"#2","tintindex":0},"south":{"uv":[8.0,0.0,9.125,0.8125],"rotation":0,"texture":"#2","tintindex":0},"north":{"uv":[14.875,0.0,16.0,0.8125],"rotation":0,"texture":"#2","tintindex":0},"west":{"uv":[5.6875,1.75,5.6875,2.5625],"rotation":0,"texture":"#2","tintindex":0},"up":{"uv":[0.0,3.4375,1.125,3.4375],"rotation":0,"texture":"#2","tintindex":0},"down":{"uv":[1.125,3.4375,2.25,3.4375],"rotation":0,"texture":"#2","tintindex":0}}}],"textures":{"2":"modelengine:entity/astral_archon_2_damaged"},"display":{"head":{"translation":[0.0,-6.4,0.0],"scale":[4.0,4.0,4.0]}}}