{"elements":[{"from":[7.714286,6.579839,4.5714283],"to":[11.142858,9.420161,4.5714283],"rotation":{"angle":45.0,"axis":"x","origin":[8.0,8.0,8.0]},"faces":{"east":{"uv":[0.0,0.0,0.0,0.3125],"rotation":0,"texture":"#2","tintindex":0},"south":{"uv":[4.875,7.3125,4.5,7.625],"rotation":0,"texture":"#2","tintindex":0},"north":{"uv":[4.5,7.3125,4.875,7.625],"rotation":0,"texture":"#2","tintindex":0},"west":{"uv":[0.0,0.0,0.0,0.3125],"rotation":0,"texture":"#2","tintindex":0},"up":{"uv":[0.375,0.0,0.0,0.0],"rotation":0,"texture":"#2","tintindex":0},"down":{"uv":[0.375,0.0,0.0,0.0],"rotation":0,"texture":"#2","tintindex":0}}},{"from":[7.714286,6.579839,4.5714283],"to":[11.142858,9.420161,4.5714283],"rotation":{"angle":0.0,"axis":"y","origin":[8.0,8.0,8.0]},"faces":{"east":{"uv":[0.0,0.0,0.0,0.3125],"rotation":0,"texture":"#2","tintindex":0},"south":{"uv":[5.875,7.3125,6.25,7.625],"rotation":0,"texture":"#2","tintindex":0},"north":{"uv":[5.875,7.3125,6.25,7.625],"rotation":0,"texture":"#2","tintindex":0},"west":{"uv":[0.0,0.0,0.0,0.3125],"rotation":0,"texture":"#2","tintindex":0},"up":{"uv":[0.375,0.0,0.0,0.0],"rotation":0,"texture":"#2","tintindex":0},"down":{"uv":[0.375,0.0,0.0,0.0],"rotation":0,"texture":"#2","tintindex":0}}},{"from":[7.714286,6.579839,11.428572],"to":[11.142858,9.420161,11.428572],"rotation":{"angle":45.0,"axis":"x","origin":[8.0,8.0,8.0]},"faces":{"east":{"uv":[0.0,0.0,0.0,0.3125],"rotation":0,"texture":"#2","tintindex":0},"south":{"uv":[1.6875,7.375,2.0625,7.6875],"rotation":0,"texture":"#2","tintindex":0},"north":{"uv":[1.6875,7.375,2.0625,7.6875],"rotation":0,"texture":"#2","tintindex":0},"west":{"uv":[0.0,0.0,0.0,0.3125],"rotation":0,"texture":"#2","tintindex":0},"up":{"uv":[0.375,0.0,0.0,0.0],"rotation":0,"texture":"#2","tintindex":0},"down":{"uv":[0.375,0.0,0.0,0.0],"rotation":0,"texture":"#2","tintindex":0}}},{"from":[7.714286,6.579839,11.428572],"to":[11.142858,9.420161,11.428572],"rotation":{"angle":0.0,"axis":"y","origin":[8.0,8.0,8.0]},"faces":{"east":{"uv":[0.0,0.0,0.0,0.3125],"rotation":0,"texture":"#2","tintindex":0},"south":{"uv":[2.4375,7.375,2.8125,7.6875],"rotation":0,"texture":"#2","tintindex":0},"north":{"uv":[2.4375,7.375,2.8125,7.6875],"rotation":0,"texture":"#2","tintindex":0},"west":{"uv":[0.0,0.0,0.0,0.3125],"rotation":0,"texture":"#2","tintindex":0},"up":{"uv":[0.375,0.0,0.0,0.0],"rotation":0,"texture":"#2","tintindex":0},"down":{"uv":[0.375,0.0,0.0,0.0],"rotation":0,"texture":"#2","tintindex":0}}},{"from":[7.714286,4.5714283,6.579839],"to":[11.142858,4.5714283,9.420161],"rotation":{"angle":45.0,"axis":"x","origin":[8.0,8.0,8.0]},"faces":{"east":{"uv":[0.0,0.0,0.3125,0.0],"rotation":0,"texture":"#2","tintindex":0},"south":{"uv":[0.0,0.0,0.375,0.0],"rotation":0,"texture":"#2","tintindex":0},"north":{"uv":[0.0,0.0,0.375,0.0],"rotation":0,"texture":"#2","tintindex":0},"west":{"uv":[0.0,0.0,0.3125,0.0],"rotation":0,"texture":"#2","tintindex":0},"up":{"uv":[4.0625,7.6875,3.6875,7.375],"rotation":0,"texture":"#2","tintindex":0},"down":{"uv":[4.0625,7.375,3.6875,7.6875],"rotation":0,"texture":"#2","tintindex":0}}},{"from":[7.714286,4.5714283,6.579839],"to":[11.142858,4.5714283,9.420161],"rotation":{"angle":0.0,"axis":"y","origin":[8.0,8.0,8.0]},"faces":{"east":{"uv":[0.0,0.0,0.3125,0.0],"rotation":0,"texture":"#2","tintindex":0},"south":{"uv":[0.0,0.0,0.375,0.0],"rotation":0,"texture":"#2","tintindex":0},"north":{"uv":[0.0,0.0,0.375,0.0],"rotation":0,"texture":"#2","tintindex":0},"west":{"uv":[0.0,0.0,0.3125,0.0],"rotation":0,"texture":"#2","tintindex":0},"up":{"uv":[7.75,4.3125,7.375,4.0],"rotation":0,"texture":"#2","tintindex":0},"down":{"uv":[7.75,4.0,7.375,4.3125],"rotation":0,"texture":"#2","tintindex":0}}},{"from":[7.714286,11.428572,6.579839],"to":[11.142858,11.428572,9.420161],"rotation":{"angle":45.0,"axis":"x","origin":[8.0,8.0,8.0]},"faces":{"east":{"uv":[0.0,0.0,0.3125,0.0],"rotation":0,"texture":"#2","tintindex":0},"south":{"uv":[0.0,0.0,0.375,0.0],"rotation":0,"texture":"#2","tintindex":0},"north":{"uv":[0.0,0.0,0.375,0.0],"rotation":0,"texture":"#2","tintindex":0},"west":{"uv":[0.0,0.0,0.3125,0.0],"rotation":0,"texture":"#2","tintindex":0},"up":{"uv":[7.75,4.625,7.375,4.3125],"rotation":0,"texture":"#2","tintindex":0},"down":{"uv":[7.75,4.3125,7.375,4.625],"rotation":0,"texture":"#2","tintindex":0}}},{"from":[7.714286,11.428572,6.579839],"to":[11.142858,11.428572,9.420161],"rotation":{"angle":0.0,"axis":"y","origin":[8.0,8.0,8.0]},"faces":{"east":{"uv":[0.0,0.0,0.3125,0.0],"rotation":0,"texture":"#2","tintindex":0},"south":{"uv":[0.0,0.0,0.375,0.0],"rotation":0,"texture":"#2","tintindex":0},"north":{"uv":[0.0,0.0,0.375,0.0],"rotation":0,"texture":"#2","tintindex":0},"west":{"uv":[0.0,0.0,0.3125,0.0],"rotation":0,"texture":"#2","tintindex":0},"up":{"uv":[7.8125,1.3125,7.4375,1.0],"rotation":0,"texture":"#2","tintindex":0},"down":{"uv":[7.8125,1.0,7.4375,1.3125],"rotation":0,"texture":"#2","tintindex":0}}}],"textures":{"2":"modelengine:entity/astral_archon_2_damaged"},"display":{"head":{"translation":[0.0,-6.4,0.0],"scale":[4.0,4.0,4.0]}}}