{"elements":[{"from":[7.642857,6.224799,3.7142854],"to":[10.5,9.775201,3.7142854],"rotation":{"angle":45.0,"axis":"x","origin":[8.0,8.0,8.0]},"faces":{"east":{"uv":[0.0,0.0,0.0,0.375],"rotation":0,"texture":"#2","tintindex":0},"south":{"uv":[5.125,7.4375,5.4375,7.8125],"rotation":0,"texture":"#2","tintindex":0},"north":{"uv":[5.125,7.4375,5.4375,7.8125],"rotation":0,"texture":"#2","tintindex":0},"west":{"uv":[0.0,0.0,0.0,0.375],"rotation":0,"texture":"#2","tintindex":0},"up":{"uv":[0.3125,0.0,0.0,0.0],"rotation":0,"texture":"#2","tintindex":0},"down":{"uv":[0.3125,0.0,0.0,0.0],"rotation":0,"texture":"#2","tintindex":0}}},{"from":[7.642857,6.224799,3.7142854],"to":[10.5,9.775201,3.7142854],"rotation":{"angle":0.0,"axis":"y","origin":[8.0,8.0,8.0]},"faces":{"east":{"uv":[0.0,0.0,0.0,0.375],"rotation":0,"texture":"#2","tintindex":0},"south":{"uv":[6.5625,7.4375,6.875,7.8125],"rotation":0,"texture":"#2","tintindex":0},"north":{"uv":[6.5625,7.4375,6.875,7.8125],"rotation":0,"texture":"#2","tintindex":0},"west":{"uv":[0.0,0.0,0.0,0.375],"rotation":0,"texture":"#2","tintindex":0},"up":{"uv":[0.3125,0.0,0.0,0.0],"rotation":0,"texture":"#2","tintindex":0},"down":{"uv":[0.3125,0.0,0.0,0.0],"rotation":0,"texture":"#2","tintindex":0}}},{"from":[7.642857,6.224799,12.285715],"to":[10.5,9.775201,12.285715],"rotation":{"angle":45.0,"axis":"x","origin":[8.0,8.0,8.0]},"faces":{"east":{"uv":[0.0,0.0,0.0,0.375],"rotation":0,"texture":"#2","tintindex":0},"south":{"uv":[6.875,7.4375,7.1875,7.8125],"rotation":0,"texture":"#2","tintindex":0},"north":{"uv":[6.875,7.4375,7.1875,7.8125],"rotation":0,"texture":"#2","tintindex":0},"west":{"uv":[0.0,0.0,0.0,0.375],"rotation":0,"texture":"#2","tintindex":0},"up":{"uv":[0.3125,0.0,0.0,0.0],"rotation":0,"texture":"#2","tintindex":0},"down":{"uv":[0.3125,0.0,0.0,0.0],"rotation":0,"texture":"#2","tintindex":0}}},{"from":[7.642857,6.224799,12.285715],"to":[10.5,9.775201,12.285715],"rotation":{"angle":0.0,"axis":"y","origin":[8.0,8.0,8.0]},"faces":{"east":{"uv":[0.0,0.0,0.0,0.375],"rotation":0,"texture":"#2","tintindex":0},"south":{"uv":[0.3125,7.5,0.625,7.875],"rotation":0,"texture":"#2","tintindex":0},"north":{"uv":[0.3125,7.5,0.625,7.875],"rotation":0,"texture":"#2","tintindex":0},"west":{"uv":[0.0,0.0,0.0,0.375],"rotation":0,"texture":"#2","tintindex":0},"up":{"uv":[0.3125,0.0,0.0,0.0],"rotation":0,"texture":"#2","tintindex":0},"down":{"uv":[0.3125,0.0,0.0,0.0],"rotation":0,"texture":"#2","tintindex":0}}},{"from":[7.642857,3.7142854,6.224799],"to":[10.5,3.7142854,9.775201],"rotation":{"angle":45.0,"axis":"x","origin":[8.0,8.0,8.0]},"faces":{"east":{"uv":[0.0,0.0,0.375,0.0],"rotation":0,"texture":"#2","tintindex":0},"south":{"uv":[0.0,0.0,0.3125,0.0],"rotation":0,"texture":"#2","tintindex":0},"north":{"uv":[0.0,0.0,0.3125,0.0],"rotation":0,"texture":"#2","tintindex":0},"west":{"uv":[0.0,0.0,0.375,0.0],"rotation":0,"texture":"#2","tintindex":0},"up":{"uv":[7.8125,5.8125,7.5,5.4375],"rotation":0,"texture":"#2","tintindex":0},"down":{"uv":[7.8125,5.4375,7.5,5.8125],"rotation":0,"texture":"#2","tintindex":0}}},{"from":[7.642857,3.7142854,6.224799],"to":[10.5,3.7142854,9.775201],"rotation":{"angle":0.0,"axis":"y","origin":[8.0,8.0,8.0]},"faces":{"east":{"uv":[0.0,0.0,0.375,0.0],"rotation":0,"texture":"#2","tintindex":0},"south":{"uv":[0.0,0.0,0.3125,0.0],"rotation":0,"texture":"#2","tintindex":0},"north":{"uv":[0.0,0.0,0.3125,0.0],"rotation":0,"texture":"#2","tintindex":0},"west":{"uv":[0.0,0.0,0.375,0.0],"rotation":0,"texture":"#2","tintindex":0},"up":{"uv":[7.8125,7.8125,7.5,7.4375],"rotation":0,"texture":"#2","tintindex":0},"down":{"uv":[7.8125,7.4375,7.5,7.8125],"rotation":0,"texture":"#2","tintindex":0}}},{"from":[7.642857,12.285715,6.224799],"to":[10.5,12.285715,9.775201],"rotation":{"angle":45.0,"axis":"x","origin":[8.0,8.0,8.0]},"faces":{"east":{"uv":[0.0,0.0,0.375,0.0],"rotation":0,"texture":"#2","tintindex":0},"south":{"uv":[0.0,0.0,0.3125,0.0],"rotation":0,"texture":"#2","tintindex":0},"north":{"uv":[0.0,0.0,0.3125,0.0],"rotation":0,"texture":"#2","tintindex":0},"west":{"uv":[0.0,0.0,0.375,0.0],"rotation":0,"texture":"#2","tintindex":0},"up":{"uv":[3.125,7.9375,2.8125,7.5625],"rotation":0,"texture":"#2","tintindex":0},"down":{"uv":[3.125,7.5625,2.8125,7.9375],"rotation":0,"texture":"#2","tintindex":0}}},{"from":[7.642857,12.285715,6.224799],"to":[10.5,12.285715,9.775201],"rotation":{"angle":0.0,"axis":"y","origin":[8.0,8.0,8.0]},"faces":{"east":{"uv":[0.0,0.0,0.375,0.0],"rotation":0,"texture":"#2","tintindex":0},"south":{"uv":[0.0,0.0,0.3125,0.0],"rotation":0,"texture":"#2","tintindex":0},"north":{"uv":[0.0,0.0,0.3125,0.0],"rotation":0,"texture":"#2","tintindex":0},"west":{"uv":[0.0,0.0,0.375,0.0],"rotation":0,"texture":"#2","tintindex":0},"up":{"uv":[7.875,6.1875,7.5625,5.8125],"rotation":0,"texture":"#2","tintindex":0},"down":{"uv":[7.875,5.8125,7.5625,6.1875],"rotation":0,"texture":"#2","tintindex":0}}}],"textures":{"2":"modelengine:entity/astral_archon_2_damaged"},"display":{"head":{"translation":[0.0,-6.4,0.0],"scale":[4.0,4.0,4.0]}}}