{"elements":[{"from":[6.3738985,3.4138117,7.428571],"to":[8.088184,7.9852405,8.571428],"rotation":{"angle":0.0,"axis":"y","origin":[6.945327,19.98524,8.0]},"faces":{"east":{"uv":[2.9375,4.4375,2.8125,4.9375],"rotation":0,"texture":"#2","tintindex":0},"south":{"uv":[2.3125,6.875,2.125,7.375],"rotation":0,"texture":"#2","tintindex":0},"north":{"uv":[2.8125,5.875,2.625,6.375],"rotation":0,"texture":"#2","tintindex":0},"west":{"uv":[3.375,3.4375,3.25,3.9375],"rotation":0,"texture":"#2","tintindex":0},"up":{"uv":[6.1875,5.0,6.375,4.875],"rotation":0,"texture":"#2","tintindex":0},"down":{"uv":[6.1875,5.0,6.375,5.125],"rotation":0,"texture":"#2","tintindex":0}}},{"from":[4.5714283,2.7142854,7.428571],"to":[8.0,3.8571424,8.571428],"rotation":{"angle":22.5,"axis":"z","origin":[6.285714,3.2857141,8.0]},"faces":{"east":{"uv":[3.375,1.875,3.25,2.0],"rotation":0,"texture":"#2","tintindex":0},"south":{"uv":[7.3125,4.6875,6.9375,4.8125],"rotation":0,"texture":"#2","tintindex":0},"north":{"uv":[3.6875,6.875,3.3125,7.0],"rotation":0,"texture":"#2","tintindex":0},"west":{"uv":[3.375,1.75,3.25,1.875],"rotation":0,"texture":"#2","tintindex":0},"up":{"uv":[7.5625,7.125,7.9375,7.0],"rotation":0,"texture":"#2","tintindex":0},"down":{"uv":[1.1875,7.625,1.5625,7.75],"rotation":0,"texture":"#2","tintindex":0}}}],"textures":{"2":"modelengine:entity/astral_archon_2_damaged"},"display":{"head":{"translation":[0.0,-6.4,0.0],"scale":[4.0,4.0,4.0]}}}