{"elements":[{"from":[6.5714283,-2.285715,6.285714],"to":[10.0,9.714286,11.428572],"rotation":{"angle":0.0,"axis":"y","origin":[1.7142854,10.857143,8.0]},"faces":{"east":{"uv":[3.9375,3.0625,3.375,4.375],"rotation":0,"texture":"#2","tintindex":0},"south":{"uv":[1.3125,5.3125,0.9375,6.625],"rotation":0,"texture":"#2","tintindex":0},"north":{"uv":[0.9375,5.3125,0.5625,6.625],"rotation":0,"texture":"#2","tintindex":0},"west":{"uv":[3.9375,1.75,3.375,3.0625],"rotation":0,"texture":"#2","tintindex":0},"up":{"uv":[6.75,7.125,7.125,6.5625],"rotation":0,"texture":"#2","tintindex":0},"down":{"uv":[6.8125,3.0,7.1875,3.5625],"rotation":0,"texture":"#2","tintindex":0}}}],"textures":{"2":"modelengine:entity/astral_archon_2_damaged"},"display":{"head":{"translation":[0.0,-6.4,0.0],"scale":[4.0,4.0,4.0]}}}