{"elements":[{"from":[6.3738985,3.4138117,7.428571],"to":[8.088184,7.9852405,8.571428],"rotation":{"angle":0.0,"axis":"y","origin":[6.945327,19.98524,8.0]},"faces":{"east":{"uv":[4.5,5.125,4.375,5.625],"rotation":0,"texture":"#2","tintindex":0},"south":{"uv":[3.3125,7.5625,3.125,8.0625],"rotation":0,"texture":"#2","tintindex":0},"north":{"uv":[5.0625,7.5,4.875,8.0],"rotation":0,"texture":"#2","tintindex":0},"west":{"uv":[2.9375,4.9375,2.8125,5.4375],"rotation":0,"texture":"#2","tintindex":0},"up":{"uv":[1.8125,6.375,2.0,6.25],"rotation":0,"texture":"#2","tintindex":0},"down":{"uv":[6.3125,6.5,6.5,6.625],"rotation":0,"texture":"#2","tintindex":0}}},{"from":[4.5714283,2.7142854,7.428571],"to":[8.0,3.8571424,8.571428],"rotation":{"angle":22.5,"axis":"z","origin":[6.285714,3.2857141,8.0]},"faces":{"east":{"uv":[3.375,4.0625,3.25,4.1875],"rotation":0,"texture":"#2","tintindex":0},"south":{"uv":[8.0,1.8125,7.625,1.9375],"rotation":0,"texture":"#2","tintindex":0},"north":{"uv":[8.0,1.6875,7.625,1.8125],"rotation":0,"texture":"#2","tintindex":0},"west":{"uv":[3.375,3.9375,3.25,4.0625],"rotation":0,"texture":"#2","tintindex":0},"up":{"uv":[7.625,2.0625,8.0,1.9375],"rotation":0,"texture":"#2","tintindex":0},"down":{"uv":[7.625,2.0625,8.0,2.1875],"rotation":0,"texture":"#2","tintindex":0}}}],"textures":{"2":"modelengine:entity/astral_archon_2_damaged"},"display":{"head":{"translation":[0.0,-6.4,0.0],"scale":[4.0,4.0,4.0]}}}