{"elements":[{"from":[10.0,-4.162939,3.5503907],"to":[11.142858,11.265633,5.264676],"rotation":{"angle":0.0,"axis":"y","origin":[8.857143,10.122776,5.264676]},"faces":{"east":{"uv":[0.025,0.025,6.725,0.725],"rotation":90,"texture":"#1","tintindex":0},"south":{"uv":[0.975,3.025,0.525,9.725],"rotation":0,"texture":"#1","tintindex":0},"north":{"uv":[0.475,9.725,0.025,3.025],"rotation":180,"texture":"#1","tintindex":0},"west":{"uv":[0.025,0.775,6.725,1.475],"rotation":270,"texture":"#1","tintindex":0},"up":{"uv":[4.275,9.275,4.725,9.975],"rotation":0,"texture":"#1","tintindex":0},"down":{"uv":[6.275,9.025,6.725,9.725],"rotation":180,"texture":"#1","tintindex":0}}},{"from":[7.142857,-7.0200825,4.1218195],"to":[11.714286,-6.448654,6.4075336],"rotation":{"angle":0.0,"axis":"y","origin":[8.857143,10.122776,5.264676]},"faces":{"east":{"uv":[6.775,4.025,6.975,4.975],"rotation":90,"texture":"#1","tintindex":0},"south":{"uv":[12.975,6.525,11.025,6.725],"rotation":0,"texture":"#1","tintindex":0},"north":{"uv":[12.975,4.975,11.025,4.775],"rotation":180,"texture":"#1","tintindex":0},"west":{"uv":[6.775,5.025,6.975,5.975],"rotation":270,"texture":"#1","tintindex":0},"up":{"uv":[8.025,8.025,9.975,8.975],"rotation":0,"texture":"#1","tintindex":0},"down":{"uv":[8.025,7.025,9.975,7.975],"rotation":180,"texture":"#1","tintindex":0}}},{"from":[5.1404705,-6.1671257,4.1218195],"to":[7.4261847,-5.5956974,6.4075336],"rotation":{"angle":-22.5,"axis":"z","origin":[5.1404705,-5.8814116,5.264676]},"faces":{"east":{"uv":[4.775,11.275,4.975,12.225],"rotation":90,"texture":"#1","tintindex":0},"south":{"uv":[6.225,11.275,5.275,11.475],"rotation":0,"texture":"#1","tintindex":0},"north":{"uv":[11.975,8.475,11.025,8.275],"rotation":180,"texture":"#1","tintindex":0},"west":{"uv":[5.025,11.275,5.225,12.225],"rotation":270,"texture":"#1","tintindex":0},"up":{"uv":[7.775,10.275,8.725,11.225],"rotation":0,"texture":"#1","tintindex":0},"down":{"uv":[5.275,10.275,6.225,11.225],"rotation":180,"texture":"#1","tintindex":0}}},{"from":[11.430958,-6.1671257,4.1218195],"to":[13.716673,-5.5956974,6.4075336],"rotation":{"angle":22.5,"axis":"z","origin":[13.716673,-5.8814116,5.264676]},"faces":{"east":{"uv":[5.225,11.275,5.025,12.225],"rotation":90,"texture":"#1","tintindex":0},"south":{"uv":[5.275,11.275,6.225,11.475],"rotation":0,"texture":"#1","tintindex":0},"north":{"uv":[11.025,8.475,11.975,8.275],"rotation":180,"texture":"#1","tintindex":0},"west":{"uv":[4.975,11.275,4.775,12.225],"rotation":270,"texture":"#1","tintindex":0},"up":{"uv":[8.725,10.275,7.775,11.225],"rotation":0,"texture":"#1","tintindex":0},"down":{"uv":[6.225,10.275,5.275,11.225],"rotation":180,"texture":"#1","tintindex":0}}},{"from":[7.714286,-6.448654,4.1218195],"to":[8.285714,-4.162939,5.264676],"rotation":{"angle":0.0,"axis":"y","origin":[9.428572,10.122776,5.264676]},"faces":{"east":{"uv":[6.275,11.025,7.225,11.475],"rotation":90,"texture":"#1","tintindex":0},"south":{"uv":[4.975,9.275,4.775,10.225],"rotation":0,"texture":"#1","tintindex":0},"north":{"uv":[6.975,9.975,6.775,9.025],"rotation":180,"texture":"#1","tintindex":0},"west":{"uv":[11.025,6.775,11.975,7.225],"rotation":270,"texture":"#1","tintindex":0},"up":{"uv":[7.775,11.275,7.975,11.725],"rotation":0,"texture":"#1","tintindex":0},"down":{"uv":[4.025,10.525,4.225,10.975],"rotation":180,"texture":"#1","tintindex":0}}},{"from":[10.571428,-6.448654,4.1218195],"to":[11.142858,-4.162939,5.264676],"rotation":{"angle":0.0,"axis":"y","origin":[12.285715,10.122776,5.264676]},"faces":{"east":{"uv":[11.025,7.275,11.975,7.725],"rotation":90,"texture":"#1","tintindex":0},"south":{"uv":[4.725,11.275,4.525,12.225],"rotation":0,"texture":"#1","tintindex":0},"north":{"uv":[1.975,11.975,1.775,11.025],"rotation":180,"texture":"#1","tintindex":0},"west":{"uv":[11.025,7.775,11.975,8.225],"rotation":270,"texture":"#1","tintindex":0},"up":{"uv":[8.275,11.275,8.475,11.725],"rotation":0,"texture":"#1","tintindex":0},"down":{"uv":[8.025,11.275,8.225,11.725],"rotation":180,"texture":"#1","tintindex":0}}},{"from":[7.714286,-4.162939,3.5503907],"to":[8.857143,11.265633,5.264676],"rotation":{"angle":0.0,"axis":"y","origin":[6.0,10.122776,5.264676]},"faces":{"east":{"uv":[0.025,1.525,6.725,2.225],"rotation":90,"texture":"#1","tintindex":0},"south":{"uv":[1.975,3.025,1.525,9.725],"rotation":0,"texture":"#1","tintindex":0},"north":{"uv":[1.475,9.725,1.025,3.025],"rotation":180,"texture":"#1","tintindex":0},"west":{"uv":[0.025,2.275,6.725,2.975],"rotation":270,"texture":"#1","tintindex":0},"up":{"uv":[8.775,11.025,9.225,11.725],"rotation":0,"texture":"#1","tintindex":0},"down":{"uv":[1.275,11.025,1.725,11.725],"rotation":180,"texture":"#1","tintindex":0}}},{"from":[8.285714,-1.3057966,5.264676],"to":[10.571428,5.551347,6.978962],"rotation":{"angle":0.0,"axis":"y","origin":[9.428572,2.1227756,6.1218195]},"faces":{"east":{"uv":[6.775,0.025,9.725,0.725],"rotation":90,"texture":"#1","tintindex":0},"south":{"uv":[6.975,6.025,6.025,8.975],"rotation":0,"texture":"#1","tintindex":0},"north":{"uv":[5.975,8.975,5.025,6.025],"rotation":180,"texture":"#1","tintindex":0},"west":{"uv":[6.775,0.775,9.725,1.475],"rotation":270,"texture":"#1","tintindex":0},"up":{"uv":[2.025,10.775,2.975,11.475],"rotation":0,"texture":"#1","tintindex":0},"down":{"uv":[10.775,0.525,11.725,1.225],"rotation":180,"texture":"#1","tintindex":0}}},{"from":[8.857143,4.9799185,6.4075336],"to":[10.0,9.551348,7.5503907],"rotation":{"angle":0.0,"axis":"y","origin":[6.0,10.694204,5.264676]},"faces":{"east":{"uv":[6.775,2.525,8.725,2.975],"rotation":90,"texture":"#1","tintindex":0},"south":{"uv":[7.725,10.025,7.275,11.975],"rotation":0,"texture":"#1","tintindex":0},"north":{"uv":[6.725,5.975,6.275,4.025],"rotation":180,"texture":"#1","tintindex":0},"west":{"uv":[10.025,8.525,11.975,8.975],"rotation":270,"texture":"#1","tintindex":0},"up":{"uv":[4.025,11.275,4.475,11.725],"rotation":0,"texture":"#1","tintindex":0},"down":{"uv":[3.525,11.275,3.975,11.725],"rotation":180,"texture":"#1","tintindex":0}}},{"from":[8.285714,7.775994,5.587307],"to":[10.571428,15.204565,7.873021],"rotation":{"angle":22.5,"axis":"x","origin":[9.428572,11.775994,6.44445]},"faces":{"east":{"uv":[3.025,4.025,6.225,4.975],"rotation":90,"texture":"#1","tintindex":0},"south":{"uv":[4.975,6.025,4.025,9.225],"rotation":0,"texture":"#1","tintindex":0},"north":{"uv":[3.975,9.225,3.025,6.025],"rotation":180,"texture":"#1","tintindex":0},"west":{"uv":[3.025,5.025,6.225,5.975],"rotation":270,"texture":"#1","tintindex":0},"up":{"uv":[4.275,10.275,5.225,11.225],"rotation":0,"texture":"#1","tintindex":0},"down":{"uv":[10.025,7.525,10.975,8.475],"rotation":180,"texture":"#1","tintindex":0}}},{"from":[8.285714,5.551347,5.264676],"to":[10.571428,8.40849,6.4075336],"rotation":{"angle":0.0,"axis":"y","origin":[9.428572,4.9799185,4.978962]},"faces":{"east":{"uv":[11.025,1.775,12.225,2.225],"rotation":90,"texture":"#1","tintindex":0},"south":{"uv":[10.975,3.775,10.025,4.975],"rotation":0,"texture":"#1","tintindex":0},"north":{"uv":[10.975,3.725,10.025,2.525],"rotation":180,"texture":"#1","tintindex":0},"west":{"uv":[11.025,2.275,12.225,2.725],"rotation":270,"texture":"#1","tintindex":0},"up":{"uv":[11.025,4.275,11.975,4.725],"rotation":0,"texture":"#1","tintindex":0},"down":{"uv":[11.025,3.775,11.975,4.225],"rotation":180,"texture":"#1","tintindex":0}}},{"from":[8.285714,9.551348,2.9789624],"to":[10.571428,12.40849,4.693248],"rotation":{"angle":0.0,"axis":"y","origin":[6.0,11.265633,5.264676]},"faces":{"east":{"uv":[8.775,10.275,9.975,10.975],"rotation":90,"texture":"#1","tintindex":0},"south":{"uv":[10.725,0.025,9.775,1.225],"rotation":0,"texture":"#1","tintindex":0},"north":{"uv":[0.975,10.975,0.025,9.775],"rotation":180,"texture":"#1","tintindex":0},"west":{"uv":[10.025,10.275,11.225,10.975],"rotation":270,"texture":"#1","tintindex":0},"up":{"uv":[10.525,9.025,11.475,9.725],"rotation":0,"texture":"#1","tintindex":0},"down":{"uv":[3.025,10.525,3.975,11.225],"rotation":180,"texture":"#1","tintindex":0}}},{"from":[4.8571424,-4.7343683,2.4075336],"to":[7.714286,-1.8772249,5.264676],"rotation":{"angle":0.0,"axis":"y","origin":[6.0,10.122776,5.264676]},"faces":{"east":{"uv":[8.775,2.775,9.975,3.975],"rotation":90,"texture":"#1","tintindex":0},"south":{"uv":[10.475,9.025,9.275,10.225],"rotation":0,"texture":"#1","tintindex":0},"north":{"uv":[4.225,10.475,3.025,9.275],"rotation":180,"texture":"#1","tintindex":0},"west":{"uv":[8.025,9.025,9.225,10.225],"rotation":270,"texture":"#1","tintindex":0},"up":{"uv":[5.025,9.025,6.225,10.225],"rotation":0,"texture":"#1","tintindex":0},"down":{"uv":[8.775,1.525,9.975,2.725],"rotation":180,"texture":"#1","tintindex":0}}},{"from":[1.0504861,-4.3181696,2.9789624],"to":[5.621915,-2.0324545,5.264676],"rotation":{"angle":-22.5,"axis":"z","origin":[4.193343,-2.6038837,3.8361049]},"faces":{"east":{"uv":[6.275,10.025,7.225,10.975],"rotation":90,"texture":"#1","tintindex":0},"south":{"uv":[9.975,6.025,8.025,6.975],"rotation":0,"texture":"#1","tintindex":0},"north":{"uv":[9.975,5.975,8.025,5.025],"rotation":180,"texture":"#1","tintindex":0},"west":{"uv":[10.025,6.525,10.975,7.475],"rotation":270,"texture":"#1","tintindex":0},"up":{"uv":[8.025,4.025,9.975,4.975],"rotation":0,"texture":"#1","tintindex":0},"down":{"uv":[6.775,1.525,8.725,2.475],"rotation":180,"texture":"#1","tintindex":0}}},{"from":[-1.1642761,-2.4769077,3.5503907],"to":[2.264295,-0.7626219,4.693248],"rotation":{"angle":-45.0,"axis":"z","origin":[0.8357234,-0.7626219,3.8361049]},"faces":{"east":{"uv":[9.275,11.025,9.975,11.475],"rotation":90,"texture":"#1","tintindex":0},"south":{"uv":[11.475,5.775,10.025,6.475],"rotation":0,"texture":"#1","tintindex":0},"north":{"uv":[11.475,5.725,10.025,5.025],"rotation":180,"texture":"#1","tintindex":0},"west":{"uv":[10.025,11.025,10.725,11.475],"rotation":270,"texture":"#1","tintindex":0},"up":{"uv":[10.775,0.025,12.225,0.475],"rotation":0,"texture":"#1","tintindex":0},"down":{"uv":[10.525,9.775,11.975,10.225],"rotation":180,"texture":"#1","tintindex":0}}},{"from":[-3.7847261,-4.427886,3.5503907],"to":[-1.499012,-1.5707436,4.693248],"rotation":{"angle":-45.0,"axis":"z","origin":[1.643846,-1.5707436,3.8361049]},"faces":{"east":{"uv":[0.025,11.025,1.225,11.475],"rotation":90,"texture":"#1","tintindex":0},"south":{"uv":[10.975,1.275,10.025,2.475],"rotation":0,"texture":"#1","tintindex":0},"north":{"uv":[1.975,10.975,1.025,9.775],"rotation":180,"texture":"#1","tintindex":0},"west":{"uv":[11.025,1.275,12.225,1.725],"rotation":270,"texture":"#1","tintindex":0},"up":{"uv":[11.025,3.275,11.975,3.725],"rotation":0,"texture":"#1","tintindex":0},"down":{"uv":[11.025,2.775,11.975,3.225],"rotation":180,"texture":"#1","tintindex":0}}},{"from":[-2.6418686,-1.5707436,3.5503907],"to":[-2.0704403,12.143542,3.5503907],"rotation":{"angle":-45.0,"axis":"z","origin":[1.643846,-1.5707436,3.2646766]},"faces":{"east":{"uv":[0.025,0.025,5.975,0.025],"rotation":90,"texture":"#1","tintindex":0},"south":{"uv":[7.975,4.025,7.525,9.975],"rotation":0,"texture":"#1","tintindex":0},"north":{"uv":[7.475,9.975,7.025,4.025],"rotation":180,"texture":"#1","tintindex":0},"west":{"uv":[0.025,0.025,5.975,0.025],"rotation":270,"texture":"#1","tintindex":0},"up":{"uv":[0.025,0.025,0.475,0.025],"rotation":0,"texture":"#1","tintindex":0},"down":{"uv":[0.025,0.025,0.475,0.025],"rotation":180,"texture":"#1","tintindex":0}}},{"from":[11.142858,-4.7343683,2.4075336],"to":[14.0,-1.8772249,5.264676],"rotation":{"angle":0.0,"axis":"y","origin":[12.857143,10.122776,5.264676]},"faces":{"east":{"uv":[9.225,9.025,8.025,10.225],"rotation":90,"texture":"#1","tintindex":0},"south":{"uv":[9.275,9.025,10.475,10.225],"rotation":0,"texture":"#1","tintindex":0},"north":{"uv":[3.025,10.475,4.225,9.275],"rotation":180,"texture":"#1","tintindex":0},"west":{"uv":[9.975,2.775,8.775,3.975],"rotation":270,"texture":"#1","tintindex":0},"up":{"uv":[6.225,9.025,5.025,10.225],"rotation":0,"texture":"#1","tintindex":0},"down":{"uv":[9.975,1.525,8.775,2.725],"rotation":180,"texture":"#1","tintindex":0}}},{"from":[13.235228,-4.3181696,2.9789624],"to":[17.806656,-2.0324545,5.264676],"rotation":{"angle":22.5,"axis":"z","origin":[14.663799,-2.6038837,3.8361049]},"faces":{"east":{"uv":[10.975,6.525,10.025,7.475],"rotation":90,"texture":"#1","tintindex":0},"south":{"uv":[8.025,6.025,9.975,6.975],"rotation":0,"texture":"#1","tintindex":0},"north":{"uv":[8.025,5.975,9.975,5.025],"rotation":180,"texture":"#1","tintindex":0},"west":{"uv":[7.225,10.025,6.275,10.975],"rotation":270,"texture":"#1","tintindex":0},"up":{"uv":[9.975,4.025,8.025,4.975],"rotation":0,"texture":"#1","tintindex":0},"down":{"uv":[8.725,1.525,6.775,2.475],"rotation":180,"texture":"#1","tintindex":0}}},{"from":[13.806657,-9.461027,4.1218195],"to":[17.235228,-4.3181696,4.1218195],"rotation":{"angle":22.5,"axis":"z","origin":[14.663799,-2.6038837,3.8361049]},"faces":{"east":{"uv":[12.225,6.525,10.025,6.525],"rotation":90,"texture":"#1","tintindex":0},"south":{"uv":[12.275,0.275,13.725,2.475],"rotation":0,"texture":"#1","tintindex":0},"north":{"uv":[12.275,2.475,13.725,0.275],"rotation":180,"texture":"#1","tintindex":0},"west":{"uv":[8.475,10.025,6.275,10.025],"rotation":270,"texture":"#1","tintindex":0},"up":{"uv":[9.475,4.025,8.025,4.025],"rotation":0,"texture":"#1","tintindex":0},"down":{"uv":[8.225,1.525,6.775,1.525],"rotation":180,"texture":"#1","tintindex":0}}},{"from":[1.6219149,-9.461027,4.1218195],"to":[5.0504866,-4.3181696,4.1218195],"rotation":{"angle":-22.5,"axis":"z","origin":[4.193343,-2.6038837,3.8361049]},"faces":{"east":{"uv":[6.275,10.025,8.475,10.025],"rotation":90,"texture":"#1","tintindex":0},"south":{"uv":[13.725,0.275,12.275,2.475],"rotation":0,"texture":"#1","tintindex":0},"north":{"uv":[13.725,2.475,12.275,0.275],"rotation":180,"texture":"#1","tintindex":0},"west":{"uv":[10.025,6.525,12.225,6.525],"rotation":270,"texture":"#1","tintindex":0},"up":{"uv":[8.025,4.025,9.475,4.025],"rotation":0,"texture":"#1","tintindex":0},"down":{"uv":[6.775,1.525,8.225,1.525],"rotation":180,"texture":"#1","tintindex":0}}},{"from":[16.592848,-2.4769077,3.5503907],"to":[20.02142,-0.7626219,4.693248],"rotation":{"angle":45.0,"axis":"z","origin":[18.02142,-0.7626219,3.8361049]},"faces":{"east":{"uv":[10.725,11.025,10.025,11.475],"rotation":90,"texture":"#1","tintindex":0},"south":{"uv":[10.025,5.775,11.475,6.475],"rotation":0,"texture":"#1","tintindex":0},"north":{"uv":[10.025,5.725,11.475,5.025],"rotation":180,"texture":"#1","tintindex":0},"west":{"uv":[9.975,11.025,9.275,11.475],"rotation":270,"texture":"#1","tintindex":0},"up":{"uv":[12.225,0.025,10.775,0.475],"rotation":0,"texture":"#1","tintindex":0},"down":{"uv":[11.975,9.775,10.525,10.225],"rotation":180,"texture":"#1","tintindex":0}}},{"from":[20.356155,-4.427886,3.5503907],"to":[22.641869,-1.5707436,4.693248],"rotation":{"angle":45.0,"axis":"z","origin":[17.213299,-1.5707436,3.8361049]},"faces":{"east":{"uv":[12.225,1.275,11.025,1.725],"rotation":90,"texture":"#1","tintindex":0},"south":{"uv":[10.025,1.275,10.975,2.475],"rotation":0,"texture":"#1","tintindex":0},"north":{"uv":[1.025,10.975,1.975,9.775],"rotation":180,"texture":"#1","tintindex":0},"west":{"uv":[1.225,11.025,0.025,11.475],"rotation":270,"texture":"#1","tintindex":0},"up":{"uv":[11.975,3.275,11.025,3.725],"rotation":0,"texture":"#1","tintindex":0},"down":{"uv":[11.975,2.775,11.025,3.225],"rotation":180,"texture":"#1","tintindex":0}}},{"from":[20.927584,-1.5707436,3.5503907],"to":[21.499012,12.143542,3.5503907],"rotation":{"angle":45.0,"axis":"z","origin":[17.213299,-1.5707436,3.2646766]},"faces":{"east":{"uv":[5.975,0.025,0.025,0.025],"rotation":90,"texture":"#1","tintindex":0},"south":{"uv":[7.525,4.025,7.975,9.975],"rotation":0,"texture":"#1","tintindex":0},"north":{"uv":[7.025,9.975,7.475,4.025],"rotation":180,"texture":"#1","tintindex":0},"west":{"uv":[5.975,0.025,0.025,0.025],"rotation":270,"texture":"#1","tintindex":0},"up":{"uv":[0.475,0.025,0.025,0.025],"rotation":0,"texture":"#1","tintindex":0},"down":{"uv":[0.475,0.025,0.025,0.025],"rotation":180,"texture":"#1","tintindex":0}}},{"from":[8.857143,-4.162939,4.1218195],"to":[10.0,11.265633,5.264676],"rotation":{"angle":0.0,"axis":"y","origin":[7.142857,10.122776,5.264676]},"faces":{"east":{"uv":[2.025,3.025,8.725,3.475],"rotation":90,"texture":"#1","tintindex":0},"south":{"uv":[2.975,4.025,2.525,10.725],"rotation":0,"texture":"#1","tintindex":0},"north":{"uv":[2.475,10.725,2.025,4.025],"rotation":180,"texture":"#1","tintindex":0},"west":{"uv":[2.025,3.525,8.725,3.975],"rotation":270,"texture":"#1","tintindex":0},"up":{"uv":[3.025,11.275,3.475,11.725],"rotation":0,"texture":"#1","tintindex":0},"down":{"uv":[10.775,11.025,11.225,11.475],"rotation":180,"texture":"#1","tintindex":0}}},{"from":[8.0,5.142857,6.285714],"to":[9.142858,8.0,9.714286],"rotation":{"angle":0.0,"axis":"y","origin":[14.857143,24.57143,4.0]},"faces":{"east":{"uv":[8.1375,9.8875,8.8625,10.4875],"rotation":0,"texture":"#0","tintindex":0},"south":{"uv":[9.8875,11.6375,10.1125,12.2375],"rotation":0,"texture":"#0","tintindex":0},"north":{"uv":[9.6375,11.6375,9.8625,12.2375],"rotation":0,"texture":"#0","tintindex":0},"west":{"uv":[10.0125,0.0125,10.7375,0.6125],"rotation":0,"texture":"#0","tintindex":0},"up":{"uv":[1.6125,4.6125,1.3875,3.8875],"rotation":0,"texture":"#0","tintindex":0},"down":{"uv":[1.3625,5.8875,1.1375,6.6125],"rotation":0,"texture":"#0","tintindex":0}}},{"from":[8.640755,4.1673675,6.2285714],"to":[10.926469,5.881653,9.657143],"rotation":{"angle":45.0,"axis":"z","origin":[9.212183,4.738796,6.857143]},"faces":{"east":{"uv":[11.0125,5.0125,11.7375,5.3625],"rotation":0,"texture":"#0","tintindex":0},"south":{"uv":[8.0125,11.5125,8.4875,11.8625],"rotation":0,"texture":"#0","tintindex":0},"north":{"uv":[11.5125,7.7625,11.9875,8.1125],"rotation":0,"texture":"#0","tintindex":0},"west":{"uv":[11.0125,5.3875,11.7375,5.7375],"rotation":0,"texture":"#0","tintindex":0},"up":{"uv":[10.2375,11.1125,9.7625,10.3875],"rotation":0,"texture":"#0","tintindex":0},"down":{"uv":[10.8625,10.0125,10.3875,10.7375],"rotation":0,"texture":"#0","tintindex":0}}},{"from":[9.142858,6.285714,6.285714],"to":[10.285714,8.0,8.571428],"rotation":{"angle":0.0,"axis":"y","origin":[14.857143,24.57143,4.0]},"faces":{"east":{"uv":[8.5125,11.5125,8.9875,11.8625],"rotation":0,"texture":"#0","tintindex":0},"south":{"uv":[7.0125,2.2625,7.2375,2.6125],"rotation":0,"texture":"#0","tintindex":0},"north":{"uv":[4.7625,3.5125,4.9875,3.8625],"rotation":0,"texture":"#0","tintindex":0},"west":{"uv":[0.0125,11.6375,0.4875,11.9875],"rotation":0,"texture":"#0","tintindex":0},"up":{"uv":[12.1125,2.9875,11.8875,2.5125],"rotation":0,"texture":"#0","tintindex":0},"down":{"uv":[2.8625,11.8875,2.6375,12.3625],"rotation":0,"texture":"#0","tintindex":0}}}],"textures":{"0":"modelengine:entity/kobold_assassin","1":"modelengine:entity/kobold_xbow"},"display":{"head":{"translation":[0.0,-6.4,0.0],"scale":[4.0,4.0,4.0]}}}