{"elements":[{"from":[8.0,5.142857,6.285714],"to":[9.142858,8.0,9.714286],"rotation":{"angle":0.0,"axis":"y","origin":[14.857143,24.57143,4.0]},"faces":{"east":{"uv":[8.1375,9.8875,8.8625,10.4875],"rotation":0,"texture":"#0","tintindex":0},"south":{"uv":[9.8875,11.6375,10.1125,12.2375],"rotation":0,"texture":"#0","tintindex":0},"north":{"uv":[9.6375,11.6375,9.8625,12.2375],"rotation":0,"texture":"#0","tintindex":0},"west":{"uv":[10.0125,0.0125,10.7375,0.6125],"rotation":0,"texture":"#0","tintindex":0},"up":{"uv":[1.6125,4.6125,1.3875,3.8875],"rotation":0,"texture":"#0","tintindex":0},"down":{"uv":[1.3625,5.8875,1.1375,6.6125],"rotation":0,"texture":"#0","tintindex":0}}},{"from":[9.428572,8.571428,11.428572],"to":[9.428572,21.142857,24.0],"rotation":{"angle":0.0,"axis":"y","origin":[11.428572,1.1428566,30.857143]},"faces":{"east":{"uv":[0.0,0.0,16.0,16.0],"rotation":270,"texture":"#3","tintindex":0},"south":{"uv":[1.25,10.0,1.0,4.75],"rotation":0,"texture":"#3","tintindex":0},"north":{"uv":[1.5,4.75,1.25,10.0],"rotation":180,"texture":"#3","tintindex":0},"west":{"uv":[16.0,0.0,0.0,16.0],"rotation":90,"texture":"#3","tintindex":0},"up":{"uv":[5.25,1.5,5.5,3.5],"rotation":180,"texture":"#3","tintindex":0},"down":{"uv":[5.5,1.5,5.75,3.5],"rotation":0,"texture":"#3","tintindex":0}}},{"from":[8.857143,5.714286,3.4285712],"to":[10.0,7.428571,9.714286],"rotation":{"angle":0.0,"axis":"y","origin":[13.714286,24.57143,4.0]},"faces":{"east":{"uv":[5.5,4.0,2.75,4.75],"rotation":0,"texture":"#2","tintindex":0},"south":{"uv":[6.5,0.0,6.0,0.75],"rotation":0,"texture":"#2","tintindex":0},"north":{"uv":[6.25,5.5,5.75,6.25],"rotation":0,"texture":"#2","tintindex":0},"west":{"uv":[2.75,4.0,0.0,4.75],"rotation":0,"texture":"#2","tintindex":0},"up":{"uv":[0.0,7.5,0.5,4.75],"rotation":0,"texture":"#2","tintindex":0},"down":{"uv":[0.5,4.75,1.0,7.5],"rotation":0,"texture":"#2","tintindex":0}}},{"from":[8.571428,5.714286,9.714286],"to":[10.285714,9.142858,11.428572],"rotation":{"angle":0.0,"axis":"y","origin":[13.714286,24.57143,4.0]},"faces":{"east":{"uv":[4.5,4.75,3.75,6.25],"rotation":0,"texture":"#2","tintindex":0},"south":{"uv":[3.75,4.75,3.0,6.25],"rotation":0,"texture":"#2","tintindex":0},"north":{"uv":[2.25,4.75,1.5,6.25],"rotation":0,"texture":"#2","tintindex":0},"west":{"uv":[3.0,4.75,2.25,6.25],"rotation":0,"texture":"#2","tintindex":0},"up":{"uv":[5.25,0.75,6.0,0.0],"rotation":0,"texture":"#2","tintindex":0},"down":{"uv":[5.25,0.75,6.0,1.5],"rotation":0,"texture":"#2","tintindex":0}}},{"from":[9.142858,4.0,9.714286],"to":[9.714286,8.571428,21.714287],"rotation":{"angle":0.0,"axis":"y","origin":[13.714286,24.57143,4.0]},"faces":{"east":{"uv":[0.0,0.0,5.25,2.0],"rotation":0,"texture":"#2","tintindex":0},"south":{"uv":[5.75,1.5,5.5,3.5],"rotation":0,"texture":"#2","tintindex":0},"north":{"uv":[5.5,1.5,5.25,3.5],"rotation":0,"texture":"#2","tintindex":0},"west":{"uv":[5.25,0.0,0.0,2.0],"rotation":0,"texture":"#2","tintindex":0},"up":{"uv":[1.0,10.0,1.25,4.75],"rotation":0,"texture":"#2","tintindex":0},"down":{"uv":[1.25,4.75,1.5,10.0],"rotation":0,"texture":"#2","tintindex":0}}},{"from":[9.142858,5.142857,21.714287],"to":[9.714286,8.571428,22.857143],"rotation":{"angle":0.0,"axis":"y","origin":[13.714286,24.57143,4.0]},"faces":{"east":{"uv":[4.5,4.75,5.0,6.25],"rotation":0,"texture":"#2","tintindex":0},"south":{"uv":[6.0,1.5,5.75,3.0],"rotation":0,"texture":"#2","tintindex":0},"north":{"uv":[5.75,5.5,5.5,7.0],"rotation":0,"texture":"#2","tintindex":0},"west":{"uv":[5.0,4.75,4.5,6.25],"rotation":0,"texture":"#2","tintindex":0},"up":{"uv":[5.25,4.0,5.5,3.5],"rotation":0,"texture":"#2","tintindex":0},"down":{"uv":[5.75,3.0,6.0,3.5],"rotation":0,"texture":"#2","tintindex":0}}},{"from":[9.142858,6.285714,22.857143],"to":[9.714286,8.571428,24.0],"rotation":{"angle":0.0,"axis":"y","origin":[13.714286,24.57143,4.0]},"faces":{"east":{"uv":[5.5,3.5,6.0,4.5],"rotation":0,"texture":"#2","tintindex":0},"south":{"uv":[6.25,1.75,6.0,2.75],"rotation":0,"texture":"#2","tintindex":0},"north":{"uv":[6.25,0.75,6.0,1.75],"rotation":0,"texture":"#2","tintindex":0},"west":{"uv":[6.0,3.5,5.5,4.5],"rotation":0,"texture":"#2","tintindex":0},"up":{"uv":[6.0,3.25,6.25,2.75],"rotation":0,"texture":"#2","tintindex":0},"down":{"uv":[6.0,3.25,6.25,3.75],"rotation":0,"texture":"#2","tintindex":0}}},{"from":[8.640755,4.1673675,6.2285714],"to":[10.926469,5.881653,9.657143],"rotation":{"angle":45.0,"axis":"z","origin":[9.212183,4.738796,6.857143]},"faces":{"east":{"uv":[11.0125,5.0125,11.7375,5.3625],"rotation":0,"texture":"#0","tintindex":0},"south":{"uv":[8.0125,11.5125,8.4875,11.8625],"rotation":0,"texture":"#0","tintindex":0},"north":{"uv":[11.5125,7.7625,11.9875,8.1125],"rotation":0,"texture":"#0","tintindex":0},"west":{"uv":[11.0125,5.3875,11.7375,5.7375],"rotation":0,"texture":"#0","tintindex":0},"up":{"uv":[10.2375,11.1125,9.7625,10.3875],"rotation":0,"texture":"#0","tintindex":0},"down":{"uv":[10.8625,10.0125,10.3875,10.7375],"rotation":0,"texture":"#0","tintindex":0}}},{"from":[9.142858,6.285714,6.285714],"to":[10.285714,8.0,8.571428],"rotation":{"angle":0.0,"axis":"y","origin":[14.857143,24.57143,4.0]},"faces":{"east":{"uv":[8.5125,11.5125,8.9875,11.8625],"rotation":0,"texture":"#0","tintindex":0},"south":{"uv":[7.0125,2.2625,7.2375,2.6125],"rotation":0,"texture":"#0","tintindex":0},"north":{"uv":[4.7625,3.5125,4.9875,3.8625],"rotation":0,"texture":"#0","tintindex":0},"west":{"uv":[0.0125,11.6375,0.4875,11.9875],"rotation":0,"texture":"#0","tintindex":0},"up":{"uv":[12.1125,2.9875,11.8875,2.5125],"rotation":0,"texture":"#0","tintindex":0},"down":{"uv":[2.8625,11.8875,2.6375,12.3625],"rotation":0,"texture":"#0","tintindex":0}}}],"textures":{"0":"modelengine:entity/kobold_assassin","2":"modelengine:entity/kobold_dagger","3":"modelengine:entity/kobold_assassin_swipe"},"display":{"head":{"translation":[0.0,-6.4,0.0],"scale":[4.0,4.0,4.0]}}}