{"elements":[{"from":[8.0,-9.518223,-12.978834],"to":[8.0,26.48178,23.021166],"rotation":{"angle":0.0,"axis":"y","origin":[8.0,10.8,4.3999996]},"faces":{"east":{"uv":[4.0,0.0,5.0,1.0],"rotation":0,"texture":"#1","tintindex":0},"south":{"uv":[0.0,0.0,0.0,16.0],"rotation":0,"texture":"#1","tintindex":0},"north":{"uv":[0.0,0.0,0.0,16.0],"rotation":0,"texture":"#1","tintindex":0},"west":{"uv":[5.0,0.0,4.0,1.0],"rotation":0,"texture":"#1","tintindex":0},"up":{"uv":[0.0,0.0,16.0,0.0],"rotation":90,"texture":"#1","tintindex":0},"down":{"uv":[0.0,0.0,16.0,0.0],"rotation":270,"texture":"#1","tintindex":0}}},{"from":[-10.0,-9.518223,5.021166],"to":[26.0,26.48178,5.021166],"rotation":{"angle":0.0,"axis":"y","origin":[8.0,10.8,4.3999996]},"faces":{"east":{"uv":[0.0,0.0,0.0,16.0],"rotation":0,"texture":"#1","tintindex":0},"south":{"uv":[4.0,0.0,5.0,1.0],"rotation":0,"texture":"#1","tintindex":0},"north":{"uv":[5.0,0.0,4.0,1.0],"rotation":0,"texture":"#1","tintindex":0},"west":{"uv":[0.0,0.0,0.0,16.0],"rotation":0,"texture":"#1","tintindex":0},"up":{"uv":[0.0,0.0,16.0,0.0],"rotation":180,"texture":"#1","tintindex":0},"down":{"uv":[0.0,0.0,16.0,0.0],"rotation":180,"texture":"#1","tintindex":0}}}],"textures":{"1":"modelengine:entity/em_nothingness"},"display":{"head":{"translation":[0.0,-6.4,0.0],"scale":[4.0,4.0,4.0]}}}