{"elements":[{"from":[7.142857,8.845934,7.2169294],"to":[8.857143,13.9887905,8.931215],"rotation":{"angle":0.0,"axis":"y","origin":[8.285714,3.1316476,8.359787]},"faces":{"east":{"uv":[1.5,0.0,3.0,4.5],"rotation":0,"texture":"#0","tintindex":0},"south":{"uv":[3.0,0.0,4.5,4.5],"rotation":0,"texture":"#0","tintindex":0},"north":{"uv":[0.0,0.0,1.5,4.5],"rotation":0,"texture":"#0","tintindex":0},"west":{"uv":[0.0,4.5,1.5,9.0],"rotation":0,"texture":"#0","tintindex":0},"up":{"uv":[8.0,7.5,6.5,6.0],"rotation":0,"texture":"#0","tintindex":0},"down":{"uv":[9.0,0.0,7.5,1.5],"rotation":0,"texture":"#0","tintindex":0}}},{"from":[7.428571,3.7030764,7.5026436],"to":[8.571428,8.845934,8.645501],"rotation":{"angle":0.0,"axis":"y","origin":[8.571428,-2.0112104,8.645501]},"faces":{"east":{"uv":[1.5,4.5,2.5,9.0],"rotation":0,"texture":"#0","tintindex":0},"south":{"uv":[2.5,4.5,3.5,9.0],"rotation":0,"texture":"#0","tintindex":0},"north":{"uv":[4.5,0.0,5.5,4.5],"rotation":0,"texture":"#0","tintindex":0},"west":{"uv":[3.5,4.5,4.5,9.0],"rotation":0,"texture":"#0","tintindex":0},"up":{"uv":[1.5,10.0,0.5,9.0],"rotation":0,"texture":"#0","tintindex":0},"down":{"uv":[2.5,9.0,1.5,10.0],"rotation":0,"texture":"#0","tintindex":0}}},{"from":[7.428571,12.72542,6.757828],"to":[8.571428,15.582563,7.329257],"rotation":{"angle":-22.5,"axis":"x","origin":[7.714286,13.868277,7.0435424]},"faces":{"east":{"uv":[0.0,9.0,0.5,11.5],"rotation":0,"texture":"#0","tintindex":0},"south":{"uv":[5.5,6.5,6.5,9.0],"rotation":0,"texture":"#0","tintindex":0},"north":{"uv":[4.5,6.5,5.5,9.0],"rotation":0,"texture":"#0","tintindex":0},"west":{"uv":[9.0,0.0,9.5,2.5],"rotation":0,"texture":"#0","tintindex":0},"up":{"uv":[6.5,4.5,5.5,4.0],"rotation":0,"texture":"#0","tintindex":0},"down":{"uv":[3.5,9.0,2.5,9.5],"rotation":0,"texture":"#0","tintindex":0}}},{"from":[6.857143,13.9887905,6.9312153],"to":[9.142858,15.131648,9.216929],"rotation":{"angle":0.0,"axis":"y","origin":[8.0,14.56022,8.074072]},"faces":{"east":{"uv":[8.0,6.0,10.0,7.0],"rotation":0,"texture":"#0","tintindex":0},"south":{"uv":[8.0,7.0,10.0,8.0],"rotation":0,"texture":"#0","tintindex":0},"north":{"uv":[7.5,3.0,9.5,4.0],"rotation":0,"texture":"#0","tintindex":0},"west":{"uv":[8.0,8.0,10.0,9.0],"rotation":0,"texture":"#0","tintindex":0},"up":{"uv":[6.5,6.5,4.5,4.5],"rotation":0,"texture":"#0","tintindex":0},"down":{"uv":[7.5,0.0,5.5,2.0],"rotation":0,"texture":"#0","tintindex":0}}},{"from":[6.857143,15.131648,6.9312153],"to":[6.857143,17.417362,9.216929],"rotation":{"angle":0.0,"axis":"y","origin":[8.0,15.703077,8.074072]},"faces":{"east":{"uv":[8.5,4.0,6.5,6.0],"rotation":0,"texture":"#0","tintindex":0},"south":{"uv":[0.0,0.0,0.0,2.0],"rotation":0,"texture":"#0","tintindex":0},"north":{"uv":[0.0,0.0,0.0,2.0],"rotation":0,"texture":"#0","tintindex":0},"west":{"uv":[6.5,4.0,8.5,6.0],"rotation":0,"texture":"#0","tintindex":0},"up":{"uv":[0.0,2.0,0.0,0.0],"rotation":0,"texture":"#0","tintindex":0},"down":{"uv":[0.0,0.0,0.0,2.0],"rotation":0,"texture":"#0","tintindex":0}}},{"from":[6.4197903,17.330368,6.9312153],"to":[6.4197903,18.473225,9.216929],"rotation":{"angle":22.5,"axis":"z","origin":[6.4197903,18.473225,8.074072]},"faces":{"east":{"uv":[10.5,5.0,8.5,6.0],"rotation":0,"texture":"#0","tintindex":0},"south":{"uv":[0.0,0.0,0.0,1.0],"rotation":0,"texture":"#0","tintindex":0},"north":{"uv":[0.0,0.0,0.0,1.0],"rotation":0,"texture":"#0","tintindex":0},"west":{"uv":[8.5,5.0,10.5,6.0],"rotation":0,"texture":"#0","tintindex":0},"up":{"uv":[0.0,2.0,0.0,0.0],"rotation":0,"texture":"#0","tintindex":0},"down":{"uv":[0.0,0.0,0.0,2.0],"rotation":0,"texture":"#0","tintindex":0}}},{"from":[7.142857,11.196894,6.888915],"to":[8.857143,12.9111805,6.888915],"rotation":{"angle":22.5,"axis":"x","origin":[8.0,12.054037,6.888915]},"faces":{"east":{"uv":[0.0,0.0,0.0,1.5],"rotation":0,"texture":"#0","tintindex":0},"south":{"uv":[9.0,1.5,7.5,3.0],"rotation":0,"texture":"#0","tintindex":0},"north":{"uv":[7.5,1.5,9.0,3.0],"rotation":0,"texture":"#0","tintindex":0},"west":{"uv":[0.0,0.0,0.0,1.5],"rotation":0,"texture":"#0","tintindex":0},"up":{"uv":[1.5,0.0,0.0,0.0],"rotation":0,"texture":"#0","tintindex":0},"down":{"uv":[1.5,0.0,0.0,0.0],"rotation":0,"texture":"#0","tintindex":0}}},{"from":[7.428571,12.72542,8.818888],"to":[8.571428,15.582563,9.390316],"rotation":{"angle":22.5,"axis":"x","origin":[7.714286,13.868277,9.104602]},"faces":{"east":{"uv":[0.5,9.0,0.0,11.5],"rotation":0,"texture":"#0","tintindex":0},"south":{"uv":[5.5,6.5,4.5,9.0],"rotation":0,"texture":"#0","tintindex":0},"north":{"uv":[6.5,6.5,5.5,9.0],"rotation":0,"texture":"#0","tintindex":0},"west":{"uv":[9.5,0.0,9.0,2.5],"rotation":0,"texture":"#0","tintindex":0},"up":{"uv":[6.5,4.0,5.5,4.5],"rotation":0,"texture":"#0","tintindex":0},"down":{"uv":[3.5,9.5,2.5,9.0],"rotation":0,"texture":"#0","tintindex":0}}},{"from":[6.6611853,13.139879,7.5026436],"to":[7.2326136,15.997023,8.645501],"rotation":{"angle":22.5,"axis":"z","origin":[8.0,14.132242,8.074072]},"faces":{"east":{"uv":[6.5,6.5,5.5,9.0],"rotation":0,"texture":"#0","tintindex":0},"south":{"uv":[0.5,9.0,0.0,11.5],"rotation":0,"texture":"#0","tintindex":0},"north":{"uv":[9.5,0.0,9.0,2.5],"rotation":0,"texture":"#0","tintindex":0},"west":{"uv":[5.5,6.5,4.5,9.0],"rotation":0,"texture":"#0","tintindex":0},"up":{"uv":[6.5,4.0,5.5,4.5],"rotation":90,"texture":"#0","tintindex":0},"down":{"uv":[3.5,9.5,2.5,9.0],"rotation":270,"texture":"#0","tintindex":0}}},{"from":[8.767386,13.139879,7.5026436],"to":[9.338815,15.997023,8.645501],"rotation":{"angle":-22.5,"axis":"z","origin":[8.0,14.132242,8.074072]},"faces":{"east":{"uv":[4.5,6.5,5.5,9.0],"rotation":0,"texture":"#0","tintindex":0},"south":{"uv":[0.0,9.0,0.5,11.5],"rotation":0,"texture":"#0","tintindex":0},"north":{"uv":[9.0,0.0,9.5,2.5],"rotation":0,"texture":"#0","tintindex":0},"west":{"uv":[5.5,6.5,6.5,9.0],"rotation":0,"texture":"#0","tintindex":0},"up":{"uv":[6.5,4.5,5.5,4.0],"rotation":90,"texture":"#0","tintindex":0},"down":{"uv":[3.5,9.0,2.5,9.5],"rotation":270,"texture":"#0","tintindex":0}}},{"from":[9.58021,17.330368,6.9312153],"to":[9.58021,18.473225,9.216929],"rotation":{"angle":-22.5,"axis":"z","origin":[9.58021,18.473225,8.074072]},"faces":{"east":{"uv":[10.5,5.0,8.5,6.0],"rotation":0,"texture":"#0","tintindex":0},"south":{"uv":[0.0,0.0,0.0,1.0],"rotation":0,"texture":"#0","tintindex":0},"north":{"uv":[0.0,0.0,0.0,1.0],"rotation":0,"texture":"#0","tintindex":0},"west":{"uv":[8.5,5.0,10.5,6.0],"rotation":0,"texture":"#0","tintindex":0},"up":{"uv":[0.0,2.0,0.0,0.0],"rotation":0,"texture":"#0","tintindex":0},"down":{"uv":[0.0,0.0,0.0,2.0],"rotation":0,"texture":"#0","tintindex":0}}},{"from":[9.142858,15.131648,6.9312153],"to":[9.142858,17.417362,9.216929],"rotation":{"angle":0.0,"axis":"y","origin":[8.0,15.703077,8.074072]},"faces":{"east":{"uv":[8.5,4.0,6.5,6.0],"rotation":0,"texture":"#0","tintindex":0},"south":{"uv":[0.0,0.0,0.0,2.0],"rotation":0,"texture":"#0","tintindex":0},"north":{"uv":[0.0,0.0,0.0,2.0],"rotation":0,"texture":"#0","tintindex":0},"west":{"uv":[6.5,4.0,8.5,6.0],"rotation":0,"texture":"#0","tintindex":0},"up":{"uv":[0.0,2.0,0.0,0.0],"rotation":0,"texture":"#0","tintindex":0},"down":{"uv":[0.0,0.0,0.0,2.0],"rotation":0,"texture":"#0","tintindex":0}}},{"from":[6.857143,17.330368,6.4938626],"to":[9.142858,18.473225,6.4938626],"rotation":{"angle":-22.5,"axis":"x","origin":[8.0,18.473225,6.4938626]},"faces":{"east":{"uv":[0.0,0.0,0.0,1.0],"rotation":0,"texture":"#0","tintindex":0},"south":{"uv":[10.5,5.0,8.5,6.0],"rotation":0,"texture":"#0","tintindex":0},"north":{"uv":[8.5,5.0,10.5,6.0],"rotation":0,"texture":"#0","tintindex":0},"west":{"uv":[0.0,0.0,0.0,1.0],"rotation":0,"texture":"#0","tintindex":0},"up":{"uv":[0.0,2.0,0.0,0.0],"rotation":90,"texture":"#0","tintindex":0},"down":{"uv":[0.0,0.0,0.0,2.0],"rotation":270,"texture":"#0","tintindex":0}}},{"from":[6.857143,15.131648,6.9312153],"to":[9.142858,17.417362,6.9312153],"rotation":{"angle":0.0,"axis":"y","origin":[8.0,15.703077,8.074072]},"faces":{"east":{"uv":[0.0,0.0,0.0,2.0],"rotation":0,"texture":"#0","tintindex":0},"south":{"uv":[8.5,4.0,6.5,6.0],"rotation":0,"texture":"#0","tintindex":0},"north":{"uv":[6.5,4.0,8.5,6.0],"rotation":0,"texture":"#0","tintindex":0},"west":{"uv":[0.0,0.0,0.0,2.0],"rotation":0,"texture":"#0","tintindex":0},"up":{"uv":[0.0,2.0,0.0,0.0],"rotation":90,"texture":"#0","tintindex":0},"down":{"uv":[0.0,0.0,0.0,2.0],"rotation":270,"texture":"#0","tintindex":0}}},{"from":[6.857143,17.330368,9.654282],"to":[9.142858,18.473225,9.654282],"rotation":{"angle":22.5,"axis":"x","origin":[8.0,18.473225,9.654282]},"faces":{"east":{"uv":[0.0,0.0,0.0,1.0],"rotation":0,"texture":"#0","tintindex":0},"south":{"uv":[10.5,5.0,8.5,6.0],"rotation":0,"texture":"#0","tintindex":0},"north":{"uv":[8.5,5.0,10.5,6.0],"rotation":0,"texture":"#0","tintindex":0},"west":{"uv":[0.0,0.0,0.0,1.0],"rotation":0,"texture":"#0","tintindex":0},"up":{"uv":[0.0,2.0,0.0,0.0],"rotation":90,"texture":"#0","tintindex":0},"down":{"uv":[0.0,0.0,0.0,2.0],"rotation":270,"texture":"#0","tintindex":0}}},{"from":[6.857143,15.131648,9.216929],"to":[9.142858,17.417362,9.216929],"rotation":{"angle":0.0,"axis":"y","origin":[8.0,15.703077,8.074072]},"faces":{"east":{"uv":[0.0,0.0,0.0,2.0],"rotation":0,"texture":"#0","tintindex":0},"south":{"uv":[8.5,4.0,6.5,6.0],"rotation":0,"texture":"#0","tintindex":0},"north":{"uv":[6.5,4.0,8.5,6.0],"rotation":0,"texture":"#0","tintindex":0},"west":{"uv":[0.0,0.0,0.0,2.0],"rotation":0,"texture":"#0","tintindex":0},"up":{"uv":[0.0,2.0,0.0,0.0],"rotation":90,"texture":"#0","tintindex":0},"down":{"uv":[0.0,0.0,0.0,2.0],"rotation":270,"texture":"#0","tintindex":0}}}],"textures":{"0":"modelengine:entity/gp2_goblin_torch"},"display":{"head":{"translation":[0.0,-6.4,0.0],"scale":[4.0,4.0,4.0]}}}