{
  "species": "cobblemon:venusaur",
  "order": 1,
  "variations": [
    {
      "aspects": [
        "female"
      ],
      "poser": "cobblemon:venusaur",
      "model": "cobblemon:venusaur.geo",
      "texture": "cobblemon:textures/pokemon/0003_venusaur/venusaur.png"
    },
    {
      "aspects": [
        "shiny"
      ],
      "poser": "cobblemon:venusaur",
      "model": "cobblemon:venusaur.geo",
      "texture": "cobblemon:textures/pokemon/0003_venusaur/venusaur_shiny.png"
    },
    {
      "aspects": ["mega"],
      "poser": "cobblemon:venusaur",
      "model": "cobblemon:venusaurmega.geo",
      "texture": "cobblemon:textures/pokemon/0003_venusaur/venusaur_mega.png",
      "layers": []
    },
    {
      "aspects": [ "mega", "shiny" ],
      "poser": "cobblemon:venusaur",
      "model": "cobblemon:venusaurmega.geo",
      "texture": "cobblemon:textures/pokemon/0003_venusaur/venusaur_mega_shiny.png"
    }
  ]
}