{"elements":[{"from":[7.142857,5.714286,6.285714],"to":[8.857143,8.0,8.571428],"rotation":{"angle":0.0,"axis":"y","origin":[11.428572,9.2419195,7.0]},"faces":{"east":{"uv":[3.0,7.0,2.0,8.0],"rotation":0,"texture":"#0","tintindex":0},"south":{"uv":[8.5,0.0,7.75,1.0],"rotation":0,"texture":"#0","tintindex":0},"north":{"uv":[4.75,7.5,4.0,8.5],"rotation":0,"texture":"#0","tintindex":0},"west":{"uv":[2.0,7.0,1.0,8.0],"rotation":0,"texture":"#0","tintindex":0},"up":{"uv":[7.75,2.0,8.5,1.0],"rotation":0,"texture":"#0","tintindex":0},"down":{"uv":[3.0,7.75,3.75,8.75],"rotation":0,"texture":"#0","tintindex":0}}},{"from":[8.0,5.714286,6.0],"to":[9.142858,6.857143,7.714286],"rotation":{"angle":0.0,"axis":"y","origin":[11.428572,9.2419195,7.0]},"faces":{"east":{"uv":[9.25,0.0,8.5,0.5],"rotation":0,"texture":"#0","tintindex":0},"south":{"uv":[6.5,8.75,6.0,9.25],"rotation":0,"texture":"#0","tintindex":0},"north":{"uv":[6.0,8.75,5.5,9.25],"rotation":0,"texture":"#0","tintindex":0},"west":{"uv":[8.5,8.25,7.75,8.75],"rotation":0,"texture":"#0","tintindex":0},"up":{"uv":[4.0,7.5,4.5,6.75],"rotation":0,"texture":"#0","tintindex":0},"down":{"uv":[8.5,0.5,9.0,1.25],"rotation":0,"texture":"#0","tintindex":0}}},{"from":[6.1191206,6.4800253,6.285714],"to":[7.8334064,7.622883,8.571428],"rotation":{"angle":22.5,"axis":"z","origin":[11.428572,9.2419195,7.0]},"faces":{"east":{"uv":[9.0,7.75,8.0,8.25],"rotation":0,"texture":"#0","tintindex":0},"south":{"uv":[9.25,3.5,8.5,4.0],"rotation":0,"texture":"#0","tintindex":0},"north":{"uv":[9.25,1.25,8.5,1.75],"rotation":0,"texture":"#0","tintindex":0},"west":{"uv":[9.0,7.25,8.0,7.75],"rotation":0,"texture":"#0","tintindex":0},"up":{"uv":[7.75,4.5,8.5,3.5],"rotation":0,"texture":"#0","tintindex":0},"down":{"uv":[7.75,4.5,8.5,5.5],"rotation":0,"texture":"#0","tintindex":0}}}],"textures":{"0":"modelengine:entity/cavalier"},"display":{"head":{"translation":[0.0,-6.4,0.0],"scale":[4.0,4.0,4.0]}}}