{"elements":[{"from":[8.0,6.5909414,0.25040054],"to":[8.0,22.590942,19.678974],"rotation":{"angle":0.0,"axis":"y","origin":[8.0,6.5909414,4.82183]},"faces":{"east":{"uv":[0.0,0.0,4.25,3.5],"rotation":0,"texture":"#0","tintindex":0},"south":{"uv":[0.0,0.0,0.0,3.5],"rotation":0,"texture":"#0","tintindex":0},"north":{"uv":[0.0,0.0,0.0,3.5],"rotation":0,"texture":"#0","tintindex":0},"west":{"uv":[4.25,0.0,0.0,3.5],"rotation":0,"texture":"#0","tintindex":0},"up":{"uv":[0.0,0.0,4.25,0.0],"rotation":270,"texture":"#0","tintindex":0},"down":{"uv":[0.0,0.0,4.25,0.0],"rotation":90,"texture":"#0","tintindex":0}}},{"from":[3.4285712,6.5909414,3.9646869],"to":[12.571428,16.305227,3.9646869],"rotation":{"angle":-22.5,"axis":"x","origin":[8.0,6.5909414,3.9646869]},"faces":{"east":{"uv":[0.0,0.0,0.0,2.125],"rotation":0,"texture":"#0","tintindex":0},"south":{"uv":[6.25,3.25,4.25,5.375],"rotation":0,"texture":"#0","tintindex":0},"north":{"uv":[4.25,3.25,6.25,5.375],"rotation":0,"texture":"#0","tintindex":0},"west":{"uv":[0.0,0.0,0.0,2.125],"rotation":0,"texture":"#0","tintindex":0},"up":{"uv":[0.0,2.0,0.0,0.0],"rotation":270,"texture":"#0","tintindex":0},"down":{"uv":[0.0,0.0,0.0,2.0],"rotation":90,"texture":"#0","tintindex":0}}},{"from":[5.142857,6.5909414,0.25040054],"to":[5.142857,14.019513,19.678974],"rotation":{"angle":-22.5,"axis":"z","origin":[5.142857,6.5909414,4.82183]},"faces":{"east":{"uv":[4.25,0.0,8.5,1.625],"rotation":0,"texture":"#0","tintindex":0},"south":{"uv":[0.0,0.0,0.0,1.625],"rotation":0,"texture":"#0","tintindex":0},"north":{"uv":[0.0,0.0,0.0,1.625],"rotation":0,"texture":"#0","tintindex":0},"west":{"uv":[8.5,0.0,4.25,1.625],"rotation":0,"texture":"#0","tintindex":0},"up":{"uv":[0.0,0.0,4.25,0.0],"rotation":270,"texture":"#0","tintindex":0},"down":{"uv":[0.0,0.0,4.25,0.0],"rotation":90,"texture":"#0","tintindex":0}}},{"from":[10.857143,6.5909414,0.25040054],"to":[10.857143,14.019513,19.678974],"rotation":{"angle":22.5,"axis":"z","origin":[10.857143,6.5909414,4.82183]},"faces":{"east":{"uv":[4.25,0.0,8.5,1.625],"rotation":0,"texture":"#0","tintindex":0},"south":{"uv":[0.0,0.0,0.0,1.625],"rotation":0,"texture":"#0","tintindex":0},"north":{"uv":[0.0,0.0,0.0,1.625],"rotation":0,"texture":"#0","tintindex":0},"west":{"uv":[8.5,0.0,4.25,1.625],"rotation":0,"texture":"#0","tintindex":0},"up":{"uv":[0.0,0.0,4.25,0.0],"rotation":270,"texture":"#0","tintindex":0},"down":{"uv":[0.0,0.0,4.25,0.0],"rotation":90,"texture":"#0","tintindex":0}}}],"textures":{"0":"modelengine:entity/voras_web1"},"display":{"head":{"translation":[0.0,-6.4,0.0],"scale":[4.0,4.0,4.0]}}}