{"elements":[{"from":[7.714286,6.216884,7.187552],"to":[9.428572,8.502599,8.901837],"rotation":{"angle":0.0,"axis":"y","origin":[7.428571,8.216885,8.330409]},"faces":{"east":{"uv":[2.0,9.5,1.25,10.5],"rotation":0,"texture":"#0","tintindex":0},"south":{"uv":[10.25,0.0,9.5,1.0],"rotation":0,"texture":"#0","tintindex":0},"north":{"uv":[8.5,9.25,7.75,10.25],"rotation":0,"texture":"#0","tintindex":0},"west":{"uv":[10.0,8.75,9.25,9.75],"rotation":0,"texture":"#0","tintindex":0},"up":{"uv":[4.25,7.0,5.0,6.25],"rotation":0,"texture":"#0","tintindex":0},"down":{"uv":[6.75,2.25,7.5,3.0],"rotation":0,"texture":"#0","tintindex":0}}}],"textures":{"0":"modelengine:entity/anubis_pet"},"display":{"head":{"translation":[0.0,-6.4,0.0],"scale":[4.0,4.0,4.0]}}}