{"elements":[{"from":[7.428571,5.714286,8.0],"to":[8.571428,8.0,9.142858],"rotation":{"angle":0.0,"axis":"y","origin":[6.857143,10.0,9.142858]},"faces":{"east":{"uv":[9.75,10.25,9.25,11.25],"rotation":0,"texture":"#0","tintindex":0},"south":{"uv":[8.75,10.25,8.25,11.25],"rotation":0,"texture":"#0","tintindex":0},"north":{"uv":[6.75,10.25,6.25,11.25],"rotation":0,"texture":"#0","tintindex":0},"west":{"uv":[8.25,10.25,7.75,11.25],"rotation":0,"texture":"#0","tintindex":0},"up":{"uv":[1.25,7.25,1.75,6.75],"rotation":0,"texture":"#0","tintindex":0},"down":{"uv":[10.0,9.25,10.5,9.75],"rotation":0,"texture":"#0","tintindex":0}}}],"textures":{"0":"modelengine:entity/anubis_pet"},"display":{"head":{"translation":[0.0,-6.4,0.0],"scale":[4.0,4.0,4.0]}}}