{"textures":{"2":"modelengine:entity/ravager_explosion_2"},"elements":[{"from":[-11.200001,-6.4000015,8.0],"to":[27.2,32.0,8.0],"rotation":{"angle":0.0,"axis":"y","origin":[-0.40000057,-6.4000015,3.1999998]},"faces":{"east":{"uv":[0.0,0.0,0.0,16.0],"rotation":0,"texture":"#2","tintindex":0},"south":{"uv":[12.0,4.0,8.0,8.0],"rotation":0,"texture":"#2","tintindex":0},"north":{"uv":[8.0,4.0,12.0,8.0],"rotation":0,"texture":"#2","tintindex":0},"west":{"uv":[0.0,0.0,0.0,16.0],"rotation":0,"texture":"#2","tintindex":0},"up":{"uv":[0.0,0.0,16.0,0.0],"rotation":0,"texture":"#2","tintindex":0},"down":{"uv":[0.0,0.0,16.0,0.0],"rotation":0,"texture":"#2","tintindex":0}}},{"from":[8.0,-6.4000015,-11.200001],"to":[8.0,32.0,27.2],"rotation":{"angle":0.0,"axis":"y","origin":[8.0,12.799999,8.0]},"faces":{"east":{"uv":[12.0,4.0,8.0,8.0],"rotation":0,"texture":"#2","tintindex":0},"south":{"uv":[0.0,0.0,0.0,16.0],"rotation":0,"texture":"#2","tintindex":0},"north":{"uv":[0.0,0.0,0.0,16.0],"rotation":0,"texture":"#2","tintindex":0},"west":{"uv":[8.0,4.0,12.0,8.0],"rotation":0,"texture":"#2","tintindex":0},"up":{"uv":[16.0,0.0,0.0,0.0],"rotation":90,"texture":"#2","tintindex":0},"down":{"uv":[16.0,0.0,0.0,0.0],"rotation":270,"texture":"#2","tintindex":0}}}],"display":{"head":{"translation":[0.0,48.456806,0.0],"scale":[3.8095,3.8095,3.8095]}}}