{"textures":{"0":"modelengine:entity/ravager_fire_crepit","6":"modelengine:entity/fravager_fireblade_resources"},"elements":[{"from":[8.0,-11.200001,-11.200001],"to":[8.0,27.2,27.2],"rotation":{"angle":0.0,"axis":"y","origin":[8.0,8.0,8.0]},"faces":{"east":{"uv":[8.001,2.001,9.999,3.999],"rotation":0,"texture":"#6","tintindex":0},"south":{"uv":[0.001,0.001,0.001,7.999],"rotation":0,"texture":"#0","tintindex":0},"north":{"uv":[0.001,0.001,0.001,7.999],"rotation":0,"texture":"#0","tintindex":0},"west":{"uv":[9.999,2.001,8.001,3.999],"rotation":0,"texture":"#6","tintindex":0},"up":{"uv":[0.001,0.001,7.999,0.001],"rotation":90,"texture":"#0","tintindex":0},"down":{"uv":[0.001,0.001,7.999,0.001],"rotation":270,"texture":"#0","tintindex":0}}}],"display":{"head":{"translation":[0.0,-6.4,0.0],"scale":[3.8095,3.8095,3.8095]}}}