{"textures":{"4":"modelengine:entity/fravager_ravage_effects"},"elements":[{"from":[8.0,-16.0,-16.0],"to":[8.0,32.0,32.0],"rotation":{"angle":0.0,"axis":"y","origin":[8.0,8.000001,8.0]},"faces":{"east":{"uv":[14.0,8.0,12.0,10.0],"rotation":0,"texture":"#4","tintindex":0},"south":{"uv":[0.0,0.0,0.0,16.0],"rotation":0,"texture":"#4","tintindex":0},"north":{"uv":[0.0,0.0,0.0,16.0],"rotation":0,"texture":"#4","tintindex":0},"west":{"uv":[14.0,8.0,12.0,10.0],"rotation":0,"texture":"#4","tintindex":0},"up":{"uv":[0.0,0.0,16.0,0.0],"rotation":90,"texture":"#4","tintindex":0},"down":{"uv":[0.0,0.0,16.0,0.0],"rotation":270,"texture":"#4","tintindex":0}}},{"from":[-16.0,-16.0,8.0],"to":[32.0,32.0,8.0],"rotation":{"angle":0.0,"axis":"y","origin":[2.0,-16.0,4.5714283]},"faces":{"east":{"uv":[0.0,0.0,0.0,16.0],"rotation":0,"texture":"#4","tintindex":0},"south":{"uv":[14.0,8.0,12.0,10.0],"rotation":0,"texture":"#4","tintindex":0},"north":{"uv":[14.0,8.0,12.0,10.0],"rotation":0,"texture":"#4","tintindex":0},"west":{"uv":[0.0,0.0,0.0,16.0],"rotation":0,"texture":"#4","tintindex":0},"up":{"uv":[0.0,0.0,16.0,0.0],"rotation":0,"texture":"#4","tintindex":0},"down":{"uv":[0.0,0.0,16.0,0.0],"rotation":0,"texture":"#4","tintindex":0}}}],"display":{"head":{"translation":[0.0,31.999996,0.0],"scale":[3.7333333,3.7333333,3.7333333]}}}