{"elements":[{"from":[5.714286,-4.285715,5.428571],"to":[10.285714,20.285715,10.571428],"rotation":{"angle":0.0,"axis":"y","origin":[6.285714,-4.285715,10.0]},"faces":{"east":{"uv":[3.0,3.1875,3.5625,5.875],"rotation":0,"texture":"#0","tintindex":0},"south":{"uv":[4.625,2.125,5.125,4.8125],"rotation":0,"texture":"#0","tintindex":0},"north":{"uv":[4.125,2.125,4.625,4.8125],"rotation":0,"texture":"#0","tintindex":0},"west":{"uv":[3.5625,3.1875,4.125,5.875],"rotation":0,"texture":"#0","tintindex":0},"up":{"uv":[6.375,4.625,5.875,4.0625],"rotation":0,"texture":"#0","tintindex":0},"down":{"uv":[2.875,6.375,2.375,6.9375],"rotation":0,"texture":"#0","tintindex":0}}}],"textures":{"0":"modelengine:entity/lrd_yukio_iceshards"},"display":{"head":{"translation":[0.0,-6.4,0.0],"scale":[4.0,4.0,4.0]}}}