{"elements":[{"from":[3.7142854,12.285715,6.5714283],"to":[14.571428,21.428572,6.5714283],"rotation":{"angle":-22.5,"axis":"y","origin":[9.142858,16.857143,6.5714283]},"faces":{"east":{"uv":[0.0,0.0,0.0,1.0],"rotation":0,"texture":"#0","tintindex":0},"south":{"uv":[5.4375,5.6875,6.625,6.6875],"rotation":0,"texture":"#0","tintindex":0},"north":{"uv":[5.4375,4.6875,6.625,5.6875],"rotation":0,"texture":"#0","tintindex":0},"west":{"uv":[0.0,0.0,0.0,1.0],"rotation":0,"texture":"#0","tintindex":0},"up":{"uv":[1.1875,0.0,0.0,0.0],"rotation":0,"texture":"#0","tintindex":0},"down":{"uv":[1.1875,0.0,0.0,0.0],"rotation":0,"texture":"#0","tintindex":0}}},{"from":[1.9999995,3.142857,3.7142854],"to":[14.0,12.857143,12.285715],"rotation":{"angle":0.0,"axis":"y","origin":[7.142857,3.7142854,4.285714]},"faces":{"east":{"uv":[3.0,5.875,3.9375,6.9375],"rotation":0,"texture":"#0","tintindex":0},"south":{"uv":[4.0,1.0625,5.3125,2.125],"rotation":0,"texture":"#0","tintindex":0},"north":{"uv":[4.0,0.0,5.3125,1.0625],"rotation":0,"texture":"#0","tintindex":0},"west":{"uv":[6.4375,2.0,7.375,3.0625],"rotation":0,"texture":"#0","tintindex":0},"up":{"uv":[5.4375,5.75,4.125,4.8125],"rotation":0,"texture":"#0","tintindex":0},"down":{"uv":[6.4375,2.125,5.125,3.0625],"rotation":0,"texture":"#0","tintindex":0}}}],"textures":{"0":"modelengine:entity/lrd_yukio_iceshards"},"display":{"head":{"translation":[0.0,-6.4,0.0],"scale":[4.0,4.0,4.0]}}}