{"elements":[{"from":[6.0,8.0,8.0],"to":[12.285715,8.0,11.428572],"rotation":{"angle":0.0,"axis":"y","origin":[10.0,5.428571,4.285714]},"faces":{"east":{"uv":[0.0075,0.0075,0.7425,0.0075],"rotation":0,"texture":"#0","tintindex":0},"south":{"uv":[0.0075,0.0075,1.3675,0.0075],"rotation":0,"texture":"#0","tintindex":0},"north":{"uv":[0.0075,0.0075,1.3675,0.0075],"rotation":0,"texture":"#0","tintindex":0},"west":{"uv":[0.0075,0.0075,0.7425,0.0075],"rotation":0,"texture":"#0","tintindex":0},"up":{"uv":[8.8675,5.6175,7.5075,4.8825],"rotation":0,"texture":"#0","tintindex":0},"down":{"uv":[8.9925,0.0075,7.6325,0.7425],"rotation":0,"texture":"#0","tintindex":0}}}],"textures":{"0":"modelengine:entity/gp2_goblin_king"},"display":{"head":{"translation":[0.0,-6.4,0.0],"scale":[4.0,4.0,4.0]}}}