{"elements":[{"from":[6.2857714,6.5420475,-4.8634167],"to":[9.142914,9.399191,-0.29198837],"rotation":{"angle":45.0,"axis":"z","origin":[8.000057,8.256333,-2.5777025]},"faces":{"east":{"uv":[1.8825,10.3825,2.8675,10.9925],"rotation":0,"texture":"#0","tintindex":0},"south":{"uv":[11.6325,2.6325,12.2425,3.2425],"rotation":0,"texture":"#0","tintindex":0},"north":{"uv":[9.2575,11.5075,9.8675,12.1175],"rotation":0,"texture":"#0","tintindex":0},"west":{"uv":[6.2575,10.3825,7.2425,10.9925],"rotation":0,"texture":"#0","tintindex":0},"up":{"uv":[7.8675,11.3675,7.2575,10.3825],"rotation":0,"texture":"#0","tintindex":0},"down":{"uv":[8.4925,10.3825,7.8825,11.3675],"rotation":0,"texture":"#0","tintindex":0}}},{"from":[6.2857714,6.5420475,16.279442],"to":[9.142914,9.399191,20.85087],"rotation":{"angle":45.0,"axis":"z","origin":[8.000057,8.256333,18.565155]},"faces":{"east":{"uv":[10.6325,4.5075,11.6175,5.1175],"rotation":0,"texture":"#0","tintindex":0},"south":{"uv":[11.6325,5.1325,12.2425,5.7425],"rotation":0,"texture":"#0","tintindex":0},"north":{"uv":[11.6325,4.5075,12.2425,5.1175],"rotation":0,"texture":"#0","tintindex":0},"west":{"uv":[10.6325,5.1325,11.6175,5.7425],"rotation":0,"texture":"#0","tintindex":0},"up":{"uv":[10.6325,8.9925,11.2425,8.0075],"rotation":0,"texture":"#0","tintindex":0},"down":{"uv":[11.2425,8.0075,10.6325,8.9925],"rotation":0,"texture":"#0","tintindex":0}}},{"from":[6.8571997,7.1134763,-0.29198837],"to":[8.5714855,8.827762,16.279442],"rotation":{"angle":45.0,"axis":"z","origin":[8.000057,8.256333,-2.5777025]},"faces":{"east":{"uv":[3.6175,6.5075,0.0075,6.8675],"rotation":0,"texture":"#0","tintindex":0},"south":{"uv":[13.0075,5.1325,13.3675,5.4925],"rotation":0,"texture":"#0","tintindex":0},"north":{"uv":[13.0075,2.8825,13.3675,3.2425],"rotation":0,"texture":"#0","tintindex":0},"west":{"uv":[0.0075,6.5075,3.6175,6.8675],"rotation":0,"texture":"#0","tintindex":0},"up":{"uv":[7.1175,9.4925,6.7575,5.8825],"rotation":0,"texture":"#0","tintindex":0},"down":{"uv":[0.3675,6.8825,0.0075,10.4925],"rotation":0,"texture":"#0","tintindex":0}}},{"from":[5.7143426,5.5420475,-9.434845],"to":[10.285771,10.113476,-4.8634167],"rotation":{"angle":0.0,"axis":"y","origin":[8.000057,7.8277617,-7.149132]},"faces":{"east":{"uv":[1.3825,8.0075,2.3675,8.9925],"rotation":0,"texture":"#0","tintindex":0},"south":{"uv":[2.3825,8.0075,3.3675,8.9925],"rotation":0,"texture":"#0","tintindex":0},"north":{"uv":[0.3825,8.0075,1.3675,8.9925],"rotation":0,"texture":"#0","tintindex":0},"west":{"uv":[3.3825,8.0075,4.3675,8.9925],"rotation":0,"texture":"#0","tintindex":0},"up":{"uv":[8.9925,4.7425,8.0075,3.7575],"rotation":0,"texture":"#0","tintindex":0},"down":{"uv":[9.1175,2.0075,8.1325,2.9925],"rotation":0,"texture":"#0","tintindex":0}}},{"from":[7.714343,10.113476,-8.291988],"to":[8.285771,11.827762,-6.006274],"rotation":{"angle":0.0,"axis":"y","origin":[7.9857717,12.62773,-7.149132]},"faces":{"east":{"uv":[12.8825,2.0075,13.3675,2.3675],"rotation":0,"texture":"#0","tintindex":0},"south":{"uv":[3.6325,9.7575,3.7425,10.1175],"rotation":0,"texture":"#0","tintindex":0},"north":{"uv":[3.6325,6.5075,3.7425,6.8675],"rotation":0,"texture":"#0","tintindex":0},"west":{"uv":[12.8825,3.2575,13.3675,3.6175],"rotation":0,"texture":"#0","tintindex":0},"up":{"uv":[6.3675,8.8675,6.2575,8.3825],"rotation":0,"texture":"#0","tintindex":0},"down":{"uv":[5.7425,9.5075,5.6325,9.9925],"rotation":0,"texture":"#0","tintindex":0}}},{"from":[7.1429143,11.703619,-8.088472],"to":[8.8572,14.560762,-2.9456148],"rotation":{"angle":22.5,"axis":"x","origin":[7.9857717,12.62773,-7.149132]},"faces":{"east":{"uv":[1.8825,9.7575,2.9925,10.3675],"rotation":0,"texture":"#0","tintindex":0},"south":{"uv":[4.8825,12.3825,5.2425,12.9925],"rotation":0,"texture":"#0","tintindex":0},"north":{"uv":[2.5075,12.3825,2.8675,12.9925],"rotation":0,"texture":"#0","tintindex":0},"west":{"uv":[6.3825,9.7575,7.4925,10.3675],"rotation":0,"texture":"#0","tintindex":0},"up":{"uv":[6.7425,9.4925,6.3825,8.3825],"rotation":0,"texture":"#0","tintindex":0},"down":{"uv":[5.8675,11.1325,5.5075,12.2425],"rotation":0,"texture":"#0","tintindex":0}}},{"from":[8.885772,9.058804,-12.991514],"to":[8.885772,14.773088,-0.99151516],"rotation":{"angle":0.0,"axis":"y","origin":[7.9857717,12.62773,-7.149132]},"faces":{"east":{"uv":[3.1325,1.2575,5.7425,2.4925],"rotation":0,"texture":"#0","tintindex":0},"south":{"uv":[0.0075,0.0075,0.0075,1.2425],"rotation":0,"texture":"#0","tintindex":0},"north":{"uv":[0.0075,0.0075,0.0075,1.2425],"rotation":0,"texture":"#0","tintindex":0},"west":{"uv":[3.1325,2.5075,5.7425,3.7425],"rotation":0,"texture":"#0","tintindex":0},"up":{"uv":[0.0075,2.6175,0.0075,0.0075],"rotation":0,"texture":"#0","tintindex":0},"down":{"uv":[0.0075,0.0075,0.0075,2.6175],"rotation":0,"texture":"#0","tintindex":0}}},{"from":[7.1143427,9.058804,-12.991514],"to":[7.1143427,14.773088,-0.99151516],"rotation":{"angle":0.0,"axis":"y","origin":[7.9857717,12.62773,-7.149132]},"faces":{"east":{"uv":[0.0075,3.7575,2.6175,4.9925],"rotation":0,"texture":"#0","tintindex":0},"south":{"uv":[0.0075,0.0075,0.0075,1.2425],"rotation":0,"texture":"#0","tintindex":0},"north":{"uv":[0.0075,0.0075,0.0075,1.2425],"rotation":0,"texture":"#0","tintindex":0},"west":{"uv":[2.6325,3.7575,5.2425,4.9925],"rotation":0,"texture":"#0","tintindex":0},"up":{"uv":[0.0075,2.6175,0.0075,0.0075],"rotation":0,"texture":"#0","tintindex":0},"down":{"uv":[0.0075,0.0075,0.0075,2.6175],"rotation":0,"texture":"#0","tintindex":0}}},{"from":[8.000057,14.560762,-6.945615],"to":[8.000057,17.417906,-4.0884724],"rotation":{"angle":22.5,"axis":"x","origin":[7.9857717,12.62773,-7.149132]},"faces":{"east":{"uv":[11.6325,6.7575,12.2425,7.3675],"rotation":0,"texture":"#0","tintindex":0},"south":{"uv":[0.0075,0.0075,0.0075,0.6175],"rotation":0,"texture":"#0","tintindex":0},"north":{"uv":[0.0075,0.0075,0.0075,0.6175],"rotation":0,"texture":"#0","tintindex":0},"west":{"uv":[1.0075,11.7575,1.6175,12.3675],"rotation":0,"texture":"#0","tintindex":0},"up":{"uv":[0.0075,0.6175,0.0075,0.0075],"rotation":0,"texture":"#0","tintindex":0},"down":{"uv":[0.0075,0.0075,0.0075,0.6175],"rotation":0,"texture":"#0","tintindex":0}}},{"from":[7.9994855,7.5936832,-2.8099356],"to":[7.9994855,10.450827,0.04720688],"rotation":{"angle":-22.5,"axis":"x","origin":[7.9857717,12.62773,-7.149132]},"faces":{"east":{"uv":[2.8675,11.7575,2.2575,12.3675],"rotation":0,"texture":"#0","tintindex":0},"south":{"uv":[0.0075,0.0075,0.0075,0.6175],"rotation":0,"texture":"#0","tintindex":0},"north":{"uv":[0.0075,0.0075,0.0075,0.6175],"rotation":0,"texture":"#0","tintindex":0},"west":{"uv":[2.2575,11.7575,2.8675,12.3675],"rotation":0,"texture":"#0","tintindex":0},"up":{"uv":[0.0075,0.6175,0.0075,0.0075],"rotation":0,"texture":"#0","tintindex":0},"down":{"uv":[0.0075,0.0075,0.0075,0.6175],"rotation":0,"texture":"#0","tintindex":0}}},{"from":[7.9994855,7.5936832,-14.34547],"to":[7.9994855,10.450827,-11.488327],"rotation":{"angle":22.5,"axis":"x","origin":[7.9857717,12.62773,-7.149132]},"faces":{"east":{"uv":[4.0075,11.7575,4.6175,12.3675],"rotation":0,"texture":"#0","tintindex":0},"south":{"uv":[0.0075,0.0075,0.0075,0.6175],"rotation":0,"texture":"#0","tintindex":0},"north":{"uv":[0.0075,0.0075,0.0075,0.6175],"rotation":0,"texture":"#0","tintindex":0},"west":{"uv":[4.6325,11.7575,5.2425,12.3675],"rotation":0,"texture":"#0","tintindex":0},"up":{"uv":[0.0075,0.6175,0.0075,0.0075],"rotation":0,"texture":"#0","tintindex":0},"down":{"uv":[0.0075,0.0075,0.0075,0.6175],"rotation":0,"texture":"#0","tintindex":0}}},{"from":[8.000057,14.560762,-10.209791],"to":[8.000057,17.417906,-7.3526487],"rotation":{"angle":-22.5,"axis":"x","origin":[7.9857717,12.62773,-7.149132]},"faces":{"east":{"uv":[6.2575,11.7575,6.8675,12.3675],"rotation":0,"texture":"#0","tintindex":0},"south":{"uv":[0.0075,0.0075,0.0075,0.6175],"rotation":0,"texture":"#0","tintindex":0},"north":{"uv":[0.0075,0.0075,0.0075,0.6175],"rotation":0,"texture":"#0","tintindex":0},"west":{"uv":[11.7575,10.7575,12.3675,11.3675],"rotation":0,"texture":"#0","tintindex":0},"up":{"uv":[0.0075,0.6175,0.0075,0.0075],"rotation":0,"texture":"#0","tintindex":0},"down":{"uv":[0.0075,0.0075,0.0075,0.6175],"rotation":0,"texture":"#0","tintindex":0}}},{"from":[7.1429143,6.450826,-5.667079],"to":[8.8572,11.022255,-2.8099356],"rotation":{"angle":-22.5,"axis":"x","origin":[7.9857717,12.62773,-7.149132]},"faces":{"east":{"uv":[4.2575,10.7575,4.8675,11.7425],"rotation":0,"texture":"#0","tintindex":0},"south":{"uv":[8.3825,12.0075,8.7425,12.9925],"rotation":0,"texture":"#0","tintindex":0},"north":{"uv":[2.8825,12.0075,3.2425,12.9925],"rotation":0,"texture":"#0","tintindex":0},"west":{"uv":[4.8825,10.7575,5.4925,11.7425],"rotation":0,"texture":"#0","tintindex":0},"up":{"uv":[12.3675,13.1175,12.0075,12.5075],"rotation":0,"texture":"#0","tintindex":0},"down":{"uv":[12.9925,7.1325,12.6325,7.7425],"rotation":0,"texture":"#0","tintindex":0}}},{"from":[7.1429143,11.8016615,-11.589344],"to":[8.8572,14.658804,-6.4464855],"rotation":{"angle":-22.5,"axis":"x","origin":[7.9857717,12.62773,-7.149132]},"faces":{"east":{"uv":[7.5075,9.7575,8.6175,10.3675],"rotation":0,"texture":"#0","tintindex":0},"south":{"uv":[9.2575,12.6325,9.6175,13.2425],"rotation":0,"texture":"#0","tintindex":0},"north":{"uv":[12.6325,8.7575,12.9925,9.3675],"rotation":0,"texture":"#0","tintindex":0},"west":{"uv":[9.8825,6.1325,10.9925,6.7425],"rotation":0,"texture":"#0","tintindex":0},"up":{"uv":[6.2425,12.2425,5.8825,11.1325],"rotation":0,"texture":"#0","tintindex":0},"down":{"uv":[3.9925,11.2575,3.6325,12.3675],"rotation":0,"texture":"#0","tintindex":0}}},{"from":[7.1429143,7.4956417,-11.725019],"to":[8.8572,10.924213,-8.867878],"rotation":{"angle":22.5,"axis":"x","origin":[7.9857717,12.62773,-7.149132]},"faces":{"east":{"uv":[6.2575,11.0075,6.8675,11.7425],"rotation":0,"texture":"#0","tintindex":0},"south":{"uv":[12.2575,8.7575,12.6175,9.4925],"rotation":0,"texture":"#0","tintindex":0},"north":{"uv":[5.8825,12.2575,6.2425,12.9925],"rotation":0,"texture":"#0","tintindex":0},"west":{"uv":[11.0075,6.7575,11.6175,7.4925],"rotation":0,"texture":"#0","tintindex":0},"up":{"uv":[12.7425,13.2425,12.3825,12.6325],"rotation":0,"texture":"#0","tintindex":0},"down":{"uv":[1.3675,12.7575,1.0075,13.3675],"rotation":0,"texture":"#0","tintindex":0}}},{"from":[7.4286284,3.2563334,-8.291988],"to":[8.5714855,5.5420475,-6.006274],"rotation":{"angle":0.0,"axis":"y","origin":[-17.71423,5.5420475,-5.434846]},"faces":{"east":{"uv":[12.3825,10.7575,12.8675,11.2425],"rotation":0,"texture":"#0","tintindex":0},"south":{"uv":[5.2575,11.7575,5.4925,12.2425],"rotation":0,"texture":"#0","tintindex":0},"north":{"uv":[4.0075,11.2575,4.2425,11.7425],"rotation":0,"texture":"#0","tintindex":0},"west":{"uv":[12.3825,12.1325,12.8675,12.6175],"rotation":0,"texture":"#0","tintindex":0},"up":{"uv":[9.2425,13.4925,9.0075,13.0075],"rotation":0,"texture":"#0","tintindex":0},"down":{"uv":[4.2425,13.1325,4.0075,13.6175],"rotation":0,"texture":"#0","tintindex":0}}},{"from":[7.4286284,-0.74366665,-10.577703],"to":[8.5714855,3.2563334,-0.8634176],"rotation":{"angle":0.0,"axis":"y","origin":[-17.71423,5.5420475,-5.434846]},"faces":{"east":{"uv":[5.3825,5.0075,7.4925,5.8675],"rotation":0,"texture":"#0","tintindex":0},"south":{"uv":[9.6325,12.6325,9.8675,13.4925],"rotation":0,"texture":"#0","tintindex":0},"north":{"uv":[5.1325,6.2575,5.3675,7.1175],"rotation":0,"texture":"#0","tintindex":0},"west":{"uv":[5.7575,1.2575,7.8675,2.1175],"rotation":0,"texture":"#0","tintindex":0},"up":{"uv":[3.6175,12.9925,3.3825,10.8825],"rotation":0,"texture":"#0","tintindex":0},"down":{"uv":[9.2425,10.8825,9.0075,12.9925],"rotation":0,"texture":"#0","tintindex":0}}},{"from":[8.600058,-0.74366665,-15.149132],"to":[8.600058,4.9706187,-0.8634176],"rotation":{"angle":0.0,"axis":"y","origin":[-17.71423,5.5420475,-5.434846]},"faces":{"east":{"uv":[0.0075,0.0075,3.1175,1.2425],"rotation":0,"texture":"#0","tintindex":0},"south":{"uv":[0.0075,0.0075,0.0075,1.2425],"rotation":0,"texture":"#0","tintindex":0},"north":{"uv":[0.0075,0.0075,0.0075,1.2425],"rotation":0,"texture":"#0","tintindex":0},"west":{"uv":[0.0075,1.2575,3.1175,2.4925],"rotation":0,"texture":"#0","tintindex":0},"up":{"uv":[0.0075,3.1175,0.0075,0.0075],"rotation":0,"texture":"#0","tintindex":0},"down":{"uv":[0.0075,0.0075,0.0075,3.1175],"rotation":0,"texture":"#0","tintindex":0}}},{"from":[7.400057,-0.74366665,-15.149132],"to":[7.400057,4.9706187,-0.8634176],"rotation":{"angle":0.0,"axis":"y","origin":[-17.71423,5.5420475,-5.434846]},"faces":{"east":{"uv":[0.0075,2.5075,3.1175,3.7425],"rotation":0,"texture":"#0","tintindex":0},"south":{"uv":[0.0075,0.0075,0.0075,1.2425],"rotation":0,"texture":"#0","tintindex":0},"north":{"uv":[0.0075,0.0075,0.0075,1.2425],"rotation":0,"texture":"#0","tintindex":0},"west":{"uv":[3.1325,0.0075,6.2425,1.2425],"rotation":0,"texture":"#0","tintindex":0},"up":{"uv":[0.0075,3.1175,0.0075,0.0075],"rotation":0,"texture":"#0","tintindex":0},"down":{"uv":[0.0075,0.0075,0.0075,3.1175],"rotation":0,"texture":"#0","tintindex":0}}},{"from":[7.4286284,0.41614914,-14.69421],"to":[8.5714855,4.41615,-9.551352],"rotation":{"angle":22.5,"axis":"x","origin":[8.000057,2.4161496,-12.979925]},"faces":{"east":{"uv":[7.1325,8.1325,8.2425,8.9925],"rotation":0,"texture":"#0","tintindex":0},"south":{"uv":[2.2575,12.7575,2.4925,13.6175],"rotation":0,"texture":"#0","tintindex":0},"north":{"uv":[2.0075,12.7575,2.2425,13.6175],"rotation":0,"texture":"#0","tintindex":0},"west":{"uv":[8.2575,8.1325,9.3675,8.9925],"rotation":0,"texture":"#0","tintindex":0},"up":{"uv":[8.9925,13.1175,8.7575,12.0075],"rotation":0,"texture":"#0","tintindex":0},"down":{"uv":[0.9925,12.1325,0.7575,13.2425],"rotation":0,"texture":"#0","tintindex":0}}}],"textures":{"0":"modelengine:entity/gp2_goblin_king"},"display":{"head":{"translation":[0.0,-6.4,0.0],"scale":[4.0,4.0,4.0]}}}