{"elements":[{"from":[-14.4,8.0,-14.4],"to":[30.4,8.0,30.4],"rotation":{"angle":0.0,"axis":"y","origin":[-12.4,8.0,-12.4]},"faces":{"east":{"uv":[0.0,0.0,2.0,2.0],"rotation":0,"texture":"#0","tintindex":0},"south":{"uv":[0.0,0.0,0.0,16.0],"rotation":0,"texture":"#0","tintindex":0},"north":{"uv":[0.0,0.0,0.0,16.0],"rotation":0,"texture":"#0","tintindex":0},"west":{"uv":[2.0,0.0,0.0,2.0],"rotation":0,"texture":"#0","tintindex":0},"up":{"uv":[0.0,0.0,1.84375,2.125],"rotation":180,"texture":"#0","tintindex":0},"down":{"uv":[0.0,0.0,1.84375,2.125],"rotation":180,"texture":"#0","tintindex":0}}}],"textures":{"0":"modelengine:entity/em_nothingness"},"display":{"head":{"translation":[0.0,-6.4,0.0],"scale":[4.0,4.0,4.0]}}}