{"elements":[{"from":[6.304,9.718286,6.8897142],"to":[9.696,10.396,9.110286],"rotation":{"angle":0.0,"axis":"y","origin":[8.0,0.5714283,8.0]},"faces":{"east":{"uv":[15.025,0.0,16.0,0.5],"rotation":0,"texture":"#0","tintindex":0},"south":{"uv":[15.025,0.0,16.0,0.5],"rotation":0,"texture":"#0","tintindex":0},"north":{"uv":[15.025,0.0,16.0,0.5],"rotation":0,"texture":"#0","tintindex":0},"west":{"uv":[15.025,0.0,16.0,0.5],"rotation":0,"texture":"#0","tintindex":0},"up":{"uv":[15.025,0.0,16.0,0.5],"rotation":0,"texture":"#0","tintindex":0},"down":{"uv":[15.025,0.0,16.0,0.5],"rotation":0,"texture":"#0","tintindex":0}}},{"from":[9.428572,9.714286,6.857143],"to":[10.0,10.285714,9.142858],"rotation":{"angle":0.0,"axis":"y","origin":[8.0,1.1428566,8.0]},"faces":{"east":{"uv":[6.8135,0.001,7.0615,0.0615],"rotation":0,"texture":"#1","tintindex":0},"south":{"uv":[8.126,1.251,8.1865,1.3115],"rotation":0,"texture":"#1","tintindex":0},"north":{"uv":[8.126,1.126,8.1865,1.1865],"rotation":0,"texture":"#1","tintindex":0},"west":{"uv":[6.8135,0.126,7.0615,0.1865],"rotation":0,"texture":"#1","tintindex":0},"up":{"uv":[6.5615,6.999,6.501,6.751],"rotation":0,"texture":"#1","tintindex":0},"down":{"uv":[6.874,1.126,6.8135,1.374],"rotation":0,"texture":"#1","tintindex":0}}},{"from":[8.285714,8.0,6.857143],"to":[10.0,8.571428,9.142858],"rotation":{"angle":0.0,"axis":"y","origin":[8.0,-0.57142925,8.0]},"faces":{"east":{"uv":[6.751,2.126,6.999,2.1865],"rotation":0,"texture":"#1","tintindex":0},"south":{"uv":[7.376,3.8135,7.5615,3.874],"rotation":0,"texture":"#1","tintindex":0},"north":{"uv":[7.376,0.9385,7.5615,0.999],"rotation":0,"texture":"#1","tintindex":0},"west":{"uv":[3.0635,6.751,3.3115,6.8115],"rotation":0,"texture":"#1","tintindex":0},"up":{"uv":[4.749,5.3115,4.5635,5.0635],"rotation":0,"texture":"#1","tintindex":0},"down":{"uv":[4.999,5.0635,4.8135,5.3115],"rotation":0,"texture":"#1","tintindex":0}}},{"from":[8.285714,8.571428,6.942857],"to":[9.428572,9.714286,9.057143],"rotation":{"angle":0.0,"axis":"y","origin":[7.428571,0.5714283,8.0]},"faces":{"east":{"uv":[5.4385,3.8135,5.6865,3.9365],"rotation":0,"texture":"#1","tintindex":0},"south":{"uv":[6.4385,0.376,6.5615,0.499],"rotation":0,"texture":"#1","tintindex":0},"north":{"uv":[6.376,5.376,6.499,5.499],"rotation":0,"texture":"#1","tintindex":0},"west":{"uv":[5.4385,4.001,5.6865,4.124],"rotation":0,"texture":"#1","tintindex":0},"up":{"uv":[5.249,5.624,5.126,5.376],"rotation":0,"texture":"#1","tintindex":0},"down":{"uv":[1.749,5.4385,1.626,5.6865],"rotation":0,"texture":"#1","tintindex":0}}},{"from":[9.428572,8.571428,6.857143],"to":[10.0,9.714286,9.142858],"rotation":{"angle":0.0,"axis":"y","origin":[8.0,0.5714283,8.0]},"faces":{"east":{"uv":[5.4385,3.251,5.6865,3.374],"rotation":0,"texture":"#1","tintindex":0},"south":{"uv":[6.4385,3.251,6.499,3.374],"rotation":0,"texture":"#1","tintindex":0},"north":{"uv":[6.4385,1.376,6.499,1.499],"rotation":0,"texture":"#1","tintindex":0},"west":{"uv":[5.4385,3.4385,5.6865,3.5615],"rotation":0,"texture":"#1","tintindex":0},"up":{"uv":[0.999,6.999,0.9385,6.751],"rotation":0,"texture":"#1","tintindex":0},"down":{"uv":[2.124,6.751,2.0635,6.999],"rotation":0,"texture":"#1","tintindex":0}}},{"from":[6.5714283,8.571428,6.942857],"to":[7.714286,9.714286,9.057143],"rotation":{"angle":0.0,"axis":"y","origin":[8.571428,0.5714283,8.0]},"faces":{"east":{"uv":[5.751,0.751,5.999,0.874],"rotation":0,"texture":"#1","tintindex":0},"south":{"uv":[6.9385,5.0635,7.0615,5.1865],"rotation":0,"texture":"#1","tintindex":0},"north":{"uv":[6.9385,4.5635,7.0615,4.6865],"rotation":0,"texture":"#1","tintindex":0},"west":{"uv":[5.751,0.9385,5.999,1.0615],"rotation":0,"texture":"#1","tintindex":0},"up":{"uv":[5.5615,5.9365,5.4385,5.6885],"rotation":0,"texture":"#1","tintindex":0},"down":{"uv":[5.874,1.126,5.751,1.374],"rotation":0,"texture":"#1","tintindex":0}}},{"from":[6.0,8.571428,6.857143],"to":[6.5714283,9.714286,9.142858],"rotation":{"angle":0.0,"axis":"y","origin":[8.0,0.5714283,8.0]},"faces":{"east":{"uv":[5.4385,5.001,5.6865,5.124],"rotation":0,"texture":"#1","tintindex":0},"south":{"uv":[7.6885,3.876,7.749,3.999],"rotation":0,"texture":"#1","tintindex":0},"north":{"uv":[7.6885,3.4385,7.749,3.5615],"rotation":0,"texture":"#1","tintindex":0},"west":{"uv":[5.4385,5.1885,5.6865,5.3115],"rotation":0,"texture":"#1","tintindex":0},"up":{"uv":[6.0615,6.999,6.001,6.751],"rotation":0,"texture":"#1","tintindex":0},"down":{"uv":[6.1865,6.751,6.126,6.999],"rotation":0,"texture":"#1","tintindex":0}}},{"from":[6.0,8.0,6.857143],"to":[7.714286,8.571428,9.142858],"rotation":{"angle":0.0,"axis":"y","origin":[8.0,-0.57142925,8.0]},"faces":{"east":{"uv":[6.751,5.9385,6.999,5.999],"rotation":0,"texture":"#1","tintindex":0},"south":{"uv":[7.376,4.876,7.5615,4.9365],"rotation":0,"texture":"#1","tintindex":0},"north":{"uv":[3.9385,7.376,4.124,7.4365],"rotation":0,"texture":"#1","tintindex":0},"west":{"uv":[6.751,6.0635,6.999,6.124],"rotation":0,"texture":"#1","tintindex":0},"up":{"uv":[5.249,5.3115,5.0635,5.0635],"rotation":0,"texture":"#1","tintindex":0},"down":{"uv":[5.3115,0.001,5.126,0.249],"rotation":0,"texture":"#1","tintindex":0}}},{"from":[5.6571426,7.7,6.6285715],"to":[10.342857,8.385715,9.314285],"rotation":{"angle":0.0,"axis":"y","origin":[8.0,0.8999996,7.9714284]},"faces":{"east":{"uv":[6.1885,5.626,6.499,5.6865],"rotation":0,"texture":"#1","tintindex":0},"south":{"uv":[5.4385,4.6885,5.9365,4.749],"rotation":0,"texture":"#1","tintindex":0},"north":{"uv":[5.376,0.251,5.874,0.3115],"rotation":0,"texture":"#1","tintindex":0},"west":{"uv":[6.251,0.626,6.5615,0.6865],"rotation":0,"texture":"#1","tintindex":0},"up":{"uv":[1.0615,2.6865,0.5635,2.376],"rotation":0,"texture":"#1","tintindex":0},"down":{"uv":[1.624,2.376,1.126,2.6865],"rotation":0,"texture":"#1","tintindex":0}}},{"from":[6.8599997,7.714286,8.988796],"to":[9.14,8.857143,9.560225],"rotation":{"angle":45.0,"axis":"x","origin":[8.285714,8.571428,9.27451]},"faces":{"east":{"uv":[4.001,0.626,4.0615,0.749],"rotation":0,"texture":"#1","tintindex":0},"south":{"uv":[1.3135,5.4385,1.5615,5.5615],"rotation":0,"texture":"#1","tintindex":0},"north":{"uv":[5.4385,1.251,5.6865,1.374],"rotation":0,"texture":"#1","tintindex":0},"west":{"uv":[0.3135,5.0635,0.374,5.1865],"rotation":0,"texture":"#1","tintindex":0},"up":{"uv":[6.9365,3.5615,6.6885,3.501],"rotation":0,"texture":"#1","tintindex":0},"down":{"uv":[6.9365,4.3135,6.6885,4.374],"rotation":0,"texture":"#1","tintindex":0}}},{"from":[6.857143,8.571428,9.107143],"to":[9.142858,11.428572,9.678572],"rotation":{"angle":0.0,"axis":"y","origin":[8.0,-3.4285717,7.964286]},"faces":{"east":{"uv":[1.251,6.501,1.3115,6.8115],"rotation":0,"texture":"#1","tintindex":0},"south":{"uv":[3.6885,1.626,3.9365,1.9365],"rotation":0,"texture":"#1","tintindex":0},"north":{"uv":[3.626,0.001,3.874,0.3115],"rotation":0,"texture":"#1","tintindex":0},"west":{"uv":[1.376,6.501,1.4365,6.8115],"rotation":0,"texture":"#1","tintindex":0},"up":{"uv":[7.3115,0.4365,7.0635,0.376],"rotation":0,"texture":"#1","tintindex":0},"down":{"uv":[0.6865,7.0635,0.4385,7.124],"rotation":0,"texture":"#1","tintindex":0}}},{"from":[8.089631,13.636549,6.862857],"to":[8.661059,14.207978,9.137143],"rotation":{"angle":45.0,"axis":"z","origin":[13.518203,13.922264,8.857143]},"faces":{"east":{"uv":[6.6885,3.251,6.9365,3.3115],"rotation":0,"texture":"#1","tintindex":0},"south":{"uv":[7.0635,8.001,7.124,8.0615],"rotation":0,"texture":"#1","tintindex":0},"north":{"uv":[6.9385,8.001,6.999,8.0615],"rotation":0,"texture":"#1","tintindex":0},"west":{"uv":[6.6885,3.376,6.9365,3.4365],"rotation":0,"texture":"#1","tintindex":0},"up":{"uv":[6.749,4.249,6.6885,4.001],"rotation":0,"texture":"#1","tintindex":0},"down":{"uv":[5.3115,6.6885,5.251,6.9365],"rotation":0,"texture":"#1","tintindex":0}}},{"from":[7.792022,13.232489,6.862857],"to":[8.649165,13.803917,9.137143],"rotation":{"angle":-45.0,"axis":"z","origin":[2.9348793,13.518203,8.851429]},"faces":{"east":{"uv":[6.8135,0.251,7.0615,0.3115],"rotation":0,"texture":"#1","tintindex":0},"south":{"uv":[7.6885,5.3135,7.8115,5.374],"rotation":0,"texture":"#1","tintindex":0},"north":{"uv":[7.6885,0.626,7.8115,0.6865],"rotation":0,"texture":"#1","tintindex":0},"west":{"uv":[6.8135,2.251,7.0615,2.3115],"rotation":0,"texture":"#1","tintindex":0},"up":{"uv":[5.5615,5.624,5.4385,5.376],"rotation":0,"texture":"#1","tintindex":0},"down":{"uv":[0.124,5.501,0.001,5.749],"rotation":0,"texture":"#1","tintindex":0}}},{"from":[7.350835,13.232489,6.862857],"to":[8.207977,13.803917,9.137143],"rotation":{"angle":45.0,"axis":"z","origin":[13.065121,13.518203,8.851429]},"faces":{"east":{"uv":[7.251,0.8135,7.499,0.874],"rotation":0,"texture":"#1","tintindex":0},"south":{"uv":[7.9385,4.3135,8.0615,4.374],"rotation":0,"texture":"#1","tintindex":0},"north":{"uv":[7.9385,4.1885,8.0615,4.249],"rotation":0,"texture":"#1","tintindex":0},"west":{"uv":[7.251,2.376,7.499,2.4365],"rotation":0,"texture":"#1","tintindex":0},"up":{"uv":[3.124,5.999,3.001,5.751],"rotation":0,"texture":"#1","tintindex":0},"down":{"uv":[5.874,4.8135,5.751,5.0615],"rotation":0,"texture":"#1","tintindex":0}}},{"from":[6.0,9.714286,6.857143],"to":[6.5714283,10.285714,9.142858],"rotation":{"angle":0.0,"axis":"y","origin":[8.0,1.1428566,8.0]},"faces":{"east":{"uv":[6.8135,2.376,7.0615,2.4365],"rotation":0,"texture":"#1","tintindex":0},"south":{"uv":[1.751,8.126,1.8115,8.1865],"rotation":0,"texture":"#1","tintindex":0},"north":{"uv":[1.501,8.126,1.5615,8.1865],"rotation":0,"texture":"#1","tintindex":0},"west":{"uv":[6.8135,2.501,7.0615,2.5615],"rotation":0,"texture":"#1","tintindex":0},"up":{"uv":[2.499,7.0615,2.4385,6.8135],"rotation":0,"texture":"#1","tintindex":0},"down":{"uv":[6.874,2.9385,6.8135,3.1865],"rotation":0,"texture":"#1","tintindex":0}}},{"from":[7.3389406,13.636549,6.862857],"to":[7.910369,14.207978,9.137143],"rotation":{"angle":-45.0,"axis":"z","origin":[2.4817972,13.922264,8.857143]},"faces":{"east":{"uv":[6.6885,2.6885,6.9365,2.749],"rotation":0,"texture":"#1","tintindex":0},"south":{"uv":[6.8135,8.001,6.874,8.0615],"rotation":0,"texture":"#1","tintindex":0},"north":{"uv":[6.6885,8.001,6.749,8.0615],"rotation":0,"texture":"#1","tintindex":0},"west":{"uv":[6.6885,2.8135,6.9365,2.874],"rotation":0,"texture":"#1","tintindex":0},"up":{"uv":[2.874,6.9365,2.8135,6.6885],"rotation":0,"texture":"#1","tintindex":0},"down":{"uv":[6.749,2.9385,6.6885,3.1865],"rotation":0,"texture":"#1","tintindex":0}}},{"from":[7.425143,7.568,6.610857],"to":[8.574857,8.717714,6.7605715],"rotation":{"angle":0.0,"axis":"y","origin":[8.0,0.7142854,8.014286]},"faces":{"east":{"uv":[7.6885,4.0635,7.749,4.1865],"rotation":0,"texture":"#1","tintindex":0},"south":{"uv":[6.751,6.376,6.874,6.499],"rotation":0,"texture":"#1","tintindex":0},"north":{"uv":[6.751,6.1885,6.874,6.3115],"rotation":0,"texture":"#1","tintindex":0},"west":{"uv":[7.6885,4.251,7.749,4.374],"rotation":0,"texture":"#1","tintindex":0},"up":{"uv":[6.5615,4.749,6.4385,4.6885],"rotation":0,"texture":"#1","tintindex":0},"down":{"uv":[7.8115,0.251,7.6885,0.3115],"rotation":0,"texture":"#1","tintindex":0}}},{"from":[7.2678385,8.402572,6.6019998],"to":[7.5498385,8.684571,6.678],"rotation":{"angle":-45.0,"axis":"z","origin":[7.393839,8.528571,6.49]},"faces":{"east":{"uv":[8.0635,6.501,8.124,6.5615],"rotation":0,"texture":"#1","tintindex":0},"south":{"uv":[8.0635,6.626,8.124,6.6865],"rotation":0,"texture":"#1","tintindex":0},"north":{"uv":[8.0635,6.376,8.124,6.4365],"rotation":0,"texture":"#1","tintindex":0},"west":{"uv":[8.0635,6.9385,8.124,6.999],"rotation":0,"texture":"#1","tintindex":0},"up":{"uv":[8.124,7.124,8.0635,7.0635],"rotation":0,"texture":"#1","tintindex":0},"down":{"uv":[7.249,8.0635,7.1885,8.124],"rotation":0,"texture":"#1","tintindex":0}}},{"from":[7.2678385,7.6025715,6.6019998],"to":[7.5498385,7.8845716,6.678],"rotation":{"angle":-45.0,"axis":"z","origin":[7.393839,7.7285714,6.49]},"faces":{"east":{"uv":[7.3135,8.0635,7.374,8.124],"rotation":0,"texture":"#1","tintindex":0},"south":{"uv":[8.0635,7.6885,8.124,7.749],"rotation":0,"texture":"#1","tintindex":0},"north":{"uv":[8.0635,7.1885,8.124,7.249],"rotation":0,"texture":"#1","tintindex":0},"west":{"uv":[8.001,8.0635,8.0615,8.124],"rotation":0,"texture":"#1","tintindex":0},"up":{"uv":[0.1865,8.1865,0.126,8.126],"rotation":0,"texture":"#1","tintindex":0},"down":{"uv":[0.3115,8.126,0.251,8.1865],"rotation":0,"texture":"#1","tintindex":0}}},{"from":[7.214456,7.7285714,6.59984],"to":[7.614456,8.528571,6.68016],"rotation":{"angle":0.0,"axis":"y","origin":[4.56252,7.3150234,4.039384]},"faces":{"east":{"uv":[0.376,8.126,0.4365,8.1865],"rotation":0,"texture":"#1","tintindex":0},"south":{"uv":[0.501,8.126,0.5615,8.1865],"rotation":0,"texture":"#1","tintindex":0},"north":{"uv":[8.126,0.3135,8.1865,0.374],"rotation":0,"texture":"#1","tintindex":0},"west":{"uv":[0.626,8.126,0.6865,8.1865],"rotation":0,"texture":"#1","tintindex":0},"up":{"uv":[8.1865,0.6865,8.126,0.626],"rotation":0,"texture":"#1","tintindex":0},"down":{"uv":[0.8115,8.126,0.751,8.1865],"rotation":0,"texture":"#1","tintindex":0}}},{"from":[7.867839,8.545428,6.6019998],"to":[8.149838,8.827429,6.678],"rotation":{"angle":-45.0,"axis":"z","origin":[7.993839,8.671429,6.49]},"faces":{"east":{"uv":[4.3135,8.0635,4.374,8.124],"rotation":0,"texture":"#1","tintindex":0},"south":{"uv":[4.4385,8.0635,4.499,8.124],"rotation":0,"texture":"#1","tintindex":0},"north":{"uv":[4.1885,8.0635,4.249,8.124],"rotation":0,"texture":"#1","tintindex":0},"west":{"uv":[8.0635,4.4385,8.124,4.499],"rotation":0,"texture":"#1","tintindex":0},"up":{"uv":[4.624,8.124,4.5635,8.0635],"rotation":0,"texture":"#1","tintindex":0},"down":{"uv":[4.749,8.0635,4.6885,8.124],"rotation":0,"texture":"#1","tintindex":0}}},{"from":[7.867839,7.4597144,6.6019998],"to":[8.149838,7.7417145,6.678],"rotation":{"angle":-45.0,"axis":"z","origin":[7.993839,7.5857143,6.49]},"faces":{"east":{"uv":[5.0635,8.0635,5.124,8.124],"rotation":0,"texture":"#1","tintindex":0},"south":{"uv":[5.1885,8.0635,5.249,8.124],"rotation":0,"texture":"#1","tintindex":0},"north":{"uv":[8.0635,4.8135,8.124,4.874],"rotation":0,"texture":"#1","tintindex":0},"west":{"uv":[8.0635,5.501,8.124,5.5615],"rotation":0,"texture":"#1","tintindex":0},"up":{"uv":[5.874,8.124,5.8135,8.0635],"rotation":0,"texture":"#1","tintindex":0},"down":{"uv":[8.124,5.8135,8.0635,5.874],"rotation":0,"texture":"#1","tintindex":0}}},{"from":[7.814456,7.5857143,6.59984],"to":[8.214456,8.671429,6.68016],"rotation":{"angle":0.0,"axis":"y","origin":[5.16252,7.1721663,4.039384]},"faces":{"east":{"uv":[7.6885,4.4385,7.749,4.5615],"rotation":0,"texture":"#1","tintindex":0},"south":{"uv":[7.6885,4.9385,7.749,5.0615],"rotation":0,"texture":"#1","tintindex":0},"north":{"uv":[4.3135,7.6885,4.374,7.8115],"rotation":0,"texture":"#1","tintindex":0},"west":{"uv":[7.6885,5.126,7.749,5.249],"rotation":0,"texture":"#1","tintindex":0},"up":{"uv":[8.124,5.999,8.0635,5.9385],"rotation":0,"texture":"#1","tintindex":0},"down":{"uv":[8.124,6.251,8.0635,6.3115],"rotation":0,"texture":"#1","tintindex":0}}},{"from":[8.414456,7.7285714,6.59984],"to":[8.814456,8.528571,6.68016],"rotation":{"angle":0.0,"axis":"y","origin":[5.76252,7.3150234,4.039384]},"faces":{"east":{"uv":[8.0635,0.501,8.124,0.5615],"rotation":0,"texture":"#1","tintindex":0},"south":{"uv":[8.0635,0.876,8.124,0.9365],"rotation":0,"texture":"#1","tintindex":0},"north":{"uv":[8.0635,0.001,8.124,0.0615],"rotation":0,"texture":"#1","tintindex":0},"west":{"uv":[8.0635,1.001,8.124,1.0615],"rotation":0,"texture":"#1","tintindex":0},"up":{"uv":[1.4365,8.124,1.376,8.0635],"rotation":0,"texture":"#1","tintindex":0},"down":{"uv":[8.124,1.376,8.0635,1.4365],"rotation":0,"texture":"#1","tintindex":0}}},{"from":[8.467838,7.6025715,6.6019998],"to":[8.749839,7.8845716,6.678],"rotation":{"angle":-45.0,"axis":"z","origin":[8.593839,7.7285714,6.49]},"faces":{"east":{"uv":[3.4385,8.0635,3.499,8.124],"rotation":0,"texture":"#1","tintindex":0},"south":{"uv":[3.5635,8.0635,3.624,8.124],"rotation":0,"texture":"#1","tintindex":0},"north":{"uv":[3.3135,8.0635,3.374,8.124],"rotation":0,"texture":"#1","tintindex":0},"west":{"uv":[8.0635,3.6885,8.124,3.749],"rotation":0,"texture":"#1","tintindex":0},"up":{"uv":[3.874,8.124,3.8135,8.0635],"rotation":0,"texture":"#1","tintindex":0},"down":{"uv":[3.999,8.0635,3.9385,8.124],"rotation":0,"texture":"#1","tintindex":0}}},{"from":[8.467838,8.402572,6.6019998],"to":[8.749839,8.684571,6.678],"rotation":{"angle":-45.0,"axis":"z","origin":[8.593839,8.528571,6.49]},"faces":{"east":{"uv":[8.0635,1.626,8.124,1.6865],"rotation":0,"texture":"#1","tintindex":0},"south":{"uv":[8.0635,1.751,8.124,1.8115],"rotation":0,"texture":"#1","tintindex":0},"north":{"uv":[8.0635,1.501,8.124,1.5615],"rotation":0,"texture":"#1","tintindex":0},"west":{"uv":[2.126,8.0635,2.1865,8.124],"rotation":0,"texture":"#1","tintindex":0},"up":{"uv":[8.124,2.5615,8.0635,2.501],"rotation":0,"texture":"#1","tintindex":0},"down":{"uv":[2.9365,8.0635,2.876,8.124],"rotation":0,"texture":"#1","tintindex":0}}},{"from":[7.428571,8.571428,6.6857142],"to":[8.571428,10.857143,7.257143],"rotation":{"angle":0.0,"axis":"y","origin":[8.0,22.285715,8.4]},"faces":{"east":{"uv":[6.626,6.876,6.6865,7.124],"rotation":0,"texture":"#1","tintindex":0},"south":{"uv":[5.751,1.9385,5.874,2.1865],"rotation":0,"texture":"#1","tintindex":0},"north":{"uv":[1.626,5.751,1.749,5.999],"rotation":0,"texture":"#1","tintindex":0},"west":{"uv":[2.3135,6.9385,2.374,7.1865],"rotation":0,"texture":"#1","tintindex":0},"up":{"uv":[3.8115,7.9365,3.6885,7.876],"rotation":0,"texture":"#1","tintindex":0},"down":{"uv":[7.999,3.6885,7.876,3.749],"rotation":0,"texture":"#1","tintindex":0}}},{"from":[8.287429,10.169082,6.6874285],"to":[8.855429,10.7370825,7.2554283],"rotation":{"angle":45.0,"axis":"z","origin":[8.571428,10.453082,6.9714284]},"faces":{"east":{"uv":[8.251,5.5635,8.3115,5.624],"rotation":0,"texture":"#1","tintindex":0},"south":{"uv":[8.251,6.001,8.3115,6.0615],"rotation":0,"texture":"#1","tintindex":0},"north":{"uv":[5.4385,8.251,5.499,8.3115],"rotation":0,"texture":"#1","tintindex":0},"west":{"uv":[6.6885,8.251,6.749,8.3115],"rotation":0,"texture":"#1","tintindex":0},"up":{"uv":[8.3115,6.749,8.251,6.6885],"rotation":0,"texture":"#1","tintindex":0},"down":{"uv":[6.874,8.251,6.8135,8.3115],"rotation":0,"texture":"#1","tintindex":0}}},{"from":[7.1445713,10.169082,6.6874285],"to":[7.7125716,10.7370825,7.2554283],"rotation":{"angle":-45.0,"axis":"z","origin":[7.428571,10.453082,6.9714284]},"faces":{"east":{"uv":[8.251,4.9385,8.3115,4.999],"rotation":0,"texture":"#1","tintindex":0},"south":{"uv":[8.251,5.0635,8.3115,5.124],"rotation":0,"texture":"#1","tintindex":0},"north":{"uv":[4.9385,8.251,4.999,8.3115],"rotation":0,"texture":"#1","tintindex":0},"west":{"uv":[8.251,5.1885,8.3115,5.249],"rotation":0,"texture":"#1","tintindex":0},"up":{"uv":[5.374,8.3115,5.3135,8.251],"rotation":0,"texture":"#1","tintindex":0},"down":{"uv":[8.3115,5.3135,8.251,5.374],"rotation":0,"texture":"#1","tintindex":0}}},{"from":[7.4257145,9.14,9.254286],"to":[8.5742855,11.431429,9.831429],"rotation":{"angle":0.0,"axis":"y","origin":[8.0,22.857143,10.971429]},"faces":{"east":{"uv":[5.876,7.001,5.9365,7.249],"rotation":0,"texture":"#1","tintindex":0},"south":{"uv":[2.8135,5.751,2.9365,5.999],"rotation":0,"texture":"#1","tintindex":0},"north":{"uv":[2.626,5.751,2.749,5.999],"rotation":0,"texture":"#1","tintindex":0},"west":{"uv":[0.3135,7.0635,0.374,7.3115],"rotation":0,"texture":"#1","tintindex":0},"up":{"uv":[7.999,7.124,7.876,7.0635],"rotation":0,"texture":"#1","tintindex":0},"down":{"uv":[7.999,7.1885,7.876,7.249],"rotation":0,"texture":"#1","tintindex":0}}},{"from":[7.1445713,10.740511,9.258858],"to":[7.7125716,11.308511,9.826858],"rotation":{"angle":-45.0,"axis":"z","origin":[7.428571,11.02451,9.542857]},"faces":{"east":{"uv":[8.3135,6.8135,8.374,6.874],"rotation":0,"texture":"#1","tintindex":0},"south":{"uv":[8.3135,6.9385,8.374,6.999],"rotation":0,"texture":"#1","tintindex":0},"north":{"uv":[6.5635,8.3135,6.624,8.374],"rotation":0,"texture":"#1","tintindex":0},"west":{"uv":[8.3135,7.0635,8.374,7.124],"rotation":0,"texture":"#1","tintindex":0},"up":{"uv":[7.249,8.374,7.1885,8.3135],"rotation":0,"texture":"#1","tintindex":0},"down":{"uv":[7.374,8.3135,7.3135,8.374],"rotation":0,"texture":"#1","tintindex":0}}},{"from":[8.287429,10.740511,9.258858],"to":[8.855429,11.308511,9.826858],"rotation":{"angle":45.0,"axis":"z","origin":[8.571428,11.02451,9.542857]},"faces":{"east":{"uv":[8.3135,6.251,8.374,6.3115],"rotation":0,"texture":"#1","tintindex":0},"south":{"uv":[6.3135,8.3135,6.374,8.374],"rotation":0,"texture":"#1","tintindex":0},"north":{"uv":[6.1885,8.3135,6.249,8.374],"rotation":0,"texture":"#1","tintindex":0},"west":{"uv":[8.3135,6.376,8.374,6.4365],"rotation":0,"texture":"#1","tintindex":0},"up":{"uv":[6.499,8.374,6.4385,8.3135],"rotation":0,"texture":"#1","tintindex":0},"down":{"uv":[8.374,6.501,8.3135,6.5615],"rotation":0,"texture":"#1","tintindex":0}}},{"from":[5.942069,8.268061,6.578918],"to":[6.513498,10.553776,7.1503468],"rotation":{"angle":45.0,"axis":"y","origin":[6.2277837,8.553776,6.8646326]},"faces":{"east":{"uv":[6.9385,6.501,6.999,6.749],"rotation":0,"texture":"#1","tintindex":0},"south":{"uv":[6.751,6.9385,6.8115,7.1865],"rotation":0,"texture":"#1","tintindex":0},"north":{"uv":[6.9385,6.1885,6.999,6.4365],"rotation":0,"texture":"#1","tintindex":0},"west":{"uv":[6.9385,6.8135,6.999,7.0615],"rotation":0,"texture":"#1","tintindex":0},"up":{"uv":[6.999,8.3115,6.9385,8.251],"rotation":0,"texture":"#1","tintindex":0},"down":{"uv":[7.124,8.251,7.0635,8.3115],"rotation":0,"texture":"#1","tintindex":0}}},{"from":[9.486502,8.268061,6.578918],"to":[10.057931,10.553776,7.1503468],"rotation":{"angle":-45.0,"axis":"y","origin":[9.772217,8.553776,6.8646326]},"faces":{"east":{"uv":[1.501,7.001,1.5615,7.249],"rotation":0,"texture":"#1","tintindex":0},"south":{"uv":[1.751,7.001,1.8115,7.249],"rotation":0,"texture":"#1","tintindex":0},"north":{"uv":[7.001,0.6885,7.0615,0.9365],"rotation":0,"texture":"#1","tintindex":0},"west":{"uv":[2.1885,7.001,2.249,7.249],"rotation":0,"texture":"#1","tintindex":0},"up":{"uv":[8.3115,7.3115,8.251,7.251],"rotation":0,"texture":"#1","tintindex":0},"down":{"uv":[8.3115,7.376,8.251,7.4365],"rotation":0,"texture":"#1","tintindex":0}}},{"from":[9.486502,8.268061,8.978918],"to":[10.057931,10.553776,9.550346],"rotation":{"angle":-45.0,"axis":"y","origin":[9.772217,8.553776,9.264632]},"faces":{"east":{"uv":[5.0635,7.001,5.124,7.249],"rotation":0,"texture":"#1","tintindex":0},"south":{"uv":[5.1885,7.001,5.249,7.249],"rotation":0,"texture":"#1","tintindex":0},"north":{"uv":[4.9385,7.001,4.999,7.249],"rotation":0,"texture":"#1","tintindex":0},"west":{"uv":[7.001,5.251,7.0615,5.499],"rotation":0,"texture":"#1","tintindex":0},"up":{"uv":[3.8115,8.374,3.751,8.3135],"rotation":0,"texture":"#1","tintindex":0},"down":{"uv":[3.9365,8.3135,3.876,8.374],"rotation":0,"texture":"#1","tintindex":0}}},{"from":[5.942069,8.268061,8.978918],"to":[6.513498,10.553776,9.550346],"rotation":{"angle":45.0,"axis":"y","origin":[6.2277837,8.553776,9.264632]},"faces":{"east":{"uv":[4.5635,7.001,4.624,7.249],"rotation":0,"texture":"#1","tintindex":0},"south":{"uv":[4.6885,7.001,4.749,7.249],"rotation":0,"texture":"#1","tintindex":0},"north":{"uv":[4.4385,7.001,4.499,7.249],"rotation":0,"texture":"#1","tintindex":0},"west":{"uv":[4.8135,7.001,4.874,7.249],"rotation":0,"texture":"#1","tintindex":0},"up":{"uv":[8.374,3.624,8.3135,3.5635],"rotation":0,"texture":"#1","tintindex":0},"down":{"uv":[3.6865,8.3135,3.626,8.374],"rotation":0,"texture":"#1","tintindex":0}}},{"from":[7.8337755,10.144,6.5154285],"to":[8.235551,10.545775,7.0845714],"rotation":{"angle":-45.0,"axis":"z","origin":[8.118347,10.428572,6.8]},"faces":{"east":{"uv":[8.376,2.876,8.4365,2.9365],"rotation":0,"texture":"#1","tintindex":0},"south":{"uv":[3.001,8.376,3.0615,8.4365],"rotation":0,"texture":"#1","tintindex":0},"north":{"uv":[8.376,2.751,8.4365,2.8115],"rotation":0,"texture":"#1","tintindex":0},"west":{"uv":[8.376,3.001,8.4365,3.0615],"rotation":0,"texture":"#1","tintindex":0},"up":{"uv":[3.1865,8.4365,3.126,8.376],"rotation":0,"texture":"#1","tintindex":0},"down":{"uv":[8.4365,3.126,8.376,3.1865],"rotation":0,"texture":"#1","tintindex":0}}},{"from":[7.142857,6.857143,6.9],"to":[8.857143,8.0,9.1],"rotation":{"angle":0.0,"axis":"y","origin":[8.0,0.5714283,8.0]},"faces":{"east":{"uv":[5.4385,2.126,5.6865,2.249],"rotation":0,"texture":"#1","tintindex":0},"south":{"uv":[3.751,6.001,3.9365,6.124],"rotation":0,"texture":"#1","tintindex":0},"north":{"uv":[3.501,6.001,3.6865,6.124],"rotation":0,"texture":"#1","tintindex":0},"west":{"uv":[5.4385,3.0635,5.6865,3.1865],"rotation":0,"texture":"#1","tintindex":0},"up":{"uv":[5.249,3.3115,5.0635,3.0635],"rotation":0,"texture":"#1","tintindex":0},"down":{"uv":[5.249,3.376,5.0635,3.624],"rotation":0,"texture":"#1","tintindex":0}}},{"from":[8.857143,-1.4285717,9.457143],"to":[9.428572,-0.8571434,10.028572],"rotation":{"angle":0.0,"axis":"y","origin":[7.714286,0.85714245,7.1714287]},"faces":{"east":{"uv":[0.501,8.251,0.5615,8.3115],"rotation":0,"texture":"#1","tintindex":0},"south":{"uv":[8.251,0.5635,8.3115,0.624],"rotation":0,"texture":"#1","tintindex":0},"north":{"uv":[8.251,0.5635,8.3115,0.624],"rotation":0,"texture":"#1","tintindex":0},"west":{"uv":[0.626,8.251,0.6865,8.3115],"rotation":0,"texture":"#1","tintindex":0},"up":{"uv":[8.3115,0.749,8.251,0.6885],"rotation":0,"texture":"#1","tintindex":0},"down":{"uv":[0.8115,8.251,0.751,8.3115],"rotation":0,"texture":"#1","tintindex":0}}},{"from":[9.428572,-0.8571434,9.457143],"to":[10.571428,0.28571415,10.028572],"rotation":{"angle":0.0,"axis":"y","origin":[7.714286,0.85714245,7.1714287]},"faces":{"east":{"uv":[7.876,0.1885,7.9365,0.3115],"rotation":0,"texture":"#1","tintindex":0},"south":{"uv":[6.9385,2.9385,7.0615,3.0615],"rotation":0,"texture":"#1","tintindex":0},"north":{"uv":[6.9385,2.9385,7.0615,3.0615],"rotation":0,"texture":"#1","tintindex":0},"west":{"uv":[7.876,0.376,7.9365,0.499],"rotation":0,"texture":"#1","tintindex":0},"up":{"uv":[7.999,0.624,7.876,0.5635],"rotation":0,"texture":"#1","tintindex":0},"down":{"uv":[7.999,0.876,7.876,0.9365],"rotation":0,"texture":"#1","tintindex":0}}},{"from":[10.0,0.28571415,9.457143],"to":[11.142858,1.9999995,10.028572],"rotation":{"angle":0.0,"axis":"y","origin":[7.714286,0.85714245,7.1714287]},"faces":{"east":{"uv":[7.501,6.6885,7.5615,6.874],"rotation":0,"texture":"#1","tintindex":0},"south":{"uv":[6.0635,5.751,6.1865,5.9365],"rotation":0,"texture":"#1","tintindex":0},"north":{"uv":[6.0635,5.751,6.1865,5.9365],"rotation":0,"texture":"#1","tintindex":0},"west":{"uv":[7.501,7.0635,7.5615,7.249],"rotation":0,"texture":"#1","tintindex":0},"up":{"uv":[0.124,7.9365,0.001,7.876],"rotation":0,"texture":"#1","tintindex":0},"down":{"uv":[0.3115,7.876,0.1885,7.9365],"rotation":0,"texture":"#1","tintindex":0}}},{"from":[8.857143,1.9999995,9.457143],"to":[11.142858,3.7142854,10.028572],"rotation":{"angle":0.0,"axis":"y","origin":[7.714286,0.85714245,7.1714287]},"faces":{"east":{"uv":[6.1885,7.501,6.249,7.6865],"rotation":0,"texture":"#1","tintindex":0},"south":{"uv":[3.876,5.126,4.124,5.3115],"rotation":0,"texture":"#1","tintindex":0},"north":{"uv":[3.876,5.126,4.124,5.3115],"rotation":0,"texture":"#1","tintindex":0},"west":{"uv":[6.501,7.501,6.5615,7.6865],"rotation":0,"texture":"#1","tintindex":0},"up":{"uv":[7.1865,1.1865,6.9385,1.126],"rotation":0,"texture":"#1","tintindex":0},"down":{"uv":[7.1865,1.251,6.9385,1.3115],"rotation":0,"texture":"#1","tintindex":0}}},{"from":[8.285714,3.7142854,9.457143],"to":[11.142858,5.428571,10.028572],"rotation":{"angle":0.0,"axis":"y","origin":[7.714286,0.85714245,7.1714287]},"faces":{"east":{"uv":[7.501,5.626,7.5615,5.8115],"rotation":0,"texture":"#1","tintindex":0},"south":{"uv":[4.876,4.4385,5.1865,4.624],"rotation":0,"texture":"#1","tintindex":0},"north":{"uv":[4.876,4.4385,5.1865,4.624],"rotation":0,"texture":"#1","tintindex":0},"west":{"uv":[6.0635,7.501,6.124,7.6865],"rotation":0,"texture":"#1","tintindex":0},"up":{"uv":[6.5615,4.624,6.251,4.5635],"rotation":0,"texture":"#1","tintindex":0},"down":{"uv":[6.5615,4.8135,6.251,4.874],"rotation":0,"texture":"#1","tintindex":0}}},{"from":[7.142857,4.8571424,9.457143],"to":[8.285714,5.428571,10.028572],"rotation":{"angle":0.0,"axis":"y","origin":[8.857143,0.85714245,7.1714287]},"faces":{"east":{"uv":[0.251,8.251,0.3115,8.3115],"rotation":0,"texture":"#1","tintindex":0},"south":{"uv":[7.8135,6.126,7.9365,6.1865],"rotation":0,"texture":"#1","tintindex":0},"north":{"uv":[7.8135,5.1885,7.9365,5.249],"rotation":0,"texture":"#1","tintindex":0},"west":{"uv":[8.251,0.251,8.3115,0.3115],"rotation":0,"texture":"#1","tintindex":0},"up":{"uv":[7.749,7.874,7.626,7.8135],"rotation":0,"texture":"#1","tintindex":0},"down":{"uv":[7.9365,7.8135,7.8135,7.874],"rotation":0,"texture":"#1","tintindex":0}}},{"from":[6.5714283,-1.4285717,9.457143],"to":[7.142857,-0.8571434,10.028572],"rotation":{"angle":0.0,"axis":"y","origin":[8.285714,0.85714245,7.1714287]},"faces":{"east":{"uv":[8.1885,7.6885,8.249,7.749],"rotation":0,"texture":"#1","tintindex":0},"south":{"uv":[7.9385,8.1885,7.999,8.249],"rotation":0,"texture":"#1","tintindex":0},"north":{"uv":[7.9385,8.1885,7.999,8.249],"rotation":0,"texture":"#1","tintindex":0},"west":{"uv":[8.0635,8.1885,8.124,8.249],"rotation":0,"texture":"#1","tintindex":0},"up":{"uv":[8.249,8.249,8.1885,8.1885],"rotation":0,"texture":"#1","tintindex":0},"down":{"uv":[0.1865,8.251,0.126,8.3115],"rotation":0,"texture":"#1","tintindex":0}}},{"from":[6.0,-0.8571434,9.457143],"to":[6.5714283,0.28571415,10.028572],"rotation":{"angle":0.0,"axis":"y","origin":[8.285714,0.85714245,7.1714287]},"faces":{"east":{"uv":[5.6885,7.8135,5.749,7.9365],"rotation":0,"texture":"#1","tintindex":0},"south":{"uv":[7.8135,6.376,7.874,6.499],"rotation":0,"texture":"#1","tintindex":0},"north":{"uv":[5.5635,7.8135,5.624,7.9365],"rotation":0,"texture":"#1","tintindex":0},"west":{"uv":[7.501,7.8135,7.5615,7.9365],"rotation":0,"texture":"#1","tintindex":0},"up":{"uv":[8.249,7.1865,8.1885,7.126],"rotation":0,"texture":"#1","tintindex":0},"down":{"uv":[7.249,8.1885,7.1885,8.249],"rotation":0,"texture":"#1","tintindex":0}}},{"from":[5.428571,0.28571415,9.457143],"to":[6.5714283,1.9999995,10.028572],"rotation":{"angle":0.0,"axis":"y","origin":[7.714286,0.85714245,7.1714287]},"faces":{"east":{"uv":[3.9385,7.501,3.999,7.6865],"rotation":0,"texture":"#1","tintindex":0},"south":{"uv":[6.0635,4.4385,6.1865,4.624],"rotation":0,"texture":"#1","tintindex":0},"north":{"uv":[6.0635,4.4385,6.1865,4.624],"rotation":0,"texture":"#1","tintindex":0},"west":{"uv":[4.0635,7.501,4.124,7.6865],"rotation":0,"texture":"#1","tintindex":0},"up":{"uv":[7.9365,4.999,7.8135,4.9385],"rotation":0,"texture":"#1","tintindex":0},"down":{"uv":[7.9365,5.0635,7.8135,5.124],"rotation":0,"texture":"#1","tintindex":0}}},{"from":[4.8571424,1.9999995,9.457143],"to":[7.142857,3.7142854,10.028572],"rotation":{"angle":0.0,"axis":"y","origin":[7.714286,0.85714245,7.1714287]},"faces":{"east":{"uv":[3.4385,7.501,3.499,7.6865],"rotation":0,"texture":"#1","tintindex":0},"south":{"uv":[5.126,1.9385,5.374,2.124],"rotation":0,"texture":"#1","tintindex":0},"north":{"uv":[5.126,1.9385,5.374,2.124],"rotation":0,"texture":"#1","tintindex":0},"west":{"uv":[3.5635,7.501,3.624,7.6865],"rotation":0,"texture":"#1","tintindex":0},"up":{"uv":[7.124,1.0615,6.876,1.001],"rotation":0,"texture":"#1","tintindex":0},"down":{"uv":[3.9365,6.876,3.6885,6.9365],"rotation":0,"texture":"#1","tintindex":0}}},{"from":[4.285714,3.7142854,9.457143],"to":[7.142857,5.428571,10.028572],"rotation":{"angle":0.0,"axis":"y","origin":[7.714286,0.85714245,7.1714287]},"faces":{"east":{"uv":[3.1885,7.501,3.249,7.6865],"rotation":0,"texture":"#1","tintindex":0},"south":{"uv":[3.9385,4.876,4.249,5.0615],"rotation":0,"texture":"#1","tintindex":0},"north":{"uv":[3.9385,4.876,4.249,5.0615],"rotation":0,"texture":"#1","tintindex":0},"west":{"uv":[3.3135,7.501,3.374,7.6865],"rotation":0,"texture":"#1","tintindex":0},"up":{"uv":[6.5615,3.874,6.251,3.8135],"rotation":0,"texture":"#1","tintindex":0},"down":{"uv":[6.5615,3.9385,6.251,3.999],"rotation":0,"texture":"#1","tintindex":0}}},{"from":[6.5714283,-1.4285717,9.457143],"to":[7.142857,-0.8571434,10.028572],"rotation":{"angle":0.0,"axis":"y","origin":[8.285714,0.85714245,7.1714287]},"faces":{"east":{"uv":[8.1885,7.6885,8.249,7.749],"rotation":0,"texture":"#1","tintindex":0},"south":{"uv":[7.9385,8.1885,7.999,8.249],"rotation":0,"texture":"#1","tintindex":0},"north":{"uv":[7.9385,8.1885,7.999,8.249],"rotation":0,"texture":"#1","tintindex":0},"west":{"uv":[8.0635,8.1885,8.124,8.249],"rotation":0,"texture":"#1","tintindex":0},"up":{"uv":[8.249,8.249,8.1885,8.1885],"rotation":0,"texture":"#1","tintindex":0},"down":{"uv":[0.1865,8.251,0.126,8.3115],"rotation":0,"texture":"#1","tintindex":0}}},{"from":[6.0,-0.8571434,9.457143],"to":[6.5714283,0.28571415,10.028572],"rotation":{"angle":0.0,"axis":"y","origin":[8.285714,0.85714245,7.1714287]},"faces":{"east":{"uv":[5.6885,7.8135,5.749,7.9365],"rotation":0,"texture":"#1","tintindex":0},"south":{"uv":[7.8135,6.376,7.874,6.499],"rotation":0,"texture":"#1","tintindex":0},"north":{"uv":[5.5635,7.8135,5.624,7.9365],"rotation":0,"texture":"#1","tintindex":0},"west":{"uv":[7.501,7.8135,7.5615,7.9365],"rotation":0,"texture":"#1","tintindex":0},"up":{"uv":[8.249,7.1865,8.1885,7.126],"rotation":0,"texture":"#1","tintindex":0},"down":{"uv":[7.249,8.1885,7.1885,8.249],"rotation":0,"texture":"#1","tintindex":0}}},{"from":[5.428571,0.28571415,9.457143],"to":[6.5714283,1.9999995,10.028572],"rotation":{"angle":0.0,"axis":"y","origin":[7.714286,0.85714245,7.1714287]},"faces":{"east":{"uv":[3.9385,7.501,3.999,7.6865],"rotation":0,"texture":"#1","tintindex":0},"south":{"uv":[6.0635,4.4385,6.1865,4.624],"rotation":0,"texture":"#1","tintindex":0},"north":{"uv":[6.0635,4.4385,6.1865,4.624],"rotation":0,"texture":"#1","tintindex":0},"west":{"uv":[4.0635,7.501,4.124,7.6865],"rotation":0,"texture":"#1","tintindex":0},"up":{"uv":[7.9365,4.999,7.8135,4.9385],"rotation":0,"texture":"#1","tintindex":0},"down":{"uv":[7.9365,5.0635,7.8135,5.124],"rotation":0,"texture":"#1","tintindex":0}}},{"from":[4.8571424,1.9999995,9.457143],"to":[7.142857,3.7142854,10.028572],"rotation":{"angle":0.0,"axis":"y","origin":[7.714286,0.85714245,7.1714287]},"faces":{"east":{"uv":[3.4385,7.501,3.499,7.6865],"rotation":0,"texture":"#1","tintindex":0},"south":{"uv":[5.126,1.9385,5.374,2.124],"rotation":0,"texture":"#1","tintindex":0},"north":{"uv":[5.126,1.9385,5.374,2.124],"rotation":0,"texture":"#1","tintindex":0},"west":{"uv":[3.5635,7.501,3.624,7.6865],"rotation":0,"texture":"#1","tintindex":0},"up":{"uv":[7.124,1.0615,6.876,1.001],"rotation":0,"texture":"#1","tintindex":0},"down":{"uv":[3.9365,6.876,3.6885,6.9365],"rotation":0,"texture":"#1","tintindex":0}}},{"from":[4.285714,3.7142854,9.457143],"to":[7.142857,5.428571,10.028572],"rotation":{"angle":0.0,"axis":"y","origin":[7.714286,0.85714245,7.1714287]},"faces":{"east":{"uv":[3.1885,7.501,3.249,7.6865],"rotation":0,"texture":"#1","tintindex":0},"south":{"uv":[3.9385,4.876,4.249,5.0615],"rotation":0,"texture":"#1","tintindex":0},"north":{"uv":[3.9385,4.876,4.249,5.0615],"rotation":0,"texture":"#1","tintindex":0},"west":{"uv":[3.3135,7.501,3.374,7.6865],"rotation":0,"texture":"#1","tintindex":0},"up":{"uv":[6.5615,3.874,6.251,3.8135],"rotation":0,"texture":"#1","tintindex":0},"down":{"uv":[6.5615,3.9385,6.251,3.999],"rotation":0,"texture":"#1","tintindex":0}}},{"from":[4.285714,5.428571,9.457143],"to":[11.714286,7.142857,10.028572],"rotation":{"angle":0.0,"axis":"y","origin":[7.714286,0.85714245,7.1714287]},"faces":{"east":{"uv":[2.9385,7.501,2.999,7.6865],"rotation":0,"texture":"#1","tintindex":0},"south":{"uv":[2.376,2.001,3.1865,2.1865],"rotation":0,"texture":"#1","tintindex":0},"north":{"uv":[2.376,2.001,3.1865,2.1865],"rotation":0,"texture":"#1","tintindex":0},"west":{"uv":[3.0635,7.501,3.124,7.6865],"rotation":0,"texture":"#1","tintindex":0},"up":{"uv":[5.6865,2.499,4.876,2.4385],"rotation":0,"texture":"#1","tintindex":0},"down":{"uv":[5.749,1.8135,4.9385,1.874],"rotation":0,"texture":"#1","tintindex":0}}},{"from":[3.7142854,7.142857,9.457143],"to":[12.285715,8.285714,10.028572],"rotation":{"angle":0.0,"axis":"y","origin":[7.714286,-4.8571434,7.1714287]},"faces":{"east":{"uv":[7.8135,4.251,7.874,4.374],"rotation":0,"texture":"#1","tintindex":0},"south":{"uv":[3.001,0.626,3.9365,0.749],"rotation":0,"texture":"#1","tintindex":0},"north":{"uv":[3.001,0.626,3.9365,0.749],"rotation":0,"texture":"#1","tintindex":0},"west":{"uv":[7.8135,4.4385,7.874,4.5615],"rotation":0,"texture":"#1","tintindex":0},"up":{"uv":[5.8115,0.5615,4.876,0.501],"rotation":0,"texture":"#1","tintindex":0},"down":{"uv":[5.8115,2.3135,4.876,2.374],"rotation":0,"texture":"#1","tintindex":0}}},{"from":[3.7142854,8.285714,9.457143],"to":[12.285715,11.714286,10.028572],"rotation":{"angle":0.0,"axis":"y","origin":[7.714286,-2.0,7.1714287]},"faces":{"east":{"uv":[0.876,6.0635,0.9365,6.4365],"rotation":0,"texture":"#1","tintindex":0},"south":{"uv":[1.001,0.4385,1.9365,0.8115],"rotation":0,"texture":"#1","tintindex":0},"north":{"uv":[1.001,0.4385,1.9365,0.8115],"rotation":0,"texture":"#1","tintindex":0},"west":{"uv":[3.001,6.0635,3.0615,6.4365],"rotation":0,"texture":"#1","tintindex":0},"up":{"uv":[4.749,1.3115,3.8135,1.251],"rotation":0,"texture":"#1","tintindex":0},"down":{"uv":[5.8115,0.376,4.876,0.4365],"rotation":0,"texture":"#1","tintindex":0}}},{"from":[4.285714,11.714286,9.457143],"to":[11.714286,13.428572,10.028572],"rotation":{"angle":0.0,"axis":"y","origin":[7.714286,-4.285715,7.1714287]},"faces":{"east":{"uv":[7.501,7.3135,7.5615,7.499],"rotation":0,"texture":"#1","tintindex":0},"south":{"uv":[2.376,2.501,3.1865,2.6865],"rotation":0,"texture":"#1","tintindex":0},"north":{"uv":[2.376,2.501,3.1865,2.6865],"rotation":0,"texture":"#1","tintindex":0},"west":{"uv":[7.5635,1.0635,7.624,1.249],"rotation":0,"texture":"#1","tintindex":0},"up":{"uv":[5.8115,2.624,5.001,2.5635],"rotation":0,"texture":"#1","tintindex":0},"down":{"uv":[5.8115,2.6885,5.001,2.749],"rotation":0,"texture":"#1","tintindex":0}}},{"from":[4.8571424,13.428572,9.457143],"to":[11.142858,15.142858,10.028572],"rotation":{"angle":0.0,"axis":"y","origin":[7.714286,-3.1428576,7.1714287]},"faces":{"east":{"uv":[1.5635,7.501,1.624,7.6865],"rotation":0,"texture":"#1","tintindex":0},"south":{"uv":[2.126,2.751,2.8115,2.9365],"rotation":0,"texture":"#1","tintindex":0},"north":{"uv":[2.126,2.751,2.8115,2.9365],"rotation":0,"texture":"#1","tintindex":0},"west":{"uv":[1.876,7.501,1.9365,7.6865],"rotation":0,"texture":"#1","tintindex":0},"up":{"uv":[5.749,3.749,5.0635,3.6885],"rotation":0,"texture":"#1","tintindex":0},"down":{"uv":[5.8115,1.4385,5.126,1.499],"rotation":0,"texture":"#1","tintindex":0}}},{"from":[7.428571,11.428572,6.5714283],"to":[8.571428,13.142858,7.714286],"rotation":{"angle":0.0,"axis":"y","origin":[8.0,-2.285715,8.285714]},"faces":{"east":{"uv":[1.501,3.9385,1.624,4.124],"rotation":0,"texture":"#1","tintindex":0},"south":{"uv":[4.501,6.001,4.624,6.1865],"rotation":0,"texture":"#1","tintindex":0},"north":{"uv":[3.5635,2.5635,3.6865,2.749],"rotation":0,"texture":"#1","tintindex":0},"west":{"uv":[4.6885,6.001,4.8115,6.1865],"rotation":0,"texture":"#1","tintindex":0},"up":{"uv":[6.874,6.6865,6.751,6.5635],"rotation":0,"texture":"#1","tintindex":0},"down":{"uv":[6.874,6.751,6.751,6.874],"rotation":0,"texture":"#1","tintindex":0}}},{"from":[5.425714,13.14,9.307367],"to":[6.5742855,14.860001,9.88451],"rotation":{"angle":-45.0,"axis":"y","origin":[6.285714,13.428572,9.595939]},"faces":{"east":{"uv":[7.5635,2.876,7.624,3.0615],"rotation":0,"texture":"#1","tintindex":0},"south":{"uv":[3.3135,6.126,3.4365,6.3115],"rotation":0,"texture":"#1","tintindex":0},"north":{"uv":[3.126,6.126,3.249,6.3115],"rotation":0,"texture":"#1","tintindex":0},"west":{"uv":[7.5635,3.126,7.624,3.3115],"rotation":0,"texture":"#1","tintindex":0},"up":{"uv":[7.999,6.749,7.876,6.6885],"rotation":0,"texture":"#1","tintindex":0},"down":{"uv":[6.999,7.876,6.876,7.9365],"rotation":0,"texture":"#1","tintindex":0}}},{"from":[9.4257145,13.14,9.307367],"to":[10.5742855,14.860001,9.88451],"rotation":{"angle":45.0,"axis":"y","origin":[9.714286,13.428572,9.595939]},"faces":{"east":{"uv":[7.5635,3.376,7.624,3.5615],"rotation":0,"texture":"#1","tintindex":0},"south":{"uv":[6.0635,6.126,6.1865,6.3115],"rotation":0,"texture":"#1","tintindex":0},"north":{"uv":[6.126,4.1885,6.249,4.374],"rotation":0,"texture":"#1","tintindex":0},"west":{"uv":[7.5635,3.9385,7.624,4.124],"rotation":0,"texture":"#1","tintindex":0},"up":{"uv":[7.999,6.999,7.876,6.9385],"rotation":0,"texture":"#1","tintindex":0},"down":{"uv":[7.1865,7.876,7.0635,7.9365],"rotation":0,"texture":"#1","tintindex":0}}},{"from":[9.4257145,13.14,6.4012036],"to":[10.002857,14.860001,6.978347],"rotation":{"angle":-45.0,"axis":"y","origin":[9.714286,13.428572,6.6897755]},"faces":{"east":{"uv":[5.9385,7.376,5.999,7.5615],"rotation":0,"texture":"#1","tintindex":0},"south":{"uv":[6.376,7.376,6.4365,7.5615],"rotation":0,"texture":"#1","tintindex":0},"north":{"uv":[4.1885,7.376,4.249,7.5615],"rotation":0,"texture":"#1","tintindex":0},"west":{"uv":[7.376,6.6885,7.4365,6.874],"rotation":0,"texture":"#1","tintindex":0},"up":{"uv":[8.1865,0.8115,8.126,0.751],"rotation":0,"texture":"#1","tintindex":0},"down":{"uv":[0.9365,8.126,0.876,8.1865],"rotation":0,"texture":"#1","tintindex":0}}},{"from":[5.997143,13.14,6.4012036],"to":[6.5742855,14.860001,6.978347],"rotation":{"angle":45.0,"axis":"y","origin":[6.285714,13.428572,6.6897755]},"faces":{"east":{"uv":[1.376,4.5635,1.4365,4.749],"rotation":0,"texture":"#1","tintindex":0},"south":{"uv":[7.3135,6.4385,7.374,6.624],"rotation":0,"texture":"#1","tintindex":0},"north":{"uv":[0.751,4.251,0.8115,4.4365],"rotation":0,"texture":"#1","tintindex":0},"west":{"uv":[0.251,7.376,0.3115,7.5615],"rotation":0,"texture":"#1","tintindex":0},"up":{"uv":[0.749,3.499,0.6885,3.4385],"rotation":0,"texture":"#1","tintindex":0},"down":{"uv":[2.6865,4.0635,2.626,4.124],"rotation":0,"texture":"#1","tintindex":0}}},{"from":[6.285714,12.571428,9.142858],"to":[9.714286,14.857143,9.714286],"rotation":{"angle":0.0,"axis":"y","origin":[8.0,0.5714283,8.0]},"faces":{"east":{"uv":[5.3135,7.001,5.374,7.249],"rotation":0,"texture":"#1","tintindex":0},"south":{"uv":[3.376,1.0635,3.749,1.3115],"rotation":0,"texture":"#1","tintindex":0},"north":{"uv":[3.3135,2.8135,3.6865,3.0615],"rotation":0,"texture":"#1","tintindex":0},"west":{"uv":[5.4385,7.001,5.499,7.249],"rotation":0,"texture":"#1","tintindex":0},"up":{"uv":[6.499,3.624,6.126,3.5635],"rotation":0,"texture":"#1","tintindex":0},"down":{"uv":[6.499,3.6885,6.126,3.749],"rotation":0,"texture":"#1","tintindex":0}}},{"from":[6.0034285,12.121776,9.146286],"to":[7.1394286,12.686347,9.710857],"rotation":{"angle":-45.0,"axis":"z","origin":[6.857143,12.404061,9.428572]},"faces":{"east":{"uv":[6.0635,8.3135,6.124,8.374],"rotation":0,"texture":"#1","tintindex":0},"south":{"uv":[6.501,7.876,6.624,7.9365],"rotation":0,"texture":"#1","tintindex":0},"north":{"uv":[6.3135,7.876,6.4365,7.9365],"rotation":0,"texture":"#1","tintindex":0},"west":{"uv":[8.3135,6.126,8.374,6.1865],"rotation":0,"texture":"#1","tintindex":0},"up":{"uv":[7.999,6.624,7.876,6.5635],"rotation":0,"texture":"#1","tintindex":0},"down":{"uv":[6.8115,7.876,6.6885,7.9365],"rotation":0,"texture":"#1","tintindex":0}}},{"from":[8.860572,12.121776,9.146286],"to":[9.996572,12.686347,9.710857],"rotation":{"angle":45.0,"axis":"z","origin":[9.142858,12.404061,9.428572]},"faces":{"east":{"uv":[4.126,8.3135,4.1865,8.374],"rotation":0,"texture":"#1","tintindex":0},"south":{"uv":[7.876,5.8135,7.999,5.874],"rotation":0,"texture":"#1","tintindex":0},"north":{"uv":[7.876,4.8135,7.999,4.874],"rotation":0,"texture":"#1","tintindex":0},"west":{"uv":[4.251,8.3135,4.3115,8.374],"rotation":0,"texture":"#1","tintindex":0},"up":{"uv":[6.0615,7.9365,5.9385,7.876],"rotation":0,"texture":"#1","tintindex":0},"down":{"uv":[7.999,5.9385,7.876,5.999],"rotation":0,"texture":"#1","tintindex":0}}},{"from":[6.857143,12.0,9.142858],"to":[9.142858,12.571428,9.714286],"rotation":{"angle":0.0,"axis":"y","origin":[8.0,0.0,8.0]},"faces":{"east":{"uv":[4.376,8.3135,4.4365,8.374],"rotation":0,"texture":"#1","tintindex":0},"south":{"uv":[7.001,4.751,7.249,4.8115],"rotation":0,"texture":"#1","tintindex":0},"north":{"uv":[7.001,1.501,7.249,1.5615],"rotation":0,"texture":"#1","tintindex":0},"west":{"uv":[8.3135,4.376,8.374,4.4365],"rotation":0,"texture":"#1","tintindex":0},"up":{"uv":[7.249,5.624,7.001,5.5635],"rotation":0,"texture":"#1","tintindex":0},"down":{"uv":[0.249,7.0635,0.001,7.124],"rotation":0,"texture":"#1","tintindex":0}}},{"from":[7.1445713,12.120061,9.430285],"to":[7.7125716,12.688061,9.998285],"rotation":{"angle":45.0,"axis":"z","origin":[7.428571,12.404061,9.714286]},"faces":{"east":{"uv":[4.626,8.3135,4.6865,8.374],"rotation":0,"texture":"#1","tintindex":0},"south":{"uv":[8.3135,4.8135,8.374,4.874],"rotation":0,"texture":"#1","tintindex":0},"north":{"uv":[4.501,8.3135,4.5615,8.374],"rotation":0,"texture":"#1","tintindex":0},"west":{"uv":[5.0635,8.3135,5.124,8.374],"rotation":0,"texture":"#1","tintindex":0},"up":{"uv":[5.249,8.374,5.1885,8.3135],"rotation":0,"texture":"#1","tintindex":0},"down":{"uv":[8.374,5.4385,8.3135,5.499],"rotation":0,"texture":"#1","tintindex":0}}},{"from":[8.287429,12.120061,9.430285],"to":[8.855429,12.688061,9.998285],"rotation":{"angle":-45.0,"axis":"z","origin":[8.571428,12.404061,9.714286]},"faces":{"east":{"uv":[5.6885,8.3135,5.749,8.374],"rotation":0,"texture":"#1","tintindex":0},"south":{"uv":[8.3135,5.6885,8.374,5.749],"rotation":0,"texture":"#1","tintindex":0},"north":{"uv":[5.5635,8.3135,5.624,8.374],"rotation":0,"texture":"#1","tintindex":0},"west":{"uv":[5.8135,8.3135,5.874,8.374],"rotation":0,"texture":"#1","tintindex":0},"up":{"uv":[8.374,5.874,8.3135,5.8135],"rotation":0,"texture":"#1","tintindex":0},"down":{"uv":[5.999,8.3135,5.9385,8.374],"rotation":0,"texture":"#1","tintindex":0}}},{"from":[7.4257145,11.997143,9.4257145],"to":[8.5742855,14.860001,10.002857],"rotation":{"angle":0.0,"axis":"y","origin":[8.0,0.5714283,8.285714]},"faces":{"east":{"uv":[6.501,0.751,6.5615,1.0615],"rotation":0,"texture":"#1","tintindex":0},"south":{"uv":[1.251,3.5635,1.374,3.874],"rotation":0,"texture":"#1","tintindex":0},"north":{"uv":[1.4385,3.0635,1.5615,3.374],"rotation":0,"texture":"#1","tintindex":0},"west":{"uv":[0.8135,6.501,0.874,6.8115],"rotation":0,"texture":"#1","tintindex":0},"up":{"uv":[6.249,7.9365,6.126,7.876],"rotation":0,"texture":"#1","tintindex":0},"down":{"uv":[7.999,6.251,7.876,6.3115],"rotation":0,"texture":"#1","tintindex":0}}},{"from":[6.0034285,12.693204,6.574857],"to":[7.1394286,13.257776,7.1394286],"rotation":{"angle":-45.0,"axis":"z","origin":[6.857143,12.97549,6.857143]},"faces":{"east":{"uv":[8.251,4.6885,8.3115,4.749],"rotation":0,"texture":"#1","tintindex":0},"south":{"uv":[1.9385,7.876,2.0615,7.9365],"rotation":0,"texture":"#1","tintindex":0},"north":{"uv":[1.626,7.876,1.749,7.9365],"rotation":0,"texture":"#1","tintindex":0},"west":{"uv":[4.8135,8.251,4.874,8.3115],"rotation":0,"texture":"#1","tintindex":0},"up":{"uv":[2.624,7.9365,2.501,7.876],"rotation":0,"texture":"#1","tintindex":0},"down":{"uv":[2.8115,7.876,2.6885,7.9365],"rotation":0,"texture":"#1","tintindex":0}}},{"from":[9.769575,10.092918,6.574857],"to":[10.3341465,10.65749,9.425143],"rotation":{"angle":45.0,"axis":"z","origin":[10.051861,10.553776,6.857143]},"faces":{"east":{"uv":[6.376,2.126,6.6865,2.1865],"rotation":0,"texture":"#1","tintindex":0},"south":{"uv":[1.376,8.3135,1.4365,8.374],"rotation":0,"texture":"#1","tintindex":0},"north":{"uv":[1.251,8.3135,1.3115,8.374],"rotation":0,"texture":"#1","tintindex":0},"west":{"uv":[6.376,4.9385,6.6865,4.999],"rotation":0,"texture":"#1","tintindex":0},"up":{"uv":[6.499,3.1865,6.4385,2.876],"rotation":0,"texture":"#1","tintindex":0},"down":{"uv":[4.0615,6.4385,4.001,6.749],"rotation":0,"texture":"#1","tintindex":0}}},{"from":[5.665853,10.092918,6.574857],"to":[6.2304244,10.65749,9.425143],"rotation":{"angle":-45.0,"axis":"z","origin":[5.9481387,10.553776,6.857143]},"faces":{"east":{"uv":[6.251,5.751,6.5615,5.8115],"rotation":0,"texture":"#1","tintindex":0},"south":{"uv":[8.251,7.8135,8.3115,7.874],"rotation":0,"texture":"#1","tintindex":0},"north":{"uv":[7.8135,8.251,7.874,8.3115],"rotation":0,"texture":"#1","tintindex":0},"west":{"uv":[6.251,5.876,6.5615,5.9365],"rotation":0,"texture":"#1","tintindex":0},"up":{"uv":[0.3115,6.6865,0.251,6.376],"rotation":0,"texture":"#1","tintindex":0},"down":{"uv":[1.0615,6.376,1.001,6.6865],"rotation":0,"texture":"#1","tintindex":0}}},{"from":[5.545498,10.550346,6.5714283],"to":[6.1169267,11.693204,7.142857],"rotation":{"angle":0.0,"axis":"y","origin":[5.831212,10.8360615,6.857143]},"faces":{"east":{"uv":[4.5635,7.876,4.624,7.999],"rotation":0,"texture":"#1","tintindex":0},"south":{"uv":[7.876,4.626,7.9365,4.749],"rotation":0,"texture":"#1","tintindex":0},"north":{"uv":[4.4385,7.876,4.499,7.999],"rotation":0,"texture":"#1","tintindex":0},"west":{"uv":[4.6885,7.876,4.749,7.999],"rotation":0,"texture":"#1","tintindex":0},"up":{"uv":[8.3115,7.999,8.251,7.9385],"rotation":0,"texture":"#1","tintindex":0},"down":{"uv":[8.3115,8.0635,8.251,8.124],"rotation":0,"texture":"#1","tintindex":0}}},{"from":[5.4282284,11.403718,6.5710855],"to":[6.000343,11.975832,9.428914],"rotation":{"angle":-45.0,"axis":"z","origin":[5.714286,11.689775,6.857143]},"faces":{"east":{"uv":[6.3135,1.5635,6.624,1.624],"rotation":0,"texture":"#1","tintindex":0},"south":{"uv":[8.3135,0.001,8.374,0.0615],"rotation":0,"texture":"#1","tintindex":0},"north":{"uv":[0.001,8.3135,0.0615,8.374],"rotation":0,"texture":"#1","tintindex":0},"west":{"uv":[6.3135,2.376,6.624,2.4365],"rotation":0,"texture":"#1","tintindex":0},"up":{"uv":[2.124,6.6865,2.0635,6.376],"rotation":0,"texture":"#1","tintindex":0},"down":{"uv":[3.1865,6.376,3.126,6.6865],"rotation":0,"texture":"#1","tintindex":0}}},{"from":[9.883074,10.550346,6.5714283],"to":[10.454502,11.693204,7.142857],"rotation":{"angle":0.0,"axis":"y","origin":[10.168788,10.8360615,6.857143]},"faces":{"east":{"uv":[2.126,7.876,2.1865,7.999],"rotation":0,"texture":"#1","tintindex":0},"south":{"uv":[4.1885,7.876,4.249,7.999],"rotation":0,"texture":"#1","tintindex":0},"north":{"uv":[1.376,7.876,1.4365,7.999],"rotation":0,"texture":"#1","tintindex":0},"west":{"uv":[4.3135,7.876,4.374,7.999],"rotation":0,"texture":"#1","tintindex":0},"up":{"uv":[7.499,8.3115,7.4385,8.251],"rotation":0,"texture":"#1","tintindex":0},"down":{"uv":[8.3115,7.501,8.251,7.5615],"rotation":0,"texture":"#1","tintindex":0}}},{"from":[9.999657,11.403718,6.5710855],"to":[10.571772,11.975832,9.428914],"rotation":{"angle":45.0,"axis":"z","origin":[10.285714,11.689775,6.857143]},"faces":{"east":{"uv":[6.251,5.126,6.5615,5.1865],"rotation":0,"texture":"#1","tintindex":0},"south":{"uv":[7.6885,8.251,7.749,8.3115],"rotation":0,"texture":"#1","tintindex":0},"north":{"uv":[7.5635,8.251,7.624,8.3115],"rotation":0,"texture":"#1","tintindex":0},"west":{"uv":[6.251,5.251,6.5615,5.3115],"rotation":0,"texture":"#1","tintindex":0},"up":{"uv":[5.3115,6.624,5.251,6.3135],"rotation":0,"texture":"#1","tintindex":0},"down":{"uv":[0.0615,6.376,0.001,6.6865],"rotation":0,"texture":"#1","tintindex":0}}},{"from":[8.860572,12.693204,6.574857],"to":[9.996572,13.257776,7.1394286],"rotation":{"angle":45.0,"axis":"z","origin":[9.142858,12.97549,6.857143]},"faces":{"east":{"uv":[8.251,4.251,8.3115,4.3115],"rotation":0,"texture":"#1","tintindex":0},"south":{"uv":[1.1885,7.876,1.3115,7.9365],"rotation":0,"texture":"#1","tintindex":0},"north":{"uv":[1.001,7.876,1.124,7.9365],"rotation":0,"texture":"#1","tintindex":0},"west":{"uv":[8.251,4.5635,8.3115,4.624],"rotation":0,"texture":"#1","tintindex":0},"up":{"uv":[7.999,1.499,7.876,1.4385],"rotation":0,"texture":"#1","tintindex":0},"down":{"uv":[7.999,1.5635,7.876,1.624],"rotation":0,"texture":"#1","tintindex":0}}},{"from":[6.857143,12.571428,6.5714283],"to":[9.142858,13.142858,7.142857],"rotation":{"angle":0.0,"axis":"y","origin":[8.0,0.5714283,8.285714]},"faces":{"east":{"uv":[8.251,4.001,8.3115,4.0615],"rotation":0,"texture":"#1","tintindex":0},"south":{"uv":[6.9385,3.126,7.1865,3.1865],"rotation":0,"texture":"#1","tintindex":0},"north":{"uv":[6.9385,1.376,7.1865,1.4365],"rotation":0,"texture":"#1","tintindex":0},"west":{"uv":[8.251,4.126,8.3115,4.1865],"rotation":0,"texture":"#1","tintindex":0},"up":{"uv":[4.249,6.999,4.001,6.9385],"rotation":0,"texture":"#1","tintindex":0},"down":{"uv":[7.1865,4.4385,6.9385,4.499],"rotation":0,"texture":"#1","tintindex":0}}},{"from":[6.285714,13.142858,6.5714283],"to":[9.714286,14.857143,7.142857],"rotation":{"angle":0.0,"axis":"y","origin":[8.0,1.1428566,8.285714]},"faces":{"east":{"uv":[7.5635,1.876,7.624,2.0615],"rotation":0,"texture":"#1","tintindex":0},"south":{"uv":[3.001,3.8135,3.374,3.999],"rotation":0,"texture":"#1","tintindex":0},"north":{"uv":[3.8135,2.001,4.1865,2.1865],"rotation":0,"texture":"#1","tintindex":0},"west":{"uv":[2.251,7.5635,2.3115,7.749],"rotation":0,"texture":"#1","tintindex":0},"up":{"uv":[6.499,1.3115,6.126,1.251],"rotation":0,"texture":"#1","tintindex":0},"down":{"uv":[6.499,1.751,6.126,1.8115],"rotation":0,"texture":"#1","tintindex":0}}},{"from":[7.1445713,12.69149,6.2874284],"to":[7.7125716,13.259489,6.8554287],"rotation":{"angle":45.0,"axis":"z","origin":[7.428571,12.97549,6.5714283]},"faces":{"east":{"uv":[8.251,3.3135,8.3115,3.374],"rotation":0,"texture":"#1","tintindex":0},"south":{"uv":[8.251,3.4385,8.3115,3.499],"rotation":0,"texture":"#1","tintindex":0},"north":{"uv":[8.251,3.1885,8.3115,3.249],"rotation":0,"texture":"#1","tintindex":0},"west":{"uv":[8.251,3.751,8.3115,3.8115],"rotation":0,"texture":"#1","tintindex":0},"up":{"uv":[8.3115,3.9365,8.251,3.876],"rotation":0,"texture":"#1","tintindex":0},"down":{"uv":[4.0615,8.251,4.001,8.3115],"rotation":0,"texture":"#1","tintindex":0}}},{"from":[8.287429,12.69149,6.2874284],"to":[8.855429,13.259489,6.8554287],"rotation":{"angle":-45.0,"axis":"z","origin":[8.571428,12.97549,6.5714283]},"faces":{"east":{"uv":[8.251,2.8135,8.3115,2.874],"rotation":0,"texture":"#1","tintindex":0},"south":{"uv":[8.251,2.9385,8.3115,2.999],"rotation":0,"texture":"#1","tintindex":0},"north":{"uv":[8.251,2.6885,8.3115,2.749],"rotation":0,"texture":"#1","tintindex":0},"west":{"uv":[3.001,8.251,3.0615,8.3115],"rotation":0,"texture":"#1","tintindex":0},"up":{"uv":[8.3115,3.124,8.251,3.0635],"rotation":0,"texture":"#1","tintindex":0},"down":{"uv":[3.1865,8.251,3.126,8.3115],"rotation":0,"texture":"#1","tintindex":0}}},{"from":[7.428571,12.571428,6.285714],"to":[8.571428,14.857143,6.857143],"rotation":{"angle":0.0,"axis":"y","origin":[8.0,1.1428566,8.0]},"faces":{"east":{"uv":[3.4385,6.876,3.499,7.124],"rotation":0,"texture":"#1","tintindex":0},"south":{"uv":[5.0635,5.6885,5.1865,5.9365],"rotation":0,"texture":"#1","tintindex":0},"north":{"uv":[4.876,5.626,4.999,5.874],"rotation":0,"texture":"#1","tintindex":0},"west":{"uv":[3.5635,6.876,3.624,7.124],"rotation":0,"texture":"#1","tintindex":0},"up":{"uv":[7.9365,3.124,7.8135,3.0635],"rotation":0,"texture":"#1","tintindex":0},"down":{"uv":[7.9365,3.1885,7.8135,3.249],"rotation":0,"texture":"#1","tintindex":0}}},{"from":[7.8337755,12.858286,6.1154284],"to":[8.235551,13.260061,6.6845713],"rotation":{"angle":-45.0,"axis":"z","origin":[8.118347,13.142858,6.4]},"faces":{"east":{"uv":[2.001,8.251,2.0615,8.3115],"rotation":0,"texture":"#1","tintindex":0},"south":{"uv":[8.251,2.126,8.3115,2.1865],"rotation":0,"texture":"#1","tintindex":0},"north":{"uv":[8.251,1.876,8.3115,1.9365],"rotation":0,"texture":"#1","tintindex":0},"west":{"uv":[8.251,2.251,8.3115,2.3115],"rotation":0,"texture":"#1","tintindex":0},"up":{"uv":[2.4365,8.3115,2.376,8.251],"rotation":0,"texture":"#1","tintindex":0},"down":{"uv":[8.3115,2.5635,8.251,2.624],"rotation":0,"texture":"#1","tintindex":0}}},{"from":[7.714286,13.142858,6.1142855],"to":[8.285714,14.285715,6.6857142],"rotation":{"angle":0.0,"axis":"y","origin":[7.9714284,0.5714283,7.8285713]},"faces":{"east":{"uv":[7.8135,3.501,7.874,3.624],"rotation":0,"texture":"#1","tintindex":0},"south":{"uv":[7.8135,3.876,7.874,3.999],"rotation":0,"texture":"#1","tintindex":0},"north":{"uv":[7.8135,3.3135,7.874,3.4365],"rotation":0,"texture":"#1","tintindex":0},"west":{"uv":[7.8135,4.0635,7.874,4.1865],"rotation":0,"texture":"#1","tintindex":0},"up":{"uv":[8.249,6.9365,8.1885,6.876],"rotation":0,"texture":"#1","tintindex":0},"down":{"uv":[8.249,7.001,8.1885,7.0615],"rotation":0,"texture":"#1","tintindex":0}}},{"from":[7.8337755,14.0011425,6.1154284],"to":[8.235551,14.402918,6.6845713],"rotation":{"angle":-45.0,"axis":"z","origin":[8.118347,14.285715,6.4]},"faces":{"east":{"uv":[8.251,1.126,8.3115,1.1865],"rotation":0,"texture":"#1","tintindex":0},"south":{"uv":[8.251,1.251,8.3115,1.3115],"rotation":0,"texture":"#1","tintindex":0},"north":{"uv":[0.876,8.251,0.9365,8.3115],"rotation":0,"texture":"#1","tintindex":0},"west":{"uv":[1.501,8.251,1.5615,8.3115],"rotation":0,"texture":"#1","tintindex":0},"up":{"uv":[1.8115,8.3115,1.751,8.251],"rotation":0,"texture":"#1","tintindex":0},"down":{"uv":[1.9365,8.251,1.876,8.3115],"rotation":0,"texture":"#1","tintindex":0}}},{"from":[5.6142855,10.285714,6.757143],"to":[10.385715,12.0,9.242857],"rotation":{"angle":0.0,"axis":"y","origin":[8.0,1.1428566,8.0]},"faces":{"east":{"uv":[0.6885,5.126,0.9365,5.3115],"rotation":0,"texture":"#1","tintindex":0},"south":{"uv":[3.251,2.001,3.749,2.1865],"rotation":0,"texture":"#1","tintindex":0},"north":{"uv":[3.001,0.8135,3.499,0.999],"rotation":0,"texture":"#1","tintindex":0},"west":{"uv":[5.126,1.1885,5.374,1.374],"rotation":0,"texture":"#1","tintindex":0},"up":{"uv":[1.5615,2.999,1.0635,2.751],"rotation":0,"texture":"#1","tintindex":0},"down":{"uv":[3.3115,1.0635,2.8135,1.3115],"rotation":0,"texture":"#1","tintindex":0}}},{"from":[5.142857,12.0,6.857143],"to":[10.857143,14.857143,9.142858],"rotation":{"angle":0.0,"axis":"y","origin":[8.0,1.1428566,8.0]},"faces":{"east":{"uv":[3.376,1.626,3.624,1.9365],"rotation":0,"texture":"#1","tintindex":0},"south":{"uv":[1.251,2.001,1.874,2.3115],"rotation":0,"texture":"#1","tintindex":0},"north":{"uv":[0.5635,2.001,1.1865,2.3115],"rotation":0,"texture":"#1","tintindex":0},"west":{"uv":[1.6885,3.4385,1.9365,3.749],"rotation":0,"texture":"#1","tintindex":0},"up":{"uv":[2.749,1.374,2.126,1.126],"rotation":0,"texture":"#1","tintindex":0},"down":{"uv":[2.749,1.4385,2.126,1.6865],"rotation":0,"texture":"#1","tintindex":0}}},{"from":[5.108571,11.508572,6.58],"to":[5.7485714,15.005714,9.505714],"rotation":{"angle":0.0,"axis":"y","origin":[8.285714,0.39999962,8.142858]},"faces":{"east":{"uv":[1.626,3.001,1.9365,3.374],"rotation":0,"texture":"#1","tintindex":0},"south":{"uv":[2.1885,6.1885,2.249,6.5615],"rotation":0,"texture":"#1","tintindex":0},"north":{"uv":[1.501,6.1885,1.5615,6.5615],"rotation":0,"texture":"#1","tintindex":0},"west":{"uv":[2.001,3.001,2.3115,3.374],"rotation":0,"texture":"#1","tintindex":0},"up":{"uv":[1.6865,6.8115,1.626,6.501],"rotation":0,"texture":"#1","tintindex":0},"down":{"uv":[1.999,6.501,1.9385,6.8115],"rotation":0,"texture":"#1","tintindex":0}}},{"from":[10.251429,11.508572,6.58],"to":[10.891429,15.005714,9.505714],"rotation":{"angle":0.0,"axis":"y","origin":[7.714286,0.39999962,8.142858]},"faces":{"east":{"uv":[2.876,0.001,3.1865,0.374],"rotation":0,"texture":"#1","tintindex":0},"south":{"uv":[4.001,6.001,4.0615,6.374],"rotation":0,"texture":"#1","tintindex":0},"north":{"uv":[2.4385,6.001,2.499,6.374],"rotation":0,"texture":"#1","tintindex":0},"west":{"uv":[0.4385,3.001,0.749,3.374],"rotation":0,"texture":"#1","tintindex":0},"up":{"uv":[2.374,6.499,2.3135,6.1885],"rotation":0,"texture":"#1","tintindex":0},"down":{"uv":[1.874,6.251,1.8135,6.5615],"rotation":0,"texture":"#1","tintindex":0}}},{"from":[6.110714,10.789286,6.857143],"to":[6.6821427,11.046429,6.942857],"rotation":{"angle":0.0,"axis":"y","origin":[-3.0321436,8.775,5.8285713]},"faces":{"east":{"uv":[15.025,0.0,16.0,0.5],"rotation":0,"texture":"#0","tintindex":0},"south":{"uv":[15.025,0.0,16.0,0.5],"rotation":0,"texture":"#0","tintindex":0},"north":{"uv":[15.025,0.0,16.0,0.5],"rotation":0,"texture":"#0","tintindex":0},"west":{"uv":[15.025,0.0,16.0,0.5],"rotation":0,"texture":"#0","tintindex":0},"up":{"uv":[15.025,0.0,16.0,0.5],"rotation":0,"texture":"#0","tintindex":0},"down":{"uv":[15.025,0.0,16.0,0.5],"rotation":0,"texture":"#0","tintindex":0}}},{"from":[9.317858,10.789286,6.857143],"to":[9.889286,11.046429,6.942857],"rotation":{"angle":0.0,"axis":"y","origin":[19.032143,8.775,5.8285713]},"faces":{"east":{"uv":[15.025,0.0,16.0,0.5],"rotation":0,"texture":"#0","tintindex":0},"south":{"uv":[15.025,0.0,16.0,0.5],"rotation":0,"texture":"#0","tintindex":0},"north":{"uv":[15.025,0.0,16.0,0.5],"rotation":0,"texture":"#0","tintindex":0},"west":{"uv":[15.025,0.0,16.0,0.5],"rotation":0,"texture":"#0","tintindex":0},"up":{"uv":[15.025,0.0,16.0,0.5],"rotation":0,"texture":"#0","tintindex":0},"down":{"uv":[15.025,0.0,16.0,0.5],"rotation":0,"texture":"#0","tintindex":0}}},{"from":[9.317858,10.675,9.057143],"to":[9.889286,10.932143,9.142858],"rotation":{"angle":0.0,"axis":"y","origin":[19.032143,8.660714,10.171429]},"faces":{"east":{"uv":[15.025,0.0,16.0,0.5],"rotation":0,"texture":"#0","tintindex":0},"south":{"uv":[15.025,0.0,16.0,0.5],"rotation":0,"texture":"#0","tintindex":0},"north":{"uv":[15.025,0.0,16.0,0.5],"rotation":0,"texture":"#0","tintindex":0},"west":{"uv":[15.025,0.0,16.0,0.5],"rotation":0,"texture":"#0","tintindex":0},"up":{"uv":[15.025,0.0,16.0,0.5],"rotation":0,"texture":"#0","tintindex":0},"down":{"uv":[15.025,0.0,16.0,0.5],"rotation":0,"texture":"#0","tintindex":0}}},{"from":[6.110714,10.675,9.057143],"to":[6.6821427,10.932143,9.142858],"rotation":{"angle":0.0,"axis":"y","origin":[-3.0321436,8.660714,10.171429]},"faces":{"east":{"uv":[15.025,0.0,16.0,0.5],"rotation":0,"texture":"#0","tintindex":0},"south":{"uv":[15.025,0.0,16.0,0.5],"rotation":0,"texture":"#0","tintindex":0},"north":{"uv":[15.025,0.0,16.0,0.5],"rotation":0,"texture":"#0","tintindex":0},"west":{"uv":[15.025,0.0,16.0,0.5],"rotation":0,"texture":"#0","tintindex":0},"up":{"uv":[15.025,0.0,16.0,0.5],"rotation":0,"texture":"#0","tintindex":0},"down":{"uv":[15.025,0.0,16.0,0.5],"rotation":0,"texture":"#0","tintindex":0}}},{"from":[8.7464285,11.2464285,9.057143],"to":[9.889286,11.5035715,9.142858],"rotation":{"angle":0.0,"axis":"y","origin":[19.032143,9.232143,10.171429]},"faces":{"east":{"uv":[15.025,0.0,16.0,0.5],"rotation":0,"texture":"#0","tintindex":0},"south":{"uv":[15.025,0.0,16.0,0.5],"rotation":0,"texture":"#0","tintindex":0},"north":{"uv":[15.025,0.0,16.0,0.5],"rotation":0,"texture":"#0","tintindex":0},"west":{"uv":[15.025,0.0,16.0,0.5],"rotation":0,"texture":"#0","tintindex":0},"up":{"uv":[15.025,0.0,16.0,0.5],"rotation":0,"texture":"#0","tintindex":0},"down":{"uv":[15.025,0.0,16.0,0.5],"rotation":0,"texture":"#0","tintindex":0}}},{"from":[6.110714,11.2464285,9.057143],"to":[7.2535715,11.5035715,9.142858],"rotation":{"angle":0.0,"axis":"y","origin":[-3.0321436,9.232143,10.171429]},"faces":{"east":{"uv":[15.025,0.0,16.0,0.5],"rotation":0,"texture":"#0","tintindex":0},"south":{"uv":[15.025,0.0,16.0,0.5],"rotation":0,"texture":"#0","tintindex":0},"north":{"uv":[15.025,0.0,16.0,0.5],"rotation":0,"texture":"#0","tintindex":0},"west":{"uv":[15.025,0.0,16.0,0.5],"rotation":0,"texture":"#0","tintindex":0},"up":{"uv":[15.025,0.0,16.0,0.5],"rotation":0,"texture":"#0","tintindex":0},"down":{"uv":[15.025,0.0,16.0,0.5],"rotation":0,"texture":"#0","tintindex":0}}},{"from":[6.110714,11.2464285,6.857143],"to":[7.2535715,11.5035715,6.942857],"rotation":{"angle":0.0,"axis":"y","origin":[-3.0321436,9.232143,5.8285713]},"faces":{"east":{"uv":[15.025,0.0,16.0,0.5],"rotation":0,"texture":"#0","tintindex":0},"south":{"uv":[15.025,0.0,16.0,0.5],"rotation":0,"texture":"#0","tintindex":0},"north":{"uv":[15.025,0.0,16.0,0.5],"rotation":0,"texture":"#0","tintindex":0},"west":{"uv":[15.025,0.0,16.0,0.5],"rotation":0,"texture":"#0","tintindex":0},"up":{"uv":[15.025,0.0,16.0,0.5],"rotation":0,"texture":"#0","tintindex":0},"down":{"uv":[15.025,0.0,16.0,0.5],"rotation":0,"texture":"#0","tintindex":0}}},{"from":[8.7464285,11.675,9.057143],"to":[9.889286,11.932143,9.142858],"rotation":{"angle":0.0,"axis":"y","origin":[19.032143,9.660714,10.171429]},"faces":{"east":{"uv":[15.025,0.0,16.0,0.5],"rotation":0,"texture":"#0","tintindex":0},"south":{"uv":[15.025,0.0,16.0,0.5],"rotation":0,"texture":"#0","tintindex":0},"north":{"uv":[15.025,0.0,16.0,0.5],"rotation":0,"texture":"#0","tintindex":0},"west":{"uv":[15.025,0.0,16.0,0.5],"rotation":0,"texture":"#0","tintindex":0},"up":{"uv":[15.025,0.0,16.0,0.5],"rotation":0,"texture":"#0","tintindex":0},"down":{"uv":[15.025,0.0,16.0,0.5],"rotation":0,"texture":"#0","tintindex":0}}},{"from":[6.110714,11.675,9.057143],"to":[7.2535715,11.932143,9.142858],"rotation":{"angle":0.0,"axis":"y","origin":[-3.0321436,9.660714,10.171429]},"faces":{"east":{"uv":[15.025,0.0,16.0,0.5],"rotation":0,"texture":"#0","tintindex":0},"south":{"uv":[15.025,0.0,16.0,0.5],"rotation":0,"texture":"#0","tintindex":0},"north":{"uv":[15.025,0.0,16.0,0.5],"rotation":0,"texture":"#0","tintindex":0},"west":{"uv":[15.025,0.0,16.0,0.5],"rotation":0,"texture":"#0","tintindex":0},"up":{"uv":[15.025,0.0,16.0,0.5],"rotation":0,"texture":"#0","tintindex":0},"down":{"uv":[15.025,0.0,16.0,0.5],"rotation":0,"texture":"#0","tintindex":0}}},{"from":[5.6821427,11.675,6.857143],"to":[7.2535715,11.932143,6.942857],"rotation":{"angle":0.0,"axis":"y","origin":[-3.0321436,9.660714,5.8285713]},"faces":{"east":{"uv":[15.025,0.0,16.0,0.5],"rotation":0,"texture":"#0","tintindex":0},"south":{"uv":[15.025,0.0,16.0,0.5],"rotation":0,"texture":"#0","tintindex":0},"north":{"uv":[15.025,0.0,16.0,0.5],"rotation":0,"texture":"#0","tintindex":0},"west":{"uv":[15.025,0.0,16.0,0.5],"rotation":0,"texture":"#0","tintindex":0},"up":{"uv":[15.025,0.0,16.0,0.5],"rotation":0,"texture":"#0","tintindex":0},"down":{"uv":[15.025,0.0,16.0,0.5],"rotation":0,"texture":"#0","tintindex":0}}},{"from":[8.7464285,11.2464285,6.857143],"to":[9.889286,11.5035715,6.942857],"rotation":{"angle":0.0,"axis":"y","origin":[19.032143,9.232143,5.8285713]},"faces":{"east":{"uv":[15.025,0.0,16.0,0.5],"rotation":0,"texture":"#0","tintindex":0},"south":{"uv":[15.025,0.0,16.0,0.5],"rotation":0,"texture":"#0","tintindex":0},"north":{"uv":[15.025,0.0,16.0,0.5],"rotation":0,"texture":"#0","tintindex":0},"west":{"uv":[15.025,0.0,16.0,0.5],"rotation":0,"texture":"#0","tintindex":0},"up":{"uv":[15.025,0.0,16.0,0.5],"rotation":0,"texture":"#0","tintindex":0},"down":{"uv":[15.025,0.0,16.0,0.5],"rotation":0,"texture":"#0","tintindex":0}}},{"from":[8.7464285,11.675,6.857143],"to":[10.175,11.932143,6.942857],"rotation":{"angle":0.0,"axis":"y","origin":[19.032143,9.660714,5.8285713]},"faces":{"east":{"uv":[15.025,0.0,16.0,0.5],"rotation":0,"texture":"#0","tintindex":0},"south":{"uv":[15.025,0.0,16.0,0.5],"rotation":0,"texture":"#0","tintindex":0},"north":{"uv":[15.025,0.0,16.0,0.5],"rotation":0,"texture":"#0","tintindex":0},"west":{"uv":[15.025,0.0,16.0,0.5],"rotation":0,"texture":"#0","tintindex":0},"up":{"uv":[15.025,0.0,16.0,0.5],"rotation":0,"texture":"#0","tintindex":0},"down":{"uv":[15.025,0.0,16.0,0.5],"rotation":0,"texture":"#0","tintindex":0}}},{"from":[5.705714,10.834286,6.862857],"to":[10.294286,12.022858,9.137143],"rotation":{"angle":0.0,"axis":"y","origin":[8.0,1.1428566,8.0]},"faces":{"east":{"uv":[15.025,0.0,16.0,0.5],"rotation":0,"texture":"#0","tintindex":0},"south":{"uv":[15.025,0.0,16.0,0.5],"rotation":0,"texture":"#0","tintindex":0},"north":{"uv":[15.025,0.0,16.0,0.5],"rotation":0,"texture":"#0","tintindex":0},"west":{"uv":[15.025,0.0,16.0,0.5],"rotation":0,"texture":"#0","tintindex":0},"up":{"uv":[15.025,0.0,16.0,0.5],"rotation":0,"texture":"#0","tintindex":0},"down":{"uv":[15.025,0.0,16.0,0.5],"rotation":0,"texture":"#0","tintindex":0}}},{"from":[5.7285714,10.285714,6.885714],"to":[10.271429,10.857143,9.114285],"rotation":{"angle":0.0,"axis":"y","origin":[8.0,1.1428566,8.0]},"faces":{"east":{"uv":[15.025,0.0,16.0,0.5],"rotation":0,"texture":"#0","tintindex":0},"south":{"uv":[15.025,0.0,16.0,0.5],"rotation":0,"texture":"#0","tintindex":0},"north":{"uv":[15.025,0.0,16.0,0.5],"rotation":0,"texture":"#0","tintindex":0},"west":{"uv":[15.025,0.0,16.0,0.5],"rotation":0,"texture":"#0","tintindex":0},"up":{"uv":[15.025,0.0,16.0,0.5],"rotation":0,"texture":"#0","tintindex":0},"down":{"uv":[15.025,0.0,16.0,0.5],"rotation":0,"texture":"#0","tintindex":0}}},{"from":[5.6285715,5.142857,6.857143],"to":[7.9142857,8.0,9.142858],"rotation":{"angle":0.0,"axis":"y","origin":[7.857143,0.0,8.0]},"faces":{"east":{"uv":[2.3135,3.501,2.5615,3.8115],"rotation":0,"texture":"#1","tintindex":0},"south":{"uv":[3.501,3.126,3.749,3.4365],"rotation":0,"texture":"#1","tintindex":0},"north":{"uv":[2.001,3.4385,2.249,3.749],"rotation":0,"texture":"#1","tintindex":0},"west":{"uv":[3.501,3.501,3.749,3.8115],"rotation":0,"texture":"#1","tintindex":0},"up":{"uv":[3.249,4.3115,3.001,4.0635],"rotation":0,"texture":"#1","tintindex":0},"down":{"uv":[4.3115,3.9385,4.0635,4.1865],"rotation":0,"texture":"#1","tintindex":0}}},{"from":[5.714286,7.964286,6.942857],"to":[7.8285713,8.364285,9.057143],"rotation":{"angle":0.0,"axis":"y","origin":[7.857143,2.7357144,8.0]},"faces":{"east":{"uv":[7.126,0.251,7.374,0.3115],"rotation":0,"texture":"#1","tintindex":0},"south":{"uv":[7.126,2.501,7.374,2.5615],"rotation":0,"texture":"#1","tintindex":0},"north":{"uv":[7.126,0.126,7.374,0.1865],"rotation":0,"texture":"#1","tintindex":0},"west":{"uv":[7.126,2.626,7.374,2.6865],"rotation":0,"texture":"#1","tintindex":0},"up":{"uv":[4.8115,2.499,4.5635,2.251],"rotation":0,"texture":"#1","tintindex":0},"down":{"uv":[3.874,4.5635,3.626,4.8115],"rotation":0,"texture":"#1","tintindex":0}}},{"from":[5.540779,4.568571,6.560649],"to":[6.1179223,7.4314284,7.137792],"rotation":{"angle":-22.5,"axis":"y","origin":[5.6364937,6.0,6.8492203]},"faces":{"east":{"uv":[6.626,3.626,6.6865,3.9365],"rotation":0,"texture":"#1","tintindex":0},"south":{"uv":[6.626,4.4385,6.6865,4.749],"rotation":0,"texture":"#1","tintindex":0},"north":{"uv":[2.6885,6.626,2.749,6.9365],"rotation":0,"texture":"#1","tintindex":0},"west":{"uv":[4.501,6.626,4.5615,6.9365],"rotation":0,"texture":"#1","tintindex":0},"up":{"uv":[8.4365,2.3115,8.376,2.251],"rotation":0,"texture":"#1","tintindex":0},"down":{"uv":[2.4365,8.376,2.376,8.4365],"rotation":0,"texture":"#1","tintindex":0}}},{"from":[5.540779,5.14,8.862208],"to":[6.1179223,8.002857,9.439351],"rotation":{"angle":22.5,"axis":"y","origin":[5.6364937,6.5714283,9.15078]},"faces":{"east":{"uv":[4.751,6.626,4.8115,6.9365],"rotation":0,"texture":"#1","tintindex":0},"south":{"uv":[4.876,6.626,4.9365,6.9365],"rotation":0,"texture":"#1","tintindex":0},"north":{"uv":[4.626,6.626,4.6865,6.9365],"rotation":0,"texture":"#1","tintindex":0},"west":{"uv":[5.001,6.626,5.0615,6.9365],"rotation":0,"texture":"#1","tintindex":0},"up":{"uv":[8.4365,2.5615,8.376,2.501],"rotation":0,"texture":"#1","tintindex":0},"down":{"uv":[8.4365,2.626,8.376,2.6865],"rotation":0,"texture":"#1","tintindex":0}}},{"from":[6.0571427,4.0,7.142857],"to":[7.7714286,5.142857,8.857143],"rotation":{"angle":0.0,"axis":"y","origin":[7.857143,0.0,8.0]},"faces":{"east":{"uv":[15.025,0.0,16.0,0.5],"rotation":0,"texture":"#0","tintindex":0},"south":{"uv":[15.025,0.0,16.0,0.5],"rotation":0,"texture":"#0","tintindex":0},"north":{"uv":[15.025,0.0,16.0,0.5],"rotation":0,"texture":"#0","tintindex":0},"west":{"uv":[15.025,0.0,16.0,0.5],"rotation":0,"texture":"#0","tintindex":0},"up":{"uv":[15.025,0.0,16.0,0.5],"rotation":0,"texture":"#0","tintindex":0},"down":{"uv":[15.025,0.0,16.0,0.5],"rotation":0,"texture":"#0","tintindex":0}}},{"from":[6.0571427,2.2857141,7.142857],"to":[7.7714286,4.142857,8.857143],"rotation":{"angle":0.0,"axis":"y","origin":[7.857143,0.0,8.0]},"faces":{"east":{"uv":[15.025,0.0,16.0,0.5],"rotation":0,"texture":"#0","tintindex":0},"south":{"uv":[15.025,0.0,16.0,0.5],"rotation":0,"texture":"#0","tintindex":0},"north":{"uv":[15.025,0.0,16.0,0.5],"rotation":0,"texture":"#0","tintindex":0},"west":{"uv":[15.025,0.0,16.0,0.5],"rotation":0,"texture":"#0","tintindex":0},"up":{"uv":[15.025,0.0,16.0,0.5],"rotation":0,"texture":"#0","tintindex":0},"down":{"uv":[15.025,0.0,16.0,0.5],"rotation":0,"texture":"#0","tintindex":0}}},{"from":[5.6403847,-0.06714344,6.748738],"to":[6.217528,2.2242856,7.325881],"rotation":{"angle":22.5,"axis":"y","origin":[5.928956,1.0785708,7.0373096]},"faces":{"east":{"uv":[4.3135,7.126,4.374,7.374],"rotation":0,"texture":"#1","tintindex":0},"south":{"uv":[5.5635,7.126,5.624,7.374],"rotation":0,"texture":"#1","tintindex":0},"north":{"uv":[2.4385,7.126,2.499,7.374],"rotation":0,"texture":"#1","tintindex":0},"west":{"uv":[5.6885,7.126,5.749,7.374],"rotation":0,"texture":"#1","tintindex":0},"up":{"uv":[4.8115,8.4365,4.751,8.376],"rotation":0,"texture":"#1","tintindex":0},"down":{"uv":[4.9365,8.376,4.876,8.4365],"rotation":0,"texture":"#1","tintindex":0}}},{"from":[6.6285715,3.4285712,6.5714283],"to":[7.2,5.142857,7.142857],"rotation":{"angle":0.0,"axis":"y","origin":[6.9142857,4.0,6.857143]},"faces":{"east":{"uv":[1.0635,7.376,1.124,7.5615],"rotation":0,"texture":"#1","tintindex":0},"south":{"uv":[7.376,1.626,7.4365,1.8115],"rotation":0,"texture":"#1","tintindex":0},"north":{"uv":[7.376,0.376,7.4365,0.5615],"rotation":0,"texture":"#1","tintindex":0},"west":{"uv":[2.001,7.376,2.0615,7.5615],"rotation":0,"texture":"#1","tintindex":0},"up":{"uv":[8.0615,7.374,8.001,7.3135],"rotation":0,"texture":"#1","tintindex":0},"down":{"uv":[8.0615,7.4385,8.001,7.499],"rotation":0,"texture":"#1","tintindex":0}}},{"from":[6.0571427,3.4285712,6.5714283],"to":[6.6285715,4.5714283,7.142857],"rotation":{"angle":22.5,"axis":"y","origin":[6.342857,4.0,6.857143]},"faces":{"east":{"uv":[7.876,7.3135,7.9365,7.4365],"rotation":0,"texture":"#1","tintindex":0},"south":{"uv":[7.376,7.876,7.4365,7.999],"rotation":0,"texture":"#1","tintindex":0},"north":{"uv":[7.251,7.876,7.3115,7.999],"rotation":0,"texture":"#1","tintindex":0},"west":{"uv":[7.876,7.501,7.9365,7.624],"rotation":0,"texture":"#1","tintindex":0},"up":{"uv":[1.9365,8.4365,1.876,8.376],"rotation":0,"texture":"#1","tintindex":0},"down":{"uv":[8.4365,1.876,8.376,1.9365],"rotation":0,"texture":"#1","tintindex":0}}},{"from":[7.2,3.4285712,6.5714283],"to":[7.7714286,4.5714283,7.142857],"rotation":{"angle":-22.5,"axis":"y","origin":[7.4857144,4.0,6.857143]},"faces":{"east":{"uv":[0.376,7.9385,0.4365,8.0615],"rotation":0,"texture":"#1","tintindex":0},"south":{"uv":[0.501,7.9385,0.5615,8.0615],"rotation":0,"texture":"#1","tintindex":0},"north":{"uv":[7.9385,0.001,7.999,0.124],"rotation":0,"texture":"#1","tintindex":0},"west":{"uv":[0.626,7.9385,0.6865,8.0615],"rotation":0,"texture":"#1","tintindex":0},"up":{"uv":[2.0615,8.4365,2.001,8.376],"rotation":0,"texture":"#1","tintindex":0},"down":{"uv":[8.4365,2.126,8.376,2.1865],"rotation":0,"texture":"#1","tintindex":0}}},{"from":[5.9142857,3.4285712,7.1],"to":[7.9142857,4.5714283,8.957143],"rotation":{"angle":0.0,"axis":"y","origin":[7.857143,0.0,7.957143]},"faces":{"east":{"uv":[1.6885,2.376,1.874,2.499],"rotation":0,"texture":"#1","tintindex":0},"south":{"uv":[5.4385,1.0635,5.6865,1.1865],"rotation":0,"texture":"#1","tintindex":0},"north":{"uv":[5.4385,0.876,5.6865,0.999],"rotation":0,"texture":"#1","tintindex":0},"west":{"uv":[0.3135,2.5635,0.499,2.6865],"rotation":0,"texture":"#1","tintindex":0},"up":{"uv":[0.249,5.1865,0.001,5.001],"rotation":0,"texture":"#1","tintindex":0},"down":{"uv":[3.1865,5.001,2.9385,5.1865],"rotation":0,"texture":"#1","tintindex":0}}},{"from":[5.771428,0.0,6.857143],"to":[7.7714286,2.2857141,9.142858],"rotation":{"angle":0.0,"axis":"y","origin":[6.7714286,6.5714283,8.0]},"faces":{"east":{"uv":[4.251,0.3135,4.499,0.5615],"rotation":0,"texture":"#1","tintindex":0},"south":{"uv":[0.4385,4.251,0.6865,4.499],"rotation":0,"texture":"#1","tintindex":0},"north":{"uv":[4.251,0.001,4.499,0.249],"rotation":0,"texture":"#1","tintindex":0},"west":{"uv":[1.1885,4.251,1.4365,4.499],"rotation":0,"texture":"#1","tintindex":0},"up":{"uv":[4.499,2.1865,4.251,1.9385],"rotation":0,"texture":"#1","tintindex":0},"down":{"uv":[4.499,2.251,4.251,2.499],"rotation":0,"texture":"#1","tintindex":0}}},{"from":[5.5,2.1999998,6.7571425],"to":[7.957143,2.9428568,9.214286],"rotation":{"angle":0.0,"axis":"y","origin":[6.7714286,2.0285711,8.0]},"faces":{"east":{"uv":[6.751,4.9385,6.999,4.999],"rotation":0,"texture":"#1","tintindex":0},"south":{"uv":[6.751,5.6885,6.999,5.749],"rotation":0,"texture":"#1","tintindex":0},"north":{"uv":[6.751,3.876,6.999,3.9365],"rotation":0,"texture":"#1","tintindex":0},"west":{"uv":[6.751,5.8135,6.999,5.874],"rotation":0,"texture":"#1","tintindex":0},"up":{"uv":[4.624,2.8115,4.376,2.5635],"rotation":0,"texture":"#1","tintindex":0},"down":{"uv":[3.249,4.376,3.001,4.624],"rotation":0,"texture":"#1","tintindex":0}}},{"from":[5.6142855,-0.57142925,6.857143],"to":[7.957143,0.0,9.157143],"rotation":{"angle":0.0,"axis":"y","origin":[6.7714286,4.285714,8.0]},"faces":{"east":{"uv":[6.751,1.751,6.999,1.8115],"rotation":0,"texture":"#1","tintindex":0},"south":{"uv":[6.751,1.876,6.999,1.9365],"rotation":0,"texture":"#1","tintindex":0},"north":{"uv":[6.751,1.626,6.999,1.6865],"rotation":0,"texture":"#1","tintindex":0},"west":{"uv":[6.751,2.001,6.999,2.0615],"rotation":0,"texture":"#1","tintindex":0},"up":{"uv":[3.874,4.499,3.626,4.251],"rotation":0,"texture":"#1","tintindex":0},"down":{"uv":[4.1865,4.251,3.9385,4.499],"rotation":0,"texture":"#1","tintindex":0}}},{"from":[7.2681866,-0.06714344,6.748738],"to":[7.8453293,2.2242856,7.325881],"rotation":{"angle":-22.5,"axis":"y","origin":[7.556758,1.0785708,7.0373096]},"faces":{"east":{"uv":[0.9385,7.1885,0.999,7.4365],"rotation":0,"texture":"#1","tintindex":0},"south":{"uv":[1.1885,7.1885,1.249,7.4365],"rotation":0,"texture":"#1","tintindex":0},"north":{"uv":[0.8135,7.1885,0.874,7.4365],"rotation":0,"texture":"#1","tintindex":0},"west":{"uv":[1.3135,7.1885,1.374,7.4365],"rotation":0,"texture":"#1","tintindex":0},"up":{"uv":[8.4365,5.374,8.376,5.3135],"rotation":0,"texture":"#1","tintindex":0},"down":{"uv":[5.499,8.376,5.4385,8.4365],"rotation":0,"texture":"#1","tintindex":0}}},{"from":[7.2681866,-0.06714344,8.674119],"to":[7.8453293,2.2242856,9.251262],"rotation":{"angle":22.5,"axis":"y","origin":[7.556758,1.0785708,8.96269]},"faces":{"east":{"uv":[3.1885,7.1885,3.249,7.4365],"rotation":0,"texture":"#1","tintindex":0},"south":{"uv":[3.3135,7.1885,3.374,7.4365],"rotation":0,"texture":"#1","tintindex":0},"north":{"uv":[3.0635,7.1885,3.124,7.4365],"rotation":0,"texture":"#1","tintindex":0},"west":{"uv":[3.4385,7.1885,3.499,7.4365],"rotation":0,"texture":"#1","tintindex":0},"up":{"uv":[8.4365,6.6865,8.376,6.626],"rotation":0,"texture":"#1","tintindex":0},"down":{"uv":[6.749,8.376,6.6885,8.4365],"rotation":0,"texture":"#1","tintindex":0}}},{"from":[5.6403847,-0.06714344,8.674119],"to":[6.217528,2.2242856,9.251262],"rotation":{"angle":-22.5,"axis":"y","origin":[5.928956,1.0785708,8.96269]},"faces":{"east":{"uv":[1.876,7.1885,1.9365,7.4365],"rotation":0,"texture":"#1","tintindex":0},"south":{"uv":[7.1885,1.876,7.249,2.124],"rotation":0,"texture":"#1","tintindex":0},"north":{"uv":[1.626,7.1885,1.6865,7.4365],"rotation":0,"texture":"#1","tintindex":0},"west":{"uv":[2.9385,7.1885,2.999,7.4365],"rotation":0,"texture":"#1","tintindex":0},"up":{"uv":[8.4365,5.624,8.376,5.5635],"rotation":0,"texture":"#1","tintindex":0},"down":{"uv":[8.4365,5.9385,8.376,5.999],"rotation":0,"texture":"#1","tintindex":0}}},{"from":[6.192571,0.3711424,4.3997145],"to":[7.344571,0.9517145,5.551714],"rotation":{"angle":45.0,"axis":"x","origin":[6.1971426,0.66142845,4.74]},"faces":{"east":{"uv":[7.9385,2.6885,8.0615,2.749],"rotation":0,"texture":"#1","tintindex":0},"south":{"uv":[7.9385,2.8135,8.0615,2.874],"rotation":0,"texture":"#1","tintindex":0},"north":{"uv":[7.876,7.6885,7.999,7.749],"rotation":0,"texture":"#1","tintindex":0},"west":{"uv":[2.876,7.9385,2.999,7.999],"rotation":0,"texture":"#1","tintindex":0},"up":{"uv":[7.249,5.499,7.126,5.376],"rotation":0,"texture":"#1","tintindex":0},"down":{"uv":[7.3115,0.9385,7.1885,1.0615],"rotation":0,"texture":"#1","tintindex":0}}},{"from":[5.6257143,-0.57428646,5.14],"to":[7.917143,0.5742855,9.145715],"rotation":{"angle":0.0,"axis":"y","origin":[6.7714286,6.0,8.0]},"faces":{"east":{"uv":[4.9385,0.626,5.374,0.749],"rotation":0,"texture":"#1","tintindex":0},"south":{"uv":[5.4385,4.8135,5.6865,4.9365],"rotation":0,"texture":"#1","tintindex":0},"north":{"uv":[4.126,5.4385,4.374,5.5615],"rotation":0,"texture":"#1","tintindex":0},"west":{"uv":[4.9385,0.8135,5.374,0.9365],"rotation":0,"texture":"#1","tintindex":0},"up":{"uv":[2.624,3.4365,2.376,3.001],"rotation":0,"texture":"#1","tintindex":0},"down":{"uv":[3.249,2.751,3.001,3.1865],"rotation":0,"texture":"#1","tintindex":0}}},{"from":[5.685714,0.0,7.428571],"to":[7.857143,1.1428566,9.085714],"rotation":{"angle":0.0,"axis":"y","origin":[6.7714286,6.5714283,8.0]},"faces":{"east":{"uv":[2.126,2.5635,2.3115,2.6865],"rotation":0,"texture":"#1","tintindex":0},"south":{"uv":[5.4385,1.9385,5.6865,2.0615],"rotation":0,"texture":"#1","tintindex":0},"north":{"uv":[5.4385,1.5635,5.6865,1.6865],"rotation":0,"texture":"#1","tintindex":0},"west":{"uv":[2.1885,6.001,2.374,6.124],"rotation":0,"texture":"#1","tintindex":0},"up":{"uv":[2.5615,5.249,2.3135,5.0635],"rotation":0,"texture":"#1","tintindex":0},"down":{"uv":[5.3115,2.8135,5.0635,2.999],"rotation":0,"texture":"#1","tintindex":0}}},{"from":[6.2,-0.57142925,4.5714283],"to":[7.3428574,0.5714283,5.142857],"rotation":{"angle":0.0,"axis":"y","origin":[6.7714286,6.0,8.0]},"faces":{"east":{"uv":[7.6885,1.251,7.749,1.374],"rotation":0,"texture":"#1","tintindex":0},"south":{"uv":[6.751,4.626,6.874,4.749],"rotation":0,"texture":"#1","tintindex":0},"north":{"uv":[6.751,4.4385,6.874,4.5615],"rotation":0,"texture":"#1","tintindex":0},"west":{"uv":[7.6885,3.251,7.749,3.374],"rotation":0,"texture":"#1","tintindex":0},"up":{"uv":[2.9365,1.6865,2.8135,1.626],"rotation":0,"texture":"#1","tintindex":0},"down":{"uv":[3.4365,3.126,3.3135,3.1865],"rotation":0,"texture":"#1","tintindex":0}}},{"from":[8.085714,5.142857,6.857143],"to":[10.3714285,8.0,9.142858],"rotation":{"angle":0.0,"axis":"y","origin":[8.142858,0.0,8.0]},"faces":{"east":{"uv":[3.751,2.5635,3.999,2.874],"rotation":0,"texture":"#1","tintindex":0},"south":{"uv":[3.8135,0.8135,4.0615,1.124],"rotation":0,"texture":"#1","tintindex":0},"north":{"uv":[0.001,3.751,0.249,4.0615],"rotation":0,"texture":"#1","tintindex":0},"west":{"uv":[1.6885,3.8135,1.9365,4.124],"rotation":0,"texture":"#1","tintindex":0},"up":{"uv":[4.499,4.8115,4.251,4.5635],"rotation":0,"texture":"#1","tintindex":0},"down":{"uv":[4.8115,4.501,4.5635,4.749],"rotation":0,"texture":"#1","tintindex":0}}},{"from":[8.171429,7.964286,6.942857],"to":[10.285714,8.364285,9.057143],"rotation":{"angle":0.0,"axis":"y","origin":[8.142858,2.7357144,8.0]},"faces":{"east":{"uv":[7.126,2.876,7.374,2.9365],"rotation":0,"texture":"#1","tintindex":0},"south":{"uv":[7.126,3.001,7.374,3.0615],"rotation":0,"texture":"#1","tintindex":0},"north":{"uv":[7.126,2.751,7.374,2.8115],"rotation":0,"texture":"#1","tintindex":0},"west":{"uv":[7.126,3.251,7.374,3.3115],"rotation":0,"texture":"#1","tintindex":0},"up":{"uv":[4.1865,4.8115,3.9385,4.5635],"rotation":0,"texture":"#1","tintindex":0},"down":{"uv":[4.8115,4.1885,4.5635,4.4365],"rotation":0,"texture":"#1","tintindex":0}}},{"from":[9.882078,4.568571,6.560649],"to":[10.459221,7.4314284,7.137792],"rotation":{"angle":22.5,"axis":"y","origin":[10.363506,6.0,6.8492203]},"faces":{"east":{"uv":[6.626,6.126,6.6865,6.4365],"rotation":0,"texture":"#1","tintindex":0},"south":{"uv":[6.626,6.501,6.6865,6.8115],"rotation":0,"texture":"#1","tintindex":0},"north":{"uv":[5.876,6.626,5.9365,6.9365],"rotation":0,"texture":"#1","tintindex":0},"west":{"uv":[6.6885,0.001,6.749,0.3115],"rotation":0,"texture":"#1","tintindex":0},"up":{"uv":[8.4365,3.749,8.376,3.6885],"rotation":0,"texture":"#1","tintindex":0},"down":{"uv":[8.4365,3.8135,8.376,3.874],"rotation":0,"texture":"#1","tintindex":0}}},{"from":[9.882078,5.14,8.862208],"to":[10.459221,8.002857,9.439351],"rotation":{"angle":-22.5,"axis":"y","origin":[10.363506,6.5714283,9.15078]},"faces":{"east":{"uv":[5.376,6.626,5.4365,6.9365],"rotation":0,"texture":"#1","tintindex":0},"south":{"uv":[5.501,6.626,5.5615,6.9365],"rotation":0,"texture":"#1","tintindex":0},"north":{"uv":[5.126,6.626,5.1865,6.9365],"rotation":0,"texture":"#1","tintindex":0},"west":{"uv":[6.626,5.751,6.6865,6.0615],"rotation":0,"texture":"#1","tintindex":0},"up":{"uv":[8.4365,3.3115,8.376,3.251],"rotation":0,"texture":"#1","tintindex":0},"down":{"uv":[8.4365,3.376,8.376,3.4365],"rotation":0,"texture":"#1","tintindex":0}}},{"from":[8.228572,4.0,7.142857],"to":[9.942858,5.142857,8.857143],"rotation":{"angle":0.0,"axis":"y","origin":[8.142858,0.0,8.0]},"faces":{"east":{"uv":[15.025,0.0,16.0,0.5],"rotation":0,"texture":"#0","tintindex":0},"south":{"uv":[15.025,0.0,16.0,0.5],"rotation":0,"texture":"#0","tintindex":0},"north":{"uv":[15.025,0.0,16.0,0.5],"rotation":0,"texture":"#0","tintindex":0},"west":{"uv":[15.025,0.0,16.0,0.5],"rotation":0,"texture":"#0","tintindex":0},"up":{"uv":[15.025,0.0,16.0,0.5],"rotation":0,"texture":"#0","tintindex":0},"down":{"uv":[15.025,0.0,16.0,0.5],"rotation":0,"texture":"#0","tintindex":0}}},{"from":[8.657143,-0.57142925,4.5714283],"to":[9.8,0.5714283,5.142857],"rotation":{"angle":0.0,"axis":"y","origin":[9.228572,6.0,8.0]},"faces":{"east":{"uv":[3.0635,7.9385,3.124,8.0615],"rotation":0,"texture":"#1","tintindex":0},"south":{"uv":[7.251,1.126,7.374,1.249],"rotation":0,"texture":"#1","tintindex":0},"north":{"uv":[7.251,0.626,7.374,0.749],"rotation":0,"texture":"#1","tintindex":0},"west":{"uv":[3.1885,7.9385,3.249,8.0615],"rotation":0,"texture":"#1","tintindex":0},"up":{"uv":[8.0615,2.999,7.9385,2.9385],"rotation":0,"texture":"#1","tintindex":0},"down":{"uv":[3.4365,7.9385,3.3135,7.999],"rotation":0,"texture":"#1","tintindex":0}}},{"from":[8.142858,0.0,7.428571],"to":[10.314286,1.1428566,9.085714],"rotation":{"angle":0.0,"axis":"y","origin":[9.228572,6.5714283,8.0]},"faces":{"east":{"uv":[3.501,6.1885,3.6865,6.3115],"rotation":0,"texture":"#1","tintindex":0},"south":{"uv":[5.751,3.4385,5.999,3.5615],"rotation":0,"texture":"#1","tintindex":0},"north":{"uv":[5.751,3.251,5.999,3.374],"rotation":0,"texture":"#1","tintindex":0},"west":{"uv":[3.751,6.1885,3.9365,6.3115],"rotation":0,"texture":"#1","tintindex":0},"up":{"uv":[0.5615,5.4365,0.3135,5.251],"rotation":0,"texture":"#1","tintindex":0},"down":{"uv":[1.249,5.251,1.001,5.4365],"rotation":0,"texture":"#1","tintindex":0}}},{"from":[8.082857,-0.57428646,5.14],"to":[10.374286,0.5742855,9.145715],"rotation":{"angle":0.0,"axis":"y","origin":[9.228572,6.0,8.0]},"faces":{"east":{"uv":[4.9385,3.8135,5.374,3.9365],"rotation":0,"texture":"#1","tintindex":0},"south":{"uv":[5.751,4.001,5.999,4.124],"rotation":0,"texture":"#1","tintindex":0},"north":{"uv":[5.751,3.8135,5.999,3.9365],"rotation":0,"texture":"#1","tintindex":0},"west":{"uv":[4.9385,4.001,5.374,4.124],"rotation":0,"texture":"#1","tintindex":0},"up":{"uv":[1.0615,3.499,0.8135,3.0635],"rotation":0,"texture":"#1","tintindex":0},"down":{"uv":[1.374,3.0635,1.126,3.499],"rotation":0,"texture":"#1","tintindex":0}}},{"from":[8.655429,0.3711424,4.3997145],"to":[9.807428,0.9517145,5.551714],"rotation":{"angle":45.0,"axis":"x","origin":[9.802857,0.66142845,4.74]},"faces":{"east":{"uv":[7.9385,3.4385,8.0615,3.499],"rotation":0,"texture":"#1","tintindex":0},"south":{"uv":[3.501,7.9385,3.624,7.999],"rotation":0,"texture":"#1","tintindex":0},"north":{"uv":[7.9385,3.3135,8.0615,3.374],"rotation":0,"texture":"#1","tintindex":0},"west":{"uv":[7.9385,3.5635,8.0615,3.624],"rotation":0,"texture":"#1","tintindex":0},"up":{"uv":[7.374,1.4365,7.251,1.3135],"rotation":0,"texture":"#1","tintindex":0},"down":{"uv":[7.374,2.1885,7.251,2.3115],"rotation":0,"texture":"#1","tintindex":0}}},{"from":[8.154671,-0.06714344,8.674119],"to":[8.731813,2.2242856,9.251262],"rotation":{"angle":-22.5,"axis":"y","origin":[8.443242,1.0785708,8.96269]},"faces":{"east":{"uv":[6.251,7.1885,6.3115,7.4365],"rotation":0,"texture":"#1","tintindex":0},"south":{"uv":[7.1885,6.4385,7.249,6.6865],"rotation":0,"texture":"#1","tintindex":0},"north":{"uv":[6.126,7.1885,6.1865,7.4365],"rotation":0,"texture":"#1","tintindex":0},"west":{"uv":[6.5635,7.1885,6.624,7.4365],"rotation":0,"texture":"#1","tintindex":0},"up":{"uv":[7.124,8.4365,7.0635,8.376],"rotation":0,"texture":"#1","tintindex":0},"down":{"uv":[8.4365,7.1885,8.376,7.249],"rotation":0,"texture":"#1","tintindex":0}}},{"from":[9.782473,-0.06714344,8.674119],"to":[10.359615,2.2242856,9.251262],"rotation":{"angle":22.5,"axis":"y","origin":[10.071044,1.0785708,8.96269]},"faces":{"east":{"uv":[3.5635,7.1885,3.624,7.4365],"rotation":0,"texture":"#1","tintindex":0},"south":{"uv":[7.1885,5.6885,7.249,5.9365],"rotation":0,"texture":"#1","tintindex":0},"north":{"uv":[7.1885,3.501,7.249,3.749],"rotation":0,"texture":"#1","tintindex":0},"west":{"uv":[7.1885,6.001,7.249,6.249],"rotation":0,"texture":"#1","tintindex":0},"up":{"uv":[6.874,8.4365,6.8135,8.376],"rotation":0,"texture":"#1","tintindex":0},"down":{"uv":[6.999,8.376,6.9385,8.4365],"rotation":0,"texture":"#1","tintindex":0}}},{"from":[8.154671,-0.06714344,6.748738],"to":[8.731813,2.2242856,7.325881],"rotation":{"angle":22.5,"axis":"y","origin":[8.443242,1.0785708,7.0373096]},"faces":{"east":{"uv":[0.4385,7.1885,0.499,7.4365],"rotation":0,"texture":"#1","tintindex":0},"south":{"uv":[0.5635,7.1885,0.624,7.4365],"rotation":0,"texture":"#1","tintindex":0},"north":{"uv":[0.126,7.1885,0.1865,7.4365],"rotation":0,"texture":"#1","tintindex":0},"west":{"uv":[0.6885,7.1885,0.749,7.4365],"rotation":0,"texture":"#1","tintindex":0},"up":{"uv":[8.4365,5.249,8.376,5.1885],"rotation":0,"texture":"#1","tintindex":0},"down":{"uv":[5.374,8.376,5.3135,8.4365],"rotation":0,"texture":"#1","tintindex":0}}},{"from":[9.782473,-0.06714344,6.748738],"to":[10.359615,2.2242856,7.325881],"rotation":{"angle":-22.5,"axis":"y","origin":[10.071044,1.0785708,7.0373096]},"faces":{"east":{"uv":[7.001,7.126,7.0615,7.374],"rotation":0,"texture":"#1","tintindex":0},"south":{"uv":[7.126,7.126,7.1865,7.374],"rotation":0,"texture":"#1","tintindex":0},"north":{"uv":[6.876,7.126,6.9365,7.374],"rotation":0,"texture":"#1","tintindex":0},"west":{"uv":[0.001,7.1885,0.0615,7.4365],"rotation":0,"texture":"#1","tintindex":0},"up":{"uv":[8.4365,4.999,8.376,4.9385],"rotation":0,"texture":"#1","tintindex":0},"down":{"uv":[8.4365,5.0635,8.376,5.124],"rotation":0,"texture":"#1","tintindex":0}}},{"from":[8.042857,2.1999998,6.7571425],"to":[10.5,2.9428568,9.214286],"rotation":{"angle":0.0,"axis":"y","origin":[9.228572,2.0285711,8.0]},"faces":{"east":{"uv":[7.126,4.001,7.374,4.0615],"rotation":0,"texture":"#1","tintindex":0},"south":{"uv":[7.126,4.126,7.374,4.1865],"rotation":0,"texture":"#1","tintindex":0},"north":{"uv":[7.126,3.376,7.374,3.4365],"rotation":0,"texture":"#1","tintindex":0},"west":{"uv":[7.126,4.251,7.374,4.3115],"rotation":0,"texture":"#1","tintindex":0},"up":{"uv":[4.874,0.874,4.626,0.626],"rotation":0,"texture":"#1","tintindex":0},"down":{"uv":[4.874,0.9385,4.626,1.1865],"rotation":0,"texture":"#1","tintindex":0}}},{"from":[8.228572,0.0,6.857143],"to":[10.228572,2.2857141,9.142858],"rotation":{"angle":0.0,"axis":"y","origin":[9.228572,6.5714283,8.0]},"faces":{"east":{"uv":[4.6885,2.5635,4.9365,2.8115],"rotation":0,"texture":"#1","tintindex":0},"south":{"uv":[3.001,4.6885,3.249,4.9365],"rotation":0,"texture":"#1","tintindex":0},"north":{"uv":[4.626,1.626,4.874,1.874],"rotation":0,"texture":"#1","tintindex":0},"west":{"uv":[4.751,2.876,4.999,3.124],"rotation":0,"texture":"#1","tintindex":0},"up":{"uv":[4.999,3.4365,4.751,3.1885],"rotation":0,"texture":"#1","tintindex":0},"down":{"uv":[4.999,3.501,4.751,3.749],"rotation":0,"texture":"#1","tintindex":0}}},{"from":[8.085714,3.4285712,7.1],"to":[10.085714,4.5714283,8.957143],"rotation":{"angle":0.0,"axis":"y","origin":[8.142858,0.0,7.957143]},"faces":{"east":{"uv":[6.1885,0.001,6.374,0.124],"rotation":0,"texture":"#1","tintindex":0},"south":{"uv":[5.751,3.0635,5.999,3.1865],"rotation":0,"texture":"#1","tintindex":0},"north":{"uv":[5.751,1.5635,5.999,1.6865],"rotation":0,"texture":"#1","tintindex":0},"west":{"uv":[6.1885,2.8135,6.374,2.9365],"rotation":0,"texture":"#1","tintindex":0},"up":{"uv":[4.4365,5.374,4.1885,5.1885],"rotation":0,"texture":"#1","tintindex":0},"down":{"uv":[0.249,5.251,0.001,5.4365],"rotation":0,"texture":"#1","tintindex":0}}},{"from":[8.228572,3.4285712,6.5714283],"to":[8.8,4.5714283,7.142857],"rotation":{"angle":22.5,"axis":"y","origin":[8.514286,4.0,6.857143]},"faces":{"east":{"uv":[0.876,7.9385,0.9365,8.0615],"rotation":0,"texture":"#1","tintindex":0},"south":{"uv":[7.9385,1.001,7.999,1.124],"rotation":0,"texture":"#1","tintindex":0},"north":{"uv":[0.751,7.9385,0.8115,8.0615],"rotation":0,"texture":"#1","tintindex":0},"west":{"uv":[1.501,7.9385,1.5615,8.0615],"rotation":0,"texture":"#1","tintindex":0},"up":{"uv":[8.4365,3.999,8.376,3.9385],"rotation":0,"texture":"#1","tintindex":0},"down":{"uv":[4.0615,8.376,4.001,8.4365],"rotation":0,"texture":"#1","tintindex":0}}},{"from":[9.3714285,3.4285712,6.5714283],"to":[9.942858,4.5714283,7.142857],"rotation":{"angle":-22.5,"axis":"y","origin":[9.657143,4.0,6.857143]},"faces":{"east":{"uv":[1.8135,7.9385,1.874,8.0615],"rotation":0,"texture":"#1","tintindex":0},"south":{"uv":[2.376,7.9385,2.4365,8.0615],"rotation":0,"texture":"#1","tintindex":0},"north":{"uv":[7.9385,1.6885,7.999,1.8115],"rotation":0,"texture":"#1","tintindex":0},"west":{"uv":[7.9385,2.501,7.999,2.624],"rotation":0,"texture":"#1","tintindex":0},"up":{"uv":[8.4365,4.124,8.376,4.0635],"rotation":0,"texture":"#1","tintindex":0},"down":{"uv":[8.4365,4.1885,8.376,4.249],"rotation":0,"texture":"#1","tintindex":0}}},{"from":[8.8,3.4285712,6.5714283],"to":[9.3714285,5.142857,7.142857],"rotation":{"angle":0.0,"axis":"y","origin":[9.085714,4.0,6.857143]},"faces":{"east":{"uv":[7.5635,4.4385,7.624,4.624],"rotation":0,"texture":"#1","tintindex":0},"south":{"uv":[7.5635,5.001,7.624,5.1865],"rotation":0,"texture":"#1","tintindex":0},"north":{"uv":[7.5635,4.1885,7.624,4.374],"rotation":0,"texture":"#1","tintindex":0},"west":{"uv":[7.5635,5.251,7.624,5.4365],"rotation":0,"texture":"#1","tintindex":0},"up":{"uv":[8.4365,4.5615,8.376,4.501],"rotation":0,"texture":"#1","tintindex":0},"down":{"uv":[8.4365,4.626,8.376,4.6865],"rotation":0,"texture":"#1","tintindex":0}}},{"from":[8.228572,2.2857141,7.142857],"to":[9.942858,4.142857,8.857143],"rotation":{"angle":0.0,"axis":"y","origin":[8.142858,0.0,8.0]},"faces":{"east":{"uv":[15.025,0.0,16.0,0.5],"rotation":0,"texture":"#0","tintindex":0},"south":{"uv":[15.025,0.0,16.0,0.5],"rotation":0,"texture":"#0","tintindex":0},"north":{"uv":[15.025,0.0,16.0,0.5],"rotation":0,"texture":"#0","tintindex":0},"west":{"uv":[15.025,0.0,16.0,0.5],"rotation":0,"texture":"#0","tintindex":0},"up":{"uv":[15.025,0.0,16.0,0.5],"rotation":0,"texture":"#0","tintindex":0},"down":{"uv":[15.025,0.0,16.0,0.5],"rotation":0,"texture":"#0","tintindex":0}}},{"from":[8.042857,-0.57142925,6.857143],"to":[10.385715,0.0,9.157143],"rotation":{"angle":0.0,"axis":"y","origin":[9.228572,4.285714,8.0]},"faces":{"east":{"uv":[7.126,5.001,7.374,5.0615],"rotation":0,"texture":"#1","tintindex":0},"south":{"uv":[7.126,5.126,7.374,5.1865],"rotation":0,"texture":"#1","tintindex":0},"north":{"uv":[7.126,4.5635,7.374,4.624],"rotation":0,"texture":"#1","tintindex":0},"west":{"uv":[7.126,5.251,7.374,5.3115],"rotation":0,"texture":"#1","tintindex":0},"up":{"uv":[0.999,5.0615,0.751,4.8135],"rotation":0,"texture":"#1","tintindex":0},"down":{"uv":[1.624,4.8135,1.376,5.0615],"rotation":0,"texture":"#1","tintindex":0}}}],"textures":{"0":"modelengine:entity/boneshadingravager","1":"modelengine:entity/fallenravager"},"display":{"head":{"translation":[0.0,-6.4,0.0],"scale":[4.0,4.0,4.0]}}}