{"elements":[{"from":[4.250577,6.6651893,6.1469183],"to":[5.8505774,7.693761,10.032633],"rotation":{"angle":-22.5,"axis":"z","origin":[5.050577,7.293761,9.2040615]},"faces":{"east":{"uv":[4.9385,1.001,5.374,1.124],"rotation":0,"texture":"#1","tintindex":0},"south":{"uv":[6.0635,3.251,6.249,3.374],"rotation":0,"texture":"#1","tintindex":0},"north":{"uv":[6.0635,3.0635,6.249,3.1865],"rotation":0,"texture":"#1","tintindex":0},"west":{"uv":[4.9385,1.626,5.374,1.749],"rotation":0,"texture":"#1","tintindex":0},"up":{"uv":[0.624,3.874,0.4385,3.4385],"rotation":0,"texture":"#1","tintindex":0},"down":{"uv":[1.624,3.4385,1.4385,3.874],"rotation":0,"texture":"#1","tintindex":0}}},{"from":[5.533143,6.342857,9.322408],"to":[7.242857,6.909714,9.889265],"rotation":{"angle":0.0,"axis":"y","origin":[9.530857,-9.65943,7.0344076]},"faces":{"east":{"uv":[6.5635,8.1885,6.624,8.249],"rotation":0,"texture":"#1","tintindex":0},"south":{"uv":[1.1885,7.501,1.374,7.5615],"rotation":0,"texture":"#1","tintindex":0},"north":{"uv":[0.751,7.501,0.9365,7.5615],"rotation":0,"texture":"#1","tintindex":0},"west":{"uv":[8.1885,6.5635,8.249,6.624],"rotation":0,"texture":"#1","tintindex":0},"up":{"uv":[7.6865,1.6865,7.501,1.626],"rotation":0,"texture":"#1","tintindex":0},"down":{"uv":[7.6865,1.751,7.501,1.8115],"rotation":0,"texture":"#1","tintindex":0}}},{"from":[5.528571,6.342857,6.2285714],"to":[7.242857,6.9142857,6.8],"rotation":{"angle":0.0,"axis":"y","origin":[9.528571,-9.657143,9.085714]},"faces":{"east":{"uv":[6.4385,8.1885,6.499,8.249],"rotation":0,"texture":"#1","tintindex":0},"south":{"uv":[7.501,0.376,7.6865,0.4365],"rotation":0,"texture":"#1","tintindex":0},"north":{"uv":[7.4385,5.501,7.624,5.5615],"rotation":0,"texture":"#1","tintindex":0},"west":{"uv":[8.1885,6.4385,8.249,6.499],"rotation":0,"texture":"#1","tintindex":0},"up":{"uv":[0.6865,7.5615,0.501,7.501],"rotation":0,"texture":"#1","tintindex":0},"down":{"uv":[7.6865,0.501,7.501,0.5615],"rotation":0,"texture":"#1","tintindex":0}}},{"from":[8.166929,9.26693,9.2063465],"to":[8.733787,9.833786,9.773204],"rotation":{"angle":-45.0,"axis":"x","origin":[8.450357,9.550358,9.489776]},"faces":{"east":{"uv":[6.0635,8.1885,6.124,8.249],"rotation":0,"texture":"#1","tintindex":0},"south":{"uv":[6.1885,8.1885,6.249,8.249],"rotation":0,"texture":"#1","tintindex":0},"north":{"uv":[5.9385,8.1885,5.999,8.249],"rotation":0,"texture":"#1","tintindex":0},"west":{"uv":[8.1885,6.1885,8.249,6.249],"rotation":0,"texture":"#1","tintindex":0},"up":{"uv":[6.374,8.249,6.3135,8.1885],"rotation":0,"texture":"#1","tintindex":0},"down":{"uv":[8.249,6.3135,8.1885,6.374],"rotation":0,"texture":"#1","tintindex":0}}},{"from":[8.164643,9.38299,6.6326323],"to":[8.736072,9.954419,9.489776],"rotation":{"angle":0.0,"axis":"y","origin":[9.307501,6.8115616,6.9183464]},"faces":{"east":{"uv":[6.251,1.876,6.5615,1.9365],"rotation":0,"texture":"#1","tintindex":0},"south":{"uv":[8.1885,5.876,8.249,5.9365],"rotation":0,"texture":"#1","tintindex":0},"north":{"uv":[5.8135,8.1885,5.874,8.249],"rotation":0,"texture":"#1","tintindex":0},"west":{"uv":[6.251,2.001,6.5615,2.0615],"rotation":0,"texture":"#1","tintindex":0},"up":{"uv":[6.374,3.3115,6.3135,3.001],"rotation":0,"texture":"#1","tintindex":0},"down":{"uv":[6.374,4.1885,6.3135,4.499],"rotation":0,"texture":"#1","tintindex":0}}},{"from":[8.164643,9.264644,6.346918],"to":[8.736072,9.836072,6.9183464],"rotation":{"angle":45.0,"axis":"x","origin":[8.450357,9.550358,6.6326323]},"faces":{"east":{"uv":[5.1885,8.1885,5.249,8.249],"rotation":0,"texture":"#1","tintindex":0},"south":{"uv":[8.1885,5.4385,8.249,5.499],"rotation":0,"texture":"#1","tintindex":0},"north":{"uv":[5.0635,8.1885,5.124,8.249],"rotation":0,"texture":"#1","tintindex":0},"west":{"uv":[5.5635,8.1885,5.624,8.249],"rotation":0,"texture":"#1","tintindex":0},"up":{"uv":[5.749,8.249,5.6885,8.1885],"rotation":0,"texture":"#1","tintindex":0},"down":{"uv":[8.249,5.751,8.1885,5.8115],"rotation":0,"texture":"#1","tintindex":0}}},{"from":[7.7885604,6.537499,9.31689],"to":[8.359989,7.680356,9.888318],"rotation":{"angle":-22.5,"axis":"z","origin":[8.931417,6.823213,9.602604]},"faces":{"east":{"uv":[7.8135,2.501,7.874,2.624],"rotation":0,"texture":"#1","tintindex":0},"south":{"uv":[7.8135,2.6885,7.874,2.8115],"rotation":0,"texture":"#1","tintindex":0},"north":{"uv":[2.251,7.8135,2.3115,7.9365],"rotation":0,"texture":"#1","tintindex":0},"west":{"uv":[7.8135,2.876,7.874,2.999],"rotation":0,"texture":"#1","tintindex":0},"up":{"uv":[4.749,8.249,4.6885,8.1885],"rotation":0,"texture":"#1","tintindex":0},"down":{"uv":[8.249,4.8135,8.1885,4.874],"rotation":0,"texture":"#1","tintindex":0}}},{"from":[7.039667,6.7538896,9.314604],"to":[8.187096,7.3298893,9.890604],"rotation":{"angle":22.5,"axis":"z","origin":[8.18481,7.0418897,9.602604]},"faces":{"east":{"uv":[8.1885,4.4385,8.249,4.499],"rotation":0,"texture":"#1","tintindex":0},"south":{"uv":[7.8135,2.126,7.9365,2.1865],"rotation":0,"texture":"#1","tintindex":0},"north":{"uv":[7.8135,2.001,7.9365,2.0615],"rotation":0,"texture":"#1","tintindex":0},"west":{"uv":[4.5635,8.1885,4.624,8.249],"rotation":0,"texture":"#1","tintindex":0},"up":{"uv":[7.9365,2.3115,7.8135,2.251],"rotation":0,"texture":"#1","tintindex":0},"down":{"uv":[7.9365,2.376,7.8135,2.4365],"rotation":0,"texture":"#1","tintindex":0}}},{"from":[8.161215,7.834929,9.318032],"to":[8.730358,9.546929,9.887176],"rotation":{"angle":0.0,"axis":"y","origin":[9.302929,7.548072,9.602604]},"faces":{"east":{"uv":[0.001,7.501,0.0615,7.6865],"rotation":0,"texture":"#1","tintindex":0},"south":{"uv":[0.126,7.501,0.1865,7.6865],"rotation":0,"texture":"#1","tintindex":0},"north":{"uv":[7.1885,7.4385,7.249,7.624],"rotation":0,"texture":"#1","tintindex":0},"west":{"uv":[0.376,7.501,0.4365,7.6865],"rotation":0,"texture":"#1","tintindex":0},"up":{"uv":[4.374,8.249,4.3135,8.1885],"rotation":0,"texture":"#1","tintindex":0},"down":{"uv":[4.499,8.1885,4.4385,8.249],"rotation":0,"texture":"#1","tintindex":0}}},{"from":[8.162357,7.833786,6.226286],"to":[8.738358,9.552644,6.8022857],"rotation":{"angle":0.0,"axis":"y","origin":[9.307501,7.550358,6.5142856]},"faces":{"east":{"uv":[6.8135,7.4385,6.874,7.624],"rotation":0,"texture":"#1","tintindex":0},"south":{"uv":[6.9385,7.4385,6.999,7.624],"rotation":0,"texture":"#1","tintindex":0},"north":{"uv":[6.6885,7.4385,6.749,7.624],"rotation":0,"texture":"#1","tintindex":0},"west":{"uv":[7.0635,7.4385,7.124,7.624],"rotation":0,"texture":"#1","tintindex":0},"up":{"uv":[3.9365,8.249,3.876,8.1885],"rotation":0,"texture":"#1","tintindex":0},"down":{"uv":[4.249,8.1885,4.1885,8.249],"rotation":0,"texture":"#1","tintindex":0}}},{"from":[7.0442386,6.756175,6.226286],"to":[8.191667,7.3321753,6.8022857],"rotation":{"angle":22.5,"axis":"z","origin":[8.189382,7.044175,6.5142856]},"faces":{"east":{"uv":[8.1885,3.626,8.249,3.6865],"rotation":0,"texture":"#1","tintindex":0},"south":{"uv":[7.8135,1.1885,7.9365,1.249],"rotation":0,"texture":"#1","tintindex":0},"north":{"uv":[7.8135,0.751,7.9365,0.8115],"rotation":0,"texture":"#1","tintindex":0},"west":{"uv":[3.751,8.1885,3.8115,8.249],"rotation":0,"texture":"#1","tintindex":0},"up":{"uv":[7.9365,1.374,7.8135,1.3135],"rotation":0,"texture":"#1","tintindex":0},"down":{"uv":[7.9365,1.876,7.8135,1.9365],"rotation":0,"texture":"#1","tintindex":0}}},{"from":[7.793132,6.5397844,6.2285714],"to":[8.36456,7.682642,6.8],"rotation":{"angle":-22.5,"axis":"z","origin":[8.935988,6.825499,6.5142856]},"faces":{"east":{"uv":[7.751,7.126,7.8115,7.249],"rotation":0,"texture":"#1","tintindex":0},"south":{"uv":[7.8135,0.001,7.874,0.124],"rotation":0,"texture":"#1","tintindex":0},"north":{"uv":[7.751,6.9385,7.8115,7.0615],"rotation":0,"texture":"#1","tintindex":0},"west":{"uv":[7.8135,1.001,7.874,1.124],"rotation":0,"texture":"#1","tintindex":0},"up":{"uv":[3.5615,8.249,3.501,8.1885],"rotation":0,"texture":"#1","tintindex":0},"down":{"uv":[3.6865,8.1885,3.626,8.249],"rotation":0,"texture":"#1","tintindex":0}}},{"from":[6.4503574,6.7258472,6.6326323],"to":[8.164643,9.582991,9.489776],"rotation":{"angle":0.0,"axis":"y","origin":[9.307501,6.2972755,6.9183464]},"faces":{"east":{"uv":[3.001,1.626,3.3115,1.9365],"rotation":0,"texture":"#1","tintindex":0},"south":{"uv":[1.0635,4.876,1.249,5.1865],"rotation":0,"texture":"#1","tintindex":0},"north":{"uv":[0.4385,4.876,0.624,5.1865],"rotation":0,"texture":"#1","tintindex":0},"west":{"uv":[3.251,0.001,3.5615,0.3115],"rotation":0,"texture":"#1","tintindex":0},"up":{"uv":[5.0615,1.5615,4.876,1.251],"rotation":0,"texture":"#1","tintindex":0},"down":{"uv":[5.0615,1.9385,4.876,2.249],"rotation":0,"texture":"#1","tintindex":0}}},{"from":[5.667325,6.7242546,6.689775],"to":[7.2673254,8.895683,9.432632],"rotation":{"angle":22.5,"axis":"z","origin":[5.8958964,7.567112,8.918346]},"faces":{"east":{"uv":[0.876,3.5635,1.1865,3.8115],"rotation":0,"texture":"#1","tintindex":0},"south":{"uv":[1.5635,5.126,1.749,5.374],"rotation":0,"texture":"#1","tintindex":0},"north":{"uv":[1.3135,5.126,1.499,5.374],"rotation":0,"texture":"#1","tintindex":0},"west":{"uv":[3.5635,2.251,3.874,2.499],"rotation":0,"texture":"#1","tintindex":0},"up":{"uv":[3.499,5.124,3.3135,4.8135],"rotation":0,"texture":"#1","tintindex":0},"down":{"uv":[5.0615,0.001,4.876,0.3115],"rotation":0,"texture":"#1","tintindex":0}}},{"from":[3.8073907,6.6280127,6.7183466],"to":[5.3502474,8.17087,9.404061],"rotation":{"angle":45.0,"axis":"z","origin":[4.6645336,8.699441,8.918346]},"faces":{"east":{"uv":[2.3135,4.8135,2.624,4.999],"rotation":0,"texture":"#1","tintindex":0},"south":{"uv":[5.251,4.4385,5.4365,4.624],"rotation":0,"texture":"#1","tintindex":0},"north":{"uv":[3.5635,0.8135,3.749,0.999],"rotation":0,"texture":"#1","tintindex":0},"west":{"uv":[4.5635,4.8135,4.874,4.999],"rotation":0,"texture":"#1","tintindex":0},"up":{"uv":[2.8115,3.999,2.626,3.6885],"rotation":0,"texture":"#1","tintindex":0},"down":{"uv":[2.874,4.8135,2.6885,5.124],"rotation":0,"texture":"#1","tintindex":0}}},{"from":[6.0,5.714286,6.857143],"to":[8.285714,8.0,9.142858],"rotation":{"angle":0.0,"axis":"y","origin":[10.571428,-5.1428576,8.0]},"faces":{"east":{"uv":[1.1885,3.9385,1.4365,4.1865],"rotation":0,"texture":"#1","tintindex":0},"south":{"uv":[3.9385,2.251,4.1865,2.499],"rotation":0,"texture":"#1","tintindex":0},"north":{"uv":[3.9385,0.3135,4.1865,0.5615],"rotation":0,"texture":"#1","tintindex":0},"west":{"uv":[3.751,3.9385,3.999,4.1865],"rotation":0,"texture":"#1","tintindex":0},"up":{"uv":[4.249,1.874,4.001,1.626],"rotation":0,"texture":"#1","tintindex":0},"down":{"uv":[4.3115,2.5635,4.0635,2.8115],"rotation":0,"texture":"#1","tintindex":0}}},{"from":[5.9965715,5.139428,6.753714],"to":[6.574857,8.003428,7.332],"rotation":{"angle":45.0,"axis":"y","origin":[6.285714,6.857143,7.2714286]},"faces":{"east":{"uv":[6.4385,4.1885,6.499,4.499],"rotation":0,"texture":"#1","tintindex":0},"south":{"uv":[4.251,6.4385,4.3115,6.749],"rotation":0,"texture":"#1","tintindex":0},"north":{"uv":[4.126,6.4385,4.1865,6.749],"rotation":0,"texture":"#1","tintindex":0},"west":{"uv":[4.376,6.4385,4.4365,6.749],"rotation":0,"texture":"#1","tintindex":0},"up":{"uv":[8.374,1.4365,8.3135,1.376],"rotation":0,"texture":"#1","tintindex":0},"down":{"uv":[8.374,1.501,8.3135,1.5615],"rotation":0,"texture":"#1","tintindex":0}}},{"from":[5.9965715,5.139428,8.796572],"to":[6.574857,8.003428,9.374857],"rotation":{"angle":-45.0,"axis":"y","origin":[6.285714,6.857143,8.857143]},"faces":{"east":{"uv":[5.751,6.4385,5.8115,6.749],"rotation":0,"texture":"#1","tintindex":0},"south":{"uv":[0.5635,6.501,0.624,6.8115],"rotation":0,"texture":"#1","tintindex":0},"north":{"uv":[5.626,6.4385,5.6865,6.749],"rotation":0,"texture":"#1","tintindex":0},"west":{"uv":[0.6885,6.501,0.749,6.8115],"rotation":0,"texture":"#1","tintindex":0},"up":{"uv":[1.6865,8.374,1.626,8.3135],"rotation":0,"texture":"#1","tintindex":0},"down":{"uv":[8.374,1.626,8.3135,1.6865],"rotation":0,"texture":"#1","tintindex":0}}},{"from":[7.714286,5.142857,6.857143],"to":[8.285714,5.714286,9.142858],"rotation":{"angle":0.0,"axis":"y","origin":[10.428572,-5.714287,8.0]},"faces":{"east":{"uv":[6.6885,5.3135,6.9365,5.374],"rotation":0,"texture":"#1","tintindex":0},"south":{"uv":[8.001,7.5635,8.0615,7.624],"rotation":0,"texture":"#1","tintindex":0},"north":{"uv":[7.501,8.001,7.5615,8.0615],"rotation":0,"texture":"#1","tintindex":0},"west":{"uv":[6.6885,5.4385,6.9365,5.499],"rotation":0,"texture":"#1","tintindex":0},"up":{"uv":[0.0615,6.999,0.001,6.751],"rotation":0,"texture":"#1","tintindex":0},"down":{"uv":[0.3115,6.751,0.251,6.999],"rotation":0,"texture":"#1","tintindex":0}}},{"from":[6.0,5.142857,6.857143],"to":[6.571429,5.714286,9.142858],"rotation":{"angle":0.0,"axis":"y","origin":[9.028572,-5.714287,8.0]},"faces":{"east":{"uv":[6.6885,5.5635,6.9365,5.624],"rotation":0,"texture":"#1","tintindex":0},"south":{"uv":[8.001,7.9385,8.0615,7.999],"rotation":0,"texture":"#1","tintindex":0},"north":{"uv":[8.001,7.8135,8.0615,7.874],"rotation":0,"texture":"#1","tintindex":0},"west":{"uv":[6.751,0.376,6.999,0.4365],"rotation":0,"texture":"#1","tintindex":0},"up":{"uv":[6.8115,0.749,6.751,0.501],"rotation":0,"texture":"#1","tintindex":0},"down":{"uv":[6.8115,0.8135,6.751,1.0615],"rotation":0,"texture":"#1","tintindex":0}}},{"from":[6.5714283,8.0,6.857143],"to":[8.285714,8.571428,9.142858],"rotation":{"angle":0.0,"axis":"y","origin":[10.571428,-5.1428576,8.0]},"faces":{"east":{"uv":[5.126,2.1885,5.374,2.249],"rotation":0,"texture":"#1","tintindex":0},"south":{"uv":[7.3135,6.1885,7.499,6.249],"rotation":0,"texture":"#1","tintindex":0},"north":{"uv":[4.126,3.8135,4.3115,3.874],"rotation":0,"texture":"#1","tintindex":0},"west":{"uv":[6.626,5.0635,6.874,5.124],"rotation":0,"texture":"#1","tintindex":0},"up":{"uv":[0.624,4.1865,0.4385,3.9385],"rotation":0,"texture":"#1","tintindex":0},"down":{"uv":[4.499,4.876,4.3135,5.124],"rotation":0,"texture":"#1","tintindex":0}}},{"from":[6.287506,7.572626,6.8599997],"to":[6.858935,8.286912,9.14],"rotation":{"angle":-22.5,"axis":"z","origin":[7.144649,8.286912,8.0]},"faces":{"east":{"uv":[6.626,5.1885,6.874,5.249],"rotation":0,"texture":"#1","tintindex":0},"south":{"uv":[8.001,2.376,8.0615,2.4365],"rotation":0,"texture":"#1","tintindex":0},"north":{"uv":[3.3135,4.0635,3.374,4.124],"rotation":0,"texture":"#1","tintindex":0},"west":{"uv":[6.6885,1.501,6.9365,1.5615],"rotation":0,"texture":"#1","tintindex":0},"up":{"uv":[2.0615,0.8115,2.001,0.5635],"rotation":0,"texture":"#1","tintindex":0},"down":{"uv":[6.749,2.376,6.6885,2.624],"rotation":0,"texture":"#1","tintindex":0}}},{"from":[6.285714,4.5714283,7.142857],"to":[8.0,5.714286,8.857143],"rotation":{"angle":0.0,"axis":"y","origin":[10.571428,-5.1428576,8.0]},"faces":{"east":{"uv":[15.025,0.0,16.0,0.5],"rotation":0,"texture":"#0","tintindex":0},"south":{"uv":[15.025,0.0,16.0,0.5],"rotation":0,"texture":"#0","tintindex":0},"north":{"uv":[15.025,0.0,16.0,0.5],"rotation":0,"texture":"#0","tintindex":0},"west":{"uv":[15.025,0.0,16.0,0.5],"rotation":0,"texture":"#0","tintindex":0},"up":{"uv":[15.025,0.0,16.0,0.5],"rotation":0,"texture":"#0","tintindex":0},"down":{"uv":[15.025,0.0,16.0,0.5],"rotation":0,"texture":"#0","tintindex":0}}}],"textures":{"0":"modelengine:entity/boneshadingravager","1":"modelengine:entity/fallenravager"},"display":{"head":{"translation":[0.0,-6.4,0.0],"scale":[4.0,4.0,4.0]}}}