{"elements":[{"from":[8.0,2.8571424,7.142857],"to":[9.142858,8.0,8.857143],"rotation":{"angle":0.0,"axis":"y","origin":[8.571428,6.857143,7.714286]},"faces":{"east":{"uv":[9.3125,5.8125,9.5,6.375],"rotation":0,"texture":"#5","tintindex":0},"south":{"uv":[4.375,8.4375,4.5,9.0],"rotation":0,"texture":"#5","tintindex":0},"north":{"uv":[3.25,6.6875,3.375,7.25],"rotation":0,"texture":"#5","tintindex":0},"west":{"uv":[9.3125,8.25,9.5,8.8125],"rotation":0,"texture":"#5","tintindex":0},"up":{"uv":[3.375,7.4375,3.25,7.25],"rotation":0,"texture":"#5","tintindex":0},"down":{"uv":[2.25,7.5625,2.125,7.75],"rotation":0,"texture":"#5","tintindex":0}}},{"from":[7.75718,2.2234569,7.142857],"to":[12.328609,3.9377427,8.857143],"rotation":{"angle":-22.5,"axis":"z","origin":[9.185752,3.3663144,7.714286]},"faces":{"east":{"uv":[7.0,5.25,7.1875,5.4375],"rotation":0,"texture":"#5","tintindex":0},"south":{"uv":[9.4375,1.1875,9.9375,1.375],"rotation":0,"texture":"#5","tintindex":0},"north":{"uv":[9.3125,8.8125,9.8125,9.0],"rotation":0,"texture":"#5","tintindex":0},"west":{"uv":[9.5,5.8125,9.6875,6.0],"rotation":0,"texture":"#5","tintindex":0},"up":{"uv":[9.6875,9.625,9.1875,9.4375],"rotation":0,"texture":"#5","tintindex":0},"down":{"uv":[0.5,9.5,0.0,9.6875],"rotation":0,"texture":"#5","tintindex":0}}},{"from":[11.149919,-0.104450226,7.142857],"to":[14.578489,-0.104450226,8.857143],"rotation":{"angle":-45.0,"axis":"z","origin":[12.864204,-0.104450226,8.0]},"faces":{"east":{"uv":[0.0,0.0,0.1875,0.0],"rotation":0,"texture":"#5","tintindex":0},"south":{"uv":[0.0,0.0,0.375,0.0],"rotation":0,"texture":"#5","tintindex":0},"north":{"uv":[0.0,0.0,0.375,0.0],"rotation":0,"texture":"#5","tintindex":0},"west":{"uv":[0.0,0.0,0.1875,0.0],"rotation":0,"texture":"#5","tintindex":0},"up":{"uv":[9.875,3.0,9.5,2.8125],"rotation":0,"texture":"#5","tintindex":0},"down":{"uv":[9.875,2.8125,9.5,3.0],"rotation":0,"texture":"#5","tintindex":0}}}],"textures":{"5":"modelengine:entity/azriel_parts"},"display":{"head":{"translation":[0.0,-6.4,0.0],"scale":[4.0,4.0,4.0]}}}