{"elements":[{"from":[7.714286,7.714286,7.714286],"to":[8.285714,8.285714,8.285714],"rotation":{"angle":0.0,"axis":"y","origin":[6.714286,4.5714283,11.285714]},"faces":{"east":{"uv":[0.5,15.5,1.0,16.0],"rotation":0,"texture":"#0","tintindex":0},"south":{"uv":[1.0,15.5,1.5,16.0],"rotation":0,"texture":"#0","tintindex":0},"north":{"uv":[0.0,15.5,0.5,16.0],"rotation":0,"texture":"#0","tintindex":0},"west":{"uv":[1.5,15.5,2.0,16.0],"rotation":0,"texture":"#0","tintindex":0},"up":{"uv":[2.5,16.0,2.0,15.5],"rotation":0,"texture":"#0","tintindex":0},"down":{"uv":[3.0,15.5,2.5,16.0],"rotation":0,"texture":"#0","tintindex":0}}},{"from":[7.9428573,7.9428573,7.6571426],"to":[8.228572,8.228572,7.6571426],"rotation":{"angle":0.0,"axis":"y","origin":[6.714286,4.5714283,11.285714]},"faces":{"east":{"uv":[9.5,9.5,10.0,10.0],"rotation":0,"texture":"#0","tintindex":0},"south":{"uv":[5.0,15.5,5.5,16.0],"rotation":0,"texture":"#0","tintindex":0},"north":{"uv":[5.0,15.5,5.5,16.0],"rotation":0,"texture":"#0","tintindex":0},"west":{"uv":[9.5,9.5,10.0,10.0],"rotation":0,"texture":"#0","tintindex":0},"up":{"uv":[9.5,9.5,10.0,10.0],"rotation":0,"texture":"#0","tintindex":0},"down":{"uv":[9.5,9.5,10.0,10.0],"rotation":0,"texture":"#0","tintindex":0}}}],"textures":{"0":"modelengine:entity/bunk_spiderling"},"display":{"head":{"translation":[0.0,-6.4,0.0],"scale":[4.0,4.0,4.0]}}}