{"elements":[{"from":[8.0,7.428571,5.714286],"to":[8.571428,8.571428,7.428571],"rotation":{"angle":0.0,"axis":"y","origin":[6.5714283,4.5714283,8.0]},"faces":{"east":{"uv":[6.0,12.5,7.5,13.5],"rotation":0,"texture":"#0","tintindex":0},"south":{"uv":[13.5,0.0,14.0,1.0],"rotation":0,"texture":"#0","tintindex":0},"north":{"uv":[0.5,13.5,1.0,14.5],"rotation":0,"texture":"#0","tintindex":0},"west":{"uv":[12.5,5.5,14.0,6.5],"rotation":0,"texture":"#0","tintindex":0},"up":{"uv":[12.5,13.0,13.0,14.5],"rotation":0,"texture":"#0","tintindex":0},"down":{"uv":[13.0,14.5,13.5,13.0],"rotation":0,"texture":"#0","tintindex":0}}},{"from":[7.428571,7.428571,7.428571],"to":[8.571428,9.142858,8.571428],"rotation":{"angle":0.0,"axis":"y","origin":[6.5714283,4.5714283,8.0]},"faces":{"east":{"uv":[7.5,12.0,8.5,13.5],"rotation":0,"texture":"#0","tintindex":0},"south":{"uv":[11.5,5.5,12.5,7.0],"rotation":0,"texture":"#0","tintindex":0},"north":{"uv":[12.0,4.0,13.0,5.5],"rotation":0,"texture":"#0","tintindex":0},"west":{"uv":[11.5,7.0,12.5,8.5],"rotation":0,"texture":"#0","tintindex":0},"up":{"uv":[12.5,6.5,13.5,7.5],"rotation":0,"texture":"#0","tintindex":0},"down":{"uv":[12.5,8.5,13.5,7.5],"rotation":0,"texture":"#0","tintindex":0}}}],"textures":{"0":"modelengine:entity/chameleon_invisible"},"display":{"head":{"translation":[0.0,-6.4,0.0],"scale":[4.0,4.0,4.0]}}}