{"elements":[{"from":[7.142857,7.142857,7.5714283],"to":[8.857143,8.857143,8.142858],"rotation":{"angle":0.0,"axis":"y","origin":[5.0,3.4285712,5.714286]},"faces":{"east":{"uv":[5.75,9.25,6.0,10.0],"rotation":0,"texture":"#0","tintindex":0},"south":{"uv":[6.5,9.25,5.75,10.0],"rotation":0,"texture":"#0","tintindex":0},"north":{"uv":[5.75,9.25,6.5,10.0],"rotation":0,"texture":"#0","tintindex":0},"west":{"uv":[6.25,9.25,6.5,10.0],"rotation":0,"texture":"#0","tintindex":0},"up":{"uv":[6.5,9.25,5.75,9.5],"rotation":0,"texture":"#0","tintindex":0},"down":{"uv":[6.5,9.75,5.75,10.0],"rotation":0,"texture":"#0","tintindex":0}}},{"from":[9.0,9.0,8.285714],"to":[7.0,7.0,7.428571],"rotation":{"angle":0.0,"axis":"y","origin":[5.0,3.4285712,5.714286]},"faces":{"east":{"uv":[0.0,15.75,0.25,16.0],"rotation":0,"texture":"#0","tintindex":0},"south":{"uv":[0.0,15.75,0.25,16.0],"rotation":0,"texture":"#0","tintindex":0},"north":{"uv":[0.0,16.0,0.25,15.5],"rotation":0,"texture":"#0","tintindex":0},"west":{"uv":[0.0,16.0,0.25,15.5],"rotation":0,"texture":"#0","tintindex":0},"up":{"uv":[0.0,15.75,0.25,16.0],"rotation":0,"texture":"#0","tintindex":0},"down":{"uv":[15.75,15.75,16.0,16.0],"rotation":0,"texture":"#0","tintindex":0}}}],"textures":{"0":"modelengine:entity/employee"},"display":{"head":{"translation":[0.0,-6.4,0.0],"scale":[4.0,4.0,4.0]}}}