{
  "parent": "minecraft:item/generated",
  "textures": {
    "layer0": "minecraft:item/ink_sac"
  },
  "overrides": [
    {
      "predicate": { "custom_model_data": 1 },
      "model": "littleroom_wendigo:parka_helmet"
    },
    {
      "predicate": { "custom_model_data": 1 },
      "model": "littleroom_kriger:kriger_deathbreath"
    },
    {
      "predicate": { "custom_model_data": 1 },
      "model": "littleroom_anubis:lr_anubis_laser"
    },
    {
      "predicate": { "custom_model_data": 2 },
      "model": "littleroom_anubis:lr_anubis_bullethell"
    },
    {
      "predicate": { "custom_model_data": 3 },
      "model": "littleroom_anubis:lr_anubisslasheffect"
    },
    {
      "predicate": { "custom_model_data": 4 },
      "model": "littleroom_anubis:anubis_staff"
    },
    {
      "predicate": { "custom_model_data": 1 },
      "model": "littleroom_kurrot:kur_slash_h"
    },
    {
      "predicate": { "custom_model_data": 2 },
      "model": "littleroom_kurrot:kur_slash_tiltleft"
    },
    {
      "predicate": { "custom_model_data": 3 },
      "model": "littleroom_kurrot:kur_slash_tiltright"
    },
    {
      "predicate": { "custom_model_data": 4 },
      "model": "littleroom_kurrot:kur_glaive"
    },
    {
      "predicate": { "custom_model_data": 1 },
      "model": "littleroom_tortus:coconut"
    },
    {
      "predicate": { "custom_model_data": 1 },
      "model": "littleroom_oog:mace"
    },
    {
      "predicate": { "custom_model_data": 2 },
      "model": "littleroom_oog:mace_charged"
    },
    {
      "predicate": { "custom_model_data": 3 },
      "model": "littleroom_oog:oog_shoulderarmor"
    },
    {
      "predicate": { "custom_model_data": 4 },
      "model": "littleroom_oog:oog_hat"
    },
    {
      "predicate": { "custom_model_data": 5 },
      "model": "littleroom_oog:oog_pet_icon"
    },
    {
      "predicate": { "custom_model_data": 1 },
      "model": "littleroom_etherealreaver:ethereal_reaver_sword"
    },
    {
      "predicate": { "custom_model_data": 2 },
      "model": "littleroom_etherealreaver:ethereal_reaver_corruption"
    },
    {
      "predicate": { "custom_model_data": 1 },
      "model": "littleroom_minotaur:rock_throw"
    },
    {
      "predicate": { "custom_model_data": 2 },
      "model": "littleroom_minotaur:lr_minotaur_whirlwind"
    },
    {
      "predicate": { "custom_model_data": 3 },
      "model": "littleroom_minotaur:minotaur_axe"
    },
    {
      "predicate": { "custom_model_data": 1 },
      "model": "littleroom_zahar:zahar_guts"
    },
    {
      "predicate": { "custom_model_data": 2 },
      "model": "littleroom_zahar:zahar_metal"
    },
    {
      "predicate": { "custom_model_data": 1 },
      "model": "littleroom_bufobufo:bufo_bufo_bubbles"
    },
    {
      "predicate": { "custom_model_data": 1 },
      "model": "littleroom_yeti:yeti_axe"
    },
    {
      "predicate": { "custom_model_data": 2 },
      "model": "littleroom_yeti:yeti_hat"
    },
    {
      "predicate": { "custom_model_data": 1 },
      "model": "littleroom_gryffin:mcpets_icon/gryffin_icon"
    },
    {
      "predicate": { "custom_model_data": 2 },
      "model": "littleroom_gryffin:mcpets_icon/gryffin_corvid_icon"
    },
    {
      "predicate": { "custom_model_data": 1 },
      "model": "littleroom_lillith:lillith_crossblade"
    },
    {
      "predicate": { "custom_model_data": 2 },
      "model": "littleroom_lillith:lillith_meteor"
    },
    {
      "predicate": { "custom_model_data": 3 },
      "model": "littleroom_lillith:succubus_heart"
    },
    {
      "predicate": { "custom_model_data": 4 },
      "model": "littleroom_lillith:succubus_heart_small"
    }
  ]
}
