{"elements":[{"from":[2.8571424,8.0,1.7142854],"to":[13.142858,8.0,8.0],"rotation":{"angle":0.0,"axis":"y","origin":[8.571428,3.4285712,0.5714283]},"faces":{"east":{"uv":[0.0,0.0,0.6875,0.0],"rotation":0,"texture":"#2","tintindex":0},"south":{"uv":[0.0,0.0,1.125,0.0],"rotation":0,"texture":"#2","tintindex":0},"north":{"uv":[0.0,0.0,1.125,0.0],"rotation":0,"texture":"#2","tintindex":0},"west":{"uv":[0.0,0.0,0.6875,0.0],"rotation":0,"texture":"#2","tintindex":0},"up":{"uv":[2.25,2.75,1.125,2.0625],"rotation":0,"texture":"#2","tintindex":0},"down":{"uv":[2.25,2.0625,1.125,2.75],"rotation":0,"texture":"#2","tintindex":0}}}],"textures":{"2":"modelengine:entity/astral_archon_damaged"},"display":{"head":{"translation":[0.0,-6.4,0.0],"scale":[4.0,4.0,4.0]}}}