{"elements":[{"from":[5.499193,8.571428,3.4744635],"to":[8.927765,21.714287,6.9030347],"rotation":{"angle":22.5,"axis":"y","origin":[7.213479,13.714286,5.1887493]},"faces":{"east":{"uv":[1.3125,4.8125,1.6875,6.25],"rotation":0,"texture":"#2","tintindex":0},"south":{"uv":[1.6875,4.8125,2.0625,6.25],"rotation":0,"texture":"#2","tintindex":0},"north":{"uv":[4.5,4.1875,4.875,5.625],"rotation":0,"texture":"#2","tintindex":0},"west":{"uv":[4.875,1.0,5.25,2.4375],"rotation":0,"texture":"#2","tintindex":0},"up":{"uv":[7.4375,1.0625,7.0625,0.6875],"rotation":0,"texture":"#2","tintindex":0},"down":{"uv":[7.4375,1.0625,7.0625,1.4375],"rotation":0,"texture":"#2","tintindex":0}}},{"from":[7.354723,8.571428,3.4744635],"to":[10.783295,21.714287,6.9030347],"rotation":{"angle":-22.5,"axis":"y","origin":[9.069009,13.714286,5.1887493]},"faces":{"east":{"uv":[5.25,1.0,4.875,2.4375],"rotation":0,"texture":"#2","tintindex":0},"south":{"uv":[2.0625,4.8125,1.6875,6.25],"rotation":0,"texture":"#2","tintindex":0},"north":{"uv":[4.875,4.1875,4.5,5.625],"rotation":0,"texture":"#2","tintindex":0},"west":{"uv":[1.6875,4.8125,1.3125,6.25],"rotation":0,"texture":"#2","tintindex":0},"up":{"uv":[7.0625,1.0625,7.4375,0.6875],"rotation":0,"texture":"#2","tintindex":0},"down":{"uv":[7.0625,1.0625,7.4375,1.4375],"rotation":0,"texture":"#2","tintindex":0}}},{"from":[6.285714,10.857143,4.0],"to":[10.0,21.714287,9.142858],"rotation":{"angle":0.0,"axis":"y","origin":[8.0,13.714286,5.714286]},"faces":{"east":{"uv":[3.9375,2.75,4.5,3.9375],"rotation":0,"texture":"#2","tintindex":0},"south":{"uv":[4.875,3.625,5.3125,4.8125],"rotation":0,"texture":"#2","tintindex":0},"north":{"uv":[4.875,2.4375,5.3125,3.625],"rotation":0,"texture":"#2","tintindex":0},"west":{"uv":[3.9375,3.9375,4.5,5.125],"rotation":0,"texture":"#2","tintindex":0},"up":{"uv":[6.8125,5.4375,6.375,4.875],"rotation":0,"texture":"#2","tintindex":0},"down":{"uv":[6.8125,5.4375,6.375,6.0],"rotation":0,"texture":"#2","tintindex":0}}},{"from":[6.285714,8.0,7.428571],"to":[10.0,10.857143,9.142858],"rotation":{"angle":0.0,"axis":"y","origin":[8.0,8.0,5.714286]},"faces":{"east":{"uv":[2.0625,4.0625,2.25,4.375],"rotation":0,"texture":"#2","tintindex":0},"south":{"uv":[7.1875,2.0,7.625,2.3125],"rotation":0,"texture":"#2","tintindex":0},"north":{"uv":[7.1875,1.6875,7.625,2.0],"rotation":0,"texture":"#2","tintindex":0},"west":{"uv":[5.5,1.75,5.6875,2.0625],"rotation":0,"texture":"#2","tintindex":0},"up":{"uv":[6.125,4.5625,5.6875,4.375],"rotation":0,"texture":"#2","tintindex":0},"down":{"uv":[6.75,3.5,6.3125,3.6875],"rotation":0,"texture":"#2","tintindex":0}}}],"textures":{"2":"modelengine:entity/astral_archon_damaged"},"display":{"head":{"translation":[0.0,-6.4,0.0],"scale":[4.0,4.0,4.0]}}}