{"elements":[{"from":[7.911816,3.4138117,7.428571],"to":[9.6261015,7.9852405,8.571428],"rotation":{"angle":0.0,"axis":"y","origin":[9.054673,19.98524,8.0]},"faces":{"east":{"uv":[4.75,6.75,4.875,7.25],"rotation":0,"texture":"#2","tintindex":0},"south":{"uv":[0.0,7.625,0.1875,8.125],"rotation":0,"texture":"#2","tintindex":0},"north":{"uv":[7.5625,6.1875,7.75,6.6875],"rotation":0,"texture":"#2","tintindex":0},"west":{"uv":[0.1875,7.625,0.3125,8.125],"rotation":0,"texture":"#2","tintindex":0},"up":{"uv":[5.75,6.6875,5.5625,6.5625],"rotation":0,"texture":"#2","tintindex":0},"down":{"uv":[1.1875,6.625,1.0,6.75],"rotation":0,"texture":"#2","tintindex":0}}},{"from":[8.0,2.7142854,7.428571],"to":[11.428572,3.8571424,8.571428],"rotation":{"angle":-22.5,"axis":"z","origin":[9.714286,3.2857141,8.0]},"faces":{"east":{"uv":[3.25,4.1875,3.375,4.3125],"rotation":0,"texture":"#2","tintindex":0},"south":{"uv":[4.0625,7.625,4.4375,7.75],"rotation":0,"texture":"#2","tintindex":0},"north":{"uv":[7.625,2.1875,8.0,2.3125],"rotation":0,"texture":"#2","tintindex":0},"west":{"uv":[3.125,5.5,3.25,5.625],"rotation":0,"texture":"#2","tintindex":0},"up":{"uv":[4.8125,7.75,4.4375,7.625],"rotation":0,"texture":"#2","tintindex":0},"down":{"uv":[5.8125,7.625,5.4375,7.75],"rotation":0,"texture":"#2","tintindex":0}}}],"textures":{"2":"modelengine:entity/astral_archon_damaged"},"display":{"head":{"translation":[0.0,-6.4,0.0],"scale":[4.0,4.0,4.0]}}}