{"elements":[{"from":[7.428571,5.142857,7.142857],"to":[8.571428,8.0,8.857143],"rotation":{"angle":0.0,"axis":"y","origin":[12.0,9.142858,7.714286]},"faces":{"east":{"uv":[2.5,8.25,3.25,9.5],"rotation":0,"texture":"#0","tintindex":0},"south":{"uv":[8.5,1.25,9.0,2.5],"rotation":0,"texture":"#0","tintindex":0},"north":{"uv":[1.0,8.5,1.5,9.75],"rotation":0,"texture":"#0","tintindex":0},"west":{"uv":[3.25,8.25,4.0,9.5],"rotation":0,"texture":"#0","tintindex":0},"up":{"uv":[9.5,9.75,9.0,9.0],"rotation":0,"texture":"#0","tintindex":0},"down":{"uv":[0.5,9.25,0.0,10.0],"rotation":0,"texture":"#0","tintindex":0}}}],"textures":{"0":"modelengine:entity/bulb_amethyst"},"display":{"head":{"translation":[0.0,-6.4,0.0],"scale":[4.0,4.0,4.0]}}}