{"elements":[{"from":[7.714286,14.714286,9.285714],"to":[8.285714,15.857143,12.142858],"rotation":{"angle":0.0,"axis":"y","origin":[7.714286,15.857143,13.857143]},"faces":{"east":{"uv":[3.001,0.001,7.999,1.999],"rotation":0,"texture":"#2","tintindex":0},"south":{"uv":[3.001,0.001,3.999,1.999],"rotation":0,"texture":"#2","tintindex":0},"north":{"uv":[7.001,0.001,7.999,1.999],"rotation":0,"texture":"#2","tintindex":0},"west":{"uv":[3.001,1.999,7.999,0.001],"rotation":180,"texture":"#2","tintindex":0},"up":{"uv":[7.999,0.001,3.001,0.999],"rotation":90,"texture":"#2","tintindex":0},"down":{"uv":[3.001,1.001,7.999,1.999],"rotation":90,"texture":"#2","tintindex":0}}},{"from":[7.714286,13.571428,12.142858],"to":[8.285714,15.285715,12.714286],"rotation":{"angle":0.0,"axis":"y","origin":[7.714286,15.857143,13.857143]},"faces":{"east":{"uv":[2.001,1.001,2.999,3.999],"rotation":0,"texture":"#2","tintindex":0},"south":{"uv":[2.001,1.001,2.999,3.999],"rotation":0,"texture":"#2","tintindex":0},"north":{"uv":[2.001,1.001,2.999,3.999],"rotation":0,"texture":"#2","tintindex":0},"west":{"uv":[2.001,3.999,2.999,1.001],"rotation":180,"texture":"#2","tintindex":0},"up":{"uv":[2.999,1.001,2.001,1.999],"rotation":90,"texture":"#2","tintindex":0},"down":{"uv":[2.001,3.001,2.999,3.999],"rotation":90,"texture":"#2","tintindex":0}}},{"from":[7.714286,14.142858,8.142858],"to":[8.285714,15.285715,9.285714],"rotation":{"angle":0.0,"axis":"y","origin":[7.714286,15.857143,13.857143]},"faces":{"east":{"uv":[8.001,1.001,9.999,2.999],"rotation":0,"texture":"#2","tintindex":0},"south":{"uv":[8.001,1.001,8.999,2.999],"rotation":0,"texture":"#2","tintindex":0},"north":{"uv":[9.001,1.001,9.999,2.999],"rotation":0,"texture":"#2","tintindex":0},"west":{"uv":[8.001,2.999,9.999,1.001],"rotation":180,"texture":"#2","tintindex":0},"up":{"uv":[9.999,1.001,8.001,1.999],"rotation":90,"texture":"#2","tintindex":0},"down":{"uv":[8.001,2.001,9.999,2.999],"rotation":90,"texture":"#2","tintindex":0}}},{"from":[7.714286,8.428572,12.714286],"to":[8.285714,14.714286,13.285715],"rotation":{"angle":0.0,"axis":"y","origin":[7.714286,15.857143,13.857143]},"faces":{"east":{"uv":[1.001,2.001,1.999,12.999],"rotation":0,"texture":"#2","tintindex":0},"south":{"uv":[1.001,2.001,1.999,12.999],"rotation":0,"texture":"#2","tintindex":0},"north":{"uv":[1.001,2.001,1.999,12.999],"rotation":0,"texture":"#2","tintindex":0},"west":{"uv":[1.001,12.999,1.999,2.001],"rotation":180,"texture":"#2","tintindex":0},"up":{"uv":[1.999,2.001,1.001,2.999],"rotation":90,"texture":"#2","tintindex":0},"down":{"uv":[1.001,12.001,1.999,12.999],"rotation":90,"texture":"#2","tintindex":0}}},{"from":[7.714286,14.142858,11.0],"to":[8.285714,14.714286,12.142858],"rotation":{"angle":0.0,"axis":"y","origin":[7.714286,15.857143,13.857143]},"faces":{"east":{"uv":[3.001,2.001,4.999,2.999],"rotation":0,"texture":"#2","tintindex":0},"south":{"uv":[3.001,2.001,3.999,2.999],"rotation":0,"texture":"#2","tintindex":0},"north":{"uv":[4.001,2.001,4.999,2.999],"rotation":0,"texture":"#2","tintindex":0},"west":{"uv":[3.001,2.999,4.999,2.001],"rotation":180,"texture":"#2","tintindex":0},"up":{"uv":[4.999,2.001,3.001,2.999],"rotation":90,"texture":"#2","tintindex":0},"down":{"uv":[3.001,2.001,4.999,2.999],"rotation":90,"texture":"#2","tintindex":0}}},{"from":[7.714286,14.142858,9.285714],"to":[8.285714,14.714286,10.428572],"rotation":{"angle":0.0,"axis":"y","origin":[7.714286,15.857143,13.857143]},"faces":{"east":{"uv":[6.001,2.001,7.999,2.999],"rotation":0,"texture":"#2","tintindex":0},"south":{"uv":[6.001,2.001,6.999,2.999],"rotation":0,"texture":"#2","tintindex":0},"north":{"uv":[7.001,2.001,7.999,2.999],"rotation":0,"texture":"#2","tintindex":0},"west":{"uv":[6.001,2.999,7.999,2.001],"rotation":180,"texture":"#2","tintindex":0},"up":{"uv":[7.999,2.001,6.001,2.999],"rotation":90,"texture":"#2","tintindex":0},"down":{"uv":[6.001,2.001,7.999,2.999],"rotation":90,"texture":"#2","tintindex":0}}},{"from":[7.714286,14.142858,7.5714283],"to":[8.285714,14.714286,8.142858],"rotation":{"angle":0.0,"axis":"y","origin":[7.714286,15.857143,13.857143]},"faces":{"east":{"uv":[10.001,2.001,10.999,2.999],"rotation":0,"texture":"#2","tintindex":0},"south":{"uv":[10.001,2.001,10.999,2.999],"rotation":0,"texture":"#2","tintindex":0},"north":{"uv":[10.001,2.001,10.999,2.999],"rotation":0,"texture":"#2","tintindex":0},"west":{"uv":[10.001,2.999,10.999,2.001],"rotation":180,"texture":"#2","tintindex":0},"up":{"uv":[10.999,2.001,10.001,2.999],"rotation":90,"texture":"#2","tintindex":0},"down":{"uv":[10.001,2.001,10.999,2.999],"rotation":90,"texture":"#2","tintindex":0}}},{"from":[7.714286,13.571428,11.0],"to":[8.285714,14.142858,11.571428],"rotation":{"angle":0.0,"axis":"y","origin":[7.714286,15.857143,13.857143]},"faces":{"east":{"uv":[4.001,3.001,4.999,3.999],"rotation":0,"texture":"#2","tintindex":0},"south":{"uv":[4.001,3.001,4.999,3.999],"rotation":0,"texture":"#2","tintindex":0},"north":{"uv":[4.001,3.001,4.999,3.999],"rotation":0,"texture":"#2","tintindex":0},"west":{"uv":[4.001,3.999,4.999,3.001],"rotation":180,"texture":"#2","tintindex":0},"up":{"uv":[4.999,3.001,4.001,3.999],"rotation":90,"texture":"#2","tintindex":0},"down":{"uv":[4.001,3.001,4.999,3.999],"rotation":90,"texture":"#2","tintindex":0}}},{"from":[7.714286,9.571428,13.285715],"to":[8.285714,13.571428,13.857143],"rotation":{"angle":0.0,"axis":"y","origin":[7.714286,15.857143,13.857143]},"faces":{"east":{"uv":[0.001,4.001,0.999,10.999],"rotation":0,"texture":"#2","tintindex":0},"south":{"uv":[0.001,4.001,0.999,10.999],"rotation":0,"texture":"#2","tintindex":0},"north":{"uv":[0.001,4.001,0.999,10.999],"rotation":0,"texture":"#2","tintindex":0},"west":{"uv":[0.001,10.999,0.999,4.001],"rotation":180,"texture":"#2","tintindex":0},"up":{"uv":[0.999,4.001,0.001,4.999],"rotation":90,"texture":"#2","tintindex":0},"down":{"uv":[0.001,10.001,0.999,10.999],"rotation":90,"texture":"#2","tintindex":0}}},{"from":[7.714286,10.714286,11.571428],"to":[8.285714,13.571428,12.142858],"rotation":{"angle":0.0,"axis":"y","origin":[7.714286,15.857143,13.857143]},"faces":{"east":{"uv":[3.001,4.001,3.999,8.999],"rotation":0,"texture":"#2","tintindex":0},"south":{"uv":[3.001,4.001,3.999,8.999],"rotation":0,"texture":"#2","tintindex":0},"north":{"uv":[3.001,4.001,3.999,8.999],"rotation":0,"texture":"#2","tintindex":0},"west":{"uv":[3.001,8.999,3.999,4.001],"rotation":180,"texture":"#2","tintindex":0},"up":{"uv":[3.999,4.001,3.001,4.999],"rotation":90,"texture":"#2","tintindex":0},"down":{"uv":[3.001,8.001,3.999,8.999],"rotation":90,"texture":"#2","tintindex":0}}},{"from":[6.1142855,9.1285715,6.0327373],"to":[9.8714285,12.685715,6.9041657],"rotation":{"angle":0.0,"axis":"y","origin":[-8.200733,11.235383,2.7117138]},"faces":{"east":{"uv":[15.025,0.0,16.0,0.5],"rotation":0,"texture":"#0","tintindex":0},"south":{"uv":[15.025,0.0,16.0,0.5],"rotation":0,"texture":"#0","tintindex":0},"north":{"uv":[15.025,0.0,16.0,0.5],"rotation":0,"texture":"#0","tintindex":0},"west":{"uv":[15.025,0.0,16.0,0.5],"rotation":0,"texture":"#0","tintindex":0},"up":{"uv":[15.025,0.0,16.0,0.5],"rotation":0,"texture":"#0","tintindex":0},"down":{"uv":[15.025,0.0,16.0,0.5],"rotation":0,"texture":"#0","tintindex":0}}},{"from":[5.714286,8.428572,5.8571424],"to":[10.285714,13.0,10.428572],"rotation":{"angle":0.0,"axis":"y","origin":[5.714286,8.428572,5.8571424]},"faces":{"east":{"uv":[1.001,1.4385,1.499,1.9365],"rotation":0,"texture":"#1","tintindex":0},"south":{"uv":[1.5635,0.876,2.0615,1.374],"rotation":0,"texture":"#1","tintindex":0},"north":{"uv":[1.001,0.876,1.499,1.374],"rotation":0,"texture":"#1","tintindex":0},"west":{"uv":[1.5635,1.4385,2.0615,1.9365],"rotation":0,"texture":"#1","tintindex":0},"up":{"uv":[0.499,2.499,0.001,2.001],"rotation":0,"texture":"#1","tintindex":0},"down":{"uv":[2.499,0.001,2.001,0.499],"rotation":0,"texture":"#1","tintindex":0}}},{"from":[6.3142858,7.957143,6.457143],"to":[9.685715,8.471429,9.828571],"rotation":{"angle":0.0,"axis":"y","origin":[5.714286,8.5,5.8571424]},"faces":{"east":{"uv":[6.0635,4.0635,6.4365,4.124],"rotation":0,"texture":"#1","tintindex":0},"south":{"uv":[6.0635,6.001,6.4365,6.0615],"rotation":0,"texture":"#1","tintindex":0},"north":{"uv":[6.0635,3.4385,6.4365,3.499],"rotation":0,"texture":"#1","tintindex":0},"west":{"uv":[6.126,1.126,6.499,1.1865],"rotation":0,"texture":"#1","tintindex":0},"up":{"uv":[2.9365,0.999,2.5635,0.626],"rotation":0,"texture":"#1","tintindex":0},"down":{"uv":[2.0615,2.5635,1.6885,2.9365],"rotation":0,"texture":"#1","tintindex":0}}},{"from":[6.285714,13.0,5.8571424],"to":[9.714286,13.571428,10.428572],"rotation":{"angle":0.0,"axis":"y","origin":[5.714286,8.428572,5.8571424]},"faces":{"east":{"uv":[2.626,5.501,3.124,5.5615],"rotation":0,"texture":"#1","tintindex":0},"south":{"uv":[5.9385,5.001,6.3115,5.0615],"rotation":0,"texture":"#1","tintindex":0},"north":{"uv":[5.9385,2.126,6.3115,2.1865],"rotation":0,"texture":"#1","tintindex":0},"west":{"uv":[5.501,4.4385,5.999,4.499],"rotation":0,"texture":"#1","tintindex":0},"up":{"uv":[2.3115,2.499,1.9385,2.001],"rotation":0,"texture":"#1","tintindex":0},"down":{"uv":[2.499,0.5635,2.126,1.0615],"rotation":0,"texture":"#1","tintindex":0}}},{"from":[7.428571,13.571428,5.8571424],"to":[8.571428,14.142858,10.428572],"rotation":{"angle":0.0,"axis":"y","origin":[5.714286,8.428572,5.8571424]},"faces":{"east":{"uv":[5.626,2.8135,6.124,2.874],"rotation":0,"texture":"#1","tintindex":0},"south":{"uv":[7.751,6.8135,7.874,6.874],"rotation":0,"texture":"#1","tintindex":0},"north":{"uv":[6.4385,7.751,6.5615,7.8115],"rotation":0,"texture":"#1","tintindex":0},"west":{"uv":[5.626,2.9385,6.124,2.999],"rotation":0,"texture":"#1","tintindex":0},"up":{"uv":[0.124,4.9365,0.001,4.4385],"rotation":0,"texture":"#1","tintindex":0},"down":{"uv":[4.5615,0.626,4.4385,1.124],"rotation":0,"texture":"#1","tintindex":0}}},{"from":[8.574857,13.460571,5.8605714],"to":[9.139429,14.025144,10.425143],"rotation":{"angle":-22.5,"axis":"z","origin":[8.857143,13.857143,8.142858]},"faces":{"east":{"uv":[5.626,5.376,6.124,5.4365],"rotation":0,"texture":"#1","tintindex":0},"south":{"uv":[2.876,8.1885,2.9365,8.249],"rotation":0,"texture":"#1","tintindex":0},"north":{"uv":[2.751,8.1885,2.8115,8.249],"rotation":0,"texture":"#1","tintindex":0},"west":{"uv":[5.626,5.501,6.124,5.5615],"rotation":0,"texture":"#1","tintindex":0},"up":{"uv":[3.4365,5.999,3.376,5.501],"rotation":0,"texture":"#1","tintindex":0},"down":{"uv":[1.5615,5.626,1.501,6.124],"rotation":0,"texture":"#1","tintindex":0}}},{"from":[6.8605714,13.460571,5.8605714],"to":[7.425143,14.025144,10.425143],"rotation":{"angle":22.5,"axis":"z","origin":[7.142857,13.857143,8.142858]},"faces":{"east":{"uv":[5.626,5.626,6.124,5.6865],"rotation":0,"texture":"#1","tintindex":0},"south":{"uv":[3.376,8.1885,3.4365,8.249],"rotation":0,"texture":"#1","tintindex":0},"north":{"uv":[3.251,8.1885,3.3115,8.249],"rotation":0,"texture":"#1","tintindex":0},"west":{"uv":[5.6885,0.626,6.1865,0.6865],"rotation":0,"texture":"#1","tintindex":0},"up":{"uv":[4.1865,6.124,4.126,5.626],"rotation":0,"texture":"#1","tintindex":0},"down":{"uv":[4.3115,5.626,4.251,6.124],"rotation":0,"texture":"#1","tintindex":0}}},{"from":[8.0,8.428572,7.0],"to":[8.0,17.0,15.571428],"rotation":{"angle":0.0,"axis":"y","origin":[5.714286,5.5714283,5.8571424]},"faces":{"east":{"uv":[0.0,0.0,0.9375,0.9375],"rotation":0,"texture":"#1","tintindex":0},"south":{"uv":[7.1875,8.5625,7.1875,9.5],"rotation":0,"texture":"#1","tintindex":0},"north":{"uv":[6.625,8.5625,6.625,9.5],"rotation":0,"texture":"#1","tintindex":0},"west":{"uv":[0.0,1.0,0.9375,1.9375],"rotation":0,"texture":"#1","tintindex":0},"up":{"uv":[7.25,9.5,7.25,8.5625],"rotation":0,"texture":"#1","tintindex":0},"down":{"uv":[7.3125,8.5625,7.3125,9.5],"rotation":0,"texture":"#1","tintindex":0}}},{"from":[7.4274287,7.856,10.427429],"to":[8.572572,13.572572,11.0011425],"rotation":{"angle":0.0,"axis":"y","origin":[5.714286,8.428572,5.8571424]},"faces":{"east":{"uv":[2.751,4.0635,2.8115,4.6865],"rotation":0,"texture":"#1","tintindex":0},"south":{"uv":[0.6885,3.5635,0.8115,4.1865],"rotation":0,"texture":"#1","tintindex":0},"north":{"uv":[2.6885,3.001,2.8115,3.624],"rotation":0,"texture":"#1","tintindex":0},"west":{"uv":[2.126,5.126,2.1865,5.749],"rotation":0,"texture":"#1","tintindex":0},"up":{"uv":[7.8115,7.749,7.6885,7.6885],"rotation":0,"texture":"#1","tintindex":0},"down":{"uv":[0.124,7.751,0.001,7.8115],"rotation":0,"texture":"#1","tintindex":0}}},{"from":[6.8599997,7.86,10.431429],"to":[7.4257145,13.568571,10.997143],"rotation":{"angle":-22.5,"axis":"y","origin":[7.142857,9.857143,10.714286]},"faces":{"east":{"uv":[2.376,5.3135,2.4365,5.9365],"rotation":0,"texture":"#1","tintindex":0},"south":{"uv":[2.501,5.3135,2.5615,5.9365],"rotation":0,"texture":"#1","tintindex":0},"north":{"uv":[2.251,5.3135,2.3115,5.9365],"rotation":0,"texture":"#1","tintindex":0},"west":{"uv":[5.3135,5.0635,5.374,5.6865],"rotation":0,"texture":"#1","tintindex":0},"up":{"uv":[2.3115,8.249,2.251,8.1885],"rotation":0,"texture":"#1","tintindex":0},"down":{"uv":[8.249,2.4385,8.1885,2.499],"rotation":0,"texture":"#1","tintindex":0}}},{"from":[8.5742855,7.86,10.431429],"to":[9.14,13.568571,10.997143],"rotation":{"angle":22.5,"axis":"y","origin":[8.857143,9.857143,10.714286]},"faces":{"east":{"uv":[0.751,5.376,0.8115,5.999],"rotation":0,"texture":"#1","tintindex":0},"south":{"uv":[0.876,5.376,0.9365,5.999],"rotation":0,"texture":"#1","tintindex":0},"north":{"uv":[0.626,5.376,0.6865,5.999],"rotation":0,"texture":"#1","tintindex":0},"west":{"uv":[1.8135,5.376,1.874,5.999],"rotation":0,"texture":"#1","tintindex":0},"up":{"uv":[2.5615,8.249,2.501,8.1885],"rotation":0,"texture":"#1","tintindex":0},"down":{"uv":[2.6865,8.1885,2.626,8.249],"rotation":0,"texture":"#1","tintindex":0}}},{"from":[6.285714,7.857143,5.8571424],"to":[9.714286,8.428572,6.428571],"rotation":{"angle":0.0,"axis":"y","origin":[5.714286,8.428572,5.8571424]},"faces":{"east":{"uv":[8.126,4.9385,8.1865,4.999],"rotation":0,"texture":"#1","tintindex":0},"south":{"uv":[6.0635,0.751,6.4365,0.8115],"rotation":0,"texture":"#1","tintindex":0},"north":{"uv":[6.001,4.6885,6.374,4.749],"rotation":0,"texture":"#1","tintindex":0},"west":{"uv":[8.126,5.0635,8.1865,5.124],"rotation":0,"texture":"#1","tintindex":0},"up":{"uv":[6.4365,0.9365,6.0635,0.876],"rotation":0,"texture":"#1","tintindex":0},"down":{"uv":[6.4365,1.001,6.0635,1.0615],"rotation":0,"texture":"#1","tintindex":0}}},{"from":[10.288,12.689314,7.044628],"to":[10.854857,13.8276005,8.182914],"rotation":{"angle":-22.5,"axis":"x","origin":[8.0,11.594223,11.979996]},"faces":{"east":{"uv":[6.8135,4.126,6.9365,4.249],"rotation":0,"texture":"#1","tintindex":0},"south":{"uv":[7.751,0.376,7.8115,0.499],"rotation":0,"texture":"#1","tintindex":0},"north":{"uv":[0.376,7.751,0.4365,7.874],"rotation":0,"texture":"#1","tintindex":0},"west":{"uv":[0.501,6.876,0.624,6.999],"rotation":0,"texture":"#1","tintindex":0},"up":{"uv":[0.5615,7.874,0.501,7.751],"rotation":0,"texture":"#1","tintindex":0},"down":{"uv":[0.6865,7.751,0.626,7.874],"rotation":0,"texture":"#1","tintindex":0}}},{"from":[10.285714,10.714286,5.285714],"to":[10.857143,11.857143,7.0],"rotation":{"angle":0.0,"axis":"y","origin":[8.0,11.594223,11.979996]},"faces":{"east":{"uv":[0.626,6.0635,0.8115,6.1865],"rotation":0,"texture":"#1","tintindex":0},"south":{"uv":[0.876,7.751,0.9365,7.874],"rotation":0,"texture":"#1","tintindex":0},"north":{"uv":[0.751,7.751,0.8115,7.874],"rotation":0,"texture":"#1","tintindex":0},"west":{"uv":[6.0635,1.5635,6.249,1.6865],"rotation":0,"texture":"#1","tintindex":0},"up":{"uv":[2.499,7.624,2.4385,7.4385],"rotation":0,"texture":"#1","tintindex":0},"down":{"uv":[7.499,2.876,7.4385,3.0615],"rotation":0,"texture":"#1","tintindex":0}}},{"from":[5.714286,9.571428,5.285714],"to":[10.285714,10.714286,5.8571424],"rotation":{"angle":0.0,"axis":"y","origin":[8.0,11.594223,11.979996]},"faces":{"east":{"uv":[1.501,7.751,1.5615,7.874],"rotation":0,"texture":"#1","tintindex":0},"south":{"uv":[4.376,4.001,4.874,4.124],"rotation":0,"texture":"#1","tintindex":0},"north":{"uv":[4.376,3.8135,4.874,3.9365],"rotation":0,"texture":"#1","tintindex":0},"west":{"uv":[7.751,1.5635,7.8115,1.6865],"rotation":0,"texture":"#1","tintindex":0},"up":{"uv":[5.999,4.624,5.501,4.5635],"rotation":0,"texture":"#1","tintindex":0},"down":{"uv":[6.0615,4.1885,5.5635,4.249],"rotation":0,"texture":"#1","tintindex":0}}},{"from":[7.428571,7.285714,5.285714],"to":[8.571428,9.571428,5.8571424],"rotation":{"angle":0.0,"axis":"y","origin":[8.0,11.594223,11.979996]},"faces":{"east":{"uv":[5.751,6.8135,5.8115,7.0615],"rotation":0,"texture":"#1","tintindex":0},"south":{"uv":[1.3135,5.626,1.4365,5.874],"rotation":0,"texture":"#1","tintindex":0},"north":{"uv":[3.1885,5.501,3.3115,5.749],"rotation":0,"texture":"#1","tintindex":0},"west":{"uv":[6.876,0.6885,6.9365,0.9365],"rotation":0,"texture":"#1","tintindex":0},"up":{"uv":[7.874,1.8115,7.751,1.751],"rotation":0,"texture":"#1","tintindex":0},"down":{"uv":[7.874,5.5635,7.751,5.624],"rotation":0,"texture":"#1","tintindex":0}}},{"from":[8.5742855,7.2885714,5.2885714],"to":[9.14,9.568571,5.8542852],"rotation":{"angle":-22.5,"axis":"y","origin":[8.857143,8.428572,5.5714283]},"faces":{"east":{"uv":[1.376,6.876,1.4365,7.124],"rotation":0,"texture":"#1","tintindex":0},"south":{"uv":[1.626,6.876,1.6865,7.124],"rotation":0,"texture":"#1","tintindex":0},"north":{"uv":[1.251,6.876,1.3115,7.124],"rotation":0,"texture":"#1","tintindex":0},"west":{"uv":[1.876,6.876,1.9365,7.124],"rotation":0,"texture":"#1","tintindex":0},"up":{"uv":[1.4365,8.249,1.376,8.1885],"rotation":0,"texture":"#1","tintindex":0},"down":{"uv":[8.249,1.376,8.1885,1.4365],"rotation":0,"texture":"#1","tintindex":0}}},{"from":[6.8599997,7.2885714,5.2885714],"to":[7.4257145,9.568571,5.8542852],"rotation":{"angle":22.5,"axis":"y","origin":[7.142857,8.428572,5.5714283]},"faces":{"east":{"uv":[3.0635,6.876,3.124,7.124],"rotation":0,"texture":"#1","tintindex":0},"south":{"uv":[3.1885,6.876,3.249,7.124],"rotation":0,"texture":"#1","tintindex":0},"north":{"uv":[2.9385,6.876,2.999,7.124],"rotation":0,"texture":"#1","tintindex":0},"west":{"uv":[3.3135,6.876,3.374,7.124],"rotation":0,"texture":"#1","tintindex":0},"up":{"uv":[8.249,1.5615,8.1885,1.501],"rotation":0,"texture":"#1","tintindex":0},"down":{"uv":[1.6865,8.1885,1.626,8.249],"rotation":0,"texture":"#1","tintindex":0}}},{"from":[6.8599997,11.860001,5.2885714],"to":[7.4257145,13.568571,5.8542852],"rotation":{"angle":22.5,"axis":"y","origin":[7.142857,13.0,5.5714283]},"faces":{"east":{"uv":[5.6885,7.4385,5.749,7.624],"rotation":0,"texture":"#1","tintindex":0},"south":{"uv":[7.4385,5.876,7.499,6.0615],"rotation":0,"texture":"#1","tintindex":0},"north":{"uv":[5.5635,7.4385,5.624,7.624],"rotation":0,"texture":"#1","tintindex":0},"west":{"uv":[7.4385,6.4385,7.499,6.624],"rotation":0,"texture":"#1","tintindex":0},"up":{"uv":[8.249,2.0615,8.1885,2.001],"rotation":0,"texture":"#1","tintindex":0},"down":{"uv":[2.1865,8.1885,2.126,8.249],"rotation":0,"texture":"#1","tintindex":0}}},{"from":[7.428571,11.857143,5.285714],"to":[8.571428,13.571428,5.8571424],"rotation":{"angle":0.0,"axis":"y","origin":[8.0,16.165653,11.979996]},"faces":{"east":{"uv":[7.4385,5.001,7.499,5.1865],"rotation":0,"texture":"#1","tintindex":0},"south":{"uv":[2.8135,6.0635,2.9365,6.249],"rotation":0,"texture":"#1","tintindex":0},"north":{"uv":[1.126,6.0635,1.249,6.249],"rotation":0,"texture":"#1","tintindex":0},"west":{"uv":[7.4385,5.251,7.499,5.4365],"rotation":0,"texture":"#1","tintindex":0},"up":{"uv":[7.874,5.749,7.751,5.6885],"rotation":0,"texture":"#1","tintindex":0},"down":{"uv":[6.1865,7.751,6.0635,7.8115],"rotation":0,"texture":"#1","tintindex":0}}},{"from":[8.5742855,11.860001,5.2885714],"to":[9.14,13.568571,5.8542852],"rotation":{"angle":-22.5,"axis":"y","origin":[8.857143,13.0,5.5714283]},"faces":{"east":{"uv":[7.4385,4.1885,7.499,4.374],"rotation":0,"texture":"#1","tintindex":0},"south":{"uv":[4.3135,7.4385,4.374,7.624],"rotation":0,"texture":"#1","tintindex":0},"north":{"uv":[7.4385,3.9385,7.499,4.124],"rotation":0,"texture":"#1","tintindex":0},"west":{"uv":[7.4385,4.4385,7.499,4.624],"rotation":0,"texture":"#1","tintindex":0},"up":{"uv":[8.249,1.6865,8.1885,1.626],"rotation":0,"texture":"#1","tintindex":0},"down":{"uv":[8.249,1.751,8.1885,1.8115],"rotation":0,"texture":"#1","tintindex":0}}},{"from":[9.337635,8.850699,5.8571424],"to":[9.909063,9.993557,6.428571],"rotation":{"angle":22.5,"axis":"z","origin":[8.0,11.594223,11.979996]},"faces":{"east":{"uv":[2.9385,7.751,2.999,7.874],"rotation":0,"texture":"#1","tintindex":0},"south":{"uv":[3.0635,7.751,3.124,7.874],"rotation":0,"texture":"#1","tintindex":0},"north":{"uv":[1.8135,7.751,1.874,7.874],"rotation":0,"texture":"#1","tintindex":0},"west":{"uv":[3.1885,7.751,3.249,7.874],"rotation":0,"texture":"#1","tintindex":0},"up":{"uv":[8.1865,5.249,8.126,5.1885],"rotation":0,"texture":"#1","tintindex":0},"down":{"uv":[5.374,8.126,5.3135,8.1865],"rotation":0,"texture":"#1","tintindex":0}}},{"from":[6.0909367,8.850699,5.8571424],"to":[6.662365,9.993557,6.428571],"rotation":{"angle":-22.5,"axis":"z","origin":[8.0,11.594223,11.979996]},"faces":{"east":{"uv":[3.4385,7.751,3.499,7.874],"rotation":0,"texture":"#1","tintindex":0},"south":{"uv":[3.5635,7.751,3.624,7.874],"rotation":0,"texture":"#1","tintindex":0},"north":{"uv":[3.3135,7.751,3.374,7.874],"rotation":0,"texture":"#1","tintindex":0},"west":{"uv":[3.9385,7.751,3.999,7.874],"rotation":0,"texture":"#1","tintindex":0},"up":{"uv":[8.1865,5.374,8.126,5.3135],"rotation":0,"texture":"#1","tintindex":0},"down":{"uv":[5.499,8.126,5.4385,8.1865],"rotation":0,"texture":"#1","tintindex":0}}},{"from":[5.714286,11.285714,5.285714],"to":[10.285714,11.857143,5.8571424],"rotation":{"angle":0.0,"axis":"y","origin":[8.0,11.594223,11.979996]},"faces":{"east":{"uv":[8.126,5.626,8.1865,5.6865],"rotation":0,"texture":"#1","tintindex":0},"south":{"uv":[5.626,0.001,6.124,0.0615],"rotation":0,"texture":"#1","tintindex":0},"north":{"uv":[5.5635,4.3135,6.0615,4.374],"rotation":0,"texture":"#1","tintindex":0},"west":{"uv":[8.126,6.0635,8.1865,6.124],"rotation":0,"texture":"#1","tintindex":0},"up":{"uv":[6.124,0.1865,5.626,0.126],"rotation":0,"texture":"#1","tintindex":0},"down":{"uv":[3.124,5.626,2.626,5.6865],"rotation":0,"texture":"#1","tintindex":0}}},{"from":[7.428571,10.714286,5.285714],"to":[8.571428,11.285714,5.8571424],"rotation":{"angle":0.0,"axis":"y","origin":[8.0,11.022795,11.979996]},"faces":{"east":{"uv":[8.376,7.3135,8.4365,7.374],"rotation":0,"texture":"#1","tintindex":0},"south":{"uv":[3.876,7.9385,3.999,7.999],"rotation":0,"texture":"#1","tintindex":0},"north":{"uv":[7.9385,3.8135,8.0615,3.874],"rotation":0,"texture":"#1","tintindex":0},"west":{"uv":[7.4385,8.376,7.499,8.4365],"rotation":0,"texture":"#1","tintindex":0},"up":{"uv":[8.0615,3.999,7.9385,3.9385],"rotation":0,"texture":"#1","tintindex":0},"down":{"uv":[8.0615,4.0635,7.9385,4.124],"rotation":0,"texture":"#1","tintindex":0}}},{"from":[9.714286,10.714286,5.285714],"to":[10.285714,11.285714,5.8571424],"rotation":{"angle":0.0,"axis":"y","origin":[8.0,11.594223,11.979996]},"faces":{"east":{"uv":[8.126,6.751,8.1865,6.8115],"rotation":0,"texture":"#1","tintindex":0},"south":{"uv":[6.8135,8.126,6.874,8.1865],"rotation":0,"texture":"#1","tintindex":0},"north":{"uv":[6.6885,8.126,6.749,8.1865],"rotation":0,"texture":"#1","tintindex":0},"west":{"uv":[6.9385,8.126,6.999,8.1865],"rotation":0,"texture":"#1","tintindex":0},"up":{"uv":[7.124,8.1865,7.0635,8.126],"rotation":0,"texture":"#1","tintindex":0},"down":{"uv":[8.1865,7.3135,8.126,7.374],"rotation":0,"texture":"#1","tintindex":0}}},{"from":[5.714286,10.714286,5.285714],"to":[6.285714,11.285714,5.8571424],"rotation":{"angle":0.0,"axis":"y","origin":[8.0,11.594223,11.979996]},"faces":{"east":{"uv":[8.126,7.4385,8.1865,7.499],"rotation":0,"texture":"#1","tintindex":0},"south":{"uv":[7.5635,8.126,7.624,8.1865],"rotation":0,"texture":"#1","tintindex":0},"north":{"uv":[7.4385,8.126,7.499,8.1865],"rotation":0,"texture":"#1","tintindex":0},"west":{"uv":[8.126,7.5635,8.1865,7.624],"rotation":0,"texture":"#1","tintindex":0},"up":{"uv":[7.749,8.1865,7.6885,8.126],"rotation":0,"texture":"#1","tintindex":0},"down":{"uv":[7.874,8.126,7.8135,8.1865],"rotation":0,"texture":"#1","tintindex":0}}},{"from":[5.142857,10.714286,5.285714],"to":[5.714286,11.857143,7.0],"rotation":{"angle":0.0,"axis":"y","origin":[8.0,11.594223,11.979996]},"faces":{"east":{"uv":[1.626,6.0635,1.8115,6.1865],"rotation":0,"texture":"#1","tintindex":0},"south":{"uv":[7.751,4.626,7.8115,4.749],"rotation":0,"texture":"#1","tintindex":0},"north":{"uv":[4.0635,7.751,4.124,7.874],"rotation":0,"texture":"#1","tintindex":0},"west":{"uv":[2.5635,6.0635,2.749,6.1865],"rotation":0,"texture":"#1","tintindex":0},"up":{"uv":[7.499,3.4365,7.4385,3.251],"rotation":0,"texture":"#1","tintindex":0},"down":{"uv":[7.499,3.501,7.4385,3.6865],"rotation":0,"texture":"#1","tintindex":0}}},{"from":[5.0071425,11.05,6.7642856],"to":[5.5785713,11.6214285,7.3357143],"rotation":{"angle":0.0,"axis":"y","origin":[8.0,11.594223,11.979996]},"faces":{"east":{"uv":[8.126,7.9385,8.1865,7.999],"rotation":0,"texture":"#1","tintindex":0},"south":{"uv":[8.126,8.0635,8.1865,8.124],"rotation":0,"texture":"#1","tintindex":0},"north":{"uv":[8.126,7.8135,8.1865,7.874],"rotation":0,"texture":"#1","tintindex":0},"west":{"uv":[0.001,8.1885,0.0615,8.249],"rotation":0,"texture":"#1","tintindex":0},"up":{"uv":[8.249,0.0615,8.1885,0.001],"rotation":0,"texture":"#1","tintindex":0},"down":{"uv":[8.249,0.126,8.1885,0.1865],"rotation":0,"texture":"#1","tintindex":0}}},{"from":[10.421429,11.05,6.7642856],"to":[10.992857,11.6214285,7.3357143],"rotation":{"angle":0.0,"axis":"y","origin":[8.0,11.594223,11.979996]},"faces":{"east":{"uv":[8.1885,0.876,8.249,0.9365],"rotation":0,"texture":"#1","tintindex":0},"south":{"uv":[1.001,8.1885,1.0615,8.249],"rotation":0,"texture":"#1","tintindex":0},"north":{"uv":[8.1885,0.4385,8.249,0.499],"rotation":0,"texture":"#1","tintindex":0},"west":{"uv":[8.1885,1.001,8.249,1.0615],"rotation":0,"texture":"#1","tintindex":0},"up":{"uv":[1.1865,8.249,1.126,8.1885],"rotation":0,"texture":"#1","tintindex":0},"down":{"uv":[1.3115,8.1885,1.251,8.249],"rotation":0,"texture":"#1","tintindex":0}}},{"from":[5.1451426,12.689314,7.044628],"to":[5.712,13.8276005,8.182914],"rotation":{"angle":-22.5,"axis":"x","origin":[8.0,11.594223,11.979996]},"faces":{"east":{"uv":[6.876,0.501,6.999,0.624],"rotation":0,"texture":"#1","tintindex":0},"south":{"uv":[4.9385,7.751,4.999,7.874],"rotation":0,"texture":"#1","tintindex":0},"north":{"uv":[4.8135,7.751,4.874,7.874],"rotation":0,"texture":"#1","tintindex":0},"west":{"uv":[0.6885,6.876,0.8115,6.999],"rotation":0,"texture":"#1","tintindex":0},"up":{"uv":[5.374,7.874,5.3135,7.751],"rotation":0,"texture":"#1","tintindex":0},"down":{"uv":[5.499,7.751,5.4385,7.874],"rotation":0,"texture":"#1","tintindex":0}}},{"from":[10.285714,13.0,10.428572],"to":[5.714286,8.428572,5.8571424],"rotation":{"angle":0.0,"axis":"y","origin":[5.714286,8.428572,5.8571424]},"faces":{"east":{"uv":[1.5635,1.9365,2.0615,1.4385],"rotation":0,"texture":"#1","tintindex":0},"south":{"uv":[1.001,1.374,1.499,0.876],"rotation":0,"texture":"#1","tintindex":0},"north":{"uv":[1.5635,1.374,2.0615,0.876],"rotation":0,"texture":"#1","tintindex":0},"west":{"uv":[1.001,1.9365,1.499,1.4385],"rotation":0,"texture":"#1","tintindex":0},"up":{"uv":[2.001,0.001,2.499,0.499],"rotation":0,"texture":"#1","tintindex":0},"down":{"uv":[0.001,2.499,0.499,2.001],"rotation":0,"texture":"#1","tintindex":0}}}],"textures":{"0":"modelengine:entity/boneshadingravager","1":"modelengine:entity/fallenravager","2":"modelengine:entity/fravager_gosido"},"display":{"head":{"translation":[0.0,-6.4,0.0],"scale":[4.0,4.0,4.0]}}}