{"elements":[{"from":[5.142857,6.285714,8.0],"to":[10.857143,9.714286,8.0],"rotation":{"angle":0.0,"axis":"y","origin":[8.0,2.2857141,12.6]},"faces":{"east":{"uv":[0.0,0.0,0.0,1.5],"rotation":0,"texture":"#0","tintindex":0},"south":{"uv":[13.5,0.0,16.0,1.5],"rotation":0,"texture":"#0","tintindex":0},"north":{"uv":[6.25,8.0,8.75,9.5],"rotation":0,"texture":"#0","tintindex":0},"west":{"uv":[0.0,0.0,0.0,1.5],"rotation":0,"texture":"#0","tintindex":0},"up":{"uv":[2.5,0.0,0.0,0.0],"rotation":0,"texture":"#0","tintindex":0},"down":{"uv":[2.5,0.0,0.0,0.0],"rotation":0,"texture":"#0","tintindex":0}}}],"textures":{"0":"modelengine:entity/king_jelly"},"display":{"head":{"translation":[0.0,-6.4,0.0],"scale":[4.0,4.0,4.0]}}}