{"elements":[{"from":[14.857143,6.857143,12.0],"to":[16.0,13.714286,12.571428],"rotation":{"angle":0.0,"axis":"y","origin":[8.0,8.0,8.0]},"faces":{"east":{"uv":[7.5,8.125,7.625,9.625],"rotation":0,"texture":"#0","tintindex":0},"south":{"uv":[4.75,7.75,5.0,9.25],"rotation":0,"texture":"#0","tintindex":0},"north":{"uv":[4.5,7.75,4.75,9.25],"rotation":0,"texture":"#0","tintindex":0},"west":{"uv":[0.75,8.25,0.875,9.75],"rotation":0,"texture":"#0","tintindex":0},"up":{"uv":[4.75,6.75,4.5,6.625],"rotation":0,"texture":"#0","tintindex":0},"down":{"uv":[5.0,6.625,4.75,6.75],"rotation":0,"texture":"#0","tintindex":0}}},{"from":[14.571428,8.0,4.0],"to":[15.714286,13.714286,12.0],"rotation":{"angle":0.0,"axis":"y","origin":[8.0,8.0,8.0]},"faces":{"east":{"uv":[5.875,0.0,7.625,1.25],"rotation":0,"texture":"#0","tintindex":0},"south":{"uv":[2.25,8.0,2.5,9.25],"rotation":0,"texture":"#0","tintindex":0},"north":{"uv":[2.0,8.0,2.25,9.25],"rotation":0,"texture":"#0","tintindex":0},"west":{"uv":[5.875,1.25,7.625,2.5],"rotation":0,"texture":"#0","tintindex":0},"up":{"uv":[7.875,9.125,7.625,7.375],"rotation":0,"texture":"#0","tintindex":0},"down":{"uv":[2.75,7.75,2.5,9.5],"rotation":0,"texture":"#0","tintindex":0}}},{"from":[2.5714283,8.0,4.0],"to":[14.571428,13.714286,5.142857],"rotation":{"angle":0.0,"axis":"y","origin":[8.0,8.0,8.0]},"faces":{"east":{"uv":[5.5,8.0,5.75,9.25],"rotation":0,"texture":"#0","tintindex":0},"south":{"uv":[3.25,1.25,5.875,2.5],"rotation":0,"texture":"#0","tintindex":0},"north":{"uv":[3.25,0.0,5.875,1.25],"rotation":0,"texture":"#0","tintindex":0},"west":{"uv":[5.75,8.0,6.0,9.25],"rotation":0,"texture":"#0","tintindex":0},"up":{"uv":[8.5,3.75,5.875,3.5],"rotation":0,"texture":"#0","tintindex":0},"down":{"uv":[9.75,3.125,7.125,3.375],"rotation":0,"texture":"#0","tintindex":0}}},{"from":[2.5714283,8.0,10.857143],"to":[14.571428,13.714286,12.0],"rotation":{"angle":0.0,"axis":"y","origin":[8.0,8.0,8.0]},"faces":{"east":{"uv":[6.0,8.0,6.25,9.25],"rotation":0,"texture":"#0","tintindex":0},"south":{"uv":[0.0,3.5,2.625,4.75],"rotation":0,"texture":"#0","tintindex":0},"north":{"uv":[3.25,2.5,5.875,3.75],"rotation":0,"texture":"#0","tintindex":0},"west":{"uv":[6.25,8.125,6.5,9.375],"rotation":0,"texture":"#0","tintindex":0},"up":{"uv":[6.375,7.375,3.75,7.125],"rotation":0,"texture":"#0","tintindex":0},"down":{"uv":[9.0,7.125,6.375,7.375],"rotation":0,"texture":"#0","tintindex":0}}},{"from":[2.5714283,8.0,5.142857],"to":[14.571428,12.571428,10.857143],"rotation":{"angle":0.0,"axis":"y","origin":[8.0,8.0,8.0]},"faces":{"east":{"uv":[5.875,2.5,7.125,3.5],"rotation":0,"texture":"#0","tintindex":0},"south":{"uv":[5.625,5.75,8.25,6.75],"rotation":0,"texture":"#0","tintindex":0},"north":{"uv":[5.625,4.75,8.25,5.75],"rotation":0,"texture":"#0","tintindex":0},"west":{"uv":[0.0,6.0,1.25,7.0],"rotation":0,"texture":"#0","tintindex":0},"up":{"uv":[5.25,5.0,2.625,3.75],"rotation":0,"texture":"#0","tintindex":0},"down":{"uv":[2.625,4.75,0.0,6.0],"rotation":0,"texture":"#0","tintindex":0}}},{"from":[14.857143,6.857143,3.4285712],"to":[16.0,13.714286,4.0],"rotation":{"angle":0.0,"axis":"y","origin":[8.0,8.0,8.0]},"faces":{"east":{"uv":[0.875,8.25,1.0,9.75],"rotation":0,"texture":"#0","tintindex":0},"south":{"uv":[5.25,7.75,5.5,9.25],"rotation":0,"texture":"#0","tintindex":0},"north":{"uv":[5.0,7.75,5.25,9.25],"rotation":0,"texture":"#0","tintindex":0},"west":{"uv":[8.25,3.75,8.375,5.25],"rotation":0,"texture":"#0","tintindex":0},"up":{"uv":[5.25,6.75,5.0,6.625],"rotation":0,"texture":"#0","tintindex":0},"down":{"uv":[7.875,2.375,7.625,2.5],"rotation":0,"texture":"#0","tintindex":0}}},{"from":[14.857143,6.857143,4.0],"to":[16.0,9.142858,5.714286],"rotation":{"angle":0.0,"axis":"y","origin":[8.0,8.0,8.0]},"faces":{"east":{"uv":[8.25,0.875,8.625,1.375],"rotation":0,"texture":"#0","tintindex":0},"south":{"uv":[3.25,8.375,3.5,8.875],"rotation":0,"texture":"#0","tintindex":0},"north":{"uv":[5.375,6.0,5.625,6.5],"rotation":0,"texture":"#0","tintindex":0},"west":{"uv":[8.25,5.25,8.625,5.75],"rotation":0,"texture":"#0","tintindex":0},"up":{"uv":[8.875,1.375,8.625,1.0],"rotation":0,"texture":"#0","tintindex":0},"down":{"uv":[8.875,6.125,8.625,6.5],"rotation":0,"texture":"#0","tintindex":0}}},{"from":[1.1428566,6.857143,4.0],"to":[2.2857141,9.142858,5.714286],"rotation":{"angle":0.0,"axis":"y","origin":[8.0,8.0,8.0]},"faces":{"east":{"uv":[8.625,5.25,8.25,5.75],"rotation":0,"texture":"#0","tintindex":0},"south":{"uv":[3.5,8.375,3.25,8.875],"rotation":0,"texture":"#0","tintindex":0},"north":{"uv":[5.625,6.0,5.375,6.5],"rotation":0,"texture":"#0","tintindex":0},"west":{"uv":[8.625,0.875,8.25,1.375],"rotation":0,"texture":"#0","tintindex":0},"up":{"uv":[8.625,1.375,8.875,1.0],"rotation":0,"texture":"#0","tintindex":0},"down":{"uv":[8.625,6.125,8.875,6.5],"rotation":0,"texture":"#0","tintindex":0}}},{"from":[13.714286,6.857143,3.4285712],"to":[14.857143,9.142858,4.5714283],"rotation":{"angle":0.0,"axis":"y","origin":[8.0,8.0,8.0]},"faces":{"east":{"uv":[3.75,8.375,4.0,8.875],"rotation":0,"texture":"#0","tintindex":0},"south":{"uv":[8.375,3.75,8.625,4.25],"rotation":0,"texture":"#0","tintindex":0},"north":{"uv":[3.5,8.375,3.75,8.875],"rotation":0,"texture":"#0","tintindex":0},"west":{"uv":[4.0,8.375,4.25,8.875],"rotation":0,"texture":"#0","tintindex":0},"up":{"uv":[5.5,5.0,5.25,4.75],"rotation":0,"texture":"#0","tintindex":0},"down":{"uv":[5.625,6.5,5.375,6.75],"rotation":0,"texture":"#0","tintindex":0}}},{"from":[13.714286,6.857143,11.428572],"to":[14.857143,9.142858,12.571428],"rotation":{"angle":0.0,"axis":"y","origin":[8.0,8.0,8.0]},"faces":{"east":{"uv":[8.375,4.25,8.625,4.75],"rotation":0,"texture":"#0","tintindex":0},"south":{"uv":[8.375,4.75,8.625,5.25],"rotation":0,"texture":"#0","tintindex":0},"north":{"uv":[4.25,8.375,4.5,8.875],"rotation":0,"texture":"#0","tintindex":0},"west":{"uv":[8.375,8.125,8.625,8.625],"rotation":0,"texture":"#0","tintindex":0},"up":{"uv":[8.875,6.75,8.625,6.5],"rotation":0,"texture":"#0","tintindex":0},"down":{"uv":[8.875,8.5,8.625,8.75],"rotation":0,"texture":"#0","tintindex":0}}},{"from":[2.2857141,6.857143,11.428572],"to":[3.4285712,9.142858,12.571428],"rotation":{"angle":0.0,"axis":"y","origin":[8.0,8.0,8.0]},"faces":{"east":{"uv":[8.625,8.125,8.375,8.625],"rotation":0,"texture":"#0","tintindex":0},"south":{"uv":[8.625,4.75,8.375,5.25],"rotation":0,"texture":"#0","tintindex":0},"north":{"uv":[4.5,8.375,4.25,8.875],"rotation":0,"texture":"#0","tintindex":0},"west":{"uv":[8.625,4.25,8.375,4.75],"rotation":0,"texture":"#0","tintindex":0},"up":{"uv":[8.625,6.75,8.875,6.5],"rotation":0,"texture":"#0","tintindex":0},"down":{"uv":[8.625,8.5,8.875,8.75],"rotation":0,"texture":"#0","tintindex":0}}},{"from":[14.857143,6.857143,10.285714],"to":[16.0,9.142858,12.0],"rotation":{"angle":0.0,"axis":"y","origin":[8.0,8.0,8.0]},"faces":{"east":{"uv":[8.25,5.75,8.625,6.25],"rotation":0,"texture":"#0","tintindex":0},"south":{"uv":[8.625,0.5,8.875,1.0],"rotation":0,"texture":"#0","tintindex":0},"north":{"uv":[8.5,0.0,8.75,0.5],"rotation":0,"texture":"#0","tintindex":0},"west":{"uv":[8.25,6.25,8.625,6.75],"rotation":0,"texture":"#0","tintindex":0},"up":{"uv":[6.875,9.0,6.625,8.625],"rotation":0,"texture":"#0","tintindex":0},"down":{"uv":[7.125,8.625,6.875,9.0],"rotation":0,"texture":"#0","tintindex":0}}},{"from":[1.1428566,6.857143,3.4285712],"to":[2.2857141,13.714286,4.0],"rotation":{"angle":0.0,"axis":"y","origin":[8.0,8.0,8.0]},"faces":{"east":{"uv":[8.375,3.75,8.25,5.25],"rotation":0,"texture":"#0","tintindex":0},"south":{"uv":[5.5,7.75,5.25,9.25],"rotation":0,"texture":"#0","tintindex":0},"north":{"uv":[5.25,7.75,5.0,9.25],"rotation":0,"texture":"#0","tintindex":0},"west":{"uv":[1.0,8.25,0.875,9.75],"rotation":0,"texture":"#0","tintindex":0},"up":{"uv":[5.0,6.75,5.25,6.625],"rotation":0,"texture":"#0","tintindex":0},"down":{"uv":[7.625,2.375,7.875,2.5],"rotation":0,"texture":"#0","tintindex":0}}},{"from":[2.2857141,6.857143,3.4285712],"to":[3.4285712,9.142858,4.5714283],"rotation":{"angle":0.0,"axis":"y","origin":[8.0,8.0,8.0]},"faces":{"east":{"uv":[4.25,8.375,4.0,8.875],"rotation":0,"texture":"#0","tintindex":0},"south":{"uv":[8.625,3.75,8.375,4.25],"rotation":0,"texture":"#0","tintindex":0},"north":{"uv":[3.75,8.375,3.5,8.875],"rotation":0,"texture":"#0","tintindex":0},"west":{"uv":[4.0,8.375,3.75,8.875],"rotation":0,"texture":"#0","tintindex":0},"up":{"uv":[5.25,5.0,5.5,4.75],"rotation":0,"texture":"#0","tintindex":0},"down":{"uv":[5.375,6.5,5.625,6.75],"rotation":0,"texture":"#0","tintindex":0}}},{"from":[1.4285712,8.0,4.0],"to":[2.5714283,13.714286,12.0],"rotation":{"angle":0.0,"axis":"y","origin":[8.0,8.0,8.0]},"faces":{"east":{"uv":[7.625,1.25,5.875,2.5],"rotation":0,"texture":"#0","tintindex":0},"south":{"uv":[2.5,8.0,2.25,9.25],"rotation":0,"texture":"#0","tintindex":0},"north":{"uv":[2.25,8.0,2.0,9.25],"rotation":0,"texture":"#0","tintindex":0},"west":{"uv":[7.625,0.0,5.875,1.25],"rotation":0,"texture":"#0","tintindex":0},"up":{"uv":[7.625,9.125,7.875,7.375],"rotation":0,"texture":"#0","tintindex":0},"down":{"uv":[2.5,7.75,2.75,9.5],"rotation":0,"texture":"#0","tintindex":0}}},{"from":[1.1428566,6.857143,12.0],"to":[2.2857141,13.714286,12.571428],"rotation":{"angle":0.0,"axis":"y","origin":[8.0,8.0,8.0]},"faces":{"east":{"uv":[0.875,8.25,0.75,9.75],"rotation":0,"texture":"#0","tintindex":0},"south":{"uv":[5.0,7.75,4.75,9.25],"rotation":0,"texture":"#0","tintindex":0},"north":{"uv":[4.75,7.75,4.5,9.25],"rotation":0,"texture":"#0","tintindex":0},"west":{"uv":[7.625,8.125,7.5,9.625],"rotation":0,"texture":"#0","tintindex":0},"up":{"uv":[4.5,6.75,4.75,6.625],"rotation":0,"texture":"#0","tintindex":0},"down":{"uv":[4.75,6.625,5.0,6.75],"rotation":0,"texture":"#0","tintindex":0}}},{"from":[1.1428566,6.857143,10.285714],"to":[2.2857141,9.142858,12.0],"rotation":{"angle":0.0,"axis":"y","origin":[8.0,8.0,8.0]},"faces":{"east":{"uv":[8.625,6.25,8.25,6.75],"rotation":0,"texture":"#0","tintindex":0},"south":{"uv":[8.875,0.5,8.625,1.0],"rotation":0,"texture":"#0","tintindex":0},"north":{"uv":[8.75,0.0,8.5,0.5],"rotation":0,"texture":"#0","tintindex":0},"west":{"uv":[8.625,5.75,8.25,6.25],"rotation":0,"texture":"#0","tintindex":0},"up":{"uv":[6.625,9.0,6.875,8.625],"rotation":0,"texture":"#0","tintindex":0},"down":{"uv":[6.875,8.625,7.125,9.0],"rotation":0,"texture":"#0","tintindex":0}}}],"textures":{"0":"modelengine:entity/voras_chest"},"display":{"head":{"translation":[0.0,-6.4,0.0],"scale":[4.0,4.0,4.0]}}}