{"elements":[{"from":[9.328571,6.342857,9.322408],"to":[11.038286,6.909714,9.889265],"rotation":{"angle":0.0,"axis":"y","origin":[7.040571,-9.65943,7.0344076]},"faces":{"east":{"uv":[9.25,1.875,9.3125,1.9375],"rotation":0,"texture":"#8","tintindex":0},"south":{"uv":[6.8125,8.125,7.0,8.1875],"rotation":0,"texture":"#8","tintindex":0},"north":{"uv":[6.5625,8.125,6.75,8.1875],"rotation":0,"texture":"#8","tintindex":0},"west":{"uv":[9.25,2.25,9.3125,2.3125],"rotation":0,"texture":"#8","tintindex":0},"up":{"uv":[8.3125,7.1875,8.125,7.125],"rotation":0,"texture":"#8","tintindex":0},"down":{"uv":[8.3125,7.4375,8.125,7.5],"rotation":0,"texture":"#8","tintindex":0}}},{"from":[10.864286,6.5714283,6.2714286],"to":[12.121429,7.8285713,9.814285],"rotation":{"angle":45.0,"axis":"z","origin":[11.328571,6.6285715,8.042857]},"faces":{"east":{"uv":[4.625,0.625,5.0,0.75],"rotation":0,"texture":"#8","tintindex":0},"south":{"uv":[2.125,7.3125,2.25,7.4375],"rotation":0,"texture":"#8","tintindex":0},"north":{"uv":[7.3125,0.5,7.4375,0.625],"rotation":0,"texture":"#8","tintindex":0},"west":{"uv":[4.625,2.0625,5.0,2.1875],"rotation":0,"texture":"#8","tintindex":0},"up":{"uv":[0.125,5.0,0.0,4.625],"rotation":0,"texture":"#8","tintindex":0},"down":{"uv":[3.3125,4.625,3.1875,5.0],"rotation":0,"texture":"#8","tintindex":0}}},{"from":[9.328571,6.342857,6.2285714],"to":[11.042857,6.9142857,6.8],"rotation":{"angle":0.0,"axis":"y","origin":[7.042857,-9.657143,9.085714]},"faces":{"east":{"uv":[9.25,1.625,9.3125,1.6875],"rotation":0,"texture":"#8","tintindex":0},"south":{"uv":[8.125,1.5625,8.3125,1.625],"rotation":0,"texture":"#8","tintindex":0},"north":{"uv":[8.125,0.125,8.3125,0.1875],"rotation":0,"texture":"#8","tintindex":0},"west":{"uv":[9.25,1.75,9.3125,1.8125],"rotation":0,"texture":"#8","tintindex":0},"up":{"uv":[8.3125,3.625,8.125,3.5625],"rotation":0,"texture":"#8","tintindex":0},"down":{"uv":[8.3125,6.375,8.125,6.4375],"rotation":0,"texture":"#8","tintindex":0}}},{"from":[7.837642,9.26693,9.2063465],"to":[8.404499,9.833786,9.773204],"rotation":{"angle":-45.0,"axis":"x","origin":[8.121071,9.550358,9.489776]},"faces":{"east":{"uv":[9.25,0.75,9.3125,0.8125],"rotation":0,"texture":"#8","tintindex":0},"south":{"uv":[9.25,0.875,9.3125,0.9375],"rotation":0,"texture":"#8","tintindex":0},"north":{"uv":[0.75,9.25,0.8125,9.3125],"rotation":0,"texture":"#8","tintindex":0},"west":{"uv":[9.25,1.0,9.3125,1.0625],"rotation":0,"texture":"#8","tintindex":0},"up":{"uv":[9.3125,1.1875,9.25,1.125],"rotation":0,"texture":"#8","tintindex":0},"down":{"uv":[9.3125,1.25,9.25,1.3125],"rotation":0,"texture":"#8","tintindex":0}}},{"from":[7.8353567,9.38299,6.6326323],"to":[8.406785,9.954419,9.489776],"rotation":{"angle":0.0,"axis":"y","origin":[7.263928,6.8115616,6.9183464]},"faces":{"east":{"uv":[6.8125,2.125,7.125,2.1875],"rotation":0,"texture":"#8","tintindex":0},"south":{"uv":[9.25,0.625,9.3125,0.6875],"rotation":0,"texture":"#8","tintindex":0},"north":{"uv":[0.625,9.25,0.6875,9.3125],"rotation":0,"texture":"#8","tintindex":0},"west":{"uv":[6.8125,2.375,7.125,2.4375],"rotation":0,"texture":"#8","tintindex":0},"up":{"uv":[1.125,7.0625,1.0625,6.75],"rotation":0,"texture":"#8","tintindex":0},"down":{"uv":[1.625,6.75,1.5625,7.0625],"rotation":0,"texture":"#8","tintindex":0}}},{"from":[7.837642,9.26693,6.3492036],"to":[8.404499,9.833786,6.916061],"rotation":{"angle":45.0,"axis":"x","origin":[8.121071,9.550358,6.6326323]},"faces":{"east":{"uv":[9.1875,9.0,9.25,9.0625],"rotation":0,"texture":"#8","tintindex":0},"south":{"uv":[9.0625,9.1875,9.125,9.25],"rotation":0,"texture":"#8","tintindex":0},"north":{"uv":[8.9375,9.1875,9.0,9.25],"rotation":0,"texture":"#8","tintindex":0},"west":{"uv":[9.1875,9.125,9.25,9.1875],"rotation":0,"texture":"#8","tintindex":0},"up":{"uv":[0.0625,9.3125,0.0,9.25],"rotation":0,"texture":"#8","tintindex":0},"down":{"uv":[9.3125,0.125,9.25,0.1875],"rotation":0,"texture":"#8","tintindex":0}}},{"from":[8.21144,6.537499,9.31689],"to":[8.782868,7.680356,9.888318],"rotation":{"angle":22.5,"axis":"z","origin":[7.6400113,6.823213,9.602604]},"faces":{"east":{"uv":[8.1875,8.625,8.25,8.75],"rotation":0,"texture":"#8","tintindex":0},"south":{"uv":[0.0,8.6875,0.0625,8.8125],"rotation":0,"texture":"#8","tintindex":0},"north":{"uv":[7.3125,8.625,7.375,8.75],"rotation":0,"texture":"#8","tintindex":0},"west":{"uv":[0.125,8.6875,0.1875,8.8125],"rotation":0,"texture":"#8","tintindex":0},"up":{"uv":[8.75,9.25,8.6875,9.1875],"rotation":0,"texture":"#8","tintindex":0},"down":{"uv":[9.25,8.75,9.1875,8.8125],"rotation":0,"texture":"#8","tintindex":0}}},{"from":[8.384333,6.7538896,9.314604],"to":[9.531761,7.3298893,9.890604],"rotation":{"angle":-22.5,"axis":"z","origin":[8.386619,7.0418897,9.602604]},"faces":{"east":{"uv":[8.4375,9.1875,8.5,9.25],"rotation":0,"texture":"#8","tintindex":0},"south":{"uv":[8.625,7.5,8.75,7.5625],"rotation":0,"texture":"#8","tintindex":0},"north":{"uv":[8.625,7.25,8.75,7.3125],"rotation":0,"texture":"#8","tintindex":0},"west":{"uv":[8.5625,9.1875,8.625,9.25],"rotation":0,"texture":"#8","tintindex":0},"up":{"uv":[8.75,7.6875,8.625,7.625],"rotation":0,"texture":"#8","tintindex":0},"down":{"uv":[8.75,8.3125,8.625,8.375],"rotation":0,"texture":"#8","tintindex":0}}},{"from":[7.841071,7.834929,9.318032],"to":[8.410213,9.546929,9.887176],"rotation":{"angle":0.0,"axis":"y","origin":[7.2684994,7.548072,9.602604]},"faces":{"east":{"uv":[3.25,8.125,3.3125,8.3125],"rotation":0,"texture":"#8","tintindex":0},"south":{"uv":[3.375,8.125,3.4375,8.3125],"rotation":0,"texture":"#8","tintindex":0},"north":{"uv":[3.125,8.125,3.1875,8.3125],"rotation":0,"texture":"#8","tintindex":0},"west":{"uv":[3.6875,8.125,3.75,8.3125],"rotation":0,"texture":"#8","tintindex":0},"up":{"uv":[9.25,8.1875,9.1875,8.125],"rotation":0,"texture":"#8","tintindex":0},"down":{"uv":[8.375,9.1875,8.3125,9.25],"rotation":0,"texture":"#8","tintindex":0}}},{"from":[7.8330708,7.833786,6.226286],"to":[8.409071,9.552644,6.8022857],"rotation":{"angle":0.0,"axis":"y","origin":[7.263928,7.550358,6.5142856]},"faces":{"east":{"uv":[2.875,8.125,2.9375,8.3125],"rotation":0,"texture":"#8","tintindex":0},"south":{"uv":[8.125,2.875,8.1875,3.0625],"rotation":0,"texture":"#8","tintindex":0},"north":{"uv":[8.125,2.625,8.1875,2.8125],"rotation":0,"texture":"#8","tintindex":0},"west":{"uv":[3.0,8.125,3.0625,8.3125],"rotation":0,"texture":"#8","tintindex":0},"up":{"uv":[8.0,9.25,7.9375,9.1875],"rotation":0,"texture":"#8","tintindex":0},"down":{"uv":[8.125,9.1875,8.0625,9.25],"rotation":0,"texture":"#8","tintindex":0}}},{"from":[8.379762,6.756175,6.226286],"to":[9.52719,7.3321753,6.8022857],"rotation":{"angle":-22.5,"axis":"z","origin":[8.382048,7.044175,6.5142856]},"faces":{"east":{"uv":[7.6875,9.1875,7.75,9.25],"rotation":0,"texture":"#8","tintindex":0},"south":{"uv":[8.625,3.3125,8.75,3.375],"rotation":0,"texture":"#8","tintindex":0},"north":{"uv":[8.625,0.25,8.75,0.3125],"rotation":0,"texture":"#8","tintindex":0},"west":{"uv":[7.8125,9.1875,7.875,9.25],"rotation":0,"texture":"#8","tintindex":0},"up":{"uv":[8.75,6.3125,8.625,6.25],"rotation":0,"texture":"#8","tintindex":0},"down":{"uv":[8.75,7.0,8.625,7.0625],"rotation":0,"texture":"#8","tintindex":0}}},{"from":[8.206868,6.5397844,6.2285714],"to":[8.778297,7.682642,6.8],"rotation":{"angle":22.5,"axis":"z","origin":[7.63544,6.825499,6.5142856]},"faces":{"east":{"uv":[5.6875,8.625,5.75,8.75],"rotation":0,"texture":"#8","tintindex":0},"south":{"uv":[8.625,5.6875,8.6875,5.8125],"rotation":0,"texture":"#8","tintindex":0},"north":{"uv":[8.625,5.5,8.6875,5.625],"rotation":0,"texture":"#8","tintindex":0},"west":{"uv":[8.625,5.875,8.6875,6.0],"rotation":0,"texture":"#8","tintindex":0},"up":{"uv":[7.5,9.25,7.4375,9.1875],"rotation":0,"texture":"#8","tintindex":0},"down":{"uv":[7.625,9.1875,7.5625,9.25],"rotation":0,"texture":"#8","tintindex":0}}},{"from":[8.406785,6.8563395,9.288661],"to":[11.263928,7.9991965,9.86009],"rotation":{"angle":0.0,"axis":"y","origin":[7.263928,4.7134824,9.574375]},"faces":{"east":{"uv":[8.625,4.6875,8.6875,4.8125],"rotation":0,"texture":"#8","tintindex":0},"south":{"uv":[4.5,4.75,4.8125,4.875],"rotation":0,"texture":"#8","tintindex":0},"north":{"uv":[4.75,4.4375,5.0625,4.5625],"rotation":0,"texture":"#8","tintindex":0},"west":{"uv":[8.625,5.3125,8.6875,5.4375],"rotation":0,"texture":"#8","tintindex":0},"up":{"uv":[7.125,1.6875,6.8125,1.625],"rotation":0,"texture":"#8","tintindex":0},"down":{"uv":[7.125,2.0,6.8125,2.0625],"rotation":0,"texture":"#8","tintindex":0}}},{"from":[8.409642,7.904185,8.799497],"to":[11.261071,9.612756,9.3652115],"rotation":{"angle":-22.5,"axis":"x","origin":[9.263928,9.187042,9.368069]},"faces":{"east":{"uv":[8.125,0.6875,8.1875,0.875],"rotation":0,"texture":"#8","tintindex":0},"south":{"uv":[4.25,2.0625,4.5625,2.25],"rotation":0,"texture":"#8","tintindex":0},"north":{"uv":[4.25,0.625,4.5625,0.8125],"rotation":0,"texture":"#8","tintindex":0},"west":{"uv":[8.125,0.9375,8.1875,1.125],"rotation":0,"texture":"#8","tintindex":0},"up":{"uv":[7.125,1.4375,6.8125,1.375],"rotation":0,"texture":"#8","tintindex":0},"down":{"uv":[7.125,1.5,6.8125,1.5625],"rotation":0,"texture":"#8","tintindex":0}}},{"from":[8.409642,7.904185,6.7571964],"to":[11.261071,9.612756,7.322911],"rotation":{"angle":22.5,"axis":"x","origin":[9.263928,9.187042,6.754339]},"faces":{"east":{"uv":[8.0625,8.0,8.125,8.1875],"rotation":0,"texture":"#8","tintindex":0},"south":{"uv":[4.1875,4.0625,4.5,4.25],"rotation":0,"texture":"#8","tintindex":0},"north":{"uv":[4.1875,3.8125,4.5,4.0],"rotation":0,"texture":"#8","tintindex":0},"west":{"uv":[8.125,0.4375,8.1875,0.625],"rotation":0,"texture":"#8","tintindex":0},"up":{"uv":[7.125,1.0,6.8125,0.9375],"rotation":0,"texture":"#8","tintindex":0},"down":{"uv":[7.125,1.25,6.8125,1.3125],"rotation":0,"texture":"#8","tintindex":0}}},{"from":[8.406785,6.8563395,6.2623177],"to":[11.263928,7.9991965,6.8337464],"rotation":{"angle":0.0,"axis":"y","origin":[7.263928,4.7134824,6.5480323]},"faces":{"east":{"uv":[8.625,4.3125,8.6875,4.4375],"rotation":0,"texture":"#8","tintindex":0},"south":{"uv":[4.75,4.25,5.0625,4.375],"rotation":0,"texture":"#8","tintindex":0},"north":{"uv":[4.125,4.75,4.4375,4.875],"rotation":0,"texture":"#8","tintindex":0},"west":{"uv":[8.625,4.5,8.6875,4.625],"rotation":0,"texture":"#8","tintindex":0},"up":{"uv":[7.125,0.75,6.8125,0.6875],"rotation":0,"texture":"#8","tintindex":0},"down":{"uv":[7.125,0.8125,6.8125,0.875],"rotation":0,"texture":"#8","tintindex":0}}},{"from":[9.805357,6.6458473,6.8383465],"to":[11.108213,9.091561,9.284061],"rotation":{"angle":0.0,"axis":"y","origin":[7.0282135,5.1544185,7.204061]},"faces":{"east":{"uv":[1.25,3.8125,1.5,4.0625],"rotation":0,"texture":"#8","tintindex":0},"south":{"uv":[0.8125,5.6875,0.9375,5.9375],"rotation":0,"texture":"#8","tintindex":0},"north":{"uv":[0.375,5.6875,0.5,5.9375],"rotation":0,"texture":"#8","tintindex":0},"west":{"uv":[1.5625,3.8125,1.8125,4.0625],"rotation":0,"texture":"#8","tintindex":0},"up":{"uv":[1.125,5.9375,1.0,5.6875],"rotation":0,"texture":"#8","tintindex":0},"down":{"uv":[1.8125,5.6875,1.6875,5.9375],"rotation":0,"texture":"#8","tintindex":0}}},{"from":[8.406785,9.011561,6.9183464],"to":[11.263928,9.582991,9.2040615],"rotation":{"angle":0.0,"axis":"y","origin":[7.263928,6.2972755,7.204061]},"faces":{"east":{"uv":[7.1875,6.0625,7.4375,6.125],"rotation":0,"texture":"#8","tintindex":0},"south":{"uv":[6.8125,0.0,7.125,0.0625],"rotation":0,"texture":"#8","tintindex":0},"north":{"uv":[0.0,6.8125,0.3125,6.875],"rotation":0,"texture":"#8","tintindex":0},"west":{"uv":[7.25,4.125,7.5,4.1875],"rotation":0,"texture":"#8","tintindex":0},"up":{"uv":[3.625,1.4375,3.3125,1.1875],"rotation":0,"texture":"#8","tintindex":0},"down":{"uv":[3.625,2.4375,3.3125,2.6875],"rotation":0,"texture":"#8","tintindex":0}}},{"from":[11.0,7.6571426,7.428571],"to":[11.571428,8.8,8.571428],"rotation":{"angle":45.0,"axis":"x","origin":[11.285714,8.228572,8.0]},"faces":{"east":{"uv":[7.5625,2.3125,7.6875,2.4375],"rotation":0,"texture":"#8","tintindex":0},"south":{"uv":[4.4375,8.875,4.5,9.0],"rotation":0,"texture":"#8","tintindex":0},"north":{"uv":[8.875,4.3125,8.9375,4.4375],"rotation":0,"texture":"#8","tintindex":0},"west":{"uv":[2.4375,7.5625,2.5625,7.6875],"rotation":0,"texture":"#8","tintindex":0},"up":{"uv":[8.9375,4.625,8.875,4.5],"rotation":0,"texture":"#8","tintindex":0},"down":{"uv":[4.625,8.875,4.5625,9.0],"rotation":0,"texture":"#8","tintindex":0}}},{"from":[9.141066,7.2440543,6.8599997],"to":[10.283922,8.529769,9.14],"rotation":{"angle":22.5,"axis":"z","origin":[9.42678,8.529769,8.0]},"faces":{"east":{"uv":[5.5,1.75,5.75,1.875],"rotation":0,"texture":"#8","tintindex":0},"south":{"uv":[7.125,0.5,7.25,0.625],"rotation":0,"texture":"#8","tintindex":0},"north":{"uv":[7.125,0.125,7.25,0.265625],"rotation":0,"texture":"#8","tintindex":0},"west":{"uv":[5.1875,5.5,5.4375,5.625],"rotation":0,"texture":"#8","tintindex":0},"up":{"uv":[1.625,5.75,1.5,5.5],"rotation":0,"texture":"#8","tintindex":0},"down":{"uv":[5.625,5.5,5.5,5.75],"rotation":0,"texture":"#8","tintindex":0}}},{"from":[8.285714,7.6714287,6.857143],"to":[10.0,8.814285,9.142858],"rotation":{"angle":0.0,"axis":"y","origin":[6.0,-4.9000006,8.0]},"faces":{"east":{"uv":[5.4375,4.25,5.6875,4.375],"rotation":0,"texture":"#8","tintindex":0},"south":{"uv":[6.5625,0.6875,6.75,0.8125],"rotation":0,"texture":"#8","tintindex":0},"north":{"uv":[6.0,6.5,6.1875,6.625],"rotation":0,"texture":"#8","tintindex":0},"west":{"uv":[5.4375,4.4375,5.6875,4.5625],"rotation":0,"texture":"#8","tintindex":0},"up":{"uv":[4.625,2.875,4.4375,2.625],"rotation":0,"texture":"#8","tintindex":0},"down":{"uv":[1.625,4.5,1.4375,4.75],"rotation":0,"texture":"#8","tintindex":0}}},{"from":[8.214286,5.435714,6.857143],"to":[9.357143,6.464286,9.142858],"rotation":{"angle":0.0,"axis":"y","origin":[5.928571,-5.478572,8.0]},"faces":{"east":{"uv":[1.1875,5.75,1.4375,5.875],"rotation":0,"texture":"#8","tintindex":0},"south":{"uv":[3.875,7.5625,4.0,7.6875],"rotation":0,"texture":"#8","tintindex":0},"north":{"uv":[7.5625,3.125,7.6875,3.2375],"rotation":0,"texture":"#8","tintindex":0},"west":{"uv":[5.75,2.25,6.0,2.375],"rotation":0,"texture":"#8","tintindex":0},"up":{"uv":[0.6875,6.0,0.5625,5.75],"rotation":0,"texture":"#8","tintindex":0},"down":{"uv":[2.6875,5.75,2.5625,6.0],"rotation":0,"texture":"#8","tintindex":0}}},{"from":[8.214286,4.8642855,6.857143],"to":[9.357143,5.3214283,9.142858],"rotation":{"angle":0.0,"axis":"y","origin":[5.928571,-6.05,8.0]},"faces":{"east":{"uv":[7.5,6.375,7.75,6.4375],"rotation":0,"texture":"#8","tintindex":0},"south":{"uv":[5.125,8.875,5.25,8.9375],"rotation":0,"texture":"#8","tintindex":0},"north":{"uv":[4.9375,8.875,5.0625,8.925],"rotation":0,"texture":"#8","tintindex":0},"west":{"uv":[7.5625,3.3125,7.8125,3.375],"rotation":0,"texture":"#8","tintindex":0},"up":{"uv":[6.0,1.25,5.875,1.0],"rotation":0,"texture":"#8","tintindex":0},"down":{"uv":[3.0625,5.875,2.9375,6.125],"rotation":0,"texture":"#8","tintindex":0}}},{"from":[9.471429,4.864286,6.857143],"to":[10.614285,5.3214293,9.142858],"rotation":{"angle":0.0,"axis":"y","origin":[7.1857142,-6.05,8.0]},"faces":{"east":{"uv":[7.5625,5.5625,7.8125,5.625],"rotation":0,"texture":"#8","tintindex":0},"south":{"uv":[5.3125,8.875,5.4375,8.9375],"rotation":0,"texture":"#8","tintindex":0},"north":{"uv":[8.875,5.1875,9.0,5.2375],"rotation":0,"texture":"#8","tintindex":0},"west":{"uv":[7.5625,5.6875,7.8125,5.75],"rotation":0,"texture":"#8","tintindex":0},"up":{"uv":[3.25,6.125,3.125,5.875],"rotation":0,"texture":"#8","tintindex":0},"down":{"uv":[6.0,3.75,5.875,4.0],"rotation":0,"texture":"#8","tintindex":0}}},{"from":[9.471429,5.435714,6.857143],"to":[10.614285,6.464286,9.142858],"rotation":{"angle":0.0,"axis":"y","origin":[7.1857142,-5.478572,8.0]},"faces":{"east":{"uv":[3.4375,5.75,3.6875,5.875],"rotation":0,"texture":"#8","tintindex":0},"south":{"uv":[7.5625,4.5,7.6875,4.625],"rotation":0,"texture":"#8","tintindex":0},"north":{"uv":[7.5625,4.0625,7.6875,4.175],"rotation":0,"texture":"#8","tintindex":0},"west":{"uv":[5.75,4.25,6.0,4.375],"rotation":0,"texture":"#8","tintindex":0},"up":{"uv":[2.875,6.0,2.75,5.75],"rotation":0,"texture":"#8","tintindex":0},"down":{"uv":[4.0,5.75,3.875,6.0],"rotation":0,"texture":"#8","tintindex":0}}},{"from":[8.214286,6.542857,6.857143],"to":[9.357143,7.6285715,9.142858],"rotation":{"angle":0.0,"axis":"y","origin":[5.928571,-4.3714285,8.0]},"faces":{"east":{"uv":[5.8125,1.75,6.0625,1.875],"rotation":0,"texture":"#8","tintindex":0},"south":{"uv":[5.5625,7.5625,5.6875,7.6875],"rotation":0,"texture":"#8","tintindex":0},"north":{"uv":[7.5625,5.0625,7.6875,5.18125],"rotation":0,"texture":"#8","tintindex":0},"west":{"uv":[5.875,0.0,6.125,0.125],"rotation":0,"texture":"#8","tintindex":0},"up":{"uv":[5.5625,6.0625,5.4375,5.8125],"rotation":0,"texture":"#8","tintindex":0},"down":{"uv":[6.0,0.1875,5.875,0.4375],"rotation":0,"texture":"#8","tintindex":0}}},{"from":[9.471429,6.542857,6.857143],"to":[10.614285,7.5714283,9.142858],"rotation":{"angle":0.0,"axis":"y","origin":[7.1857142,-4.3714285,8.0]},"faces":{"east":{"uv":[5.75,4.4375,6.0,4.5625],"rotation":0,"texture":"#8","tintindex":0},"south":{"uv":[7.5625,4.875,7.6875,5.0],"rotation":0,"texture":"#8","tintindex":0},"north":{"uv":[7.5625,4.6875,7.6875,4.8],"rotation":0,"texture":"#8","tintindex":0},"west":{"uv":[0.0,5.8125,0.25,5.9375],"rotation":0,"texture":"#8","tintindex":0},"up":{"uv":[1.625,6.0625,1.5,5.8125],"rotation":0,"texture":"#8","tintindex":0},"down":{"uv":[5.9375,3.4375,5.8125,3.6875],"rotation":0,"texture":"#8","tintindex":0}}},{"from":[9.996572,4.868,8.796572],"to":[10.574858,7.1605716,9.374857],"rotation":{"angle":22.5,"axis":"y","origin":[10.285714,7.1571426,8.857143]},"faces":{"east":{"uv":[3.75,7.625,3.8125,7.875],"rotation":0,"texture":"#8","tintindex":0},"south":{"uv":[2.125,7.6875,2.1875,7.9375],"rotation":0,"texture":"#8","tintindex":0},"north":{"uv":[2.625,7.5625,2.6875,7.8125],"rotation":0,"texture":"#8","tintindex":0},"west":{"uv":[2.875,7.6875,2.9375,7.9375],"rotation":0,"texture":"#8","tintindex":0},"up":{"uv":[9.4375,5.375,9.375,5.3125],"rotation":0,"texture":"#8","tintindex":0},"down":{"uv":[9.4375,5.4375,9.375,5.5],"rotation":0,"texture":"#8","tintindex":0}}},{"from":[9.996572,4.868,6.753714],"to":[10.574858,7.1605716,7.332],"rotation":{"angle":-22.5,"axis":"y","origin":[10.285714,7.1571426,7.2714286]},"faces":{"east":{"uv":[3.125,7.6875,3.1875,7.9375],"rotation":0,"texture":"#8","tintindex":0},"south":{"uv":[3.25,7.6875,3.3125,7.9375],"rotation":0,"texture":"#8","tintindex":0},"north":{"uv":[3.0,7.6875,3.0625,7.9375],"rotation":0,"texture":"#8","tintindex":0},"west":{"uv":[4.0625,7.6875,4.125,7.9375],"rotation":0,"texture":"#8","tintindex":0},"up":{"uv":[5.5625,9.4375,5.5,9.375],"rotation":0,"texture":"#8","tintindex":0},"down":{"uv":[9.4375,5.5625,9.375,5.625],"rotation":0,"texture":"#8","tintindex":0}}}],"textures":{"8":"modelengine:entity/fallendefender_dead"},"display":{"head":{"translation":[0.0,-6.4,0.0],"scale":[4.0,4.0,4.0]}}}