{"elements":[{"from":[4.594406,5.142857,6.503207],"to":[5.165835,6.857143,11.646065],"rotation":{"angle":0.0,"axis":"y","origin":[5.298428,8.0,6.654251]},"faces":{"east":{"uv":[0.6875,3.0625,1.25,3.25],"rotation":0,"texture":"#8","tintindex":0},"south":{"uv":[5.375,8.125,5.4375,8.3125],"rotation":0,"texture":"#8","tintindex":0},"north":{"uv":[4.625,8.125,4.6875,8.3125],"rotation":0,"texture":"#8","tintindex":0},"west":{"uv":[3.1875,0.0,3.75,0.1875],"rotation":0,"texture":"#8","tintindex":0},"up":{"uv":[5.1875,4.4375,5.125,3.875],"rotation":0,"texture":"#8","tintindex":0},"down":{"uv":[4.0625,5.125,4.0,5.6875],"rotation":0,"texture":"#8","tintindex":0}}},{"from":[4.5972633,4.9497156,7.840371],"to":[5.1629777,6.0868583,11.263228],"rotation":{"angle":-22.5,"axis":"x","origin":[5.298428,8.0,6.654251]},"faces":{"east":{"uv":[4.6875,0.4375,5.0625,0.5625],"rotation":0,"texture":"#8","tintindex":0},"south":{"uv":[3.6875,8.875,3.75,9.0],"rotation":0,"texture":"#8","tintindex":0},"north":{"uv":[8.875,3.625,8.9375,3.75],"rotation":0,"texture":"#8","tintindex":0},"west":{"uv":[4.6875,1.375,5.0625,1.5],"rotation":0,"texture":"#8","tintindex":0},"up":{"uv":[5.375,7.0,5.3125,6.625],"rotation":0,"texture":"#8","tintindex":0},"down":{"uv":[5.6875,6.625,5.625,7.0],"rotation":0,"texture":"#8","tintindex":0}}},{"from":[4.5972633,9.913141,7.840371],"to":[5.1629777,11.050284,11.263228],"rotation":{"angle":22.5,"axis":"x","origin":[5.298428,8.0,6.654251]},"faces":{"east":{"uv":[4.6875,1.5625,5.0625,1.6875],"rotation":0,"texture":"#8","tintindex":0},"south":{"uv":[8.875,3.8125,8.9375,3.9375],"rotation":0,"texture":"#8","tintindex":0},"north":{"uv":[3.8125,8.875,3.875,9.0],"rotation":0,"texture":"#8","tintindex":0},"west":{"uv":[4.6875,2.625,5.0625,2.75],"rotation":0,"texture":"#8","tintindex":0},"up":{"uv":[5.8125,7.0,5.75,6.625],"rotation":0,"texture":"#8","tintindex":0},"down":{"uv":[5.9375,6.625,5.875,7.0],"rotation":0,"texture":"#8","tintindex":0}}},{"from":[4.594406,5.142857,4.217493],"to":[5.165835,6.285714,6.503207],"rotation":{"angle":0.0,"axis":"y","origin":[5.298428,8.0,6.654251]},"faces":{"east":{"uv":[5.6875,3.25,5.9375,3.375],"rotation":0,"texture":"#8","tintindex":0},"south":{"uv":[8.75,0.625,8.8125,0.75],"rotation":0,"texture":"#8","tintindex":0},"north":{"uv":[8.6875,8.5625,8.75,8.6875],"rotation":0,"texture":"#8","tintindex":0},"west":{"uv":[4.3125,5.6875,4.5625,5.8125],"rotation":0,"texture":"#8","tintindex":0},"up":{"uv":[6.0,7.625,5.9375,7.375],"rotation":0,"texture":"#8","tintindex":0},"down":{"uv":[7.4375,6.1875,7.375,6.4375],"rotation":0,"texture":"#8","tintindex":0}}},{"from":[3.5546155,5.058333,6.503207],"to":[4.1260443,5.6297617,12.217493],"rotation":{"angle":22.5,"axis":"z","origin":[5.298428,8.0,6.654251]},"faces":{"east":{"uv":[4.75,4.625,5.375,4.6875],"rotation":0,"texture":"#8","tintindex":0},"south":{"uv":[5.25,9.25,5.3125,9.3125],"rotation":0,"texture":"#8","tintindex":0},"north":{"uv":[5.125,9.25,5.1875,9.3125],"rotation":0,"texture":"#8","tintindex":0},"west":{"uv":[4.8125,1.75,5.4375,1.8125],"rotation":0,"texture":"#8","tintindex":0},"up":{"uv":[1.625,5.4375,1.5625,4.8125],"rotation":0,"texture":"#8","tintindex":0},"down":{"uv":[2.9375,4.875,2.875,5.5],"rotation":0,"texture":"#8","tintindex":0}}},{"from":[3.5546155,2.7726183,4.7889214],"to":[4.1260443,4.486904,6.503207],"rotation":{"angle":22.5,"axis":"z","origin":[5.298428,8.0,6.654251]},"faces":{"east":{"uv":[4.375,5.125,4.5625,5.3125],"rotation":0,"texture":"#8","tintindex":0},"south":{"uv":[8.125,7.5625,8.1875,7.75],"rotation":0,"texture":"#8","tintindex":0},"north":{"uv":[7.0625,8.125,7.125,8.3125],"rotation":0,"texture":"#8","tintindex":0},"west":{"uv":[5.0,5.125,5.1875,5.3125],"rotation":0,"texture":"#8","tintindex":0},"up":{"uv":[0.9375,8.375,0.875,8.1875],"rotation":0,"texture":"#8","tintindex":0},"down":{"uv":[1.9375,8.1875,1.875,8.375],"rotation":0,"texture":"#8","tintindex":0}}},{"from":[2.7050076,4.9073977,6.61035],"to":[3.2764363,6.050255,7.753207],"rotation":{"angle":45.0,"axis":"z","origin":[5.298428,8.0,6.654251]},"faces":{"east":{"uv":[5.0625,7.3125,5.1875,7.4375],"rotation":0,"texture":"#8","tintindex":0},"south":{"uv":[1.375,8.6875,1.4375,8.8125],"rotation":0,"texture":"#8","tintindex":0},"north":{"uv":[1.25,8.6875,1.3125,8.8125],"rotation":0,"texture":"#8","tintindex":0},"west":{"uv":[7.3125,7.3125,7.4375,7.4375],"rotation":0,"texture":"#8","tintindex":0},"up":{"uv":[1.5625,8.8125,1.5,8.6875],"rotation":0,"texture":"#8","tintindex":0},"down":{"uv":[1.6875,8.6875,1.625,8.8125],"rotation":0,"texture":"#8","tintindex":0}}},{"from":[2.7050076,4.9073977,7.9532075],"to":[3.2764363,6.050255,9.096065],"rotation":{"angle":45.0,"axis":"z","origin":[5.298428,8.0,6.654251]},"faces":{"east":{"uv":[0.375,7.375,0.5,7.5],"rotation":0,"texture":"#8","tintindex":0},"south":{"uv":[2.0,8.6875,2.0625,8.8125],"rotation":0,"texture":"#8","tintindex":0},"north":{"uv":[1.75,8.6875,1.8125,8.8125],"rotation":0,"texture":"#8","tintindex":0},"west":{"uv":[0.5625,7.375,0.6875,7.5],"rotation":0,"texture":"#8","tintindex":0},"up":{"uv":[2.1875,8.8125,2.125,8.6875],"rotation":0,"texture":"#8","tintindex":0},"down":{"uv":[8.75,2.3125,8.6875,2.4375],"rotation":0,"texture":"#8","tintindex":0}}},{"from":[4.5972633,6.7301106,4.5993247],"to":[5.1629777,7.295825,5.7364674],"rotation":{"angle":-45.0,"axis":"x","origin":[5.298428,8.0,6.654251]},"faces":{"east":{"uv":[8.6875,0.5,8.8125,0.5625],"rotation":0,"texture":"#8","tintindex":0},"south":{"uv":[9.25,5.4375,9.3125,5.5],"rotation":0,"texture":"#8","tintindex":0},"north":{"uv":[9.25,5.3125,9.3125,5.375],"rotation":0,"texture":"#8","tintindex":0},"west":{"uv":[8.6875,1.1875,8.8125,1.25],"rotation":0,"texture":"#8","tintindex":0},"up":{"uv":[2.625,8.8125,2.5625,8.6875],"rotation":0,"texture":"#8","tintindex":0},"down":{"uv":[8.75,2.625,8.6875,2.75],"rotation":0,"texture":"#8","tintindex":0}}},{"from":[3.5546155,5.058333,4.217493],"to":[4.1260443,5.6297617,6.503207],"rotation":{"angle":22.5,"axis":"z","origin":[5.298428,8.0,6.654251]},"faces":{"east":{"uv":[7.375,0.6875,7.625,0.75],"rotation":0,"texture":"#8","tintindex":0},"south":{"uv":[9.25,5.5625,9.3125,5.625],"rotation":0,"texture":"#8","tintindex":0},"north":{"uv":[5.5625,9.25,5.625,9.3125],"rotation":0,"texture":"#8","tintindex":0},"west":{"uv":[7.375,0.8125,7.625,0.875],"rotation":0,"texture":"#8","tintindex":0},"up":{"uv":[1.0,7.5,0.9375,7.25],"rotation":0,"texture":"#8","tintindex":0},"down":{"uv":[3.8125,7.3125,3.75,7.5625],"rotation":0,"texture":"#8","tintindex":0}}},{"from":[4.5972633,7.774926,3.5545092],"to":[5.1629777,8.912069,4.1202235],"rotation":{"angle":-45.0,"axis":"x","origin":[5.298428,8.0,6.654251]},"faces":{"east":{"uv":[2.8125,8.6875,2.875,8.8125],"rotation":0,"texture":"#8","tintindex":0},"south":{"uv":[8.6875,2.8125,8.75,2.9375],"rotation":0,"texture":"#8","tintindex":0},"north":{"uv":[2.6875,8.6875,2.75,8.8125],"rotation":0,"texture":"#8","tintindex":0},"west":{"uv":[3.4375,8.6875,3.5,8.8125],"rotation":0,"texture":"#8","tintindex":0},"up":{"uv":[9.3125,5.75,9.25,5.6875],"rotation":0,"texture":"#8","tintindex":0},"down":{"uv":[9.3125,5.8125,9.25,5.875],"rotation":0,"texture":"#8","tintindex":0}}},{"from":[4.594406,9.714286,4.217493],"to":[5.165835,10.857143,6.503207],"rotation":{"angle":0.0,"axis":"y","origin":[5.298428,8.0,6.654251]},"faces":{"east":{"uv":[5.6875,4.75,5.9375,4.875],"rotation":0,"texture":"#8","tintindex":0},"south":{"uv":[2.9375,8.75,3.0,8.875],"rotation":0,"texture":"#8","tintindex":0},"north":{"uv":[2.4375,8.75,2.5,8.875],"rotation":0,"texture":"#8","tintindex":0},"west":{"uv":[4.9375,5.6875,5.1875,5.8125],"rotation":0,"texture":"#8","tintindex":0},"up":{"uv":[7.0625,7.625,7.0,7.375],"rotation":0,"texture":"#8","tintindex":0},"down":{"uv":[7.1875,7.375,7.125,7.625],"rotation":0,"texture":"#8","tintindex":0}}},{"from":[4.5972633,7.087931,3.5545092],"to":[5.1629777,8.225074,4.1202235],"rotation":{"angle":45.0,"axis":"x","origin":[5.298428,8.0,6.654251]},"faces":{"east":{"uv":[8.75,1.5,8.8125,1.625],"rotation":0,"texture":"#8","tintindex":0},"south":{"uv":[8.75,1.8125,8.8125,1.9375],"rotation":0,"texture":"#8","tintindex":0},"north":{"uv":[8.75,1.3125,8.8125,1.4375],"rotation":0,"texture":"#8","tintindex":0},"west":{"uv":[8.75,2.0,8.8125,2.125],"rotation":0,"texture":"#8","tintindex":0},"up":{"uv":[9.3125,7.3125,9.25,7.25],"rotation":0,"texture":"#8","tintindex":0},"down":{"uv":[9.3125,7.375,9.25,7.4375],"rotation":0,"texture":"#8","tintindex":0}}},{"from":[4.5972633,8.704175,4.5993247],"to":[5.1629777,9.26989,5.7364674],"rotation":{"angle":45.0,"axis":"x","origin":[5.298428,8.0,6.654251]},"faces":{"east":{"uv":[8.6875,6.875,8.8125,6.9375],"rotation":0,"texture":"#8","tintindex":0},"south":{"uv":[7.25,9.25,7.3125,9.3125],"rotation":0,"texture":"#8","tintindex":0},"north":{"uv":[9.25,7.125,9.3125,7.1875],"rotation":0,"texture":"#8","tintindex":0},"west":{"uv":[8.75,0.125,8.875,0.1875],"rotation":0,"texture":"#8","tintindex":0},"up":{"uv":[8.8125,0.9375,8.75,0.8125],"rotation":0,"texture":"#8","tintindex":0},"down":{"uv":[8.8125,1.0,8.75,1.125],"rotation":0,"texture":"#8","tintindex":0}}},{"from":[4.596692,4.4301233,2.6415038],"to":[5.163549,5.5684085,5.4940753],"rotation":{"angle":22.5,"axis":"x","origin":[5.298428,8.0,6.654251]},"faces":{"east":{"uv":[4.875,1.1875,5.1875,1.3125],"rotation":0,"texture":"#8","tintindex":0},"south":{"uv":[3.6875,8.6875,3.75,8.8125],"rotation":0,"texture":"#8","tintindex":0},"north":{"uv":[3.5625,8.6875,3.625,8.8125],"rotation":0,"texture":"#8","tintindex":0},"west":{"uv":[4.875,3.125,5.1875,3.25],"rotation":0,"texture":"#8","tintindex":0},"up":{"uv":[1.75,7.0625,1.6875,6.75],"rotation":0,"texture":"#8","tintindex":0},"down":{"uv":[3.5625,6.75,3.5,7.0625],"rotation":0,"texture":"#8","tintindex":0}}},{"from":[4.594406,5.5706944,2.6392183],"to":[5.165835,6.142123,4.9249325],"rotation":{"angle":22.5,"axis":"x","origin":[5.298428,8.0,6.654251]},"faces":{"east":{"uv":[7.375,3.75,7.625,3.8125],"rotation":0,"texture":"#8","tintindex":0},"south":{"uv":[9.25,7.625,9.3125,7.6875],"rotation":0,"texture":"#8","tintindex":0},"north":{"uv":[9.25,7.5,9.3125,7.5625],"rotation":0,"texture":"#8","tintindex":0},"west":{"uv":[7.4375,1.875,7.6875,1.9375],"rotation":0,"texture":"#8","tintindex":0},"up":{"uv":[1.875,7.6875,1.8125,7.4375],"rotation":0,"texture":"#8","tintindex":0},"down":{"uv":[2.375,7.4375,2.3125,7.6875],"rotation":0,"texture":"#8","tintindex":0}}},{"from":[4.591549,6.102889,1.0881515],"to":[5.168692,7.822889,2.236723],"rotation":{"angle":0.0,"axis":"y","origin":[5.298428,8.0,6.654251]},"faces":{"east":{"uv":[6.625,1.5,6.75,1.6875],"rotation":0,"texture":"#8","tintindex":0},"south":{"uv":[2.3125,8.1875,2.375,8.375],"rotation":0,"texture":"#8","tintindex":0},"north":{"uv":[2.1875,8.1875,2.25,8.375],"rotation":0,"texture":"#8","tintindex":0},"west":{"uv":[2.1875,6.625,2.3125,6.8125],"rotation":0,"texture":"#8","tintindex":0},"up":{"uv":[3.875,8.8125,3.8125,8.6875],"rotation":0,"texture":"#8","tintindex":0},"down":{"uv":[4.0,8.6875,3.9375,8.8125],"rotation":0,"texture":"#8","tintindex":0}}},{"from":[4.591549,6.6743174,-0.05470562],"to":[5.168692,7.822889,1.0938659],"rotation":{"angle":0.0,"axis":"y","origin":[5.298428,8.0,6.654251]},"faces":{"east":{"uv":[7.4375,2.5625,7.5625,2.6875],"rotation":0,"texture":"#8","tintindex":0},"south":{"uv":[8.6875,8.75,8.75,8.875],"rotation":0,"texture":"#8","tintindex":0},"north":{"uv":[8.5625,8.75,8.625,8.875],"rotation":0,"texture":"#8","tintindex":0},"west":{"uv":[7.4375,3.4375,7.5625,3.5625],"rotation":0,"texture":"#8","tintindex":0},"up":{"uv":[0.5625,8.9375,0.5,8.8125],"rotation":0,"texture":"#8","tintindex":0},"down":{"uv":[0.875,8.8125,0.8125,8.9375],"rotation":0,"texture":"#8","tintindex":0}}},{"from":[4.591549,8.177111,-0.05470562],"to":[5.168692,9.325683,1.0938659],"rotation":{"angle":0.0,"axis":"y","origin":[5.298428,8.0,6.654251]},"faces":{"east":{"uv":[3.5,7.4375,3.625,7.5625],"rotation":0,"texture":"#8","tintindex":0},"south":{"uv":[1.875,8.8125,1.9375,8.9375],"rotation":0,"texture":"#8","tintindex":0},"north":{"uv":[1.125,8.8125,1.1875,8.9375],"rotation":0,"texture":"#8","tintindex":0},"west":{"uv":[7.4375,3.875,7.5625,4.0],"rotation":0,"texture":"#8","tintindex":0},"up":{"uv":[8.875,2.3125,8.8125,2.1875],"rotation":0,"texture":"#8","tintindex":0},"down":{"uv":[2.3125,8.8125,2.25,8.9375],"rotation":0,"texture":"#8","tintindex":0}}},{"from":[4.596692,10.431591,2.6415038],"to":[5.163549,11.569877,5.4940753],"rotation":{"angle":-22.5,"axis":"x","origin":[5.298428,8.0,6.654251]},"faces":{"east":{"uv":[4.375,4.9375,4.6875,5.0625],"rotation":0,"texture":"#8","tintindex":0},"south":{"uv":[8.4375,8.75,8.5,8.875],"rotation":0,"texture":"#8","tintindex":0},"north":{"uv":[8.75,8.125,8.8125,8.25],"rotation":0,"texture":"#8","tintindex":0},"west":{"uv":[5.0,0.8125,5.3125,0.9375],"rotation":0,"texture":"#8","tintindex":0},"up":{"uv":[3.4375,7.125,3.375,6.8125],"rotation":0,"texture":"#8","tintindex":0},"down":{"uv":[4.0625,6.8125,4.0,7.125],"rotation":0,"texture":"#8","tintindex":0}}},{"from":[4.594406,9.857877,2.6392183],"to":[5.165835,10.429306,4.9249325],"rotation":{"angle":-22.5,"axis":"x","origin":[5.298428,8.0,6.654251]},"faces":{"east":{"uv":[7.4375,2.1875,7.6875,2.25],"rotation":0,"texture":"#8","tintindex":0},"south":{"uv":[9.25,7.875,9.3125,7.9375],"rotation":0,"texture":"#8","tintindex":0},"north":{"uv":[9.25,7.75,9.3125,7.8125],"rotation":0,"texture":"#8","tintindex":0},"west":{"uv":[2.4375,7.4375,2.6875,7.5],"rotation":0,"texture":"#8","tintindex":0},"up":{"uv":[2.8125,7.6875,2.75,7.4375],"rotation":0,"texture":"#8","tintindex":0},"down":{"uv":[7.5,2.9375,7.4375,3.1875],"rotation":0,"texture":"#8","tintindex":0}}},{"from":[4.591549,8.177111,1.0881515],"to":[5.168692,9.897111,2.236723],"rotation":{"angle":0.0,"axis":"y","origin":[5.298428,8.0,6.654251]},"faces":{"east":{"uv":[6.625,2.75,6.75,2.9375],"rotation":0,"texture":"#8","tintindex":0},"south":{"uv":[4.75,8.1875,4.8125,8.375],"rotation":0,"texture":"#8","tintindex":0},"north":{"uv":[4.5,8.1875,4.5625,8.375],"rotation":0,"texture":"#8","tintindex":0},"west":{"uv":[6.625,3.25,6.75,3.4375],"rotation":0,"texture":"#8","tintindex":0},"up":{"uv":[8.8125,6.8125,8.75,6.6875],"rotation":0,"texture":"#8","tintindex":0},"down":{"uv":[7.0,8.75,6.9375,8.875],"rotation":0,"texture":"#8","tintindex":0}}},{"from":[3.5546155,4.486904,4.217493],"to":[4.1260443,5.058333,7.074636],"rotation":{"angle":22.5,"axis":"z","origin":[5.298428,8.0,6.654251]},"faces":{"east":{"uv":[6.8125,2.5,7.125,2.5625],"rotation":0,"texture":"#8","tintindex":0},"south":{"uv":[6.0625,9.25,6.125,9.3125],"rotation":0,"texture":"#8","tintindex":0},"north":{"uv":[9.25,5.9375,9.3125,6.0],"rotation":0,"texture":"#8","tintindex":0},"west":{"uv":[6.8125,2.75,7.125,2.8125],"rotation":0,"texture":"#8","tintindex":0},"up":{"uv":[3.6875,7.0625,3.625,6.75],"rotation":0,"texture":"#8","tintindex":0},"down":{"uv":[5.5,6.75,5.4375,7.0625],"rotation":0,"texture":"#8","tintindex":0}}},{"from":[4.1546054,4.0644197,2.9560642],"to":[4.7203197,4.6301336,4.0932074],"rotation":{"angle":22.5,"axis":"z","origin":[5.298428,8.0,6.654251]},"faces":{"east":{"uv":[8.6875,1.6875,8.8125,1.75],"rotation":0,"texture":"#8","tintindex":0},"south":{"uv":[9.25,6.1875,9.3125,6.25],"rotation":0,"texture":"#8","tintindex":0},"north":{"uv":[6.1875,9.25,6.25,9.3125],"rotation":0,"texture":"#8","tintindex":0},"west":{"uv":[8.6875,3.4375,8.8125,3.5],"rotation":0,"texture":"#8","tintindex":0},"up":{"uv":[4.125,8.8125,4.0625,8.6875],"rotation":0,"texture":"#8","tintindex":0},"down":{"uv":[4.375,8.6875,4.3125,8.8125],"rotation":0,"texture":"#8","tintindex":0}}},{"from":[2.9070377,5.1094284,2.953207],"to":[3.4784665,6.2522855,4.0960646],"rotation":{"angle":45.0,"axis":"z","origin":[5.298428,8.0,6.654251]},"faces":{"east":{"uv":[7.375,1.25,7.5,1.375],"rotation":0,"texture":"#8","tintindex":0},"south":{"uv":[4.5625,8.6875,4.625,8.8125],"rotation":0,"texture":"#8","tintindex":0},"north":{"uv":[4.4375,8.6875,4.5,8.8125],"rotation":0,"texture":"#8","tintindex":0},"west":{"uv":[7.375,1.4375,7.5,1.5625],"rotation":0,"texture":"#8","tintindex":0},"up":{"uv":[4.75,8.8125,4.6875,8.6875],"rotation":0,"texture":"#8","tintindex":0},"down":{"uv":[4.875,8.6875,4.8125,8.8125],"rotation":0,"texture":"#8","tintindex":0}}},{"from":[4.594406,9.142858,6.503207],"to":[5.165835,10.857143,11.646065],"rotation":{"angle":0.0,"axis":"y","origin":[5.298428,8.0,6.654251]},"faces":{"east":{"uv":[1.3125,3.25,1.875,3.4375],"rotation":0,"texture":"#8","tintindex":0},"south":{"uv":[4.375,8.1875,4.4375,8.375],"rotation":0,"texture":"#8","tintindex":0},"north":{"uv":[8.1875,4.0,8.25,4.1875],"rotation":0,"texture":"#8","tintindex":0},"west":{"uv":[3.25,1.5,3.8125,1.6875],"rotation":0,"texture":"#8","tintindex":0},"up":{"uv":[4.6875,5.6875,4.625,5.125],"rotation":0,"texture":"#8","tintindex":0},"down":{"uv":[0.1875,5.1875,0.125,5.75],"rotation":0,"texture":"#8","tintindex":0}}},{"from":[5.022978,7.742857,5.931779],"to":[8.45155,8.314285,6.503207],"rotation":{"angle":0.0,"axis":"y","origin":[5.7269993,5.457143,6.0828223]},"faces":{"east":{"uv":[9.375,7.1875,9.4375,7.25],"rotation":0,"texture":"#8","tintindex":0},"south":{"uv":[6.625,1.75,7.0,1.8125],"rotation":0,"texture":"#8","tintindex":0},"north":{"uv":[6.5625,4.5,6.9375,4.5625],"rotation":0,"texture":"#8","tintindex":0},"west":{"uv":[9.375,7.3125,9.4375,7.375],"rotation":0,"texture":"#8","tintindex":0},"up":{"uv":[7.0,5.9375,6.625,5.875],"rotation":0,"texture":"#8","tintindex":0},"down":{"uv":[6.875,6.625,6.5,6.6875],"rotation":0,"texture":"#8","tintindex":0}}},{"from":[5.022978,7.742857,8.788921],"to":[8.45155,8.314285,9.360351],"rotation":{"angle":0.0,"axis":"y","origin":[5.7269993,5.457143,8.939965]},"faces":{"east":{"uv":[9.375,7.4375,9.4375,7.5],"rotation":0,"texture":"#8","tintindex":0},"south":{"uv":[6.6875,2.25,7.0625,2.3125],"rotation":0,"texture":"#8","tintindex":0},"north":{"uv":[6.6875,0.1875,7.0625,0.25],"rotation":0,"texture":"#8","tintindex":0},"west":{"uv":[9.375,7.5625,9.4375,7.625],"rotation":0,"texture":"#8","tintindex":0},"up":{"uv":[7.0625,3.0625,6.6875,3.0],"rotation":0,"texture":"#8","tintindex":0},"down":{"uv":[7.0625,3.125,6.6875,3.1875],"rotation":0,"texture":"#8","tintindex":0}}},{"from":[7.8801208,7.742857,6.503207],"to":[8.45155,8.314285,8.788921],"rotation":{"angle":0.0,"axis":"y","origin":[5.7269993,5.457143,8.368537]},"faces":{"east":{"uv":[7.6875,1.75,7.9375,1.8125],"rotation":0,"texture":"#8","tintindex":0},"south":{"uv":[9.375,7.8125,9.4375,7.875],"rotation":0,"texture":"#8","tintindex":0},"north":{"uv":[9.375,7.6875,9.4375,7.75],"rotation":0,"texture":"#8","tintindex":0},"west":{"uv":[7.6875,3.75,7.9375,3.8125],"rotation":0,"texture":"#8","tintindex":0},"up":{"uv":[6.1875,7.9375,6.125,7.6875],"rotation":0,"texture":"#8","tintindex":0},"down":{"uv":[7.5625,7.6875,7.5,7.9375],"rotation":0,"texture":"#8","tintindex":0}}},{"from":[3.5546155,10.370238,6.503207],"to":[4.1260443,10.941668,12.217493],"rotation":{"angle":-22.5,"axis":"z","origin":[5.298428,8.0,6.654251]},"faces":{"east":{"uv":[4.9375,3.5,5.5625,3.5625],"rotation":0,"texture":"#8","tintindex":0},"south":{"uv":[7.125,9.25,7.1875,9.3125],"rotation":0,"texture":"#8","tintindex":0},"north":{"uv":[9.25,7.0,9.3125,7.0625],"rotation":0,"texture":"#8","tintindex":0},"west":{"uv":[4.9375,3.625,5.5625,3.6875],"rotation":0,"texture":"#8","tintindex":0},"up":{"uv":[4.1875,5.5625,4.125,4.9375],"rotation":0,"texture":"#8","tintindex":0},"down":{"uv":[4.3125,4.9375,4.25,5.5625],"rotation":0,"texture":"#8","tintindex":0}}},{"from":[3.5546155,11.513096,4.7889214],"to":[4.1260443,13.227382,6.503207],"rotation":{"angle":-22.5,"axis":"z","origin":[5.298428,8.0,6.654251]},"faces":{"east":{"uv":[0.625,5.1875,0.8125,5.375],"rotation":0,"texture":"#8","tintindex":0},"south":{"uv":[5.0,8.3125,5.0625,8.5],"rotation":0,"texture":"#8","tintindex":0},"north":{"uv":[8.3125,4.6875,8.375,4.875],"rotation":0,"texture":"#8","tintindex":0},"west":{"uv":[1.3125,5.1875,1.5,5.375],"rotation":0,"texture":"#8","tintindex":0},"up":{"uv":[5.1875,8.5,5.125,8.3125],"rotation":0,"texture":"#8","tintindex":0},"down":{"uv":[5.3125,8.3125,5.25,8.5],"rotation":0,"texture":"#8","tintindex":0}}},{"from":[2.7050076,9.949745,6.61035],"to":[3.2764363,11.092602,7.753207],"rotation":{"angle":-45.0,"axis":"z","origin":[5.298428,8.0,6.654251]},"faces":{"east":{"uv":[5.75,7.375,5.875,7.5],"rotation":0,"texture":"#8","tintindex":0},"south":{"uv":[8.6875,7.9375,8.75,8.0625],"rotation":0,"texture":"#8","tintindex":0},"north":{"uv":[7.9375,8.6875,8.0,8.8125],"rotation":0,"texture":"#8","tintindex":0},"west":{"uv":[7.375,5.8125,7.5,5.9375],"rotation":0,"texture":"#8","tintindex":0},"up":{"uv":[8.125,8.8125,8.0625,8.6875],"rotation":0,"texture":"#8","tintindex":0},"down":{"uv":[8.375,8.6875,8.3125,8.8125],"rotation":0,"texture":"#8","tintindex":0}}},{"from":[2.7050076,9.949745,7.9532075],"to":[3.2764363,11.092602,9.096065],"rotation":{"angle":-45.0,"axis":"z","origin":[5.298428,8.0,6.654251]},"faces":{"east":{"uv":[5.5625,7.375,5.6875,7.5],"rotation":0,"texture":"#8","tintindex":0},"south":{"uv":[7.6875,8.6875,7.75,8.8125],"rotation":0,"texture":"#8","tintindex":0},"north":{"uv":[7.5625,8.6875,7.625,8.8125],"rotation":0,"texture":"#8","tintindex":0},"west":{"uv":[7.375,5.625,7.5,5.75],"rotation":0,"texture":"#8","tintindex":0},"up":{"uv":[8.75,7.875,8.6875,7.75],"rotation":0,"texture":"#8","tintindex":0},"down":{"uv":[7.875,8.6875,7.8125,8.8125],"rotation":0,"texture":"#8","tintindex":0}}},{"from":[2.7050076,4.9073977,9.381779],"to":[3.2764363,6.050255,10.524636],"rotation":{"angle":45.0,"axis":"z","origin":[5.298428,8.0,6.654251]},"faces":{"east":{"uv":[0.75,7.4375,0.875,7.5625],"rotation":0,"texture":"#8","tintindex":0},"south":{"uv":[8.75,3.75,8.8125,3.875],"rotation":0,"texture":"#8","tintindex":0},"north":{"uv":[8.75,3.5625,8.8125,3.6875],"rotation":0,"texture":"#8","tintindex":0},"west":{"uv":[1.0625,7.4375,1.1875,7.5625],"rotation":0,"texture":"#8","tintindex":0},"up":{"uv":[8.8125,4.0625,8.75,3.9375],"rotation":0,"texture":"#8","tintindex":0},"down":{"uv":[8.8125,4.125,8.75,4.25],"rotation":0,"texture":"#8","tintindex":0}}},{"from":[2.7050076,9.949745,9.381779],"to":[3.2764363,11.092602,10.524636],"rotation":{"angle":-45.0,"axis":"z","origin":[5.298428,8.0,6.654251]},"faces":{"east":{"uv":[7.375,6.875,7.5,7.0],"rotation":0,"texture":"#8","tintindex":0},"south":{"uv":[3.0625,8.75,3.125,8.875],"rotation":0,"texture":"#8","tintindex":0},"north":{"uv":[8.75,3.0,8.8125,3.125],"rotation":0,"texture":"#8","tintindex":0},"west":{"uv":[7.4375,0.3125,7.5625,0.4375],"rotation":0,"texture":"#8","tintindex":0},"up":{"uv":[3.25,8.875,3.1875,8.75],"rotation":0,"texture":"#8","tintindex":0},"down":{"uv":[3.375,8.75,3.3125,8.875],"rotation":0,"texture":"#8","tintindex":0}}},{"from":[2.7050076,4.9073977,10.81035],"to":[3.2764363,6.050255,11.953207],"rotation":{"angle":45.0,"axis":"z","origin":[5.298428,8.0,6.654251]},"faces":{"east":{"uv":[1.4375,7.4375,1.5625,7.5625],"rotation":0,"texture":"#8","tintindex":0},"south":{"uv":[8.75,5.5,8.8125,5.625],"rotation":0,"texture":"#8","tintindex":0},"north":{"uv":[8.75,5.3125,8.8125,5.4375],"rotation":0,"texture":"#8","tintindex":0},"west":{"uv":[1.625,7.4375,1.75,7.5625],"rotation":0,"texture":"#8","tintindex":0},"up":{"uv":[8.8125,5.8125,8.75,5.6875],"rotation":0,"texture":"#8","tintindex":0},"down":{"uv":[8.8125,5.875,8.75,6.0],"rotation":0,"texture":"#8","tintindex":0}}},{"from":[2.7050076,9.949745,10.81035],"to":[3.2764363,11.092602,11.953207],"rotation":{"angle":-45.0,"axis":"z","origin":[5.298428,8.0,6.654251]},"faces":{"east":{"uv":[7.4375,1.0625,7.5625,1.1875],"rotation":0,"texture":"#8","tintindex":0},"south":{"uv":[8.75,4.5,8.8125,4.625],"rotation":0,"texture":"#8","tintindex":0},"north":{"uv":[8.75,4.3125,8.8125,4.4375],"rotation":0,"texture":"#8","tintindex":0},"west":{"uv":[1.25,7.4375,1.375,7.5625],"rotation":0,"texture":"#8","tintindex":0},"up":{"uv":[8.8125,4.8125,8.75,4.6875],"rotation":0,"texture":"#8","tintindex":0},"down":{"uv":[8.8125,4.875,8.75,5.0],"rotation":0,"texture":"#8","tintindex":0}}},{"from":[4.1114063,11.630975,6.61035],"to":[4.6138387,12.268244,7.753207],"rotation":{"angle":-22.5,"axis":"z","origin":[5.298428,8.0,6.654251]},"faces":{"east":{"uv":[6.5625,8.6875,6.6875,8.75],"rotation":0,"texture":"#8","tintindex":0},"south":{"uv":[6.8125,9.25,6.875,9.3125],"rotation":0,"texture":"#8","tintindex":0},"north":{"uv":[9.25,6.6875,9.304954,6.757201],"rotation":0,"texture":"#8","tintindex":0},"west":{"uv":[6.75,8.6875,6.875,8.75],"rotation":0,"texture":"#8","tintindex":0},"up":{"uv":[7.1875,8.8125,7.125,8.6875],"rotation":0,"texture":"#8","tintindex":0},"down":{"uv":[7.5,8.6875,7.4375,8.8125],"rotation":0,"texture":"#8","tintindex":0}}},{"from":[4.1114063,3.7317562,6.61035],"to":[4.6138387,4.369025,7.753207],"rotation":{"angle":22.5,"axis":"z","origin":[5.298428,8.0,6.654251]},"faces":{"east":{"uv":[3.9375,8.875,4.0625,8.9375],"rotation":0,"texture":"#8","tintindex":0},"south":{"uv":[9.375,4.5625,9.4375,4.625],"rotation":0,"texture":"#8","tintindex":0},"north":{"uv":[9.375,4.4375,9.429954,4.507201],"rotation":0,"texture":"#8","tintindex":0},"west":{"uv":[8.875,4.0,9.0,4.0625],"rotation":0,"texture":"#8","tintindex":0},"up":{"uv":[8.9375,4.25,8.875,4.125],"rotation":0,"texture":"#8","tintindex":0},"down":{"uv":[4.375,8.875,4.3125,9.0],"rotation":0,"texture":"#8","tintindex":0}}},{"from":[3.5546155,10.370238,4.217493],"to":[4.1260443,10.941668,6.503207],"rotation":{"angle":-22.5,"axis":"z","origin":[5.298428,8.0,6.654251]},"faces":{"east":{"uv":[7.375,0.9375,7.625,1.0],"rotation":0,"texture":"#8","tintindex":0},"south":{"uv":[6.6875,9.25,6.75,9.3125],"rotation":0,"texture":"#8","tintindex":0},"north":{"uv":[9.25,6.5625,9.3125,6.625],"rotation":0,"texture":"#8","tintindex":0},"west":{"uv":[7.375,1.75,7.625,1.8125],"rotation":0,"texture":"#8","tintindex":0},"up":{"uv":[4.125,7.625,4.0625,7.375],"rotation":0,"texture":"#8","tintindex":0},"down":{"uv":[5.3125,7.375,5.25,7.625],"rotation":0,"texture":"#8","tintindex":0}}},{"from":[3.5546155,10.941668,4.217493],"to":[4.1260443,11.513096,7.074636],"rotation":{"angle":-22.5,"axis":"z","origin":[5.298428,8.0,6.654251]},"faces":{"east":{"uv":[6.8125,2.875,7.125,2.9375],"rotation":0,"texture":"#8","tintindex":0},"south":{"uv":[6.5625,9.25,6.625,9.3125],"rotation":0,"texture":"#8","tintindex":0},"north":{"uv":[9.25,6.4375,9.3125,6.5],"rotation":0,"texture":"#8","tintindex":0},"west":{"uv":[6.8125,3.25,7.125,3.3125],"rotation":0,"texture":"#8","tintindex":0},"up":{"uv":[2.0625,7.125,2.0,6.8125],"rotation":0,"texture":"#8","tintindex":0},"down":{"uv":[3.3125,6.8125,3.25,7.125],"rotation":0,"texture":"#8","tintindex":0}}},{"from":[4.1546054,11.369866,2.9560642],"to":[4.7203197,11.93558,4.0932074],"rotation":{"angle":-22.5,"axis":"z","origin":[5.298428,8.0,6.654251]},"faces":{"east":{"uv":[8.6875,5.1875,8.8125,5.25],"rotation":0,"texture":"#8","tintindex":0},"south":{"uv":[6.4375,9.25,6.5,9.3125],"rotation":0,"texture":"#8","tintindex":0},"north":{"uv":[6.3125,9.25,6.375,9.3125],"rotation":0,"texture":"#8","tintindex":0},"west":{"uv":[8.6875,6.375,8.8125,6.4375],"rotation":0,"texture":"#8","tintindex":0},"up":{"uv":[6.5,8.8125,6.4375,8.6875],"rotation":0,"texture":"#8","tintindex":0},"down":{"uv":[8.75,6.5,8.6875,6.625],"rotation":0,"texture":"#8","tintindex":0}}},{"from":[2.9070377,9.747714,2.953207],"to":[3.4784665,10.890572,4.0960646],"rotation":{"angle":-45.0,"axis":"z","origin":[5.298428,8.0,6.654251]},"faces":{"east":{"uv":[3.875,7.375,4.0,7.5],"rotation":0,"texture":"#8","tintindex":0},"south":{"uv":[8.6875,6.0625,8.75,6.1875],"rotation":0,"texture":"#8","tintindex":0},"north":{"uv":[6.0625,8.6875,6.125,8.8125],"rotation":0,"texture":"#8","tintindex":0},"west":{"uv":[7.375,4.5,7.5,4.625],"rotation":0,"texture":"#8","tintindex":0},"up":{"uv":[6.25,8.8125,6.1875,8.6875],"rotation":0,"texture":"#8","tintindex":0},"down":{"uv":[6.375,8.6875,6.3125,8.8125],"rotation":0,"texture":"#8","tintindex":0}}},{"from":[4.594406,5.142857,11.646065],"to":[5.165835,10.857143,12.788921],"rotation":{"angle":0.0,"axis":"y","origin":[5.298428,8.0,6.654251]},"faces":{"east":{"uv":[1.0625,3.3125,1.1875,3.9375],"rotation":0,"texture":"#8","tintindex":0},"south":{"uv":[3.75,4.6875,3.8125,5.3125],"rotation":0,"texture":"#8","tintindex":0},"north":{"uv":[2.0,4.5,2.0625,5.125],"rotation":0,"texture":"#8","tintindex":0},"west":{"uv":[0.0,3.375,0.125,4.0],"rotation":0,"texture":"#8","tintindex":0},"up":{"uv":[0.75,8.8125,0.6875,8.6875],"rotation":0,"texture":"#8","tintindex":0},"down":{"uv":[1.0625,8.6875,1.0,8.8125],"rotation":0,"texture":"#8","tintindex":0}}},{"from":[4.594406,7.428571,4.7889214],"to":[5.165835,8.571428,5.931779],"rotation":{"angle":0.0,"axis":"y","origin":[5.298428,8.0,6.654251]},"faces":{"east":{"uv":[7.375,2.0,7.5,2.125],"rotation":0,"texture":"#8","tintindex":0},"south":{"uv":[5.0625,8.6875,5.125,8.8125],"rotation":0,"texture":"#8","tintindex":0},"north":{"uv":[4.9375,8.6875,5.0,8.8125],"rotation":0,"texture":"#8","tintindex":0},"west":{"uv":[7.375,2.375,7.5,2.5],"rotation":0,"texture":"#8","tintindex":0},"up":{"uv":[5.25,8.8125,5.1875,8.6875],"rotation":0,"texture":"#8","tintindex":0},"down":{"uv":[5.375,8.6875,5.3125,8.8125],"rotation":0,"texture":"#8","tintindex":0}}},{"from":[4.994406,7.4,5.9032073],"to":[5.6229777,8.6,8.817493],"rotation":{"angle":0.0,"axis":"y","origin":[5.7269993,8.0,7.797108]},"faces":{"east":{"uv":[5.0,4.75,5.3125,4.875],"rotation":0,"texture":"#8","tintindex":0},"south":{"uv":[8.9375,2.625,9.0,2.75],"rotation":0,"texture":"#8","tintindex":0},"north":{"uv":[8.9375,2.4375,9.0,2.5625],"rotation":0,"texture":"#8","tintindex":0},"west":{"uv":[5.0,4.9375,5.3125,5.0625],"rotation":0,"texture":"#8","tintindex":0},"up":{"uv":[1.0,7.1875,0.9375,6.875],"rotation":0,"texture":"#8","tintindex":0},"down":{"uv":[1.4375,6.875,1.375,7.1875],"rotation":0,"texture":"#8","tintindex":0}}},{"from":[4.365835,6.513645,5.1678963],"to":[4.9372635,7.6565027,6.3107533],"rotation":{"angle":45.0,"axis":"x","origin":[5.298428,8.0,6.654251]},"faces":{"east":{"uv":[7.375,2.75,7.5,2.875],"rotation":0,"texture":"#8","tintindex":0},"south":{"uv":[5.5625,8.6875,5.625,8.8125],"rotation":0,"texture":"#8","tintindex":0},"north":{"uv":[5.4375,8.6875,5.5,8.8125],"rotation":0,"texture":"#8","tintindex":0},"west":{"uv":[7.375,3.25,7.5,3.375],"rotation":0,"texture":"#8","tintindex":0},"up":{"uv":[5.875,8.8125,5.8125,8.6875],"rotation":0,"texture":"#8","tintindex":0},"down":{"uv":[6.0,8.6875,5.9375,8.8125],"rotation":0,"texture":"#8","tintindex":0}}},{"from":[4.7412634,5.1468573,4.221493],"to":[5.0189776,10.853143,12.213493],"rotation":{"angle":0.0,"axis":"y","origin":[5.298428,8.0,6.654251]},"faces":{"east":{"uv":[0.0,0.0,0.875,0.625],"rotation":0,"texture":"#8","tintindex":0},"south":{"uv":[4.875,4.75,4.9375,5.375],"rotation":0,"texture":"#8","tintindex":0},"north":{"uv":[3.0,4.875,3.03125,5.5],"rotation":0,"texture":"#8","tintindex":0},"west":{"uv":[0.0,0.6875,0.875,1.3125],"rotation":0,"texture":"#8","tintindex":0},"up":{"uv":[0.75,5.125,0.6875,4.25],"rotation":0,"texture":"#8","tintindex":0},"down":{"uv":[0.875,4.25,0.8125,5.125],"rotation":0,"texture":"#8","tintindex":0}}},{"from":[4.7412634,6.2897143,1.3723497],"to":[5.0189776,9.710286,4.221493],"rotation":{"angle":0.0,"axis":"y","origin":[5.298428,8.0,6.654251]},"faces":{"east":{"uv":[0.0,2.9375,0.3125,3.3125],"rotation":0,"texture":"#8","tintindex":0},"south":{"uv":[5.1875,6.625,5.25,7.0],"rotation":0,"texture":"#8","tintindex":0},"north":{"uv":[3.75,6.5625,3.78125,6.9375],"rotation":0,"texture":"#8","tintindex":0},"west":{"uv":[2.5625,2.9375,2.875,3.3125],"rotation":0,"texture":"#8","tintindex":0},"up":{"uv":[4.1875,7.125,4.125,6.8125],"rotation":0,"texture":"#8","tintindex":0},"down":{"uv":[4.6875,6.8125,4.625,7.125],"rotation":0,"texture":"#8","tintindex":0}}},{"from":[4.5972633,1.6446848,8.97467],"to":[5.1629777,5.6795807,13.009566],"rotation":{"angle":-45.0,"axis":"x","origin":[5.298428,8.0,6.654251]},"faces":{"east":{"uv":[0.5625,2.25,1.0,2.6875],"rotation":0,"texture":"#8","tintindex":0},"south":{"uv":[1.25,6.4375,1.3125,6.875],"rotation":0,"texture":"#8","tintindex":0},"north":{"uv":[1.875,6.375,1.9375,6.8169417],"rotation":0,"texture":"#8","tintindex":0},"west":{"uv":[1.0625,2.25,1.5,2.6875],"rotation":0,"texture":"#8","tintindex":0},"up":{"uv":[0.4375,6.9375,0.375,6.5],"rotation":0,"texture":"#8","tintindex":0},"down":{"uv":[0.75,6.5,0.6875,6.9375],"rotation":0,"texture":"#8","tintindex":0}}}],"textures":{"8":"modelengine:entity/fallendefender_dead"},"display":{"head":{"translation":[0.0,-6.4,0.0],"scale":[4.0,4.0,4.0]}}}