{"elements":[{"from":[7.714476,7.7180953,7.6877217],"to":[8.285905,8.289524,10.544865],"rotation":{"angle":0.0,"axis":"y","origin":[13.714477,13.718096,8.2591505]},"faces":{"east":{"uv":[6.8125,3.375,7.125,3.4375],"rotation":0,"texture":"#8","tintindex":0},"south":{"uv":[9.25,8.375,9.3125,8.4375],"rotation":0,"texture":"#8","tintindex":0},"north":{"uv":[9.25,8.25,9.3125,8.3125],"rotation":0,"texture":"#8","tintindex":0},"west":{"uv":[6.8125,3.625,7.125,3.6875],"rotation":0,"texture":"#8","tintindex":0},"up":{"uv":[6.875,6.5625,6.8125,6.25],"rotation":0,"texture":"#8","tintindex":0},"down":{"uv":[0.875,6.875,0.8125,7.1875],"rotation":0,"texture":"#8","tintindex":0}}},{"from":[7.628762,7.632381,7.0305786],"to":[8.371619,8.375238,7.773436],"rotation":{"angle":0.0,"axis":"y","origin":[13.714477,13.718096,5.402007]},"faces":{"east":{"uv":[2.375,9.3125,2.4375,9.375],"rotation":0,"texture":"#8","tintindex":0},"south":{"uv":[9.3125,2.375,9.375,2.4375],"rotation":0,"texture":"#8","tintindex":0},"north":{"uv":[2.25,9.3125,2.3125,9.375],"rotation":0,"texture":"#8","tintindex":0},"west":{"uv":[2.5,9.3125,2.5625,9.375],"rotation":0,"texture":"#8","tintindex":0},"up":{"uv":[9.375,2.5625,9.3125,2.5],"rotation":0,"texture":"#8","tintindex":0},"down":{"uv":[2.6875,9.3125,2.625,9.375],"rotation":0,"texture":"#8","tintindex":0}}},{"from":[7.7104764,7.142667,5.9694357],"to":[8.289905,8.864952,7.120293],"rotation":{"angle":0.0,"axis":"y","origin":[13.714477,13.718096,4.830579]},"faces":{"east":{"uv":[6.625,4.75,6.75,4.9375],"rotation":0,"texture":"#8","tintindex":0},"south":{"uv":[8.1875,6.5,8.25,6.6875],"rotation":0,"texture":"#8","tintindex":0},"north":{"uv":[8.1875,6.0,8.25,6.1875],"rotation":0,"texture":"#8","tintindex":0},"west":{"uv":[6.625,5.375,6.75,5.5625],"rotation":0,"texture":"#8","tintindex":0},"up":{"uv":[1.3125,9.0,1.25,8.875],"rotation":0,"texture":"#8","tintindex":0},"down":{"uv":[1.4375,8.875,1.375,9.0],"rotation":0,"texture":"#8","tintindex":0}}},{"from":[7.6001906,7.318095,5.0020075],"to":[8.40019,8.689524,6.373436],"rotation":{"angle":45.0,"axis":"x","origin":[8.000191,8.00381,5.6877217]},"faces":{"east":{"uv":[7.5,6.1875,7.625,6.3125],"rotation":0,"texture":"#8","tintindex":0},"south":{"uv":[8.875,1.75,8.9375,1.875],"rotation":0,"texture":"#8","tintindex":0},"north":{"uv":[1.75,8.875,1.8125,9.0],"rotation":0,"texture":"#8","tintindex":0},"west":{"uv":[6.8125,7.5,6.9375,7.625],"rotation":0,"texture":"#8","tintindex":0},"up":{"uv":[8.9375,2.0625,8.875,1.9375],"rotation":0,"texture":"#8","tintindex":0},"down":{"uv":[2.0625,8.875,2.0,9.0],"rotation":0,"texture":"#8","tintindex":0}}},{"from":[7.5144763,7.518095,5.2020073],"to":[8.485905,8.489524,6.1734357],"rotation":{"angle":45.0,"axis":"x","origin":[8.000191,8.00381,5.6877217]},"faces":{"east":{"uv":[7.5,7.3125,7.625,7.4375],"rotation":0,"texture":"#8","tintindex":0},"south":{"uv":[7.4375,7.5,7.5625,7.625],"rotation":0,"texture":"#8","tintindex":0},"north":{"uv":[7.25,7.5,7.375,7.625],"rotation":0,"texture":"#8","tintindex":0},"west":{"uv":[0.0,7.5625,0.125,7.6875],"rotation":0,"texture":"#8","tintindex":0},"up":{"uv":[0.3125,7.6875,0.1875,7.5625],"rotation":0,"texture":"#8","tintindex":0},"down":{"uv":[0.5,7.5625,0.375,7.6875],"rotation":0,"texture":"#8","tintindex":0}}},{"from":[7.871619,7.6038094,-4.140851],"to":[8.128762,8.40381,-3.3408499],"rotation":{"angle":45.0,"axis":"x","origin":[8.000191,8.00381,-3.7408504]},"faces":{"east":{"uv":[3.6875,7.9375,3.8125,8.0625],"rotation":0,"texture":"#8","tintindex":0},"south":{"uv":[9.0,1.0,9.0625,1.125],"rotation":0,"texture":"#8","tintindex":0},"north":{"uv":[9.0,0.8125,9.065625,0.9375],"rotation":0,"texture":"#8","tintindex":0},"west":{"uv":[7.9375,7.125,8.0625,7.25],"rotation":0,"texture":"#8","tintindex":0},"up":{"uv":[1.125,9.125,1.0625,9.0],"rotation":0,"texture":"#8","tintindex":0},"down":{"uv":[9.0625,1.1875,9.0,1.3125],"rotation":0,"texture":"#8","tintindex":0}}},{"from":[7.714476,8.511189,5.929344],"to":[8.285905,9.654047,7.0722013],"rotation":{"angle":-22.5,"axis":"x","origin":[8.000191,8.796904,6.2150583]},"faces":{"east":{"uv":[4.4375,7.5,4.5625,7.625],"rotation":0,"texture":"#8","tintindex":0},"south":{"uv":[0.9375,8.875,1.0,9.0],"rotation":0,"texture":"#8","tintindex":0},"north":{"uv":[8.875,0.8125,8.9375,0.9375],"rotation":0,"texture":"#8","tintindex":0},"west":{"uv":[5.0,7.5,5.125,7.625],"rotation":0,"texture":"#8","tintindex":0},"up":{"uv":[8.9375,1.125,8.875,1.0],"rotation":0,"texture":"#8","tintindex":0},"down":{"uv":[8.9375,1.1875,8.875,1.3125],"rotation":0,"texture":"#8","tintindex":0}}},{"from":[7.716762,8.449427,4.7446804],"to":[8.283619,9.587712,5.882966],"rotation":{"angle":45.0,"axis":"x","origin":[8.000191,8.732855,5.313823]},"faces":{"east":{"uv":[0.5625,7.5625,0.6875,7.6875],"rotation":0,"texture":"#8","tintindex":0},"south":{"uv":[2.5625,8.875,2.625,9.0],"rotation":0,"texture":"#8","tintindex":0},"north":{"uv":[2.125,8.875,2.1875,9.0],"rotation":0,"texture":"#8","tintindex":0},"west":{"uv":[7.5625,1.25,7.6875,1.375],"rotation":0,"texture":"#8","tintindex":0},"up":{"uv":[2.75,9.0,2.6875,8.875],"rotation":0,"texture":"#8","tintindex":0},"down":{"uv":[2.875,8.875,2.8125,9.0],"rotation":0,"texture":"#8","tintindex":0}}},{"from":[7.716762,6.419907,4.7446804],"to":[8.283619,7.5581927,5.882966],"rotation":{"angle":-45.0,"axis":"x","origin":[8.000191,7.274764,5.313823]},"faces":{"east":{"uv":[7.5625,1.4375,7.6875,1.5625],"rotation":0,"texture":"#8","tintindex":0},"south":{"uv":[3.4375,8.875,3.5,9.0],"rotation":0,"texture":"#8","tintindex":0},"north":{"uv":[8.875,2.9375,8.9375,3.0625],"rotation":0,"texture":"#8","tintindex":0},"west":{"uv":[7.5625,2.0,7.6875,2.125],"rotation":0,"texture":"#8","tintindex":0},"up":{"uv":[8.9375,3.5625,8.875,3.4375],"rotation":0,"texture":"#8","tintindex":0},"down":{"uv":[3.625,8.875,3.5625,9.0],"rotation":0,"texture":"#8","tintindex":0}}},{"from":[7.714476,9.654047,5.929344],"to":[8.285905,11.368332,6.5007725],"rotation":{"angle":-22.5,"axis":"x","origin":[8.000191,8.796904,6.2150583]},"faces":{"east":{"uv":[7.3125,8.1875,7.375,8.375],"rotation":0,"texture":"#8","tintindex":0},"south":{"uv":[8.1875,7.9375,8.25,8.125],"rotation":0,"texture":"#8","tintindex":0},"north":{"uv":[8.1875,6.75,8.25,6.9375],"rotation":0,"texture":"#8","tintindex":0},"west":{"uv":[8.1875,8.1875,8.25,8.375],"rotation":0,"texture":"#8","tintindex":0},"up":{"uv":[4.625,9.375,4.5625,9.3125],"rotation":0,"texture":"#8","tintindex":0},"down":{"uv":[4.75,9.3125,4.6875,9.375],"rotation":0,"texture":"#8","tintindex":0}}},{"from":[7.716762,9.500682,5.099645],"to":[8.283619,11.038967,5.666502],"rotation":{"angle":-45.0,"axis":"x","origin":[8.000191,10.926968,5.668788]},"faces":{"east":{"uv":[0.625,8.25,0.6875,8.4375],"rotation":0,"texture":"#8","tintindex":0},"south":{"uv":[8.25,0.625,8.3125,0.8125],"rotation":0,"texture":"#8","tintindex":0},"north":{"uv":[8.25,0.375,8.3125,0.54375],"rotation":0,"texture":"#8","tintindex":0},"west":{"uv":[0.75,8.25,0.8125,8.4375],"rotation":0,"texture":"#8","tintindex":0},"up":{"uv":[9.375,5.25,9.3125,5.1875],"rotation":0,"texture":"#8","tintindex":0},"down":{"uv":[5.4375,9.3125,5.375,9.375],"rotation":0,"texture":"#8","tintindex":0}}},{"from":[7.717905,9.193655,6.4568176],"to":[8.282476,10.901083,7.0213895],"rotation":{"angle":0.0,"axis":"y","origin":[8.000191,9.920482,6.888086]},"faces":{"east":{"uv":[0.0,8.3125,0.0625,8.5],"rotation":0,"texture":"#8","tintindex":0},"south":{"uv":[0.125,8.3125,0.1875,8.5],"rotation":0,"texture":"#8","tintindex":0},"north":{"uv":[8.0625,8.25,8.125,8.4375],"rotation":0,"texture":"#8","tintindex":0},"west":{"uv":[0.25,8.3125,0.3125,8.5],"rotation":0,"texture":"#8","tintindex":0},"up":{"uv":[9.4375,3.1875,9.375,3.125],"rotation":0,"texture":"#8","tintindex":0},"down":{"uv":[9.4375,3.25,9.375,3.3125],"rotation":0,"texture":"#8","tintindex":0}}},{"from":[7.7196193,5.7236643,6.7537413],"to":[8.280762,7.3133783,7.314884],"rotation":{"angle":22.5,"axis":"x","origin":[8.000191,6.3728514,6.9452286]},"faces":{"east":{"uv":[2.5625,8.3125,2.625,8.5],"rotation":0,"texture":"#8","tintindex":0},"south":{"uv":[2.6875,8.3125,2.75,8.5],"rotation":0,"texture":"#8","tintindex":0},"north":{"uv":[2.4375,8.3125,2.5,8.4875],"rotation":0,"texture":"#8","tintindex":0},"west":{"uv":[3.5,8.3125,3.5625,8.5],"rotation":0,"texture":"#8","tintindex":0},"up":{"uv":[9.4375,3.8125,9.375,3.75],"rotation":0,"texture":"#8","tintindex":0},"down":{"uv":[9.4375,4.0625,9.375,4.125],"rotation":0,"texture":"#8","tintindex":0}}},{"from":[7.7196193,8.694241,6.7537413],"to":[8.280762,10.283955,7.314884],"rotation":{"angle":-22.5,"axis":"x","origin":[8.000191,9.634768,6.9452286]},"faces":{"east":{"uv":[8.3125,3.9375,8.375,4.125],"rotation":0,"texture":"#8","tintindex":0},"south":{"uv":[8.3125,4.1875,8.375,4.375],"rotation":0,"texture":"#8","tintindex":0},"north":{"uv":[3.8125,8.3125,3.875,8.4875],"rotation":0,"texture":"#8","tintindex":0},"west":{"uv":[8.3125,4.4375,8.375,4.625],"rotation":0,"texture":"#8","tintindex":0},"up":{"uv":[9.4375,4.25,9.375,4.1875],"rotation":0,"texture":"#8","tintindex":0},"down":{"uv":[9.4375,4.3125,9.375,4.375],"rotation":0,"texture":"#8","tintindex":0}}},{"from":[7.717905,5.106536,6.4568176],"to":[8.282476,6.8139644,7.0213895],"rotation":{"angle":0.0,"axis":"y","origin":[8.000191,6.087137,6.888086]},"faces":{"east":{"uv":[0.5,8.3125,0.5625,8.5],"rotation":0,"texture":"#8","tintindex":0},"south":{"uv":[1.375,8.3125,1.4375,8.5],"rotation":0,"texture":"#8","tintindex":0},"north":{"uv":[0.375,8.3125,0.4375,8.5],"rotation":0,"texture":"#8","tintindex":0},"west":{"uv":[8.3125,1.8125,8.375,2.0],"rotation":0,"texture":"#8","tintindex":0},"up":{"uv":[9.4375,3.5625,9.375,3.5],"rotation":0,"texture":"#8","tintindex":0},"down":{"uv":[9.4375,3.625,9.375,3.6875],"rotation":0,"texture":"#8","tintindex":0}}},{"from":[7.716762,4.968652,5.099645],"to":[8.283619,6.5069375,5.666502],"rotation":{"angle":45.0,"axis":"x","origin":[8.000191,5.0806513,5.668788]},"faces":{"east":{"uv":[1.5,8.25,1.5625,8.4375],"rotation":0,"texture":"#8","tintindex":0},"south":{"uv":[1.625,8.25,1.6875,8.4375],"rotation":0,"texture":"#8","tintindex":0},"north":{"uv":[1.25,8.25,1.3125,8.41875],"rotation":0,"texture":"#8","tintindex":0},"west":{"uv":[1.75,8.25,1.8125,8.4375],"rotation":0,"texture":"#8","tintindex":0},"up":{"uv":[6.0,9.375,5.9375,9.3125],"rotation":0,"texture":"#8","tintindex":0},"down":{"uv":[9.375,6.0625,9.3125,6.125],"rotation":0,"texture":"#8","tintindex":0}}},{"from":[7.714476,6.3535724,5.929344],"to":[8.285905,7.49643,7.0722013],"rotation":{"angle":22.5,"axis":"x","origin":[8.000191,7.2107153,6.2150583]},"faces":{"east":{"uv":[7.5,6.0,7.625,6.125],"rotation":0,"texture":"#8","tintindex":0},"south":{"uv":[1.5,8.875,1.5625,9.0],"rotation":0,"texture":"#8","tintindex":0},"north":{"uv":[8.875,1.375,8.9375,1.5],"rotation":0,"texture":"#8","tintindex":0},"west":{"uv":[6.0625,7.5,6.1875,7.625],"rotation":0,"texture":"#8","tintindex":0},"up":{"uv":[8.9375,1.6875,8.875,1.5625],"rotation":0,"texture":"#8","tintindex":0},"down":{"uv":[1.6875,8.875,1.625,9.0],"rotation":0,"texture":"#8","tintindex":0}}},{"from":[7.714476,4.639287,5.929344],"to":[8.285905,6.3535724,6.5007725],"rotation":{"angle":22.5,"axis":"x","origin":[8.000191,7.2107153,6.2150583]},"faces":{"east":{"uv":[1.0,8.25,1.0625,8.4375],"rotation":0,"texture":"#8","tintindex":0},"south":{"uv":[1.125,8.25,1.1875,8.4375],"rotation":0,"texture":"#8","tintindex":0},"north":{"uv":[8.25,0.875,8.3125,1.0625],"rotation":0,"texture":"#8","tintindex":0},"west":{"uv":[8.25,1.125,8.3125,1.3125],"rotation":0,"texture":"#8","tintindex":0},"up":{"uv":[5.75,9.375,5.6875,9.3125],"rotation":0,"texture":"#8","tintindex":0},"down":{"uv":[5.875,9.3125,5.8125,9.375],"rotation":0,"texture":"#8","tintindex":0}}},{"from":[7.89019,7.722595,-6.6816444],"to":[8.104476,8.311952,-6.092288],"rotation":{"angle":45.0,"axis":"x","origin":[7.997333,8.049778,-6.4194717]},"faces":{"east":{"uv":[9.3125,3.9375,9.375,4.0],"rotation":0,"texture":"#8","tintindex":0},"south":{"uv":[4.0625,9.3125,4.125,9.375],"rotation":0,"texture":"#8","tintindex":0},"north":{"uv":[3.9375,9.3125,3.9609375,9.376961],"rotation":0,"texture":"#8","tintindex":0},"west":{"uv":[4.1875,9.3125,4.25,9.375],"rotation":0,"texture":"#8","tintindex":0},"up":{"uv":[4.375,9.375,4.3125,9.3125],"rotation":0,"texture":"#8","tintindex":0},"down":{"uv":[4.5,9.3125,4.4375,9.375],"rotation":0,"texture":"#8","tintindex":0}}},{"from":[7.8959045,8.633363,2.9880629],"to":[8.104476,9.199078,4.582349],"rotation":{"angle":22.5,"axis":"x","origin":[8.000191,8.91622,3.2709203]},"faces":{"east":{"uv":[8.1875,3.3125,8.375,3.375],"rotation":0,"texture":"#8","tintindex":0},"south":{"uv":[3.8125,9.3125,3.875,9.375],"rotation":0,"texture":"#8","tintindex":0},"north":{"uv":[3.6875,9.3125,3.7109375,9.375],"rotation":0,"texture":"#8","tintindex":0},"west":{"uv":[8.1875,5.625,8.375,5.6875],"rotation":0,"texture":"#8","tintindex":0},"up":{"uv":[5.6875,8.375,5.625,8.1875],"rotation":0,"texture":"#8","tintindex":0},"down":{"uv":[8.25,5.75,8.1875,5.9375],"rotation":0,"texture":"#8","tintindex":0}}},{"from":[7.893048,8.718095,-4.3122797],"to":[8.107333,9.289524,3.116293],"rotation":{"angle":0.0,"axis":"y","origin":[13.714477,3.289524,0.8305788]},"faces":{"east":{"uv":[4.0,1.25,4.8125,1.3125],"rotation":0,"texture":"#8","tintindex":0},"south":{"uv":[3.5625,9.3125,3.625,9.375],"rotation":0,"texture":"#8","tintindex":0},"north":{"uv":[3.4375,9.3125,3.4609375,9.375],"rotation":0,"texture":"#8","tintindex":0},"west":{"uv":[4.125,3.0,4.9375,3.0625],"rotation":0,"texture":"#8","tintindex":0},"up":{"uv":[3.9375,5.0625,3.875,4.25],"rotation":0,"texture":"#8","tintindex":0},"down":{"uv":[4.0625,4.25,4.0,5.0625],"rotation":0,"texture":"#8","tintindex":0}}},{"from":[7.8001904,7.7180953,3.2877216],"to":[8.200191,8.289524,5.0020075],"rotation":{"angle":0.0,"axis":"y","origin":[8.000191,8.00381,4.2591505]},"faces":{"east":{"uv":[8.25,5.25,8.4375,5.3125],"rotation":0,"texture":"#8","tintindex":0},"south":{"uv":[8.9375,9.3125,9.0,9.375],"rotation":0,"texture":"#8","tintindex":0},"north":{"uv":[9.3125,8.75,9.35625,8.8125],"rotation":0,"texture":"#8","tintindex":0},"west":{"uv":[6.0,8.25,6.1875,8.3125],"rotation":0,"texture":"#8","tintindex":0},"up":{"uv":[6.3125,8.4375,6.25,8.25],"rotation":0,"texture":"#8","tintindex":0},"down":{"uv":[6.4375,8.25,6.375,8.4375],"rotation":0,"texture":"#8","tintindex":0}}},{"from":[7.8019047,7.7688303,3.0037217],"to":[8.198476,8.169463,3.404354],"rotation":{"angle":45.0,"axis":"x","origin":[8.000191,7.8854628,3.2877216]},"faces":{"east":{"uv":[9.0625,9.3125,9.125,9.375],"rotation":0,"texture":"#8","tintindex":0},"south":{"uv":[9.3125,9.125,9.375,9.1875],"rotation":0,"texture":"#8","tintindex":0},"north":{"uv":[9.3125,9.0,9.35625,9.044194],"rotation":0,"texture":"#8","tintindex":0},"west":{"uv":[9.3125,9.25,9.375,9.3125],"rotation":0,"texture":"#8","tintindex":0},"up":{"uv":[0.0625,9.4375,0.0,9.375],"rotation":0,"texture":"#8","tintindex":0},"down":{"uv":[9.4375,0.125,9.375,0.1875],"rotation":0,"texture":"#8","tintindex":0}}},{"from":[7.8001904,8.718095,3.773436],"to":[8.200191,9.289524,5.4877214],"rotation":{"angle":0.0,"axis":"y","origin":[8.000191,9.00381,4.7448645]},"faces":{"east":{"uv":[6.5,8.25,6.6875,8.3125],"rotation":0,"texture":"#8","tintindex":0},"south":{"uv":[9.375,1.25,9.4375,1.3125],"rotation":0,"texture":"#8","tintindex":0},"north":{"uv":[9.375,1.125,9.41875,1.1875],"rotation":0,"texture":"#8","tintindex":0},"west":{"uv":[6.75,8.25,6.9375,8.3125],"rotation":0,"texture":"#8","tintindex":0},"up":{"uv":[7.25,8.4375,7.1875,8.25],"rotation":0,"texture":"#8","tintindex":0},"down":{"uv":[7.5,8.25,7.4375,8.4375],"rotation":0,"texture":"#8","tintindex":0}}},{"from":[7.8019047,8.76883,3.4894357],"to":[8.198476,9.169463,3.8900685],"rotation":{"angle":45.0,"axis":"x","origin":[8.000191,8.885463,3.7734356]},"faces":{"east":{"uv":[9.375,0.625,9.4375,0.6875],"rotation":0,"texture":"#8","tintindex":0},"south":{"uv":[0.75,9.375,0.8125,9.4375],"rotation":0,"texture":"#8","tintindex":0},"north":{"uv":[0.625,9.375,0.66875,9.419194],"rotation":0,"texture":"#8","tintindex":0},"west":{"uv":[9.375,0.75,9.4375,0.8125],"rotation":0,"texture":"#8","tintindex":0},"up":{"uv":[9.4375,0.9375,9.375,0.875],"rotation":0,"texture":"#8","tintindex":0},"down":{"uv":[9.4375,1.0,9.375,1.0625],"rotation":0,"texture":"#8","tintindex":0}}},{"from":[7.8001904,6.7180953,3.773436],"to":[8.200191,7.2895236,5.4877214],"rotation":{"angle":0.0,"axis":"y","origin":[8.000191,7.0038095,4.7448645]},"faces":{"east":{"uv":[7.5625,8.25,7.75,8.3125],"rotation":0,"texture":"#8","tintindex":0},"south":{"uv":[3.125,9.375,3.1875,9.4375],"rotation":0,"texture":"#8","tintindex":0},"north":{"uv":[9.375,3.0,9.41875,3.0625],"rotation":0,"texture":"#8","tintindex":0},"west":{"uv":[8.25,7.5625,8.4375,7.625],"rotation":0,"texture":"#8","tintindex":0},"up":{"uv":[7.875,8.4375,7.8125,8.25],"rotation":0,"texture":"#8","tintindex":0},"down":{"uv":[8.0,8.25,7.9375,8.4375],"rotation":0,"texture":"#8","tintindex":0}}},{"from":[7.8019047,6.838156,3.4894357],"to":[8.198476,7.2387886,3.8900685],"rotation":{"angle":-45.0,"axis":"x","origin":[8.000191,7.122156,3.7734356]},"faces":{"east":{"uv":[9.375,1.75,9.4375,1.8125],"rotation":0,"texture":"#8","tintindex":0},"south":{"uv":[9.375,1.875,9.4375,1.9375],"rotation":0,"texture":"#8","tintindex":0},"north":{"uv":[9.375,1.625,9.41875,1.6691942],"rotation":0,"texture":"#8","tintindex":0},"west":{"uv":[9.375,2.25,9.4375,2.3125],"rotation":0,"texture":"#8","tintindex":0},"up":{"uv":[9.4375,2.8125,9.375,2.75],"rotation":0,"texture":"#8","tintindex":0},"down":{"uv":[9.4375,2.875,9.375,2.9375],"rotation":0,"texture":"#8","tintindex":0}}},{"from":[7.893048,8.289524,-2.0265646],"to":[8.107333,8.718095,3.6877217],"rotation":{"angle":0.0,"axis":"y","origin":[13.714477,2.7180953,3.116293]},"faces":{"east":{"uv":[4.9375,3.75,5.5625,3.8125],"rotation":0,"texture":"#8","tintindex":0},"south":{"uv":[9.3125,3.375,9.375,3.4375],"rotation":0,"texture":"#8","tintindex":0},"north":{"uv":[3.3125,9.3125,3.3359375,9.359375],"rotation":0,"texture":"#8","tintindex":0},"west":{"uv":[5.0,1.0,5.625,1.0625],"rotation":0,"texture":"#8","tintindex":0},"up":{"uv":[4.8125,5.5625,4.75,4.9375],"rotation":0,"texture":"#8","tintindex":0},"down":{"uv":[1.75,5.0,1.6875,5.625],"rotation":0,"texture":"#8","tintindex":0}}},{"from":[7.893048,8.146667,3.6877217],"to":[8.107333,8.718095,5.402007],"rotation":{"angle":0.0,"axis":"y","origin":[13.714477,2.7180953,3.116293]},"faces":{"east":{"uv":[8.1875,6.25,8.375,6.3125],"rotation":0,"texture":"#8","tintindex":0},"south":{"uv":[9.3125,6.8125,9.375,6.875],"rotation":0,"texture":"#8","tintindex":0},"north":{"uv":[9.3125,6.3125,9.3359375,6.375],"rotation":0,"texture":"#8","tintindex":0},"west":{"uv":[8.1875,7.0,8.375,7.0625],"rotation":0,"texture":"#8","tintindex":0},"up":{"uv":[2.0625,8.4375,2.0,8.25],"rotation":0,"texture":"#8","tintindex":0},"down":{"uv":[8.3125,2.25,8.25,2.4375],"rotation":0,"texture":"#8","tintindex":0}}},{"from":[7.8953333,8.8167515,-3.3776264],"to":[8.105047,9.240751,-1.8107681],"rotation":{"angle":22.5,"axis":"x","origin":[8.000191,8.957323,-3.2370548]},"faces":{"east":{"uv":[8.125,7.8125,8.3125,7.875],"rotation":0,"texture":"#8","tintindex":0},"south":{"uv":[3.0,9.3125,3.0625,9.375],"rotation":0,"texture":"#8","tintindex":0},"north":{"uv":[2.875,9.3125,2.8984375,9.359375],"rotation":0,"texture":"#8","tintindex":0},"west":{"uv":[8.1875,0.25,8.375,0.3125],"rotation":0,"texture":"#8","tintindex":0},"up":{"uv":[4.9375,8.375,4.875,8.1875],"rotation":0,"texture":"#8","tintindex":0},"down":{"uv":[5.5625,8.1875,5.5,8.375],"rotation":0,"texture":"#8","tintindex":0}}},{"from":[7.892476,8.417849,-6.4195766],"to":[8.10219,8.984706,-4.1384335],"rotation":{"angle":-22.5,"axis":"x","origin":[7.997333,8.701277,-4.993291]},"faces":{"east":{"uv":[7.4375,7.0625,7.6875,7.125],"rotation":0,"texture":"#8","tintindex":0},"south":{"uv":[2.75,9.3125,2.8125,9.375],"rotation":0,"texture":"#8","tintindex":0},"north":{"uv":[9.3125,2.625,9.3359375,2.6875],"rotation":0,"texture":"#8","tintindex":0},"west":{"uv":[7.5,0.1875,7.75,0.25],"rotation":0,"texture":"#8","tintindex":0},"up":{"uv":[4.25,7.75,4.1875,7.5],"rotation":0,"texture":"#8","tintindex":0},"down":{"uv":[4.375,7.5,4.3125,7.75],"rotation":0,"texture":"#8","tintindex":0}}},{"from":[7.8959045,6.808542,2.9880629],"to":[8.104476,7.374256,4.582349],"rotation":{"angle":-22.5,"axis":"x","origin":[8.000191,7.0913987,3.2709203]},"faces":{"east":{"uv":[8.25,3.4375,8.4375,3.5],"rotation":0,"texture":"#8","tintindex":0},"south":{"uv":[8.6875,9.3125,8.75,9.375],"rotation":0,"texture":"#8","tintindex":0},"north":{"uv":[8.5625,9.3125,8.5859375,9.375],"rotation":0,"texture":"#8","tintindex":0},"west":{"uv":[4.0,8.25,4.1875,8.3125],"rotation":0,"texture":"#8","tintindex":0},"up":{"uv":[4.3125,8.4375,4.25,8.25],"rotation":0,"texture":"#8","tintindex":0},"down":{"uv":[8.3125,5.0,8.25,5.1875],"rotation":0,"texture":"#8","tintindex":0}}},{"from":[7.893048,6.7180953,-4.3122797],"to":[8.107333,7.2895236,3.116293],"rotation":{"angle":0.0,"axis":"y","origin":[13.714477,12.718096,0.8305788]},"faces":{"east":{"uv":[4.3125,1.9375,5.125,2.0],"rotation":0,"texture":"#8","tintindex":0},"south":{"uv":[8.4375,9.3125,8.5,9.375],"rotation":0,"texture":"#8","tintindex":0},"north":{"uv":[8.3125,9.3125,8.3359375,9.375],"rotation":0,"texture":"#8","tintindex":0},"west":{"uv":[4.3125,2.3125,5.125,2.375],"rotation":0,"texture":"#8","tintindex":0},"up":{"uv":[2.1875,5.125,2.125,4.3125],"rotation":0,"texture":"#8","tintindex":0},"down":{"uv":[2.3125,4.3125,2.25,5.125],"rotation":0,"texture":"#8","tintindex":0}}},{"from":[7.893048,7.2895236,-2.0265646],"to":[8.107333,7.7180953,3.6877217],"rotation":{"angle":0.0,"axis":"y","origin":[13.714477,13.289524,3.116293]},"faces":{"east":{"uv":[5.0,3.0,5.625,3.0625],"rotation":0,"texture":"#8","tintindex":0},"south":{"uv":[9.3125,8.125,9.375,8.1875],"rotation":0,"texture":"#8","tintindex":0},"north":{"uv":[8.0,9.3125,8.0234375,9.359375],"rotation":0,"texture":"#8","tintindex":0},"west":{"uv":[5.0,3.3125,5.625,3.375],"rotation":0,"texture":"#8","tintindex":0},"up":{"uv":[1.875,5.625,1.8125,5.0],"rotation":0,"texture":"#8","tintindex":0},"down":{"uv":[2.4375,5.0,2.375,5.625],"rotation":0,"texture":"#8","tintindex":0}}},{"from":[7.893048,7.2895236,3.6877217],"to":[8.107333,7.8609524,5.402007],"rotation":{"angle":0.0,"axis":"y","origin":[13.714477,13.289524,3.116293]},"faces":{"east":{"uv":[8.25,1.375,8.4375,1.4375],"rotation":0,"texture":"#8","tintindex":0},"south":{"uv":[7.875,9.3125,7.9375,9.375],"rotation":0,"texture":"#8","tintindex":0},"north":{"uv":[7.75,9.3125,7.7734375,9.375],"rotation":0,"texture":"#8","tintindex":0},"west":{"uv":[8.25,1.6875,8.4375,1.75],"rotation":0,"texture":"#8","tintindex":0},"up":{"uv":[8.3125,3.1875,8.25,3.0],"rotation":0,"texture":"#8","tintindex":0},"down":{"uv":[8.3125,3.6875,8.25,3.875],"rotation":0,"texture":"#8","tintindex":0}}},{"from":[7.8953333,6.7668676,-3.3776264],"to":[8.105047,7.1908674,-1.8107681],"rotation":{"angle":-22.5,"axis":"x","origin":[8.000191,7.0502963,-3.2370548]},"faces":{"east":{"uv":[8.1875,7.25,8.375,7.3125],"rotation":0,"texture":"#8","tintindex":0},"south":{"uv":[7.625,9.3125,7.6875,9.375],"rotation":0,"texture":"#8","tintindex":0},"north":{"uv":[7.5,9.3125,7.5234375,9.359375],"rotation":0,"texture":"#8","tintindex":0},"west":{"uv":[8.25,0.0,8.4375,0.0625],"rotation":0,"texture":"#8","tintindex":0},"up":{"uv":[8.3125,2.6875,8.25,2.5],"rotation":0,"texture":"#8","tintindex":0},"down":{"uv":[8.3125,2.75,8.25,2.9375],"rotation":0,"texture":"#8","tintindex":0}}},{"from":[7.893619,7.0240564,-6.418434],"to":[8.1010475,7.588628,-4.139577],"rotation":{"angle":22.5,"axis":"x","origin":[7.997333,7.306342,-4.993291]},"faces":{"east":{"uv":[7.5,1.625,7.75,1.6875],"rotation":0,"texture":"#8","tintindex":0},"south":{"uv":[7.375,9.3125,7.4375,9.375],"rotation":0,"texture":"#8","tintindex":0},"north":{"uv":[6.9375,9.3125,6.9609375,9.375],"rotation":0,"texture":"#8","tintindex":0},"west":{"uv":[7.5,3.625,7.75,3.6875],"rotation":0,"texture":"#8","tintindex":0},"up":{"uv":[4.6875,7.75,4.625,7.5],"rotation":0,"texture":"#8","tintindex":0},"down":{"uv":[1.0,7.5625,0.9375,7.8125],"rotation":0,"texture":"#8","tintindex":0}}},{"from":[7.6801906,7.6838093,9.653436],"to":[8.32019,8.32381,10.150579],"rotation":{"angle":0.0,"axis":"y","origin":[13.714477,13.718096,7.830579]},"faces":{"east":{"uv":[1.875,9.3125,1.9375,9.375],"rotation":0,"texture":"#8","tintindex":0},"south":{"uv":[2.0,9.3125,2.0625,9.375],"rotation":0,"texture":"#8","tintindex":0},"north":{"uv":[1.75,9.3125,1.8125,9.375],"rotation":0,"texture":"#8","tintindex":0},"west":{"uv":[9.3125,2.0,9.375,2.0625],"rotation":0,"texture":"#8","tintindex":0},"up":{"uv":[2.1875,9.375,2.125,9.3125],"rotation":0,"texture":"#8","tintindex":0},"down":{"uv":[9.375,2.125,9.3125,2.1875],"rotation":0,"texture":"#8","tintindex":0}}},{"from":[7.628762,7.2038097,10.216293],"to":[8.371619,8.232381,11.244864],"rotation":{"angle":45.0,"axis":"x","origin":[8.000191,8.00381,11.016294]},"faces":{"east":{"uv":[1.9375,7.5,2.0625,7.625],"rotation":0,"texture":"#8","tintindex":0},"south":{"uv":[2.125,7.5,2.25,7.625],"rotation":0,"texture":"#8","tintindex":0},"north":{"uv":[7.5,0.5,7.59375,0.625],"rotation":0,"texture":"#8","tintindex":0},"west":{"uv":[2.875,7.5,3.0,7.625],"rotation":0,"texture":"#8","tintindex":0},"up":{"uv":[3.1875,7.625,3.0625,7.5],"rotation":0,"texture":"#8","tintindex":0},"down":{"uv":[3.375,7.5,3.25,7.625],"rotation":0,"texture":"#8","tintindex":0}}},{"from":[7.7990475,7.8026667,12.343721],"to":[8.201333,8.204952,13.317436],"rotation":{"angle":0.0,"axis":"y","origin":[13.714477,13.718096,8.2591505]},"faces":{"east":{"uv":[8.8125,7.0,8.9375,7.0625],"rotation":0,"texture":"#8","tintindex":0},"south":{"uv":[9.25,8.625,9.3125,8.6875],"rotation":0,"texture":"#8","tintindex":0},"north":{"uv":[9.25,8.5,9.3125,8.5625],"rotation":0,"texture":"#8","tintindex":0},"west":{"uv":[7.25,8.8125,7.375,8.875],"rotation":0,"texture":"#8","tintindex":0},"up":{"uv":[8.875,7.625,8.8125,7.5],"rotation":0,"texture":"#8","tintindex":0},"down":{"uv":[8.875,7.6875,8.8125,7.8125],"rotation":0,"texture":"#8","tintindex":0}}},{"from":[7.8001904,7.2895236,10.630579],"to":[8.200191,7.6895237,11.602008],"rotation":{"angle":22.5,"axis":"x","origin":[8.000191,7.489524,11.402008]},"faces":{"east":{"uv":[8.8125,7.25,8.9375,7.3125],"rotation":0,"texture":"#8","tintindex":0},"south":{"uv":[9.25,8.875,9.3125,8.9375],"rotation":0,"texture":"#8","tintindex":0},"north":{"uv":[8.8125,9.25,8.875,9.3125],"rotation":0,"texture":"#8","tintindex":0},"west":{"uv":[8.8125,7.875,8.9375,7.9375],"rotation":0,"texture":"#8","tintindex":0},"up":{"uv":[8.25,8.9375,8.1875,8.8125],"rotation":0,"texture":"#8","tintindex":0},"down":{"uv":[8.875,8.3125,8.8125,8.4375],"rotation":0,"texture":"#8","tintindex":0}}},{"from":[7.8001904,7.4038095,11.773437],"to":[8.200191,7.8038096,12.744865],"rotation":{"angle":-22.5,"axis":"x","origin":[8.000191,7.6038094,11.973436]},"faces":{"east":{"uv":[8.8125,8.0,8.9375,8.0625],"rotation":0,"texture":"#8","tintindex":0},"south":{"uv":[0.5,9.3125,0.5625,9.375],"rotation":0,"texture":"#8","tintindex":0},"north":{"uv":[9.3125,0.375,9.375,0.4375],"rotation":0,"texture":"#8","tintindex":0},"west":{"uv":[8.8125,8.5,8.9375,8.5625],"rotation":0,"texture":"#8","tintindex":0},"up":{"uv":[8.875,8.75,8.8125,8.625],"rotation":0,"texture":"#8","tintindex":0},"down":{"uv":[8.875,8.8125,8.8125,8.9375],"rotation":0,"texture":"#8","tintindex":0}}},{"from":[7.714476,7.2038097,11.402008],"to":[8.285905,7.775238,11.973436],"rotation":{"angle":-22.5,"axis":"x","origin":[8.000191,7.489524,11.687722]},"faces":{"east":{"uv":[9.3125,0.0,9.375,0.0625],"rotation":0,"texture":"#8","tintindex":0},"south":{"uv":[0.125,9.3125,0.1875,9.375],"rotation":0,"texture":"#8","tintindex":0},"north":{"uv":[9.1875,9.25,9.25,9.3125],"rotation":0,"texture":"#8","tintindex":0},"west":{"uv":[0.25,9.3125,0.3125,9.375],"rotation":0,"texture":"#8","tintindex":0},"up":{"uv":[9.375,0.3125,9.3125,0.25],"rotation":0,"texture":"#8","tintindex":0},"down":{"uv":[0.4375,9.3125,0.375,9.375],"rotation":0,"texture":"#8","tintindex":0}}},{"from":[7.8001904,8.146667,11.773437],"to":[8.200191,8.546667,12.744865],"rotation":{"angle":22.5,"axis":"x","origin":[8.000191,8.346666,11.973436]},"faces":{"east":{"uv":[8.875,0.375,9.0,0.4375],"rotation":0,"texture":"#8","tintindex":0},"south":{"uv":[1.625,9.3125,1.6875,9.375],"rotation":0,"texture":"#8","tintindex":0},"north":{"uv":[9.3125,1.5,9.375,1.5625],"rotation":0,"texture":"#8","tintindex":0},"west":{"uv":[8.875,0.5,9.0,0.5625],"rotation":0,"texture":"#8","tintindex":0},"up":{"uv":[0.6875,9.0,0.625,8.875],"rotation":0,"texture":"#8","tintindex":0},"down":{"uv":[8.9375,0.625,8.875,0.75],"rotation":0,"texture":"#8","tintindex":0}}},{"from":[7.714476,8.175238,11.402008],"to":[8.285905,8.746667,11.973436],"rotation":{"angle":22.5,"axis":"x","origin":[8.000191,8.460953,11.687722]},"faces":{"east":{"uv":[1.125,9.3125,1.1875,9.375],"rotation":0,"texture":"#8","tintindex":0},"south":{"uv":[1.25,9.3125,1.3125,9.375],"rotation":0,"texture":"#8","tintindex":0},"north":{"uv":[1.0,9.3125,1.0625,9.375],"rotation":0,"texture":"#8","tintindex":0},"west":{"uv":[1.375,9.3125,1.4375,9.375],"rotation":0,"texture":"#8","tintindex":0},"up":{"uv":[9.375,1.4375,9.3125,1.375],"rotation":0,"texture":"#8","tintindex":0},"down":{"uv":[1.5625,9.3125,1.5,9.375],"rotation":0,"texture":"#8","tintindex":0}}},{"from":[7.8001904,8.260952,10.630579],"to":[8.200191,8.660953,11.602008],"rotation":{"angle":-22.5,"axis":"x","origin":[8.000191,8.460953,11.402008]},"faces":{"east":{"uv":[0.0,8.875,0.125,8.9375],"rotation":0,"texture":"#8","tintindex":0},"south":{"uv":[0.875,9.3125,0.9375,9.375],"rotation":0,"texture":"#8","tintindex":0},"north":{"uv":[9.3125,0.5,9.375,0.5625],"rotation":0,"texture":"#8","tintindex":0},"west":{"uv":[8.875,0.0,9.0,0.0625],"rotation":0,"texture":"#8","tintindex":0},"up":{"uv":[0.25,9.0,0.1875,8.875],"rotation":0,"texture":"#8","tintindex":0},"down":{"uv":[0.375,8.875,0.3125,9.0],"rotation":0,"texture":"#8","tintindex":0}}}],"textures":{"8":"modelengine:entity/fallendefender_dead"},"display":{"head":{"translation":[0.0,-6.4,0.0],"scale":[4.0,4.0,4.0]}}}