{"elements":[{"from":[7.714286,7.714286,4.0],"to":[8.285714,8.285714,9.714286],"rotation":{"angle":0.0,"axis":"y","origin":[7.5714283,9.285714,7.428571]},"faces":{"east":{"uv":[7.25,5.75,9.75,6.0],"rotation":0,"texture":"#0","tintindex":0},"south":{"uv":[7.25,5.75,7.5,6.0],"rotation":0,"texture":"#0","tintindex":0},"north":{"uv":[9.5,5.75,9.75,6.0],"rotation":0,"texture":"#0","tintindex":0},"west":{"uv":[9.75,5.75,7.25,6.0],"rotation":0,"texture":"#0","tintindex":0},"up":{"uv":[9.75,6.0,7.25,5.75],"rotation":90,"texture":"#0","tintindex":0},"down":{"uv":[7.25,6.0,9.75,5.75],"rotation":90,"texture":"#0","tintindex":0}}},{"from":[8.428572,8.428572,9.857143],"to":[7.5714283,7.5714283,3.8571424],"rotation":{"angle":0.0,"axis":"y","origin":[7.5714283,9.285714,7.428571]},"faces":{"east":{"uv":[0.0,15.75,0.25,16.0],"rotation":0,"texture":"#0","tintindex":0},"south":{"uv":[15.75,15.75,16.0,16.0],"rotation":0,"texture":"#0","tintindex":0},"north":{"uv":[0.0,15.75,0.25,16.0],"rotation":0,"texture":"#0","tintindex":0},"west":{"uv":[0.0,15.75,0.25,16.0],"rotation":0,"texture":"#0","tintindex":0},"up":{"uv":[0.0,15.75,0.25,16.0],"rotation":90,"texture":"#0","tintindex":0},"down":{"uv":[0.0,15.75,0.25,16.0],"rotation":90,"texture":"#0","tintindex":0}}},{"from":[7.9885716,7.417143,3.845714],"to":[8.011429,8.582857,4.297143],"rotation":{"angle":0.0,"axis":"y","origin":[8.0,8.0,2.9061637]},"faces":{"east":{"uv":[4.0,8.5,4.25,9.0],"rotation":0,"texture":"#0","tintindex":0},"south":{"uv":[15.75,15.75,16.0,16.0],"rotation":0,"texture":"#0","tintindex":0},"north":{"uv":[15.75,15.75,16.0,16.0],"rotation":0,"texture":"#0","tintindex":0},"west":{"uv":[4.0,8.5,4.25,9.0],"rotation":0,"texture":"#0","tintindex":0},"up":{"uv":[15.75,15.75,16.0,16.0],"rotation":0,"texture":"#0","tintindex":0},"down":{"uv":[15.75,15.75,16.0,16.0],"rotation":0,"texture":"#0","tintindex":0}}},{"from":[8.142858,8.714286,4.428571],"to":[7.857143,7.285714,3.7142854],"rotation":{"angle":0.0,"axis":"y","origin":[8.0,8.0,2.9061637]},"faces":{"east":{"uv":[0.0,15.75,0.25,16.0],"rotation":0,"texture":"#0","tintindex":0},"south":{"uv":[15.75,15.75,16.0,16.0],"rotation":0,"texture":"#0","tintindex":0},"north":{"uv":[0.0,15.75,0.25,16.0],"rotation":0,"texture":"#0","tintindex":0},"west":{"uv":[0.0,15.75,0.25,16.0],"rotation":0,"texture":"#0","tintindex":0},"up":{"uv":[15.75,15.75,16.0,16.0],"rotation":0,"texture":"#0","tintindex":0},"down":{"uv":[15.75,15.75,16.0,16.0],"rotation":0,"texture":"#0","tintindex":0}}},{"from":[7.9942856,7.4228573,3.851428],"to":[8.005714,8.577143,4.2914286],"rotation":{"angle":-45.0,"axis":"x","origin":[8.0,8.0,2.9061637]},"faces":{"east":{"uv":[4.25,8.5,4.5,9.0],"rotation":0,"texture":"#0","tintindex":0},"south":{"uv":[15.75,15.75,16.0,16.0],"rotation":0,"texture":"#0","tintindex":0},"north":{"uv":[15.75,15.75,16.0,16.0],"rotation":0,"texture":"#0","tintindex":0},"west":{"uv":[4.25,8.5,4.5,9.0],"rotation":0,"texture":"#0","tintindex":0},"up":{"uv":[15.75,15.75,16.0,16.0],"rotation":0,"texture":"#0","tintindex":0},"down":{"uv":[15.75,15.75,16.0,16.0],"rotation":0,"texture":"#0","tintindex":0}}},{"from":[7.9885716,8.93955,2.323306],"to":[8.011429,9.39098,3.4890203],"rotation":{"angle":0.0,"axis":"y","origin":[8.0,8.0,2.9061637]},"faces":{"east":{"uv":[4.5,8.5,5.0,8.75],"rotation":0,"texture":"#0","tintindex":0},"south":{"uv":[15.75,15.75,16.0,16.0],"rotation":0,"texture":"#0","tintindex":0},"north":{"uv":[15.75,15.75,16.0,16.0],"rotation":0,"texture":"#0","tintindex":0},"west":{"uv":[5.0,8.5,4.5,8.75],"rotation":0,"texture":"#0","tintindex":0},"up":{"uv":[15.75,15.75,16.0,16.0],"rotation":0,"texture":"#0","tintindex":0},"down":{"uv":[15.75,15.75,16.0,16.0],"rotation":0,"texture":"#0","tintindex":0}}},{"from":[8.142858,9.522408,3.620449],"to":[7.857143,8.808122,2.1918778],"rotation":{"angle":0.0,"axis":"y","origin":[8.0,8.0,2.9061637]},"faces":{"east":{"uv":[0.0,15.75,0.25,16.0],"rotation":0,"texture":"#0","tintindex":0},"south":{"uv":[15.75,15.75,16.0,16.0],"rotation":0,"texture":"#0","tintindex":0},"north":{"uv":[15.75,15.75,16.0,16.0],"rotation":0,"texture":"#0","tintindex":0},"west":{"uv":[0.0,15.75,0.25,16.0],"rotation":0,"texture":"#0","tintindex":0},"up":{"uv":[15.75,15.75,16.0,16.0],"rotation":0,"texture":"#0","tintindex":0},"down":{"uv":[0.0,15.75,0.25,16.0],"rotation":0,"texture":"#0","tintindex":0}}},{"from":[8.142858,9.522408,4.7633066],"to":[7.857143,8.808122,3.620449],"rotation":{"angle":45.0,"axis":"x","origin":[7.857143,9.522408,3.620449]},"faces":{"east":{"uv":[0.0,15.75,0.25,16.0],"rotation":0,"texture":"#0","tintindex":0},"south":{"uv":[15.75,15.75,16.0,16.0],"rotation":0,"texture":"#0","tintindex":0},"north":{"uv":[15.75,15.75,16.0,16.0],"rotation":0,"texture":"#0","tintindex":0},"west":{"uv":[0.0,15.75,0.25,16.0],"rotation":0,"texture":"#0","tintindex":0},"up":{"uv":[15.75,15.75,16.0,16.0],"rotation":0,"texture":"#0","tintindex":0},"down":{"uv":[0.0,15.75,0.25,16.0],"rotation":0,"texture":"#0","tintindex":0}}},{"from":[8.142858,9.522408,2.2081218],"to":[7.857143,8.808122,1.0652647],"rotation":{"angle":-45.0,"axis":"x","origin":[7.857143,9.522408,2.2081218]},"faces":{"east":{"uv":[0.25,15.75,0.0,16.0],"rotation":0,"texture":"#0","tintindex":0},"south":{"uv":[16.0,15.75,15.75,16.0],"rotation":0,"texture":"#0","tintindex":0},"north":{"uv":[16.0,15.75,15.75,16.0],"rotation":0,"texture":"#0","tintindex":0},"west":{"uv":[0.25,15.75,0.0,16.0],"rotation":0,"texture":"#0","tintindex":0},"up":{"uv":[15.75,16.0,16.0,15.75],"rotation":0,"texture":"#0","tintindex":0},"down":{"uv":[0.0,16.0,0.25,15.75],"rotation":0,"texture":"#0","tintindex":0}}},{"from":[8.142858,7.2061634,2.2081218],"to":[7.857143,6.491878,1.0652647],"rotation":{"angle":45.0,"axis":"x","origin":[7.857143,6.491878,2.2081218]},"faces":{"east":{"uv":[0.25,16.0,0.0,15.75],"rotation":0,"texture":"#0","tintindex":0},"south":{"uv":[16.0,16.0,15.75,15.75],"rotation":0,"texture":"#0","tintindex":0},"north":{"uv":[16.0,16.0,15.75,15.75],"rotation":0,"texture":"#0","tintindex":0},"west":{"uv":[0.25,16.0,0.0,15.75],"rotation":0,"texture":"#0","tintindex":0},"up":{"uv":[0.0,15.75,0.25,16.0],"rotation":0,"texture":"#0","tintindex":0},"down":{"uv":[15.75,15.75,16.0,16.0],"rotation":0,"texture":"#0","tintindex":0}}},{"from":[8.142858,7.2061634,3.620449],"to":[7.857143,6.491878,2.1918778],"rotation":{"angle":0.0,"axis":"y","origin":[8.0,8.014286,2.9061637]},"faces":{"east":{"uv":[0.0,16.0,0.25,15.75],"rotation":0,"texture":"#0","tintindex":0},"south":{"uv":[15.75,16.0,16.0,15.75],"rotation":0,"texture":"#0","tintindex":0},"north":{"uv":[15.75,16.0,16.0,15.75],"rotation":0,"texture":"#0","tintindex":0},"west":{"uv":[0.0,16.0,0.25,15.75],"rotation":0,"texture":"#0","tintindex":0},"up":{"uv":[0.0,16.0,0.25,15.75],"rotation":0,"texture":"#0","tintindex":0},"down":{"uv":[15.75,16.0,16.0,15.75],"rotation":0,"texture":"#0","tintindex":0}}},{"from":[8.142858,7.2061634,4.7633066],"to":[7.857143,6.491878,3.620449],"rotation":{"angle":-45.0,"axis":"x","origin":[7.857143,6.491878,3.620449]},"faces":{"east":{"uv":[0.0,16.0,0.25,15.75],"rotation":0,"texture":"#0","tintindex":0},"south":{"uv":[15.75,16.0,16.0,15.75],"rotation":0,"texture":"#0","tintindex":0},"north":{"uv":[15.75,16.0,16.0,15.75],"rotation":0,"texture":"#0","tintindex":0},"west":{"uv":[0.0,16.0,0.25,15.75],"rotation":0,"texture":"#0","tintindex":0},"up":{"uv":[0.0,16.0,0.25,15.75],"rotation":0,"texture":"#0","tintindex":0},"down":{"uv":[15.75,16.0,16.0,15.75],"rotation":0,"texture":"#0","tintindex":0}}},{"from":[8.142858,8.714286,2.1142855],"to":[7.857143,7.285714,1.3999996],"rotation":{"angle":0.0,"axis":"y","origin":[8.0,8.0,2.9224076]},"faces":{"east":{"uv":[0.25,15.75,0.0,16.0],"rotation":0,"texture":"#0","tintindex":0},"south":{"uv":[0.25,15.75,0.0,16.0],"rotation":0,"texture":"#0","tintindex":0},"north":{"uv":[16.0,15.75,15.75,16.0],"rotation":0,"texture":"#0","tintindex":0},"west":{"uv":[0.25,15.75,0.0,16.0],"rotation":0,"texture":"#0","tintindex":0},"up":{"uv":[15.75,16.0,16.0,15.75],"rotation":0,"texture":"#0","tintindex":0},"down":{"uv":[15.75,16.0,16.0,15.75],"rotation":0,"texture":"#0","tintindex":0}}},{"from":[7.9942856,8.945265,2.3290205],"to":[8.005714,9.385265,3.4833064],"rotation":{"angle":-45.0,"axis":"x","origin":[8.0,8.0,2.9061637]},"faces":{"east":{"uv":[5.5,8.5,5.0,8.75],"rotation":0,"texture":"#0","tintindex":0},"south":{"uv":[15.75,15.75,16.0,16.0],"rotation":0,"texture":"#0","tintindex":0},"north":{"uv":[15.75,15.75,16.0,16.0],"rotation":0,"texture":"#0","tintindex":0},"west":{"uv":[5.0,8.5,5.5,8.75],"rotation":0,"texture":"#0","tintindex":0},"up":{"uv":[15.75,15.75,16.0,16.0],"rotation":0,"texture":"#0","tintindex":0},"down":{"uv":[15.75,15.75,16.0,16.0],"rotation":0,"texture":"#0","tintindex":0}}},{"from":[7.9885716,7.417143,1.5151839],"to":[8.011429,8.582857,1.9666128],"rotation":{"angle":0.0,"axis":"y","origin":[8.0,8.0,2.9061637]},"faces":{"east":{"uv":[5.5,8.5,5.75,9.0],"rotation":0,"texture":"#0","tintindex":0},"south":{"uv":[15.75,15.75,16.0,16.0],"rotation":0,"texture":"#0","tintindex":0},"north":{"uv":[15.75,15.75,16.0,16.0],"rotation":0,"texture":"#0","tintindex":0},"west":{"uv":[5.5,8.5,5.75,9.0],"rotation":0,"texture":"#0","tintindex":0},"up":{"uv":[15.75,15.75,16.0,16.0],"rotation":0,"texture":"#0","tintindex":0},"down":{"uv":[15.75,15.75,16.0,16.0],"rotation":0,"texture":"#0","tintindex":0}}},{"from":[7.9942856,7.4228573,1.5208983],"to":[8.005714,8.577143,1.9608984],"rotation":{"angle":-45.0,"axis":"x","origin":[8.0,8.0,2.9061637]},"faces":{"east":{"uv":[6.0,8.5,6.25,9.0],"rotation":0,"texture":"#0","tintindex":0},"south":{"uv":[15.75,15.75,16.0,16.0],"rotation":0,"texture":"#0","tintindex":0},"north":{"uv":[15.75,15.75,16.0,16.0],"rotation":0,"texture":"#0","tintindex":0},"west":{"uv":[6.0,8.5,6.25,9.0],"rotation":0,"texture":"#0","tintindex":0},"up":{"uv":[15.75,15.75,16.0,16.0],"rotation":0,"texture":"#0","tintindex":0},"down":{"uv":[15.75,15.75,16.0,16.0],"rotation":0,"texture":"#0","tintindex":0}}},{"from":[7.9885716,6.6090207,2.323306],"to":[8.011429,7.0604496,3.4890203],"rotation":{"angle":0.0,"axis":"y","origin":[8.0,8.0,2.9061637]},"faces":{"east":{"uv":[6.25,8.5,6.75,8.75],"rotation":0,"texture":"#0","tintindex":0},"south":{"uv":[15.75,15.75,16.0,16.0],"rotation":0,"texture":"#0","tintindex":0},"north":{"uv":[15.75,15.75,16.0,16.0],"rotation":0,"texture":"#0","tintindex":0},"west":{"uv":[6.75,8.5,6.25,8.75],"rotation":0,"texture":"#0","tintindex":0},"up":{"uv":[15.75,15.75,16.0,16.0],"rotation":0,"texture":"#0","tintindex":0},"down":{"uv":[15.75,15.75,16.0,16.0],"rotation":0,"texture":"#0","tintindex":0}}},{"from":[7.9942856,6.614735,2.3290205],"to":[8.005714,7.054735,3.4833064],"rotation":{"angle":-45.0,"axis":"x","origin":[8.0,8.0,2.9061637]},"faces":{"east":{"uv":[6.75,8.5,7.25,8.75],"rotation":0,"texture":"#0","tintindex":0},"south":{"uv":[15.75,15.75,16.0,16.0],"rotation":0,"texture":"#0","tintindex":0},"north":{"uv":[15.75,15.75,16.0,16.0],"rotation":0,"texture":"#0","tintindex":0},"west":{"uv":[7.25,8.5,6.75,8.75],"rotation":0,"texture":"#0","tintindex":0},"up":{"uv":[15.75,15.75,16.0,16.0],"rotation":0,"texture":"#0","tintindex":0},"down":{"uv":[15.75,15.75,16.0,16.0],"rotation":0,"texture":"#0","tintindex":0}}},{"from":[8.0,7.028571,1.9228568],"to":[8.0,8.971429,3.851428],"rotation":{"angle":0.0,"axis":"y","origin":[4.5714283,8.0,2.8571424]},"faces":{"east":{"uv":[11.25,1.5,10.5,2.25],"rotation":0,"texture":"#0","tintindex":0},"south":{"uv":[16.0,15.75,15.75,16.0],"rotation":0,"texture":"#0","tintindex":0},"north":{"uv":[16.0,15.75,15.75,16.0],"rotation":0,"texture":"#0","tintindex":0},"west":{"uv":[7.5,1.75,8.25,2.5],"rotation":0,"texture":"#0","tintindex":0},"up":{"uv":[16.0,15.75,15.75,16.0],"rotation":0,"texture":"#0","tintindex":0},"down":{"uv":[16.0,15.75,15.75,16.0],"rotation":0,"texture":"#0","tintindex":0}}},{"from":[7.9857144,7.4142857,2.6085715],"to":[8.014286,8.585714,3.208571],"rotation":{"angle":0.0,"axis":"y","origin":[4.5714283,8.0,2.8571424]},"faces":{"east":{"uv":[8.0,1.25,7.75,1.75],"rotation":0,"texture":"#0","tintindex":0},"south":{"uv":[16.0,15.75,15.75,16.0],"rotation":0,"texture":"#0","tintindex":0},"north":{"uv":[16.0,15.75,15.75,16.0],"rotation":0,"texture":"#0","tintindex":0},"west":{"uv":[8.25,1.25,8.0,1.75],"rotation":0,"texture":"#0","tintindex":0},"up":{"uv":[16.0,15.75,15.75,16.0],"rotation":0,"texture":"#0","tintindex":0},"down":{"uv":[16.0,15.75,15.75,16.0],"rotation":0,"texture":"#0","tintindex":0}}}],"textures":{"0":"modelengine:entity/employee"},"display":{"head":{"translation":[0.0,-6.4,0.0],"scale":[4.0,4.0,4.0]}}}