{"elements":[{"from":[2.7815022,2.7200856,2.0550642],"to":[7.9243593,12.434372,11.197922],"rotation":{"angle":-22.5,"axis":"y","origin":[7.0672164,7.8629427,6.6264935]},"faces":{"east":{"uv":[10.0,3.09375,10.5,3.625],"rotation":0,"texture":"#0","tintindex":0},"south":{"uv":[6.46875,11.3125,6.75,11.84375],"rotation":0,"texture":"#0","tintindex":0},"north":{"uv":[5.0625,9.46875,5.34375,10.0],"rotation":0,"texture":"#0","tintindex":0},"west":{"uv":[10.09375,0.375,10.59375,0.90625],"rotation":0,"texture":"#0","tintindex":0},"up":{"uv":[11.625,11.4375,11.34375,10.9375],"rotation":0,"texture":"#0","tintindex":0},"down":{"uv":[11.65625,0.65625,11.375,1.15625],"rotation":0,"texture":"#0","tintindex":0}}},{"from":[2.724359,7.2915144,2.0550642],"to":[2.724359,11.291514,6.0550647],"rotation":{"angle":-22.5,"axis":"y","origin":[7.0672164,7.8629427,6.6264935]},"faces":{"east":{"uv":[0.875,10.5,1.09375,10.71875],"rotation":0,"texture":"#0","tintindex":0},"south":{"uv":[0.0,0.0,0.0,0.21875],"rotation":0,"texture":"#0","tintindex":0},"north":{"uv":[0.0,0.0,0.0,0.21875],"rotation":0,"texture":"#0","tintindex":0},"west":{"uv":[3.0,10.96875,3.21875,11.1875],"rotation":0,"texture":"#0","tintindex":0},"up":{"uv":[0.0,0.21875,0.0,0.0],"rotation":0,"texture":"#0","tintindex":0},"down":{"uv":[0.0,0.0,0.0,0.21875],"rotation":0,"texture":"#0","tintindex":0}}},{"from":[4.80435,7.2915144,-3.2588968],"to":[4.80435,11.291514,0.7411041],"rotation":{"angle":0.0,"axis":"y","origin":[4.80435,9.291514,-1.2588959]},"faces":{"east":{"uv":[8.75,12.09375,8.96875,12.3125],"rotation":0,"texture":"#0","tintindex":0},"south":{"uv":[0.0,0.0,0.0,0.21875],"rotation":0,"texture":"#0","tintindex":0},"north":{"uv":[0.0,0.0,0.0,0.21875],"rotation":0,"texture":"#0","tintindex":0},"west":{"uv":[1.375,12.125,1.59375,12.34375],"rotation":0,"texture":"#0","tintindex":0},"up":{"uv":[0.0,0.21875,0.0,0.0],"rotation":0,"texture":"#0","tintindex":0},"down":{"uv":[0.0,0.0,0.0,0.21875],"rotation":0,"texture":"#0","tintindex":0}}},{"from":[2.7815022,0.434371,2.0550642],"to":[2.7815022,2.7200856,11.197922],"rotation":{"angle":-22.5,"axis":"y","origin":[7.0672164,7.8629427,6.6264935]},"faces":{"east":{"uv":[8.875,8.1875,9.375,8.3125],"rotation":0,"texture":"#0","tintindex":0},"south":{"uv":[0.0,0.0,0.0,0.125],"rotation":0,"texture":"#0","tintindex":0},"north":{"uv":[0.0,0.0,0.0,0.125],"rotation":0,"texture":"#0","tintindex":0},"west":{"uv":[11.0625,1.40625,11.5625,1.53125],"rotation":0,"texture":"#0","tintindex":0},"up":{"uv":[0.0,0.5,0.0,0.0],"rotation":0,"texture":"#0","tintindex":0},"down":{"uv":[0.0,0.0,0.0,0.5],"rotation":0,"texture":"#0","tintindex":0}}},{"from":[-1.1835861,6.7200856,9.957667],"to":[3.9592705,9.0058,12.2433815],"rotation":{"angle":45.0,"axis":"y","origin":[0.5306988,7.5772285,11.100525]},"faces":{"east":{"uv":[8.03125,8.875,8.15625,9.0],"rotation":0,"texture":"#0","tintindex":0},"south":{"uv":[12.40625,5.34375,12.6875,5.46875],"rotation":0,"texture":"#0","tintindex":0},"north":{"uv":[9.9375,9.71875,10.21875,9.84375],"rotation":0,"texture":"#0","tintindex":0},"west":{"uv":[5.90625,8.9375,6.03125,9.0625],"rotation":0,"texture":"#0","tintindex":0},"up":{"uv":[12.6875,7.0625,12.40625,6.9375],"rotation":0,"texture":"#0","tintindex":0},"down":{"uv":[12.6875,8.6875,12.40625,8.8125],"rotation":0,"texture":"#0","tintindex":0}}},{"from":[-3.4693012,6.7200856,11.100525],"to":[-1.1835861,9.0058,11.100525],"rotation":{"angle":45.0,"axis":"y","origin":[0.5306988,7.5772285,11.100525]},"faces":{"east":{"uv":[0.0,0.0,0.0,0.125],"rotation":0,"texture":"#0","tintindex":0},"south":{"uv":[0.75,10.0625,0.875,10.1875],"rotation":0,"texture":"#0","tintindex":0},"north":{"uv":[9.375,8.1875,9.5,8.3125],"rotation":0,"texture":"#0","tintindex":0},"west":{"uv":[0.0,0.0,0.0,0.125],"rotation":0,"texture":"#0","tintindex":0},"up":{"uv":[0.125,0.0,0.0,0.0],"rotation":0,"texture":"#0","tintindex":0},"down":{"uv":[0.125,0.0,0.0,0.0],"rotation":0,"texture":"#0","tintindex":0}}},{"from":[0.5306988,3.8629427,9.957667],"to":[3.9592705,5.5772285,11.671953],"rotation":{"angle":45.0,"axis":"y","origin":[0.5306988,4.7200856,11.100525]},"faces":{"east":{"uv":[1.09375,9.28125,1.1875,9.375],"rotation":0,"texture":"#0","tintindex":0},"south":{"uv":[10.6875,4.3125,10.875,4.40625],"rotation":0,"texture":"#0","tintindex":0},"north":{"uv":[3.53125,10.125,3.71875,10.21875],"rotation":0,"texture":"#0","tintindex":0},"west":{"uv":[8.59375,9.5,8.6875,9.59375],"rotation":0,"texture":"#0","tintindex":0},"up":{"uv":[11.25,3.96875,11.0625,3.875],"rotation":0,"texture":"#0","tintindex":0},"down":{"uv":[11.375,0.65625,11.1875,0.75],"rotation":0,"texture":"#0","tintindex":0}}},{"from":[4.8571424,2.6696615,3.007567],"to":[12.285715,13.526805,11.578997],"rotation":{"angle":0.0,"axis":"y","origin":[8.0,13.783948,7.0075674]},"faces":{"east":{"uv":[3.0625,9.65625,3.53125,10.25],"rotation":0,"texture":"#0","tintindex":0},"south":{"uv":[10.375,1.5,10.78125,2.09375],"rotation":0,"texture":"#0","tintindex":0},"north":{"uv":[10.375,0.90625,10.78125,1.5],"rotation":0,"texture":"#0","tintindex":0},"west":{"uv":[9.9375,9.125,10.40625,9.71875],"rotation":0,"texture":"#0","tintindex":0},"up":{"uv":[2.125,11.4375,1.71875,10.96875],"rotation":0,"texture":"#0","tintindex":0},"down":{"uv":[2.53125,10.96875,2.125,11.4375],"rotation":0,"texture":"#0","tintindex":0}}},{"from":[4.8571424,9.442204,-2.5762272],"to":[12.285715,12.870776,3.1380596],"rotation":{"angle":-22.5,"axis":"x","origin":[8.0,12.870776,1.4237738]},"faces":{"east":{"uv":[6.6875,12.09375,7.0,12.28125],"rotation":0,"texture":"#0","tintindex":0},"south":{"uv":[10.34375,7.25,10.75,7.4375],"rotation":0,"texture":"#0","tintindex":0},"north":{"uv":[8.46875,7.5,8.875,7.6875],"rotation":0,"texture":"#0","tintindex":0},"west":{"uv":[7.0,12.09375,7.3125,12.28125],"rotation":0,"texture":"#0","tintindex":0},"up":{"uv":[7.53125,5.5,7.125,5.1875],"rotation":0,"texture":"#0","tintindex":0},"down":{"uv":[7.4375,11.53125,7.03125,11.84375],"rotation":0,"texture":"#0","tintindex":0}}},{"from":[4.8571424,4.434371,-10.6656],"to":[12.285715,10.148657,0.7629719],"rotation":{"angle":0.0,"axis":"y","origin":[8.285714,-18.9942,16.762974]},"faces":{"east":{"uv":[10.84375,9.375,11.46875,9.6875],"rotation":0,"texture":"#0","tintindex":0},"south":{"uv":[11.53125,7.375,11.9375,7.6875],"rotation":0,"texture":"#0","tintindex":0},"north":{"uv":[11.53125,7.0625,11.9375,7.375],"rotation":0,"texture":"#0","tintindex":0},"west":{"uv":[10.875,4.8125,11.5,5.125],"rotation":0,"texture":"#0","tintindex":0},"up":{"uv":[10.75,8.4375,10.34375,7.8125],"rotation":0,"texture":"#0","tintindex":0},"down":{"uv":[8.625,10.34375,8.21875,10.96875],"rotation":0,"texture":"#0","tintindex":0}}},{"from":[6.5714283,10.148657,-9.522743],"to":[10.571428,11.291514,0.7629719],"rotation":{"angle":0.0,"axis":"y","origin":[8.285714,-18.9942,16.762974]},"faces":{"east":{"uv":[6.96875,7.625,7.53125,7.6875],"rotation":0,"texture":"#0","tintindex":0},"south":{"uv":[8.0625,4.25,8.28125,4.3125],"rotation":0,"texture":"#0","tintindex":0},"north":{"uv":[4.15625,7.15625,4.375,7.21875],"rotation":0,"texture":"#0","tintindex":0},"west":{"uv":[7.8125,5.125,8.375,5.1875],"rotation":0,"texture":"#0","tintindex":0},"up":{"uv":[4.375,7.15625,4.15625,6.59375],"rotation":0,"texture":"#0","tintindex":0},"down":{"uv":[9.0,11.53125,8.78125,12.09375],"rotation":0,"texture":"#0","tintindex":0}}},{"from":[4.8571424,2.1486568,-3.8084574],"to":[4.8571424,4.434371,0.7629719],"rotation":{"angle":0.0,"axis":"y","origin":[8.285714,-18.9942,16.762974]},"faces":{"east":{"uv":[11.03125,8.65625,11.28125,8.78125],"rotation":0,"texture":"#0","tintindex":0},"south":{"uv":[0.0,0.0,0.0,0.125],"rotation":0,"texture":"#0","tintindex":0},"north":{"uv":[0.0,0.0,0.0,0.125],"rotation":0,"texture":"#0","tintindex":0},"west":{"uv":[12.46875,3.875,12.71875,4.0],"rotation":0,"texture":"#0","tintindex":0},"up":{"uv":[0.0,0.25,0.0,0.0],"rotation":0,"texture":"#0","tintindex":0},"down":{"uv":[0.0,0.0,0.0,0.25],"rotation":0,"texture":"#0","tintindex":0}}},{"from":[4.5714283,2.7200856,-8.379887],"to":[6.285714,6.148657,-6.6656],"rotation":{"angle":22.5,"axis":"z","origin":[5.428571,4.5772285,-6.237028]},"faces":{"east":{"uv":[7.96875,2.46875,8.0625,2.65625],"rotation":0,"texture":"#0","tintindex":0},"south":{"uv":[8.625,1.5625,8.71875,1.75],"rotation":0,"texture":"#0","tintindex":0},"north":{"uv":[7.96875,2.28125,8.0625,2.46875],"rotation":0,"texture":"#0","tintindex":0},"west":{"uv":[8.625,1.75,8.71875,1.9375],"rotation":0,"texture":"#0","tintindex":0},"up":{"uv":[3.15625,9.65625,3.0625,9.5625],"rotation":0,"texture":"#0","tintindex":0},"down":{"uv":[9.96875,4.59375,9.875,4.6875],"rotation":0,"texture":"#0","tintindex":0}}},{"from":[6.0,3.291514,-11.237028],"to":[7.714286,6.148657,-10.094172],"rotation":{"angle":-22.5,"axis":"x","origin":[6.857143,5.5772285,-10.379887]},"faces":{"east":{"uv":[7.90625,0.8125,7.96875,0.96875],"rotation":0,"texture":"#0","tintindex":0},"south":{"uv":[8.625,2.125,8.71875,2.28125],"rotation":0,"texture":"#0","tintindex":0},"north":{"uv":[7.96875,2.65625,8.0625,2.8125],"rotation":0,"texture":"#0","tintindex":0},"west":{"uv":[8.40625,4.6875,8.46875,4.84375],"rotation":0,"texture":"#0","tintindex":0},"up":{"uv":[8.375,4.3125,8.28125,4.25],"rotation":0,"texture":"#0","tintindex":0},"down":{"uv":[6.15625,8.3125,6.0625,8.375],"rotation":0,"texture":"#0","tintindex":0}}},{"from":[4.5714283,3.291514,-5.5227423],"to":[6.285714,6.148657,-4.3798857],"rotation":{"angle":22.5,"axis":"z","origin":[5.428571,4.5772285,-6.237028]},"faces":{"east":{"uv":[8.40625,4.84375,8.46875,5.0],"rotation":0,"texture":"#0","tintindex":0},"south":{"uv":[5.25,10.5625,5.34375,10.71875],"rotation":0,"texture":"#0","tintindex":0},"north":{"uv":[7.28125,9.8125,7.375,9.96875],"rotation":0,"texture":"#0","tintindex":0},"west":{"uv":[8.40625,5.0,8.46875,5.15625],"rotation":0,"texture":"#0","tintindex":0},"up":{"uv":[6.53125,9.125,6.4375,9.0625],"rotation":0,"texture":"#0","tintindex":0},"down":{"uv":[6.625,9.0625,6.53125,9.125],"rotation":0,"texture":"#0","tintindex":0}}},{"from":[10.857143,3.291514,-5.5227423],"to":[12.571428,6.148657,-4.3798857],"rotation":{"angle":-22.5,"axis":"z","origin":[11.714286,4.5772285,-6.237028]},"faces":{"east":{"uv":[8.5,0.5,8.5625,0.65625],"rotation":0,"texture":"#0","tintindex":0},"south":{"uv":[3.59375,10.75,3.6875,10.90625],"rotation":0,"texture":"#0","tintindex":0},"north":{"uv":[3.59375,10.59375,3.6875,10.75],"rotation":0,"texture":"#0","tintindex":0},"west":{"uv":[8.5,0.65625,8.5625,0.8125],"rotation":0,"texture":"#0","tintindex":0},"up":{"uv":[9.4375,1.0,9.34375,0.9375],"rotation":0,"texture":"#0","tintindex":0},"down":{"uv":[9.4375,4.625,9.34375,4.6875],"rotation":0,"texture":"#0","tintindex":0}}},{"from":[10.857143,2.7200856,-8.379887],"to":[12.571428,6.148657,-6.6656],"rotation":{"angle":-22.5,"axis":"z","origin":[11.714286,4.5772285,-6.237028]},"faces":{"east":{"uv":[8.71875,9.0,8.8125,9.1875],"rotation":0,"texture":"#0","tintindex":0},"south":{"uv":[9.875,4.40625,9.96875,4.59375],"rotation":0,"texture":"#0","tintindex":0},"north":{"uv":[8.625,1.9375,8.71875,2.125],"rotation":0,"texture":"#0","tintindex":0},"west":{"uv":[5.25,10.0,5.34375,10.1875],"rotation":0,"texture":"#0","tintindex":0},"up":{"uv":[10.3125,3.71875,10.21875,3.625],"rotation":0,"texture":"#0","tintindex":0},"down":{"uv":[9.5,10.34375,9.40625,10.4375],"rotation":0,"texture":"#0","tintindex":0}}},{"from":[14.418498,7.2915144,2.0550642],"to":[14.418498,11.291514,6.0550647],"rotation":{"angle":22.5,"axis":"y","origin":[10.075641,7.8629427,6.6264935]},"faces":{"east":{"uv":[2.78125,12.125,3.0,12.34375],"rotation":0,"texture":"#0","tintindex":0},"south":{"uv":[0.0,0.0,0.0,0.21875],"rotation":0,"texture":"#0","tintindex":0},"north":{"uv":[0.0,0.0,0.0,0.21875],"rotation":0,"texture":"#0","tintindex":0},"west":{"uv":[4.03125,12.125,4.25,12.34375],"rotation":0,"texture":"#0","tintindex":0},"up":{"uv":[0.0,0.21875,0.0,0.0],"rotation":0,"texture":"#0","tintindex":0},"down":{"uv":[0.0,0.0,0.0,0.21875],"rotation":0,"texture":"#0","tintindex":0}}},{"from":[12.338508,7.2915144,-3.2588968],"to":[12.338508,11.291514,0.7411041],"rotation":{"angle":0.0,"axis":"y","origin":[12.338508,9.291514,-1.2588959]},"faces":{"east":{"uv":[7.78125,12.125,8.0,12.34375],"rotation":0,"texture":"#0","tintindex":0},"south":{"uv":[0.0,0.0,0.0,0.21875],"rotation":0,"texture":"#0","tintindex":0},"north":{"uv":[0.0,0.0,0.0,0.21875],"rotation":0,"texture":"#0","tintindex":0},"west":{"uv":[10.4375,12.125,10.65625,12.34375],"rotation":0,"texture":"#0","tintindex":0},"up":{"uv":[0.0,0.21875,0.0,0.0],"rotation":0,"texture":"#0","tintindex":0},"down":{"uv":[0.0,0.0,0.0,0.21875],"rotation":0,"texture":"#0","tintindex":0}}},{"from":[9.218498,2.7200856,2.0550642],"to":[14.361355,12.434372,11.197922],"rotation":{"angle":22.5,"axis":"y","origin":[10.075641,7.8629427,6.6264935]},"faces":{"east":{"uv":[6.46875,10.1875,6.96875,10.71875],"rotation":0,"texture":"#0","tintindex":0},"south":{"uv":[4.8125,11.34375,5.09375,11.875],"rotation":0,"texture":"#0","tintindex":0},"north":{"uv":[6.75,11.3125,7.03125,11.84375],"rotation":0,"texture":"#0","tintindex":0},"west":{"uv":[6.96875,10.1875,7.46875,10.71875],"rotation":0,"texture":"#0","tintindex":0},"up":{"uv":[2.8125,11.875,2.53125,11.375],"rotation":0,"texture":"#0","tintindex":0},"down":{"uv":[9.34375,11.375,9.0625,11.875],"rotation":0,"texture":"#0","tintindex":0}}},{"from":[13.183587,6.7200856,9.957667],"to":[18.326443,9.0058,12.2433815],"rotation":{"angle":-45.0,"axis":"y","origin":[16.61216,7.5772285,11.100525]},"faces":{"east":{"uv":[9.0625,11.21875,9.1875,11.34375],"rotation":0,"texture":"#0","tintindex":0},"south":{"uv":[12.46875,1.53125,12.75,1.65625],"rotation":0,"texture":"#0","tintindex":0},"north":{"uv":[12.4375,3.75,12.71875,3.875],"rotation":0,"texture":"#0","tintindex":0},"west":{"uv":[0.75,11.40625,0.875,11.53125],"rotation":0,"texture":"#0","tintindex":0},"up":{"uv":[12.75,1.78125,12.46875,1.65625],"rotation":0,"texture":"#0","tintindex":0},"down":{"uv":[12.75,1.78125,12.46875,1.90625],"rotation":0,"texture":"#0","tintindex":0}}},{"from":[13.183587,3.8629427,9.957667],"to":[16.61216,5.5772285,11.671953],"rotation":{"angle":-45.0,"axis":"y","origin":[16.61216,4.7200856,11.100525]},"faces":{"east":{"uv":[7.46875,10.40625,7.5625,10.5],"rotation":0,"texture":"#0","tintindex":0},"south":{"uv":[11.625,11.34375,11.8125,11.4375],"rotation":0,"texture":"#0","tintindex":0},"north":{"uv":[11.28125,4.6875,11.46875,4.78125],"rotation":0,"texture":"#0","tintindex":0},"west":{"uv":[10.53125,3.96875,10.625,4.0625],"rotation":0,"texture":"#0","tintindex":0},"up":{"uv":[11.84375,6.375,11.65625,6.28125],"rotation":0,"texture":"#0","tintindex":0},"down":{"uv":[12.125,6.1875,11.9375,6.28125],"rotation":0,"texture":"#0","tintindex":0}}},{"from":[18.326443,6.7200856,11.100525],"to":[20.612158,9.0058,11.100525],"rotation":{"angle":-45.0,"axis":"y","origin":[16.61216,7.5772285,11.100525]},"faces":{"east":{"uv":[0.0,0.0,0.0,0.125],"rotation":0,"texture":"#0","tintindex":0},"south":{"uv":[11.9375,7.53125,12.0625,7.65625],"rotation":0,"texture":"#0","tintindex":0},"north":{"uv":[11.78125,9.96875,11.90625,10.09375],"rotation":0,"texture":"#0","tintindex":0},"west":{"uv":[0.0,0.0,0.0,0.125],"rotation":0,"texture":"#0","tintindex":0},"up":{"uv":[0.125,0.0,0.0,0.0],"rotation":0,"texture":"#0","tintindex":0},"down":{"uv":[0.125,0.0,0.0,0.0],"rotation":0,"texture":"#0","tintindex":0}}},{"from":[14.361355,0.434371,2.0550642],"to":[14.361355,2.7200856,11.197922],"rotation":{"angle":22.5,"axis":"y","origin":[10.075641,7.8629427,6.6264935]},"faces":{"east":{"uv":[11.875,0.4375,12.375,0.5625],"rotation":0,"texture":"#0","tintindex":0},"south":{"uv":[0.0,0.0,0.0,0.125],"rotation":0,"texture":"#0","tintindex":0},"north":{"uv":[0.0,0.0,0.0,0.125],"rotation":0,"texture":"#0","tintindex":0},"west":{"uv":[11.875,4.875,12.375,5.0],"rotation":0,"texture":"#0","tintindex":0},"up":{"uv":[0.0,0.5,0.0,0.0],"rotation":0,"texture":"#0","tintindex":0},"down":{"uv":[0.0,0.0,0.0,0.5],"rotation":0,"texture":"#0","tintindex":0}}},{"from":[12.285715,2.1486568,-3.8084574],"to":[12.285715,4.434371,0.7629719],"rotation":{"angle":0.0,"axis":"y","origin":[8.857143,-18.9942,16.762974]},"faces":{"east":{"uv":[12.46875,4.0,12.71875,4.125],"rotation":0,"texture":"#0","tintindex":0},"south":{"uv":[0.0,0.0,0.0,0.125],"rotation":0,"texture":"#0","tintindex":0},"north":{"uv":[0.0,0.0,0.0,0.125],"rotation":0,"texture":"#0","tintindex":0},"west":{"uv":[4.09375,12.46875,4.34375,12.59375],"rotation":0,"texture":"#0","tintindex":0},"up":{"uv":[0.0,0.25,0.0,0.0],"rotation":0,"texture":"#0","tintindex":0},"down":{"uv":[0.0,0.0,0.0,0.25],"rotation":0,"texture":"#0","tintindex":0}}},{"from":[8.857143,2.7200856,-11.237028],"to":[10.571428,6.148657,-10.094172],"rotation":{"angle":-22.5,"axis":"x","origin":[9.714286,5.5772285,-10.379887]},"faces":{"east":{"uv":[6.6875,7.21875,6.75,7.40625],"rotation":0,"texture":"#0","tintindex":0},"south":{"uv":[5.25,10.375,5.34375,10.5625],"rotation":0,"texture":"#0","tintindex":0},"north":{"uv":[5.25,10.1875,5.34375,10.375],"rotation":0,"texture":"#0","tintindex":0},"west":{"uv":[6.6875,7.40625,6.75,7.59375],"rotation":0,"texture":"#0","tintindex":0},"up":{"uv":[9.53125,1.0,9.4375,0.9375],"rotation":0,"texture":"#0","tintindex":0},"down":{"uv":[9.53125,4.625,9.4375,4.6875],"rotation":0,"texture":"#0","tintindex":0}}},{"from":[6.0,8.285714,-12.57143],"to":[11.142858,12.285715,-9.714287],"rotation":{"angle":-22.5,"axis":"x","origin":[8.0,13.142858,-10.857143]},"faces":{"east":{"uv":[6.0625,8.09375,6.21875,8.3125],"rotation":0,"texture":"#0","tintindex":0},"south":{"uv":[12.03125,11.78125,12.3125,12.0],"rotation":0,"texture":"#0","tintindex":0},"north":{"uv":[7.28125,9.96875,7.5625,10.1875],"rotation":0,"texture":"#0","tintindex":0},"west":{"uv":[5.90625,8.71875,6.0625,8.9375],"rotation":0,"texture":"#0","tintindex":0},"up":{"uv":[12.5625,6.28125,12.28125,6.125],"rotation":0,"texture":"#0","tintindex":0},"down":{"uv":[2.40625,12.3125,2.125,12.46875],"rotation":0,"texture":"#0","tintindex":0}}}],"textures":{"0":"modelengine:entity/dragon_sentinel_dragonform"},"display":{"head":{"translation":[0.0,-6.4,0.0],"scale":[4.0,4.0,4.0]}}}