{"elements":[{"from":[6.285714,7.0504785,4.138254],"to":[9.714286,11.050479,8.138254],"rotation":{"angle":22.5,"axis":"x","origin":[8.0,9.050478,5.566826]},"faces":{"east":{"uv":[12.15625,3.3125,12.375,3.53125],"rotation":0,"texture":"#0","tintindex":0},"south":{"uv":[0.625,12.3125,0.8125,12.53125],"rotation":0,"texture":"#0","tintindex":0},"north":{"uv":[7.03125,11.3125,7.21875,11.53125],"rotation":0,"texture":"#0","tintindex":0},"west":{"uv":[3.46875,12.15625,3.6875,12.375],"rotation":0,"texture":"#0","tintindex":0},"up":{"uv":[2.59375,12.53125,2.40625,12.3125],"rotation":0,"texture":"#0","tintindex":0},"down":{"uv":[4.65625,12.3125,4.46875,12.53125],"rotation":0,"texture":"#0","tintindex":0}}},{"from":[6.857143,7.0504785,2.4239683],"to":[9.142858,11.050479,5.85254],"rotation":{"angle":-22.5,"axis":"x","origin":[8.0,9.050478,5.566826]},"faces":{"east":{"uv":[12.3125,7.5,12.5,7.71875],"rotation":0,"texture":"#0","tintindex":0},"south":{"uv":[0.75,9.84375,0.875,10.0625],"rotation":0,"texture":"#0","tintindex":0},"north":{"uv":[5.78125,9.40625,5.90625,9.625],"rotation":0,"texture":"#0","tintindex":0},"west":{"uv":[12.3125,7.71875,12.5,7.9375],"rotation":0,"texture":"#0","tintindex":0},"up":{"uv":[4.28125,11.3125,4.15625,11.125],"rotation":0,"texture":"#0","tintindex":0},"down":{"uv":[10.9375,11.4375,10.8125,11.625],"rotation":0,"texture":"#0","tintindex":0}}},{"from":[8.0,6.0,1.1428566],"to":[8.0,10.0,3.4285712],"rotation":{"angle":0.0,"axis":"y","origin":[8.0,8.0,2.2857141]},"faces":{"east":{"uv":[7.46875,10.1875,7.59375,10.40625],"rotation":0,"texture":"#0","tintindex":0},"south":{"uv":[0.0,0.0,0.0,0.21875],"rotation":0,"texture":"#0","tintindex":0},"north":{"uv":[0.0,0.0,0.0,0.21875],"rotation":0,"texture":"#0","tintindex":0},"west":{"uv":[4.15625,10.90625,4.28125,11.125],"rotation":0,"texture":"#0","tintindex":0},"up":{"uv":[0.0,0.125,0.0,0.0],"rotation":0,"texture":"#0","tintindex":0},"down":{"uv":[0.0,0.0,0.0,0.125],"rotation":0,"texture":"#0","tintindex":0}}}],"textures":{"0":"modelengine:entity/dragon_sentinel_dragonform"},"display":{"head":{"translation":[0.0,-6.4,0.0],"scale":[4.0,4.0,4.0]}}}