{"elements":[{"from":[2.8571424,-1.7142859,2.2857141],"to":[10.857143,10.285714,14.285715],"rotation":{"angle":0.0,"axis":"y","origin":[4.0,-10.285715,9.714286]},"faces":{"east":{"uv":[7.96875,1.625,8.625,2.28125],"rotation":0,"texture":"#0","tintindex":0},"south":{"uv":[9.53125,5.03125,9.96875,5.6875],"rotation":0,"texture":"#0","tintindex":0},"north":{"uv":[9.5,9.1875,9.9375,9.84375],"rotation":0,"texture":"#0","tintindex":0},"west":{"uv":[8.0625,2.28125,8.71875,2.9375],"rotation":0,"texture":"#0","tintindex":0},"up":{"uv":[9.96875,6.34375,9.53125,5.6875],"rotation":0,"texture":"#0","tintindex":0},"down":{"uv":[2.1875,9.5625,1.75,10.21875],"rotation":0,"texture":"#0","tintindex":0}}},{"from":[-0.57142925,4.5714283,0.5714283],"to":[10.285714,10.857143,15.428572],"rotation":{"angle":-22.5,"axis":"z","origin":[5.428571,1.9999995,8.0]},"faces":{"east":{"uv":[9.5,3.71875,10.3125,4.0625],"rotation":0,"texture":"#0","tintindex":0},"south":{"uv":[10.6875,3.96875,11.28125,4.3125],"rotation":0,"texture":"#0","tintindex":0},"north":{"uv":[10.625,0.0,11.21875,0.34375],"rotation":0,"texture":"#0","tintindex":0},"west":{"uv":[9.875,4.0625,10.6875,4.40625],"rotation":0,"texture":"#0","tintindex":0},"up":{"uv":[8.1875,8.5,7.59375,7.6875],"rotation":0,"texture":"#0","tintindex":0},"down":{"uv":[8.40625,4.3125,7.8125,5.125],"rotation":0,"texture":"#0","tintindex":0}}},{"from":[-1.1428576,-2.285715,0.5714283],"to":[12.571428,4.5714283,14.285715],"rotation":{"angle":45.0,"axis":"y","origin":[7.428571,9.142858,7.428571]},"faces":{"east":{"uv":[9.59375,2.71875,10.34375,3.09375],"rotation":0,"texture":"#0","tintindex":0},"south":{"uv":[9.59375,7.09375,10.34375,7.46875],"rotation":0,"texture":"#0","tintindex":0},"north":{"uv":[9.34375,0.5625,10.09375,0.9375],"rotation":0,"texture":"#0","tintindex":0},"west":{"uv":[5.78125,9.8125,6.53125,10.1875],"rotation":0,"texture":"#0","tintindex":0},"up":{"uv":[6.96875,8.375,6.21875,7.625],"rotation":0,"texture":"#0","tintindex":0},"down":{"uv":[0.75,7.65625,0.0,8.40625],"rotation":0,"texture":"#0","tintindex":0}}},{"from":[-7.8785152,-2.285715,9.515459],"to":[-3.307087,8.0,9.515459],"rotation":{"angle":22.5,"axis":"y","origin":[-5.592801,2.8571424,9.515459]},"faces":{"east":{"uv":[0.0,0.0,0.0,0.5625],"rotation":0,"texture":"#0","tintindex":0},"south":{"uv":[9.59375,11.375,9.84375,11.9375],"rotation":0,"texture":"#0","tintindex":0},"north":{"uv":[9.34375,11.375,9.59375,11.9375],"rotation":0,"texture":"#0","tintindex":0},"west":{"uv":[0.0,0.0,0.0,0.5625],"rotation":0,"texture":"#0","tintindex":0},"up":{"uv":[0.25,0.0,0.0,0.0],"rotation":0,"texture":"#0","tintindex":0},"down":{"uv":[0.25,0.0,0.0,0.0],"rotation":0,"texture":"#0","tintindex":0}}},{"from":[-1.5600157,7.1550193,8.0],"to":[3.0114126,17.440735,8.0],"rotation":{"angle":-22.5,"axis":"z","origin":[0.7256985,12.297876,0.5714283]},"faces":{"east":{"uv":[0.0,0.0,0.0,0.5625],"rotation":0,"texture":"#0","tintindex":0},"south":{"uv":[0.0,11.40625,0.25,11.96875],"rotation":0,"texture":"#0","tintindex":0},"north":{"uv":[9.84375,11.375,10.09375,11.9375],"rotation":0,"texture":"#0","tintindex":0},"west":{"uv":[0.0,0.0,0.0,0.5625],"rotation":0,"texture":"#0","tintindex":0},"up":{"uv":[0.25,0.0,0.0,0.0],"rotation":0,"texture":"#0","tintindex":0},"down":{"uv":[0.25,0.0,0.0,0.0],"rotation":0,"texture":"#0","tintindex":0}}},{"from":[3.4285712,-9.1428585,4.5714283],"to":[10.857143,-1.7142859,13.142858],"rotation":{"angle":0.0,"axis":"y","origin":[4.0,-20.000002,9.714286]},"faces":{"east":{"uv":[6.21875,7.21875,6.6875,7.625],"rotation":0,"texture":"#0","tintindex":0},"south":{"uv":[10.9375,11.21875,11.34375,11.625],"rotation":0,"texture":"#0","tintindex":0},"north":{"uv":[11.21875,10.53125,11.625,10.9375],"rotation":0,"texture":"#0","tintindex":0},"west":{"uv":[2.53125,10.96875,3.0,11.375],"rotation":0,"texture":"#0","tintindex":0},"up":{"uv":[6.15625,11.4375,5.75,10.96875],"rotation":0,"texture":"#0","tintindex":0},"down":{"uv":[8.53125,10.96875,8.125,11.4375],"rotation":0,"texture":"#0","tintindex":0}}}],"textures":{"0":"modelengine:entity/dragon_sentinel_dragonform"},"display":{"head":{"translation":[0.0,-6.4,0.0],"scale":[4.0,4.0,4.0]}}}