{"elements":[{"from":[7.0,6.142857,7.428571],"to":[8.142858,8.428572,8.571428],"rotation":{"angle":0.0,"axis":"y","origin":[8.0,8.0,8.0]},"faces":{"east":{"uv":[4.0,10.0,3.0,12.0],"rotation":0,"texture":"#0","tintindex":0},"south":{"uv":[3.0,10.0,2.0,12.0],"rotation":0,"texture":"#0","tintindex":0},"north":{"uv":[10.5,2.5,9.5,4.5],"rotation":0,"texture":"#0","tintindex":0},"west":{"uv":[6.5,9.5,5.5,11.5],"rotation":0,"texture":"#0","tintindex":0},"up":{"uv":[10.5,1.0,11.5,0.0],"rotation":0,"texture":"#0","tintindex":0},"down":{"uv":[10.5,1.0,11.5,2.0],"rotation":0,"texture":"#0","tintindex":0}}},{"from":[8.285714,8.571428,8.714286],"to":[6.857143,6.0,7.285714],"rotation":{"angle":0.0,"axis":"y","origin":[8.0,8.0,8.0]},"faces":{"east":{"uv":[16.0,15.5,15.5,16.0],"rotation":0,"texture":"#0","tintindex":0},"south":{"uv":[16.0,15.5,15.5,16.0],"rotation":0,"texture":"#0","tintindex":0},"north":{"uv":[16.0,15.5,15.5,16.0],"rotation":0,"texture":"#0","tintindex":0},"west":{"uv":[16.0,15.5,15.5,16.0],"rotation":0,"texture":"#0","tintindex":0},"up":{"uv":[16.0,15.5,15.5,16.0],"rotation":0,"texture":"#0","tintindex":0},"down":{"uv":[16.0,15.5,15.5,16.0],"rotation":0,"texture":"#0","tintindex":0}}},{"from":[6.857143,4.8571424,7.285714],"to":[8.285714,6.285714,8.714286],"rotation":{"angle":0.0,"axis":"y","origin":[8.0,8.0,8.0]},"faces":{"east":{"uv":[11.5,10.5,10.5,11.5],"rotation":0,"texture":"#0","tintindex":0},"south":{"uv":[11.5,9.5,10.5,10.5],"rotation":0,"texture":"#0","tintindex":0},"north":{"uv":[11.5,2.0,10.5,3.0],"rotation":0,"texture":"#0","tintindex":0},"west":{"uv":[11.5,3.0,10.5,4.0],"rotation":0,"texture":"#0","tintindex":0},"up":{"uv":[6.5,12.0,7.5,11.0],"rotation":0,"texture":"#0","tintindex":0},"down":{"uv":[11.0,6.5,12.0,7.5],"rotation":0,"texture":"#0","tintindex":0}}},{"from":[8.428572,6.428571,8.857143],"to":[6.714286,4.714286,7.142857],"rotation":{"angle":0.0,"axis":"y","origin":[8.0,8.0,8.0]},"faces":{"east":{"uv":[16.0,15.5,15.5,16.0],"rotation":0,"texture":"#0","tintindex":0},"south":{"uv":[16.0,15.5,15.5,16.0],"rotation":0,"texture":"#0","tintindex":0},"north":{"uv":[16.0,15.5,15.5,16.0],"rotation":0,"texture":"#0","tintindex":0},"west":{"uv":[16.0,15.5,15.5,16.0],"rotation":0,"texture":"#0","tintindex":0},"up":{"uv":[16.0,15.5,15.5,16.0],"rotation":0,"texture":"#0","tintindex":0},"down":{"uv":[16.0,15.0,15.5,15.5],"rotation":0,"texture":"#0","tintindex":0}}},{"from":[6.857143,7.714286,7.285714],"to":[8.285714,8.571428,8.714286],"rotation":{"angle":0.0,"axis":"y","origin":[8.0,8.0,8.0]},"faces":{"east":{"uv":[5.5,12.0,4.5,12.5],"rotation":0,"texture":"#0","tintindex":0},"south":{"uv":[4.0,12.0,3.0,12.5],"rotation":0,"texture":"#0","tintindex":0},"north":{"uv":[2.0,12.0,1.0,12.5],"rotation":0,"texture":"#0","tintindex":0},"west":{"uv":[3.0,12.0,2.0,12.5],"rotation":0,"texture":"#0","tintindex":0},"up":{"uv":[7.5,12.0,8.5,11.0],"rotation":0,"texture":"#0","tintindex":0},"down":{"uv":[11.0,7.5,12.0,8.5],"rotation":0,"texture":"#0","tintindex":0}}},{"from":[8.428572,8.714286,8.857143],"to":[6.714286,7.5714283,7.142857],"rotation":{"angle":0.0,"axis":"y","origin":[8.0,8.0,8.0]},"faces":{"east":{"uv":[16.0,15.5,15.5,16.0],"rotation":0,"texture":"#0","tintindex":0},"south":{"uv":[16.0,15.5,15.5,16.0],"rotation":0,"texture":"#0","tintindex":0},"north":{"uv":[16.0,15.5,15.5,16.0],"rotation":0,"texture":"#0","tintindex":0},"west":{"uv":[16.0,15.5,15.5,16.0],"rotation":0,"texture":"#0","tintindex":0},"up":{"uv":[16.0,15.0,15.5,15.5],"rotation":0,"texture":"#0","tintindex":0},"down":{"uv":[16.0,15.5,15.5,16.0],"rotation":0,"texture":"#0","tintindex":0}}}],"textures":{"0":"modelengine:entity/cracko"},"display":{"head":{"translation":[0.0,-6.4,0.0],"scale":[4.0,4.0,4.0]}}}