{"elements":[{"from":[8.0,6.857143,7.428571],"to":[9.142858,8.571428,9.142858],"rotation":{"angle":0.0,"axis":"y","origin":[7.428571,10.384777,7.5714283]},"faces":{"east":{"uv":[5.25,3.25,6.0,4.0],"rotation":0,"texture":"#0","tintindex":0},"south":{"uv":[8.5,4.25,9.0,5.0],"rotation":0,"texture":"#0","tintindex":0},"north":{"uv":[4.0,8.5,4.5,9.25],"rotation":0,"texture":"#0","tintindex":0},"west":{"uv":[1.75,8.0,2.5,8.75],"rotation":0,"texture":"#0","tintindex":0},"up":{"uv":[9.0,6.75,8.5,6.0],"rotation":0,"texture":"#0","tintindex":0},"down":{"uv":[9.0,8.25,8.5,9.0],"rotation":0,"texture":"#0","tintindex":0}}}],"textures":{"0":"modelengine:entity/cavalier"},"display":{"head":{"translation":[0.0,-6.4,0.0],"scale":[4.0,4.0,4.0]}}}