{"elements":[{"from":[6.5714283,5.714286,3.142857],"to":[10.571428,8.571428,7.142857],"rotation":{"angle":0.0,"axis":"y","origin":[8.0,9.714286,3.4285712]},"faces":{"east":{"uv":[9.375,8.5625,9.8125,8.875],"rotation":0,"texture":"#0","tintindex":0},"south":{"uv":[9.375,8.875,9.8125,9.1875],"rotation":0,"texture":"#0","tintindex":0},"north":{"uv":[6.5,9.375,6.9375,9.6875],"rotation":0,"texture":"#0","tintindex":0},"west":{"uv":[9.375,9.1875,9.8125,9.5],"rotation":0,"texture":"#0","tintindex":0},"up":{"uv":[4.9375,9.5625,4.5,9.125],"rotation":0,"texture":"#0","tintindex":0},"down":{"uv":[1.875,9.1875,1.4375,9.625],"rotation":0,"texture":"#0","tintindex":0}}}],"textures":{"0":"modelengine:entity/lr_gryffin_corvid"},"display":{"head":{"translation":[0.0,-6.4,0.0],"scale":[4.0,4.0,4.0]}}}