{"elements":[{"from":[7.142857,4.0,7.142857],"to":[8.285714,9.714286,8.285714],"rotation":{"angle":0.0,"axis":"y","origin":[8.0,6.857143,8.0]},"faces":{"east":{"uv":[3.25,8.0,3.5,9.25],"rotation":0,"texture":"#0","tintindex":0},"south":{"uv":[3.5,8.0,3.75,9.25],"rotation":0,"texture":"#0","tintindex":0},"north":{"uv":[0.375,8.0,0.625,9.25],"rotation":0,"texture":"#0","tintindex":0},"west":{"uv":[6.625,8.0,6.875,9.25],"rotation":0,"texture":"#0","tintindex":0},"up":{"uv":[9.5,0.75,9.25,0.5],"rotation":0,"texture":"#0","tintindex":0},"down":{"uv":[1.0,9.25,0.75,9.5],"rotation":0,"texture":"#0","tintindex":0}}}],"textures":{"0":"modelengine:entity/gp2_goblin_warrior"},"display":{"head":{"translation":[0.0,-6.4,0.0],"scale":[4.0,4.0,4.0]}}}