{"elements":[{"from":[7.142857,4.0,6.285714],"to":[8.857143,9.714286,8.0],"rotation":{"angle":0.0,"axis":"y","origin":[8.0,6.857143,7.142857]},"faces":{"east":{"uv":[4.25,6.125,4.625,7.375],"rotation":0,"texture":"#0","tintindex":0},"south":{"uv":[6.25,0.0,6.625,1.25],"rotation":0,"texture":"#0","tintindex":0},"north":{"uv":[3.875,6.125,4.25,7.375],"rotation":0,"texture":"#0","tintindex":0},"west":{"uv":[2.625,6.25,3.0,7.5],"rotation":0,"texture":"#0","tintindex":0},"up":{"uv":[9.375,5.75,9.0,5.375],"rotation":0,"texture":"#0","tintindex":0},"down":{"uv":[9.375,5.75,9.0,6.125],"rotation":0,"texture":"#0","tintindex":0}}}],"textures":{"0":"modelengine:entity/gp2_goblin_warrior"},"display":{"head":{"translation":[0.0,-6.4,0.0],"scale":[4.0,4.0,4.0]}}}