{"elements":[{"from":[7.142857,6.285714,7.142857],"to":[8.285714,12.0,8.285714],"rotation":{"angle":0.0,"axis":"y","origin":[8.0,9.142858,8.0]},"faces":{"east":{"uv":[2.75,8.125,3.0,9.375],"rotation":0,"texture":"#0","tintindex":0},"south":{"uv":[8.125,2.75,8.375,4.0],"rotation":0,"texture":"#0","tintindex":0},"north":{"uv":[1.25,8.125,1.5,9.375],"rotation":0,"texture":"#0","tintindex":0},"west":{"uv":[3.0,8.125,3.25,9.375],"rotation":0,"texture":"#0","tintindex":0},"up":{"uv":[2.125,9.5,1.875,9.25],"rotation":0,"texture":"#0","tintindex":0},"down":{"uv":[2.375,9.25,2.125,9.5],"rotation":0,"texture":"#0","tintindex":0}}}],"textures":{"0":"modelengine:entity/gp2_goblin_warrior"},"display":{"head":{"translation":[0.0,-6.4,0.0],"scale":[4.0,4.0,4.0]}}}