{"elements":[{"from":[7.142857,6.285714,6.285714],"to":[8.857143,12.0,8.0],"rotation":{"angle":0.0,"axis":"y","origin":[8.0,9.142858,7.142857]},"faces":{"east":{"uv":[6.375,2.0,6.75,3.25],"rotation":0,"texture":"#0","tintindex":0},"south":{"uv":[4.625,6.375,5.0,7.625],"rotation":0,"texture":"#0","tintindex":0},"north":{"uv":[3.0,6.25,3.375,7.5],"rotation":0,"texture":"#0","tintindex":0},"west":{"uv":[5.0,6.375,5.375,7.625],"rotation":0,"texture":"#0","tintindex":0},"up":{"uv":[7.875,9.375,7.5,9.0],"rotation":0,"texture":"#0","tintindex":0},"down":{"uv":[9.375,7.875,9.0,8.25],"rotation":0,"texture":"#0","tintindex":0}}}],"textures":{"0":"modelengine:entity/gp2_goblin_warrior"},"display":{"head":{"translation":[0.0,-6.4,0.0],"scale":[4.0,4.0,4.0]}}}