{"elements":[{"from":[7.714286,7.714286,8.0],"to":[8.285714,8.285714,17.142857],"rotation":{"angle":0.0,"axis":"y","origin":[8.571428,6.0,7.714286]},"faces":{"east":{"uv":[8.0,6.875,10.0,7.0],"rotation":0,"texture":"#0","tintindex":0},"south":{"uv":[2.75,5.0,2.875,5.125],"rotation":0,"texture":"#0","tintindex":0},"north":{"uv":[1.625,4.875,1.75,5.0],"rotation":0,"texture":"#0","tintindex":0},"west":{"uv":[8.125,1.75,10.125,1.875],"rotation":0,"texture":"#0","tintindex":0},"up":{"uv":[0.75,10.0,0.625,8.0],"rotation":0,"texture":"#0","tintindex":0},"down":{"uv":[7.5,8.125,7.375,10.125],"rotation":0,"texture":"#0","tintindex":0}}}],"textures":{"0":"modelengine:entity/gp2_goblin_warrior"},"display":{"head":{"translation":[0.0,-6.4,0.0],"scale":[4.0,4.0,4.0]}}}