{"elements":[{"from":[6.5714283,4.6396637,6.8154373],"to":[8.285714,8.639664,8.529723],"rotation":{"angle":0.0,"axis":"y","origin":[10.0,4.6396637,2.2440085]},"faces":{"east":{"uv":[7.125,6.375,7.5,7.25],"rotation":0,"texture":"#0","tintindex":0},"south":{"uv":[6.625,7.125,7.0,8.0],"rotation":0,"texture":"#0","tintindex":0},"north":{"uv":[0.375,7.125,0.75,8.0],"rotation":0,"texture":"#0","tintindex":0},"west":{"uv":[1.25,7.25,1.625,8.125],"rotation":0,"texture":"#0","tintindex":0},"up":{"uv":[0.375,9.25,0.0,8.875],"rotation":0,"texture":"#0","tintindex":0},"down":{"uv":[2.375,8.875,2.0,9.25],"rotation":0,"texture":"#0","tintindex":0}}}],"textures":{"0":"modelengine:entity/gp2_goblin_warrior"},"display":{"head":{"translation":[0.0,-6.4,0.0],"scale":[4.0,4.0,4.0]}}}