{"elements":[{"from":[7.428571,6.8894644,5.4521117],"to":[9.714286,8.032322,8.309255],"rotation":{"angle":0.0,"axis":"y","origin":[11.142858,12.032322,2.02354]},"faces":{"east":{"uv":[5.375,6.375,6.0,6.625],"rotation":0,"texture":"#0","tintindex":0},"south":{"uv":[9.0,1.5,9.5,1.75],"rotation":0,"texture":"#0","tintindex":0},"north":{"uv":[8.875,3.75,9.375,4.0],"rotation":0,"texture":"#0","tintindex":0},"west":{"uv":[8.5,6.625,9.125,6.875],"rotation":0,"texture":"#0","tintindex":0},"up":{"uv":[3.25,8.125,2.75,7.5],"rotation":0,"texture":"#0","tintindex":0},"down":{"uv":[8.0,6.375,7.5,7.0],"rotation":0,"texture":"#0","tintindex":0}}},{"from":[8.571428,7.3926578,4.6366744],"to":[9.714286,8.535515,5.7795315],"rotation":{"angle":22.5,"axis":"x","origin":[8.571428,7.9640865,4.3509603]},"faces":{"east":{"uv":[3.875,1.5,4.125,1.75],"rotation":0,"texture":"#0","tintindex":0},"south":{"uv":[7.5,7.0,7.75,7.25],"rotation":0,"texture":"#0","tintindex":0},"north":{"uv":[3.0,2.625,3.25,2.875],"rotation":0,"texture":"#0","tintindex":0},"west":{"uv":[9.125,4.875,9.375,5.125],"rotation":0,"texture":"#0","tintindex":0},"up":{"uv":[5.375,9.375,5.125,9.125],"rotation":0,"texture":"#0","tintindex":0},"down":{"uv":[5.875,9.125,5.625,9.375],"rotation":0,"texture":"#0","tintindex":0}}},{"from":[7.428571,7.285714,5.142857],"to":[8.571428,7.857143,5.714286],"rotation":{"angle":-22.5,"axis":"x","origin":[8.0,7.285714,5.142857]},"faces":{"east":{"uv":[0.625,3.75,0.75,3.875],"rotation":0,"texture":"#0","tintindex":0},"south":{"uv":[2.875,4.25,3.125,4.375],"rotation":0,"texture":"#0","tintindex":0},"north":{"uv":[3.625,0.875,3.875,1.0],"rotation":0,"texture":"#0","tintindex":0},"west":{"uv":[1.75,4.125,1.875,4.25],"rotation":0,"texture":"#0","tintindex":0},"up":{"uv":[6.0,5.5,5.75,5.375],"rotation":0,"texture":"#0","tintindex":0},"down":{"uv":[6.25,4.625,6.0,4.75],"rotation":0,"texture":"#0","tintindex":0}}}],"textures":{"0":"modelengine:entity/gp2_goblin_warrior"},"display":{"head":{"translation":[0.0,-6.4,0.0],"scale":[4.0,4.0,4.0]}}}