{"elements":[{"from":[7.428571,4.0,8.0],"to":[8.571428,8.0,9.714286],"rotation":{"angle":0.0,"axis":"y","origin":[10.571428,8.0,3.4285712]},"faces":{"east":{"uv":[7.0,7.25,7.375,8.125],"rotation":0,"texture":"#0","tintindex":0},"south":{"uv":[5.25,8.25,5.5,9.125],"rotation":0,"texture":"#0","tintindex":0},"north":{"uv":[7.875,2.75,8.125,3.625],"rotation":0,"texture":"#0","tintindex":0},"west":{"uv":[1.625,7.375,2.0,8.25],"rotation":0,"texture":"#0","tintindex":0},"up":{"uv":[6.375,3.625,6.125,3.25],"rotation":0,"texture":"#0","tintindex":0},"down":{"uv":[7.875,2.125,7.625,2.5],"rotation":0,"texture":"#0","tintindex":0}}}],"textures":{"0":"modelengine:entity/gp2_goblin_warrior"},"display":{"head":{"translation":[0.0,-6.4,0.0],"scale":[4.0,4.0,4.0]}}}