{"elements":[{"from":[4.034663,6.793764,5.714286],"to":[8.034663,9.079478,8.0],"rotation":{"angle":0.0,"axis":"y","origin":[18.320377,1.0794783,1.7142854]},"faces":{"east":{"uv":[8.0,6.375,8.5,6.875],"rotation":0,"texture":"#0","tintindex":0},"south":{"uv":[6.5,4.625,7.375,5.125],"rotation":0,"texture":"#0","tintindex":0},"north":{"uv":[6.375,3.25,7.25,3.75],"rotation":0,"texture":"#0","tintindex":0},"west":{"uv":[8.125,0.0,8.625,0.5],"rotation":0,"texture":"#0","tintindex":0},"up":{"uv":[0.875,7.125,0.0,6.625],"rotation":0,"texture":"#0","tintindex":0},"down":{"uv":[7.5,0.0,6.625,0.5],"rotation":0,"texture":"#0","tintindex":0}}},{"from":[3.142857,5.714286,5.428571],"to":[5.428571,8.0,8.285714],"rotation":{"angle":45.0,"axis":"z","origin":[3.4285712,6.857143,6.857143]},"faces":{"east":{"uv":[7.25,3.25,7.875,3.75],"rotation":0,"texture":"#0","tintindex":0},"south":{"uv":[6.875,8.125,7.375,8.625],"rotation":0,"texture":"#0","tintindex":0},"north":{"uv":[8.125,1.25,8.625,1.75],"rotation":0,"texture":"#0","tintindex":0},"west":{"uv":[7.5,0.0,8.125,0.5],"rotation":0,"texture":"#0","tintindex":0},"up":{"uv":[1.25,8.375,0.75,7.75],"rotation":0,"texture":"#0","tintindex":0},"down":{"uv":[8.25,4.0,7.75,4.625],"rotation":0,"texture":"#0","tintindex":0}}}],"textures":{"0":"modelengine:entity/gp2_goblin_warrior"},"display":{"head":{"translation":[0.0,-6.4,0.0],"scale":[4.0,4.0,4.0]}}}