{"elements":[{"from":[6.285714,6.8894644,5.4521117],"to":[8.571428,8.032322,8.309255],"rotation":{"angle":0.0,"axis":"y","origin":[4.8571424,12.032322,2.02354]},"faces":{"east":{"uv":[8.75,4.0,9.375,4.25],"rotation":0,"texture":"#0","tintindex":0},"south":{"uv":[9.0,6.125,9.5,6.375],"rotation":0,"texture":"#0","tintindex":0},"north":{"uv":[9.0,1.875,9.5,2.125],"rotation":0,"texture":"#0","tintindex":0},"west":{"uv":[4.25,8.75,4.875,9.0],"rotation":0,"texture":"#0","tintindex":0},"up":{"uv":[8.125,2.125,7.625,1.5],"rotation":0,"texture":"#0","tintindex":0},"down":{"uv":[5.0,7.625,4.5,8.25],"rotation":0,"texture":"#0","tintindex":0}}},{"from":[6.285714,7.3926578,4.6366744],"to":[7.428571,8.535515,5.7795315],"rotation":{"angle":22.5,"axis":"x","origin":[7.428571,7.9640865,4.3509603]},"faces":{"east":{"uv":[6.125,9.125,6.375,9.375],"rotation":0,"texture":"#0","tintindex":0},"south":{"uv":[9.125,6.625,9.375,6.875],"rotation":0,"texture":"#0","tintindex":0},"north":{"uv":[5.875,9.125,6.125,9.375],"rotation":0,"texture":"#0","tintindex":0},"west":{"uv":[6.875,9.125,7.125,9.375],"rotation":0,"texture":"#0","tintindex":0},"up":{"uv":[7.375,9.375,7.125,9.125],"rotation":0,"texture":"#0","tintindex":0},"down":{"uv":[8.75,9.125,8.5,9.375],"rotation":0,"texture":"#0","tintindex":0}}},{"from":[7.428571,7.285714,5.142857],"to":[8.571428,7.857143,5.714286],"rotation":{"angle":-22.5,"axis":"x","origin":[8.0,7.285714,5.142857]},"faces":{"east":{"uv":[3.125,4.25,3.25,4.375],"rotation":0,"texture":"#0","tintindex":0},"south":{"uv":[0.0,6.5,0.25,6.625],"rotation":0,"texture":"#0","tintindex":0},"north":{"uv":[6.25,4.625,6.5,4.75],"rotation":0,"texture":"#0","tintindex":0},"west":{"uv":[1.625,4.5,1.75,4.625],"rotation":0,"texture":"#0","tintindex":0},"up":{"uv":[0.5,6.625,0.25,6.5],"rotation":0,"texture":"#0","tintindex":0},"down":{"uv":[0.75,6.5,0.5,6.625],"rotation":0,"texture":"#0","tintindex":0}}}],"textures":{"0":"modelengine:entity/gp2_goblin_warrior"},"display":{"head":{"translation":[0.0,-6.4,0.0],"scale":[4.0,4.0,4.0]}}}