{"elements":[{"from":[7.9653373,6.793764,5.714286],"to":[11.965337,9.079478,8.0],"rotation":{"angle":0.0,"axis":"y","origin":[-2.3203773,1.0794783,1.7142854]},"faces":{"east":{"uv":[8.25,4.0,8.75,4.5],"rotation":0,"texture":"#0","tintindex":0},"south":{"uv":[5.375,6.625,6.25,7.125],"rotation":0,"texture":"#0","tintindex":0},"north":{"uv":[6.625,1.5,7.5,2.0],"rotation":0,"texture":"#0","tintindex":0},"west":{"uv":[4.25,8.25,4.75,8.75],"rotation":0,"texture":"#0","tintindex":0},"up":{"uv":[7.125,7.125,6.25,6.625],"rotation":0,"texture":"#0","tintindex":0},"down":{"uv":[7.625,2.0,6.75,2.5],"rotation":0,"texture":"#0","tintindex":0}}},{"from":[10.571428,5.714286,5.428571],"to":[12.857143,8.0,8.285714],"rotation":{"angle":-45.0,"axis":"z","origin":[12.571428,6.857143,6.857143]},"faces":{"east":{"uv":[7.75,4.625,8.375,5.125],"rotation":0,"texture":"#0","tintindex":0},"south":{"uv":[8.25,5.125,8.75,5.625],"rotation":0,"texture":"#0","tintindex":0},"north":{"uv":[4.75,8.25,5.25,8.75],"rotation":0,"texture":"#0","tintindex":0},"west":{"uv":[5.0,7.75,5.625,8.25],"rotation":0,"texture":"#0","tintindex":0},"up":{"uv":[8.25,6.0,7.75,5.375],"rotation":0,"texture":"#0","tintindex":0},"down":{"uv":[6.125,7.75,5.625,8.375],"rotation":0,"texture":"#0","tintindex":0}}}],"textures":{"0":"modelengine:entity/gp2_goblin_warrior"},"display":{"head":{"translation":[0.0,-6.4,0.0],"scale":[4.0,4.0,4.0]}}}