{"elements":[{"from":[6.640754,5.697897,15.8888645],"to":[9.497897,7.9836116,19.888865],"rotation":{"angle":0.0,"axis":"y","origin":[9.497897,6.2693257,17.317436]},"faces":{"east":{"uv":[9.375,4.375,8.5,4.875],"rotation":0,"texture":"#1","tintindex":0},"south":{"uv":[9.25,9.625,8.625,10.125],"rotation":0,"texture":"#1","tintindex":0},"north":{"uv":[10.25,5.25,9.625,5.75],"rotation":0,"texture":"#1","tintindex":0},"west":{"uv":[9.25,6.125,8.375,6.625],"rotation":0,"texture":"#1","tintindex":0},"up":{"uv":[7.875,5.25,8.5,4.375],"rotation":0,"texture":"#1","tintindex":0},"down":{"uv":[6.125,7.875,6.75,8.75],"rotation":0,"texture":"#1","tintindex":0}}},{"from":[6.926469,3.4121828,16.17458],"to":[9.212183,5.697897,19.60315],"rotation":{"angle":0.0,"axis":"y","origin":[9.212183,3.983611,17.031723]},"faces":{"east":{"uv":[9.875,6.625,9.125,7.125],"rotation":0,"texture":"#1","tintindex":0},"south":{"uv":[4.0,10.0,3.5,10.5],"rotation":0,"texture":"#1","tintindex":0},"north":{"uv":[3.5,10.0,3.0,10.5],"rotation":0,"texture":"#1","tintindex":0},"west":{"uv":[9.875,0.0,9.125,0.5],"rotation":0,"texture":"#1","tintindex":0},"up":{"uv":[2.5,10.0,3.0,9.25],"rotation":0,"texture":"#1","tintindex":0},"down":{"uv":[3.0,9.25,3.5,10.0],"rotation":0,"texture":"#1","tintindex":0}}},{"from":[6.640754,3.7432818,22.857147],"to":[8.926469,6.0289965,27.428574],"rotation":{"angle":0.0,"axis":"y","origin":[8.355041,4.3147106,12.000002]},"faces":{"east":{"uv":[3.5,8.25,2.5,8.75],"rotation":0,"texture":"#1","tintindex":0},"south":{"uv":[5.0,10.0,4.5,10.5],"rotation":0,"texture":"#1","tintindex":0},"north":{"uv":[4.5,10.0,4.0,10.5],"rotation":0,"texture":"#1","tintindex":0},"west":{"uv":[9.25,1.5,8.25,2.0],"rotation":0,"texture":"#1","tintindex":0},"up":{"uv":[3.5,9.25,4.0,8.25],"rotation":0,"texture":"#1","tintindex":0},"down":{"uv":[8.25,7.375,8.75,8.375],"rotation":0,"texture":"#1","tintindex":0}}},{"from":[7.783612,9.457568,-4.5714264],"to":[7.783612,11.743282,2.8571453],"rotation":{"angle":0.0,"axis":"y","origin":[8.069325,11.743282,12.000002]},"faces":{"east":{"uv":[5.5,4.375,7.125,4.875],"rotation":0,"texture":"#1","tintindex":0},"south":{"uv":[0.0,0.0,0.0,0.5],"rotation":0,"texture":"#1","tintindex":0},"north":{"uv":[0.0,0.0,0.0,0.5],"rotation":0,"texture":"#1","tintindex":0},"west":{"uv":[7.125,4.375,5.5,4.875],"rotation":0,"texture":"#1","tintindex":0},"up":{"uv":[0.0,1.625,0.0,0.0],"rotation":0,"texture":"#1","tintindex":0},"down":{"uv":[0.0,0.0,0.0,1.625],"rotation":0,"texture":"#1","tintindex":0}}},{"from":[7.783612,3.171853,-16.0],"to":[7.783612,7.1718535,-7.42857],"rotation":{"angle":0.0,"axis":"y","origin":[8.355041,6.0289965,-6.8571415]},"faces":{"east":{"uv":[2.0,2.25,3.875,3.125],"rotation":0,"texture":"#1","tintindex":0},"south":{"uv":[0.0,0.0,0.0,0.875],"rotation":0,"texture":"#1","tintindex":0},"north":{"uv":[0.0,0.0,0.0,0.875],"rotation":0,"texture":"#1","tintindex":0},"west":{"uv":[3.875,2.25,2.0,3.125],"rotation":0,"texture":"#1","tintindex":0},"up":{"uv":[0.0,1.875,0.0,0.0],"rotation":0,"texture":"#1","tintindex":0},"down":{"uv":[0.0,0.0,0.0,1.875],"rotation":0,"texture":"#1","tintindex":0}}},{"from":[6.4509254,4.3628654,15.897339],"to":[7.593783,5.505723,18.754482],"rotation":{"angle":0.0,"axis":"y","origin":[10.355041,3.983611,17.031723]},"faces":{"east":{"uv":[1.125,10.875,0.5,11.125],"rotation":0,"texture":"#1","tintindex":0},"south":{"uv":[0.5,11.5,0.25,11.75],"rotation":0,"texture":"#1","tintindex":0},"north":{"uv":[0.25,11.5,0.0,11.75],"rotation":0,"texture":"#1","tintindex":0},"west":{"uv":[1.125,11.125,0.5,11.375],"rotation":0,"texture":"#1","tintindex":0},"up":{"uv":[0.0,11.5,0.25,10.875],"rotation":0,"texture":"#1","tintindex":0},"down":{"uv":[0.25,10.875,0.5,11.5],"rotation":0,"texture":"#1","tintindex":0}}},{"from":[7.212183,6.0289965,-10.8571415],"to":[8.355041,7.1718535,4.000003],"rotation":{"angle":0.0,"axis":"y","origin":[8.355041,6.0289965,-6.8571415]},"faces":{"east":{"uv":[8.75,4.125,5.5,4.375],"rotation":0,"texture":"#1","tintindex":0},"south":{"uv":[0.25,10.375,0.0,10.625],"rotation":0,"texture":"#1","tintindex":0},"north":{"uv":[8.5,10.25,8.25,10.5],"rotation":0,"texture":"#1","tintindex":0},"west":{"uv":[8.0,3.875,4.75,4.125],"rotation":0,"texture":"#1","tintindex":0},"up":{"uv":[4.0,8.375,4.25,5.125],"rotation":0,"texture":"#1","tintindex":0},"down":{"uv":[1.5,5.25,1.75,8.5],"rotation":0,"texture":"#1","tintindex":0}}},{"from":[6.35504,3.171853,-3.4285698],"to":[6.926469,8.314711,-1.714283],"rotation":{"angle":0.0,"axis":"y","origin":[6.640754,5.743282,-2.5714264]},"faces":{"east":{"uv":[0.375,8.75,0.0,9.875],"rotation":0,"texture":"#1","tintindex":0},"south":{"uv":[8.25,9.875,8.125,11.0],"rotation":0,"texture":"#1","tintindex":0},"north":{"uv":[8.125,9.875,8.0,11.0],"rotation":0,"texture":"#1","tintindex":0},"west":{"uv":[8.0,8.625,7.625,9.75],"rotation":0,"texture":"#1","tintindex":0},"up":{"uv":[1.375,7.25,1.5,6.875],"rotation":0,"texture":"#1","tintindex":0},"down":{"uv":[1.375,7.25,1.5,7.625],"rotation":0,"texture":"#1","tintindex":0}}},{"from":[8.640755,3.171853,-0.5714264],"to":[9.212183,8.314711,1.1428604],"rotation":{"angle":0.0,"axis":"y","origin":[8.926469,5.743282,0.285717]},"faces":{"east":{"uv":[7.625,8.625,7.25,9.75],"rotation":0,"texture":"#1","tintindex":0},"south":{"uv":[6.75,8.75,6.625,9.875],"rotation":0,"texture":"#1","tintindex":0},"north":{"uv":[1.75,8.5,1.625,9.625],"rotation":0,"texture":"#1","tintindex":0},"west":{"uv":[6.125,8.625,5.75,9.75],"rotation":0,"texture":"#1","tintindex":0},"up":{"uv":[2.875,6.0,3.0,5.625],"rotation":0,"texture":"#1","tintindex":0},"down":{"uv":[3.75,6.75,3.875,7.125],"rotation":0,"texture":"#1","tintindex":0}}},{"from":[8.640755,3.171853,-5.1428547],"to":[9.212183,8.314711,-3.4285698],"rotation":{"angle":22.5,"axis":"x","origin":[8.926469,5.743282,-4.2857113]},"faces":{"east":{"uv":[5.75,8.625,5.375,9.75],"rotation":0,"texture":"#1","tintindex":0},"south":{"uv":[1.625,8.5,1.5,9.625],"rotation":0,"texture":"#1","tintindex":0},"north":{"uv":[4.0,6.0,3.875,7.125],"rotation":0,"texture":"#1","tintindex":0},"west":{"uv":[5.375,8.625,5.0,9.75],"rotation":0,"texture":"#1","tintindex":0},"up":{"uv":[1.875,2.875,2.0,2.5],"rotation":0,"texture":"#1","tintindex":0},"down":{"uv":[2.875,5.25,3.0,5.625],"rotation":0,"texture":"#1","tintindex":0}}},{"from":[6.640754,3.7432818,8.000003],"to":[8.926469,6.0289965,9.14286],"rotation":{"angle":22.5,"axis":"x","origin":[7.783612,4.886139,8.571431]},"faces":{"east":{"uv":[9.375,10.125,9.125,10.625],"rotation":0,"texture":"#1","tintindex":0},"south":{"uv":[10.5,8.875,10.0,9.375],"rotation":0,"texture":"#1","tintindex":0},"north":{"uv":[10.5,7.5,10.0,8.0],"rotation":0,"texture":"#1","tintindex":0},"west":{"uv":[7.875,10.125,7.625,10.625],"rotation":0,"texture":"#1","tintindex":0},"up":{"uv":[10.125,8.875,10.625,8.625],"rotation":0,"texture":"#1","tintindex":0},"down":{"uv":[9.375,10.125,9.875,10.375],"rotation":0,"texture":"#1","tintindex":0}}},{"from":[6.640754,3.7432818,10.285717],"to":[8.926469,6.0289965,11.428574],"rotation":{"angle":-22.5,"axis":"x","origin":[7.783612,4.886139,10.857145]},"faces":{"east":{"uv":[7.625,10.125,7.375,10.625],"rotation":0,"texture":"#1","tintindex":0},"south":{"uv":[10.5,7.0,10.0,7.5],"rotation":0,"texture":"#1","tintindex":0},"north":{"uv":[7.125,10.0,6.625,10.5],"rotation":0,"texture":"#1","tintindex":0},"west":{"uv":[7.375,10.125,7.125,10.625],"rotation":0,"texture":"#1","tintindex":0},"up":{"uv":[10.125,8.625,10.625,8.375],"rotation":0,"texture":"#1","tintindex":0},"down":{"uv":[8.625,10.125,9.125,10.375],"rotation":0,"texture":"#1","tintindex":0}}},{"from":[6.926469,6.600425,-6.8571415],"to":[8.640755,9.457568,2.8571453],"rotation":{"angle":0.0,"axis":"y","origin":[8.069325,8.886139,12.000002]},"faces":{"east":{"uv":[4.75,3.625,2.625,4.25],"rotation":0,"texture":"#1","tintindex":0},"south":{"uv":[10.5,4.625,10.125,5.25],"rotation":0,"texture":"#1","tintindex":0},"north":{"uv":[10.5,2.875,10.125,3.5],"rotation":0,"texture":"#1","tintindex":0},"west":{"uv":[2.625,3.625,0.5,4.25],"rotation":0,"texture":"#1","tintindex":0},"up":{"uv":[2.5,7.375,2.875,5.25],"rotation":0,"texture":"#1","tintindex":0},"down":{"uv":[5.5,5.375,5.875,7.5],"rotation":0,"texture":"#1","tintindex":0}}},{"from":[6.926469,2.028996,2.8571453],"to":[8.640755,3.7432818,7.4285746],"rotation":{"angle":0.0,"axis":"y","origin":[8.069325,4.3147106,21.714289]},"faces":{"east":{"uv":[6.25,3.5,7.25,3.875],"rotation":0,"texture":"#1","tintindex":0},"south":{"uv":[6.5,10.125,6.125,10.5],"rotation":0,"texture":"#1","tintindex":0},"north":{"uv":[8.875,4.875,8.5,5.25],"rotation":0,"texture":"#1","tintindex":0},"west":{"uv":[7.25,3.5,6.25,3.875],"rotation":0,"texture":"#1","tintindex":0},"up":{"uv":[0.875,10.125,1.25,9.125],"rotation":0,"texture":"#1","tintindex":0},"down":{"uv":[8.25,9.25,8.625,10.25],"rotation":0,"texture":"#1","tintindex":0}}},{"from":[7.783612,-0.25671864,-6.8571415],"to":[7.783612,2.028996,7.4285746],"rotation":{"angle":0.0,"axis":"y","origin":[8.069325,4.3147106,12.000002]},"faces":{"east":{"uv":[1.875,3.125,5.0,3.625],"rotation":0,"texture":"#1","tintindex":0},"south":{"uv":[0.0,0.0,0.0,0.5],"rotation":0,"texture":"#1","tintindex":0},"north":{"uv":[0.0,0.0,0.0,0.5],"rotation":0,"texture":"#1","tintindex":0},"west":{"uv":[5.0,3.125,1.875,3.625],"rotation":0,"texture":"#1","tintindex":0},"up":{"uv":[0.0,3.125,0.0,0.0],"rotation":0,"texture":"#1","tintindex":0},"down":{"uv":[0.0,0.0,0.0,3.125],"rotation":0,"texture":"#1","tintindex":0}}},{"from":[6.926469,2.028996,-6.8571415],"to":[8.640755,4.886139,2.8571453],"rotation":{"angle":0.0,"axis":"y","origin":[8.069325,4.3147106,12.000002]},"faces":{"east":{"uv":[3.5,1.0,5.625,1.625],"rotation":0,"texture":"#1","tintindex":0},"south":{"uv":[1.25,10.125,0.875,10.75],"rotation":0,"texture":"#1","tintindex":0},"north":{"uv":[10.375,9.75,10.0,10.375],"rotation":0,"texture":"#1","tintindex":0},"west":{"uv":[5.625,1.0,3.5,1.625],"rotation":0,"texture":"#1","tintindex":0},"up":{"uv":[1.75,7.375,2.125,5.25],"rotation":0,"texture":"#1","tintindex":0},"down":{"uv":[2.125,5.25,2.5,7.375],"rotation":0,"texture":"#1","tintindex":0}}},{"from":[7.212183,4.3147106,-1.714283],"to":[8.355041,5.4575677,22.857147],"rotation":{"angle":0.0,"axis":"y","origin":[8.355041,4.3147106,12.000002]},"faces":{"east":{"uv":[8.875,0.75,3.5,1.0],"rotation":0,"texture":"#1","tintindex":0},"south":{"uv":[10.5,5.5,10.25,5.75],"rotation":0,"texture":"#1","tintindex":0},"north":{"uv":[10.5,5.25,10.25,5.5],"rotation":0,"texture":"#1","tintindex":0},"west":{"uv":[8.875,0.5,3.5,0.75],"rotation":0,"texture":"#1","tintindex":0},"up":{"uv":[0.0,8.75,0.25,3.375],"rotation":0,"texture":"#1","tintindex":0},"down":{"uv":[0.25,3.375,0.5,8.75],"rotation":0,"texture":"#1","tintindex":0}}},{"from":[5.726141,2.219336,16.315624],"to":[8.011855,3.9336214,19.744196],"rotation":{"angle":-45.0,"axis":"z","origin":[8.0,2.1999998,17.031723]},"faces":{"east":{"uv":[10.0,9.75,9.25,10.125],"rotation":0,"texture":"#1","tintindex":0},"south":{"uv":[10.625,3.5,10.125,3.875],"rotation":0,"texture":"#1","tintindex":0},"north":{"uv":[10.5,8.0,10.0,8.375],"rotation":0,"texture":"#1","tintindex":0},"west":{"uv":[8.0,9.75,7.25,10.125],"rotation":0,"texture":"#1","tintindex":0},"up":{"uv":[3.5,10.0,4.0,9.25],"rotation":0,"texture":"#1","tintindex":0},"down":{"uv":[4.0,9.25,4.5,10.0],"rotation":0,"texture":"#1","tintindex":0}}}],"textures":{"1":"modelengine:entity/rot"},"display":{"head":{"translation":[0.0,-6.4,-45.269745],"scale":[4.0,4.0,4.0]}}}