{
	"credit": "Made with Blockbench",
	"textures": {
		"0": "littleroom_astralarchon:astralarchon_slash",
		"particle": "littleroom_astralarchon:astralarchon_slash"
	},
	"elements": [
		{
			"name": "hexadecagon",
			"from": [4.68241, 18.45759, 5.56531],
			"to": [10.80241, 18.45759, 10.43469],
			"rotation": {"angle": 0, "axis": "x", "origin": [5.70241, 6.21759, 8]},
			"faces": {
				"north": {"uv": [0, 0, 6.12, 0], "rotation": 180, "texture": "#0"},
				"east": {"uv": [0, 0, 0, 4.86937], "rotation": 90, "texture": "#0"},
				"south": {"uv": [11.125, 0, 12.125, 1], "texture": "#0"},
				"west": {"uv": [0, 0, 0, 4.86937], "rotation": 270, "texture": "#0"},
				"up": {"uv": [11.125, 1, 12.125, 0], "texture": "#0"},
				"down": {"uv": [11.125, 1, 12.125, 0], "rotation": 180, "texture": "#0"}
			}
		},
		{
			"name": "hexadecagon",
			"from": [4.68241, 18.45759, 5.56531],
			"to": [10.80241, 18.45759, 10.43469],
			"rotation": {"angle": -22.5, "axis": "x", "origin": [5.70241, 6.21759, 8]},
			"faces": {
				"north": {"uv": [0, 0, 6.12, 0], "rotation": 180, "texture": "#0"},
				"east": {"uv": [0, 0, 0, 4.86937], "rotation": 90, "texture": "#0"},
				"south": {"uv": [11.125, 0.9375, 12.125, 1.9375], "texture": "#0"},
				"west": {"uv": [0, 0, 0, 4.86937], "rotation": 270, "texture": "#0"},
				"up": {"uv": [11.125, 1.9375, 12.125, 0.9375], "texture": "#0"},
				"down": {"uv": [11.125, 1.9375, 12.125, 0.9375], "rotation": 180, "texture": "#0"}
			}
		},
		{
			"name": "hexadecagon",
			"from": [4.68241, 18.45759, 5.56531],
			"to": [10.80241, 18.45759, 10.43469],
			"rotation": {"angle": -45, "axis": "x", "origin": [5.70241, 6.21759, 8]},
			"faces": {
				"north": {"uv": [0, 0, 6.12, 0], "rotation": 180, "texture": "#0"},
				"east": {"uv": [0, 0, 0, 4.86937], "rotation": 90, "texture": "#0"},
				"south": {"uv": [11.125, 1.9375, 12.125, 2.9375], "texture": "#0"},
				"west": {"uv": [0, 0, 0, 4.86937], "rotation": 270, "texture": "#0"},
				"up": {"uv": [11.125, 2.9375, 12.125, 1.9375], "texture": "#0"},
				"down": {"uv": [11.125, 2.9375, 12.125, 1.9375], "rotation": 180, "texture": "#0"}
			}
		},
		{
			"name": "hexadecagon",
			"from": [4.68241, 3.7829, -4.24],
			"to": [10.80241, 8.65227, -4.24],
			"rotation": {"angle": 22.5, "axis": "x", "origin": [5.70241, 6.21759, 8]},
			"faces": {
				"north": {"uv": [11.125, 4, 12.125, 3], "rotation": 180, "texture": "#0"},
				"east": {"uv": [0, 0, 0, 4.86937], "rotation": 180, "texture": "#0"},
				"south": {"uv": [11.125, 4, 12.125, 3], "rotation": 180, "texture": "#0"},
				"west": {"uv": [0, 0, 0, 4.86937], "rotation": 180, "texture": "#0"},
				"up": {"uv": [11.125, 3, 12.125, 4], "texture": "#0"},
				"down": {"uv": [0, 0, 6.12, 0], "texture": "#0"}
			}
		},
		{
			"name": "hexadecagon",
			"from": [4.68241, 3.7829, -4.24],
			"to": [10.80241, 8.65227, -4.24],
			"rotation": {"angle": -22.5, "axis": "x", "origin": [5.70241, 6.21759, 8]},
			"faces": {
				"north": {"uv": [11.125, 6, 12.125, 5], "rotation": 180, "texture": "#0"},
				"east": {"uv": [0, 0, 0, 4.86937], "rotation": 180, "texture": "#0"},
				"south": {"uv": [11.125, 6, 12.125, 5], "rotation": 180, "texture": "#0"},
				"west": {"uv": [0, 0, 0, 4.86937], "rotation": 180, "texture": "#0"},
				"up": {"uv": [11.125, 5, 12.125, 6], "texture": "#0"},
				"down": {"uv": [0, 0, 6.12, 0], "texture": "#0"}
			}
		},
		{
			"name": "hexadecagon",
			"from": [4.68241, 3.7829, -4.24],
			"to": [10.80241, 8.65227, -4.24],
			"rotation": {"angle": -45, "axis": "x", "origin": [5.70241, 6.21759, 8]},
			"faces": {
				"north": {"uv": [11.125, 7.625, 12.125, 6.625], "rotation": 180, "texture": "#0"},
				"east": {"uv": [0, 0, 0, 4.86937], "rotation": 180, "texture": "#0"},
				"south": {"uv": [11.125, 7.625, 12.125, 6.625], "rotation": 180, "texture": "#0"},
				"west": {"uv": [0, 0, 0, 4.86937], "rotation": 180, "texture": "#0"},
				"up": {"uv": [11.125, 6.625, 12.125, 7.625], "texture": "#0"},
				"down": {"uv": [0, 0, 6.12, 0], "texture": "#0"}
			}
		},
		{
			"name": "hexadecagon",
			"from": [4.68241, -6.02241, 5.56531],
			"to": [10.80241, -6.02241, 10.43469],
			"rotation": {"angle": 22.5, "axis": "x", "origin": [5.70241, 6.21759, 8]},
			"faces": {
				"north": {"uv": [11.125, 8.1875, 12.125, 9.1875], "rotation": 180, "texture": "#0"},
				"east": {"uv": [0, 0, 0, 4.86937], "rotation": 270, "texture": "#0"},
				"south": {"uv": [0, 0, 6.12, 0], "texture": "#0"},
				"west": {"uv": [0, 0, 0, 4.86937], "rotation": 90, "texture": "#0"},
				"up": {"uv": [11.125, 9.1875, 12.125, 8.1875], "rotation": 180, "texture": "#0"},
				"down": {"uv": [11.125, 9.1875, 12.125, 8.1875], "texture": "#0"}
			}
		},
		{
			"name": "hexadecagon",
			"from": [4.68241, -6.02241, 5.56531],
			"to": [10.80241, -6.02241, 10.43469],
			"rotation": {"angle": 0, "axis": "x", "origin": [5.70241, 6.21759, 8]},
			"faces": {
				"north": {"uv": [11.125, 9.8125, 12.125, 10.8125], "rotation": 180, "texture": "#0"},
				"east": {"uv": [0, 0, 0, 4.86937], "rotation": 270, "texture": "#0"},
				"south": {"uv": [0, 0, 6.12, 0], "texture": "#0"},
				"west": {"uv": [0, 0, 0, 4.86937], "rotation": 90, "texture": "#0"},
				"up": {"uv": [11.125, 10.8125, 12.125, 9.8125], "rotation": 180, "texture": "#0"},
				"down": {"uv": [11.125, 10.8125, 12.125, 9.8125], "texture": "#0"}
			}
		},
		{
			"name": "hexadecagon",
			"from": [4.68241, 3.7829, -4.24],
			"to": [10.80241, 8.65227, -4.24],
			"rotation": {"angle": 0, "axis": "x", "origin": [5.70241, 6.21759, 8]},
			"faces": {
				"north": {"uv": [11.125, 5.0625, 12.125, 4.0625], "rotation": 180, "texture": "#0"},
				"east": {"uv": [0, 0, 0, 4.86937], "rotation": 180, "texture": "#0"},
				"south": {"uv": [11.125, 5.0625, 12.125, 4.0625], "rotation": 180, "texture": "#0"},
				"west": {"uv": [0, 0, 0, 4.86937], "rotation": 180, "texture": "#0"},
				"up": {"uv": [11.125, 4.0625, 12.125, 5.0625], "texture": "#0"},
				"down": {"uv": [0, 0, 6.12, 0], "texture": "#0"}
			}
		},
		{
			"from": [8, -10, -9],
			"to": [8, 22, 23],
			"rotation": {"angle": 0, "axis": "x", "origin": [8, 6, 7]},
			"faces": {
				"north": {"uv": [0, 0, 16, 0], "rotation": 90, "texture": "#0"},
				"east": {"uv": [0, 0, 8, 8], "texture": "#0"},
				"south": {"uv": [0, 0, 16, 0], "rotation": 270, "texture": "#0"},
				"west": {"uv": [0, 0, 8, 8], "rotation": 180, "texture": "#0"},
				"up": {"uv": [0, 0, 16, 0], "rotation": 270, "texture": "#0"},
				"down": {"uv": [0, 0, 16, 0], "rotation": 270, "texture": "#0"}
			}
		}
	],
	"display": {
		"head": {
			"scale": [2.5, 2.5, 2.5]
		}
	},
	"groups": [
		{
			"name": "hexadecagon",
			"origin": [8, 7, 8],
			"color": 0,
			"children": [0, 1, 2, 3, 4, 5, 6, 7, 8, 9]
		}
	]
}