{"elements":[{"from":[4.034663,6.793764,5.714286],"to":[8.034663,9.079478,8.0],"rotation":{"angle":0.0,"axis":"y","origin":[18.320377,1.0794783,1.7142854]},"faces":{"east":{"uv":[8.75,8.625,9.25,9.125],"rotation":0,"texture":"#0","tintindex":0},"south":{"uv":[7.625,1.625,8.5,2.125],"rotation":0,"texture":"#0","tintindex":0},"north":{"uv":[7.5,6.375,8.375,6.875],"rotation":0,"texture":"#0","tintindex":0},"west":{"uv":[2.25,8.875,2.75,9.375],"rotation":0,"texture":"#0","tintindex":0},"up":{"uv":[8.5,2.625,7.625,2.125],"rotation":0,"texture":"#0","tintindex":0},"down":{"uv":[8.75,0.5,7.875,1.0],"rotation":0,"texture":"#0","tintindex":0}}},{"from":[3.142857,5.714286,5.428571],"to":[5.428571,8.0,8.285714],"rotation":{"angle":45.0,"axis":"z","origin":[3.4285712,6.857143,6.857143]},"faces":{"east":{"uv":[2.125,3.25,2.75,3.75],"rotation":0,"texture":"#0","tintindex":0},"south":{"uv":[8.75,8.125,9.25,8.625],"rotation":0,"texture":"#0","tintindex":0},"north":{"uv":[4.875,8.75,5.375,9.25],"rotation":0,"texture":"#0","tintindex":0},"west":{"uv":[8.0,5.625,8.625,6.125],"rotation":0,"texture":"#0","tintindex":0},"up":{"uv":[8.875,8.125,8.375,7.5],"rotation":0,"texture":"#0","tintindex":0},"down":{"uv":[9.0,1.375,8.5,2.0],"rotation":0,"texture":"#0","tintindex":0}}}],"textures":{"0":"modelengine:entity/gp2_goblin_shaman_doppelganger"},"display":{"head":{"translation":[0.0,-6.4,0.0],"scale":[4.0,4.0,4.0]}}}