{"elements":[{"from":[7.714286,5.714286,7.428571],"to":[8.285714,8.0,8.571428],"rotation":{"angle":0.0,"axis":"y","origin":[4.285714,6.285714,3.4285712]},"faces":{"east":{"uv":[10.5,6.0,9.5,8.0],"rotation":0,"texture":"#0","tintindex":0},"south":{"uv":[4.5,9.5,4.0,11.5],"rotation":0,"texture":"#0","tintindex":0},"north":{"uv":[9.5,9.0,9.0,11.0],"rotation":0,"texture":"#0","tintindex":0},"west":{"uv":[4.0,9.5,3.0,11.5],"rotation":0,"texture":"#0","tintindex":0},"up":{"uv":[5.0,11.0,5.5,10.0],"rotation":0,"texture":"#0","tintindex":0},"down":{"uv":[6.0,10.0,6.5,11.0],"rotation":0,"texture":"#0","tintindex":0}}},{"from":[8.428572,8.142858,8.714286],"to":[7.5714283,5.5714283,7.285714],"rotation":{"angle":0.0,"axis":"y","origin":[4.285714,6.285714,3.4285712]},"faces":{"east":{"uv":[16.0,15.5,15.5,16.0],"rotation":0,"texture":"#0","tintindex":0},"south":{"uv":[16.0,15.5,15.5,16.0],"rotation":0,"texture":"#0","tintindex":0},"north":{"uv":[16.0,15.5,15.5,16.0],"rotation":0,"texture":"#0","tintindex":0},"west":{"uv":[16.0,15.5,15.5,16.0],"rotation":0,"texture":"#0","tintindex":0},"up":{"uv":[16.0,15.5,15.5,16.0],"rotation":0,"texture":"#0","tintindex":0},"down":{"uv":[16.0,15.0,15.5,15.5],"rotation":0,"texture":"#0","tintindex":0}}}],"textures":{"0":"modelengine:entity/coily"},"display":{"head":{"translation":[0.0,-6.4,0.0],"scale":[4.0,4.0,4.0]}}}