{
	"credit": "Made with Blockbench",
	"texture_size": [64, 64],
	"textures": {
		"0": "modelengine:entity/fluffy_sheep",
		"particle": "Desktop/incubator_pets/fluffy_sheep"
	},
	"elements": [
		{
			"from": [11.5, 7, 2],
			"to": [14.5, 11, 6],
			"rotation": {"angle": -22.5, "axis": "y", "origin": [13.5, 8.75, 3]},
			"faces": {
				"north": {"uv": [4.75, 6, 5.5, 7], "texture": "#0"},
				"east": {"uv": [6.25, 6.25, 7.25, 7.25], "texture": "#0"},
				"south": {"uv": [7, 2.5, 7.75, 3.5], "texture": "#0"},
				"west": {"uv": [3.25, 6.75, 4.25, 7.75], "texture": "#0"},
				"up": {"uv": [7.75, 4.5, 7, 3.5], "texture": "#0"},
				"down": {"uv": [5, 7, 4.25, 8], "texture": "#0"}
			}
		},
		{
			"from": [12.5, 7, 1],
			"to": [14.5, 9, 2],
			"rotation": {"angle": -22.5, "axis": "y", "origin": [13.5, 8.75, 3]},
			"faces": {
				"north": {"uv": [2.5, 5, 3, 5.5], "texture": "#0"},
				"east": {"uv": [3, 7.5, 3.25, 8], "texture": "#0"},
				"south": {"uv": [2.5, 5.5, 3, 6], "texture": "#0"},
				"west": {"uv": [2.25, 7.75, 2.5, 8.25], "texture": "#0"},
				"up": {"uv": [4.75, 7, 4.25, 6.75], "texture": "#0"},
				"down": {"uv": [6.25, 7, 5.75, 7.25], "texture": "#0"}
			}
		},
		{
			"from": [5, 5, 0],
			"to": [11, 11, 3],
			"rotation": {"angle": 0, "axis": "y", "origin": [8, 1, -2]},
			"faces": {
				"north": {"uv": [5.5, 2.5, 7, 4], "texture": "#0"},
				"east": {"uv": [5.5, 5.5, 6.25, 7], "texture": "#0"},
				"south": {"uv": [5.5, 4, 7, 5.5], "texture": "#0"},
				"west": {"uv": [6.25, 5.5, 5.5, 7], "texture": "#0"},
				"up": {"uv": [4.75, 6.75, 3.25, 6], "texture": "#0"},
				"down": {"uv": [7.75, 5.5, 6.25, 6.25], "texture": "#0"}
			}
		},
		{
			"from": [1.5, 7, 2],
			"to": [4.5, 11, 6],
			"rotation": {"angle": 22.5, "axis": "y", "origin": [2.5, 8.75, 3]},
			"faces": {
				"north": {"uv": [5.5, 6, 4.75, 7], "texture": "#0"},
				"east": {"uv": [4.25, 6.75, 3.25, 7.75], "texture": "#0"},
				"south": {"uv": [7.75, 2.5, 7, 3.5], "texture": "#0"},
				"west": {"uv": [7.25, 6.25, 6.25, 7.25], "texture": "#0"},
				"up": {"uv": [7, 4.5, 7.75, 3.5], "texture": "#0"},
				"down": {"uv": [4.25, 7, 5, 8], "texture": "#0"}
			}
		},
		{
			"from": [1.5, 7, 1],
			"to": [3.5, 9, 2],
			"rotation": {"angle": 22.5, "axis": "y", "origin": [2.5, 8.75, 3]},
			"faces": {
				"north": {"uv": [3, 5, 2.5, 5.5], "texture": "#0"},
				"east": {"uv": [2.5, 7.75, 2.25, 8.25], "texture": "#0"},
				"south": {"uv": [3, 5.5, 2.5, 6], "texture": "#0"},
				"west": {"uv": [3.25, 7.5, 3, 8], "texture": "#0"},
				"up": {"uv": [4.25, 7, 4.75, 6.75], "texture": "#0"},
				"down": {"uv": [5.75, 7, 6.25, 7.25], "texture": "#0"}
			}
		},
		{
			"from": [3, 6, 2],
			"to": [13, 12, 14],
			"rotation": {"angle": 0, "axis": "y", "origin": [8, 2, 9]},
			"faces": {
				"north": {"uv": [0, 5, 2.5, 7.5], "texture": "#0"},
				"east": {"uv": [0, 0, 3, 2.5], "texture": "#0"},
				"south": {"uv": [5.5, 0, 8, 2.5], "texture": "#0"},
				"west": {"uv": [0, 2.5, 3, 5], "texture": "#0"},
				"up": {"uv": [5.5, 3, 3, 0], "texture": "#0"},
				"down": {"uv": [5.5, 3, 3, 6], "texture": "#0"}
			}
		},
		{
			"from": [12.5, 6.5, 6],
			"to": [13.5, 9.5, 9],
			"rotation": {"angle": 22.5, "axis": "z", "origin": [13, 9.5, 7.5]},
			"faces": {
				"north": {"uv": [7, 5.25, 7.75, 5.5], "rotation": 270, "texture": "#0"},
				"east": {"uv": [0.75, 8.25, 0, 7.5], "rotation": 90, "texture": "#0"},
				"south": {"uv": [2.25, 7.5, 3, 7.75], "rotation": 90, "texture": "#0"},
				"west": {"uv": [1.5, 7.5, 0.75, 8.25], "rotation": 90, "texture": "#0"},
				"up": {"uv": [1.5, 7.75, 2.25, 8], "rotation": 90, "texture": "#0"},
				"down": {"uv": [1.5, 7.5, 2.25, 7.75], "rotation": 90, "texture": "#0"}
			}
		},
		{
			"from": [2.5, 6.5, 6],
			"to": [3.5, 9.5, 9],
			"rotation": {"angle": -22.5, "axis": "z", "origin": [3, 9.5, 7.5]},
			"faces": {
				"north": {"uv": [7.75, 5.25, 7, 5.5], "rotation": 90, "texture": "#0"},
				"east": {"uv": [0.75, 7.5, 1.5, 8.25], "rotation": 270, "texture": "#0"},
				"south": {"uv": [3, 7.5, 2.25, 7.75], "rotation": 270, "texture": "#0"},
				"west": {"uv": [0, 8.25, 0.75, 7.5], "rotation": 270, "texture": "#0"},
				"up": {"uv": [2.25, 7.75, 1.5, 8], "rotation": 270, "texture": "#0"},
				"down": {"uv": [2.25, 7.5, 1.5, 7.75], "rotation": 270, "texture": "#0"}
			}
		}
	],
	"gui_light": "front",
	"display": {
		"thirdperson_righthand": {
			"rotation": [50, 41, 0],
			"scale": [0.65, 0.65, 0.65]
		},
		"thirdperson_lefthand": {
			"rotation": [50, 41, 0],
			"scale": [0.65, 0.65, 0.65]
		},
		"firstperson_righthand": {
			"rotation": [-21, 111, -7],
			"translation": [0, 1.25, 0],
			"scale": [0.65, 0.65, 0.65]
		},
		"firstperson_lefthand": {
			"rotation": [-21, 111, -7],
			"translation": [0, 1.25, 0],
			"scale": [0.65, 0.65, 0.65]
		},
		"ground": {
			"rotation": [21, 0, 0],
			"scale": [0.65, 0.65, 0.65]
		},
		"gui": {
			"rotation": [15, -165, 0],
			"translation": [-0.5, -1.5, 0]
		},
		"head": {
			"rotation": [12, 0, 0],
			"translation": [0, 3, 0.5],
			"scale": [1.4, 1.4, 1.4]
		},
		"fixed": {
			"rotation": [-90, 0, 0]
		}
	},
	"groups": [
		{
			"name": "torso",
			"origin": [8, 6, 8],
			"color": 0,
			"children": [
				0,
				1,
				2,
				3,
				4,
				5,
				{
					"name": "ear_left",
					"origin": [13, 8, 6.5],
					"color": 0,
					"children": [6]
				},
				{
					"name": "ear_right",
					"origin": [3, 8, 6.5],
					"color": 0,
					"children": [7]
				},
				{
					"name": "leg_frontleft",
					"origin": [10.5, 2, 5.5],
					"color": 0,
					"children": []
				},
				{
					"name": "leg_frontright",
					"origin": [5.5, 2, 5.5],
					"color": 0,
					"children": []
				},
				{
					"name": "leg_backleft",
					"origin": [10.5, 2, 10.5],
					"color": 0,
					"children": []
				},
				{
					"name": "leg_backright",
					"origin": [5.5, 2, 10.5],
					"color": 0,
					"children": []
				}
			]
		}
	]
}