{"elements":[{"from":[6.0,-2.285715,6.285714],"to":[9.428572,9.714286,11.428572],"rotation":{"angle":0.0,"axis":"y","origin":[14.285715,10.857143,8.0]},"faces":{"east":{"uv":[3.375,1.75,3.9375,3.0625],"rotation":0,"texture":"#1","tintindex":0},"south":{"uv":[0.9375,5.3125,1.3125,6.625],"rotation":0,"texture":"#1","tintindex":0},"north":{"uv":[0.5625,5.3125,0.9375,6.625],"rotation":0,"texture":"#1","tintindex":0},"west":{"uv":[3.375,3.0625,3.9375,4.375],"rotation":0,"texture":"#1","tintindex":0},"up":{"uv":[7.125,7.125,6.75,6.5625],"rotation":0,"texture":"#1","tintindex":0},"down":{"uv":[7.1875,3.0,6.8125,3.5625],"rotation":0,"texture":"#1","tintindex":0}}}],"textures":{"1":"modelengine:entity/astral_archon_2"},"display":{"head":{"translation":[0.0,-6.4,0.0],"scale":[4.0,4.0,4.0]}}}