{"elements":[{"from":[6.857143,5.714286,6.857143],"to":[8.571428,11.428572,8.571428],"rotation":{"angle":0.0,"axis":"y","origin":[8.0,6.285714,21.142857]},"faces":{"east":{"uv":[1.5,6.0,1.875,7.25],"rotation":0,"texture":"#0","tintindex":0},"south":{"uv":[1.875,6.125,2.25,7.375],"rotation":0,"texture":"#0","tintindex":0},"north":{"uv":[3.5,5.625,3.875,6.875],"rotation":0,"texture":"#0","tintindex":0},"west":{"uv":[2.25,6.125,2.625,7.375],"rotation":0,"texture":"#0","tintindex":0},"up":{"uv":[9.375,1.5,9.0,1.125],"rotation":0,"texture":"#0","tintindex":0},"down":{"uv":[4.625,9.0,4.25,9.375],"rotation":0,"texture":"#0","tintindex":0}}}],"textures":{"0":"modelengine:entity/gp2_goblin_warrior"},"display":{"head":{"translation":[0.0,-6.4,0.0],"scale":[4.0,4.0,4.0]}}}