{"elements":[{"from":[7.714286,7.714286,8.0],"to":[8.285714,8.285714,16.0],"rotation":{"angle":0.0,"axis":"y","origin":[8.571428,10.0,7.714286]},"faces":{"east":{"uv":[8.25,4.5,10.0,4.625],"rotation":0,"texture":"#0","tintindex":0},"south":{"uv":[1.625,4.75,1.75,4.875],"rotation":0,"texture":"#0","tintindex":0},"north":{"uv":[1.625,4.625,1.75,4.75],"rotation":0,"texture":"#0","tintindex":0},"west":{"uv":[8.375,0.75,10.125,0.875],"rotation":0,"texture":"#0","tintindex":0},"up":{"uv":[5.625,10.0,5.5,8.25],"rotation":0,"texture":"#0","tintindex":0},"down":{"uv":[8.25,8.25,8.125,10.0],"rotation":0,"texture":"#0","tintindex":0}}}],"textures":{"0":"modelengine:entity/gp2_goblin_warrior"},"display":{"head":{"translation":[0.0,-6.4,0.0],"scale":[4.0,4.0,4.0]}}}