{"elements":[{"from":[5.142857,8.0,4.0],"to":[10.285714,11.428572,9.142858],"rotation":{"angle":0.0,"axis":"y","origin":[8.0,-1.7142859,4.5714283]},"faces":{"east":{"uv":[4.375,2.125,5.5,2.875],"rotation":0,"texture":"#0","tintindex":0},"south":{"uv":[2.875,4.375,4.0,5.125],"rotation":0,"texture":"#0","tintindex":0},"north":{"uv":[1.75,4.25,2.875,5.0],"rotation":0,"texture":"#0","tintindex":0},"west":{"uv":[4.375,2.875,5.5,3.625],"rotation":0,"texture":"#0","tintindex":0},"up":{"uv":[1.875,2.875,0.75,1.75],"rotation":0,"texture":"#0","tintindex":0},"down":{"uv":[3.0,1.75,1.875,2.875],"rotation":0,"texture":"#0","tintindex":0}}},{"from":[6.857143,7.428571,2.8571424],"to":[8.571428,10.285714,4.0],"rotation":{"angle":0.0,"axis":"y","origin":[8.0,-1.7142859,4.5714283]},"faces":{"east":{"uv":[1.25,6.625,1.5,7.25],"rotation":0,"texture":"#0","tintindex":0},"south":{"uv":[2.0,8.25,2.375,8.875],"rotation":0,"texture":"#0","tintindex":0},"north":{"uv":[0.0,8.25,0.375,8.875],"rotation":0,"texture":"#0","tintindex":0},"west":{"uv":[1.0,8.375,1.25,9.0],"rotation":0,"texture":"#0","tintindex":0},"up":{"uv":[7.75,5.125,7.375,4.875],"rotation":0,"texture":"#0","tintindex":0},"down":{"uv":[9.5,0.875,9.125,1.125],"rotation":0,"texture":"#0","tintindex":0}}}],"textures":{"0":"modelengine:entity/gp2_goblin_warrior"},"display":{"head":{"translation":[0.0,-6.4,0.0],"scale":[4.0,4.0,4.0]}}}