{"elements":[{"from":[5.714286,8.0,3.4285712],"to":[6.857143,9.142858,4.0],"rotation":{"angle":0.0,"axis":"y","origin":[8.0,-1.1428576,4.0]},"faces":{"east":{"uv":[0.625,3.5,0.75,3.75],"rotation":0,"texture":"#0","tintindex":0},"south":{"uv":[9.0,9.125,9.25,9.375],"rotation":0,"texture":"#0","tintindex":0},"north":{"uv":[8.75,9.125,9.0,9.375],"rotation":0,"texture":"#0","tintindex":0},"west":{"uv":[1.75,3.875,1.875,4.125],"rotation":0,"texture":"#0","tintindex":0},"up":{"uv":[7.0,6.625,6.75,6.5],"rotation":0,"texture":"#0","tintindex":0},"down":{"uv":[1.875,7.25,1.625,7.375],"rotation":0,"texture":"#0","tintindex":0}}},{"from":[5.428571,8.0,4.0],"to":[5.428571,8.571428,8.0],"rotation":{"angle":0.0,"axis":"y","origin":[8.0,-1.1428576,4.0]},"faces":{"east":{"uv":[4.75,0.75,5.625,0.875],"rotation":0,"texture":"#0","tintindex":0},"south":{"uv":[0.0,0.0,0.0,0.125],"rotation":0,"texture":"#0","tintindex":0},"north":{"uv":[0.0,0.0,0.0,0.125],"rotation":0,"texture":"#0","tintindex":0},"west":{"uv":[9.0,8.375,9.875,8.5],"rotation":0,"texture":"#0","tintindex":0},"up":{"uv":[0.0,0.875,0.0,0.0],"rotation":0,"texture":"#0","tintindex":0},"down":{"uv":[0.0,0.0,0.0,0.875],"rotation":0,"texture":"#0","tintindex":0}}},{"from":[10.0,8.0,4.0],"to":[10.0,8.571428,8.0],"rotation":{"angle":0.0,"axis":"y","origin":[8.0,-1.1428576,4.0]},"faces":{"east":{"uv":[8.5,9.0,9.375,9.125],"rotation":0,"texture":"#0","tintindex":0},"south":{"uv":[0.0,0.0,0.0,0.125],"rotation":0,"texture":"#0","tintindex":0},"north":{"uv":[0.0,0.0,0.0,0.125],"rotation":0,"texture":"#0","tintindex":0},"west":{"uv":[9.0,8.5,9.875,8.625],"rotation":0,"texture":"#0","tintindex":0},"up":{"uv":[0.0,0.875,0.0,0.0],"rotation":0,"texture":"#0","tintindex":0},"down":{"uv":[0.0,0.0,0.0,0.875],"rotation":0,"texture":"#0","tintindex":0}}},{"from":[5.142857,6.285714,3.4285712],"to":[10.285714,8.0,8.0],"rotation":{"angle":0.0,"axis":"y","origin":[8.0,-1.1428576,4.0]},"faces":{"east":{"uv":[6.75,2.875,7.75,3.25],"rotation":0,"texture":"#0","tintindex":0},"south":{"uv":[6.75,2.5,7.875,2.875],"rotation":0,"texture":"#0","tintindex":0},"north":{"uv":[4.375,4.0,5.5,4.375],"rotation":0,"texture":"#0","tintindex":0},"west":{"uv":[7.125,6.0,8.125,6.375],"rotation":0,"texture":"#0","tintindex":0},"up":{"uv":[3.625,1.0,2.5,0.0],"rotation":0,"texture":"#0","tintindex":0},"down":{"uv":[1.875,2.875,0.75,3.875],"rotation":0,"texture":"#0","tintindex":0}}},{"from":[5.428571,8.0,3.7142854],"to":[10.0,8.571428,3.7142854],"rotation":{"angle":0.0,"axis":"y","origin":[8.0,-1.1428576,4.0]},"faces":{"east":{"uv":[0.0,0.0,0.0,0.125],"rotation":0,"texture":"#0","tintindex":0},"south":{"uv":[9.0,8.25,10.0,8.375],"rotation":0,"texture":"#0","tintindex":0},"north":{"uv":[9.0,0.375,10.0,0.5],"rotation":0,"texture":"#0","tintindex":0},"west":{"uv":[0.0,0.0,0.0,0.125],"rotation":0,"texture":"#0","tintindex":0},"up":{"uv":[1.0,0.0,0.0,0.0],"rotation":0,"texture":"#0","tintindex":0},"down":{"uv":[1.0,0.0,0.0,0.0],"rotation":0,"texture":"#0","tintindex":0}}}],"textures":{"0":"modelengine:entity/gp2_goblin_warrior"},"display":{"head":{"translation":[0.0,-6.4,0.0],"scale":[4.0,4.0,4.0]}}}