{"elements":[{"from":[6.285714,8.0,6.857143],"to":[8.571428,9.714286,9.142858],"rotation":{"angle":0.0,"axis":"y","origin":[13.714286,1.7142854,2.8571424]},"faces":{"east":{"uv":[8.375,2.875,8.875,3.25],"rotation":0,"texture":"#0","tintindex":0},"south":{"uv":[8.375,3.25,8.875,3.625],"rotation":0,"texture":"#0","tintindex":0},"north":{"uv":[5.5,4.0,6.0,4.375],"rotation":0,"texture":"#0","tintindex":0},"west":{"uv":[8.375,3.625,8.875,4.0],"rotation":0,"texture":"#0","tintindex":0},"up":{"uv":[2.0,8.75,1.5,8.25],"rotation":0,"texture":"#0","tintindex":0},"down":{"uv":[4.25,8.25,3.75,8.75],"rotation":0,"texture":"#0","tintindex":0}}},{"from":[3.4285712,8.0,7.428571],"to":[6.285714,9.142858,9.142858],"rotation":{"angle":0.0,"axis":"y","origin":[13.714286,1.7142854,2.8571424]},"faces":{"east":{"uv":[1.5,9.125,1.875,9.375],"rotation":0,"texture":"#0","tintindex":0},"south":{"uv":[8.75,5.125,9.375,5.375],"rotation":0,"texture":"#0","tintindex":0},"north":{"uv":[8.75,4.25,9.375,4.5],"rotation":0,"texture":"#0","tintindex":0},"west":{"uv":[9.125,2.125,9.5,2.375],"rotation":0,"texture":"#0","tintindex":0},"up":{"uv":[0.625,3.875,0.0,3.5],"rotation":0,"texture":"#0","tintindex":0},"down":{"uv":[6.125,3.25,5.5,3.625],"rotation":0,"texture":"#0","tintindex":0}}}],"textures":{"0":"modelengine:entity/gp2_goblin_warrior"},"display":{"head":{"translation":[0.0,-6.4,0.0],"scale":[4.0,4.0,4.0]}}}