{"elements":[{"from":[4.0,7.033783,4.0],"to":[8.0,8.1766405,12.0],"rotation":{"angle":0.0,"axis":"y","origin":[16.57143,-0.96621704,2.8571424]},"faces":{"east":{"uv":[6.25,1.25,8.0,1.5],"rotation":0,"texture":"#0","tintindex":0},"south":{"uv":[8.125,1.875,9.0,2.125],"rotation":0,"texture":"#0","tintindex":0},"north":{"uv":[0.75,5.25,1.625,5.5],"rotation":0,"texture":"#0","tintindex":0},"west":{"uv":[6.375,3.75,8.125,4.0],"rotation":0,"texture":"#0","tintindex":0},"up":{"uv":[0.875,1.75,0.0,0.0],"rotation":0,"texture":"#0","tintindex":0},"down":{"uv":[1.75,0.0,0.875,1.75],"rotation":0,"texture":"#0","tintindex":0}}},{"from":[4.285714,8.1766405,7.142857],"to":[12.285715,9.319497,9.714286],"rotation":{"angle":22.5,"axis":"y","origin":[6.0,8.748069,8.0]},"faces":{"east":{"uv":[8.875,3.25,9.4375,3.5],"rotation":0,"texture":"#0","tintindex":0},"south":{"uv":[6.625,0.5,8.375,0.75],"rotation":0,"texture":"#0","tintindex":0},"north":{"uv":[6.5,5.125,8.25,5.375],"rotation":0,"texture":"#0","tintindex":0},"west":{"uv":[8.875,3.5,9.4375,3.75],"rotation":0,"texture":"#0","tintindex":0},"up":{"uv":[1.75,4.4375,0.0,3.875],"rotation":0,"texture":"#0","tintindex":0},"down":{"uv":[5.625,0.875,3.875,1.4375],"rotation":0,"texture":"#0","tintindex":0}}},{"from":[8.285714,7.033783,4.0],"to":[11.714286,8.1766405,12.0],"rotation":{"angle":0.0,"axis":"y","origin":[20.285715,-0.96621704,2.8571424]},"faces":{"east":{"uv":[6.625,0.75,8.375,1.0],"rotation":0,"texture":"#0","tintindex":0},"south":{"uv":[8.375,2.125,9.125,2.375],"rotation":0,"texture":"#0","tintindex":0},"north":{"uv":[8.375,0.875,9.125,1.125],"rotation":0,"texture":"#0","tintindex":0},"west":{"uv":[6.625,1.0,8.375,1.25],"rotation":0,"texture":"#0","tintindex":0},"up":{"uv":[0.75,3.5,0.0,1.75],"rotation":0,"texture":"#0","tintindex":0},"down":{"uv":[2.5,0.0,1.75,1.75],"rotation":0,"texture":"#0","tintindex":0}}},{"from":[8.285714,8.394789,2.9004216],"to":[11.714286,8.394789,4.0432787],"rotation":{"angle":22.5,"axis":"x","origin":[10.0,8.394789,3.47185]},"faces":{"east":{"uv":[0.0,0.0,0.25,0.0],"rotation":0,"texture":"#0","tintindex":0},"south":{"uv":[0.0,0.0,0.75,0.0],"rotation":0,"texture":"#0","tintindex":0},"north":{"uv":[0.0,0.0,0.75,0.0],"rotation":0,"texture":"#0","tintindex":0},"west":{"uv":[0.0,0.0,0.25,0.0],"rotation":0,"texture":"#0","tintindex":0},"up":{"uv":[9.125,2.625,8.375,2.375],"rotation":0,"texture":"#0","tintindex":0},"down":{"uv":[9.125,2.625,8.375,2.875],"rotation":0,"texture":"#0","tintindex":0}}},{"from":[4.0,8.394789,11.956721],"to":[8.0,8.394789,13.099579],"rotation":{"angle":-22.5,"axis":"x","origin":[6.0,8.394789,12.528151]},"faces":{"east":{"uv":[0.0,0.0,0.25,0.0],"rotation":0,"texture":"#0","tintindex":0},"south":{"uv":[0.0,0.0,0.875,0.0],"rotation":0,"texture":"#0","tintindex":0},"north":{"uv":[0.0,0.0,0.875,0.0],"rotation":0,"texture":"#0","tintindex":0},"west":{"uv":[0.0,0.0,0.25,0.0],"rotation":0,"texture":"#0","tintindex":0},"up":{"uv":[9.0,6.375,8.125,6.125],"rotation":0,"texture":"#0","tintindex":0},"down":{"uv":[9.25,0.5,8.375,0.75],"rotation":0,"texture":"#0","tintindex":0}}}],"textures":{"0":"modelengine:entity/gp2_goblin_warrior"},"display":{"head":{"translation":[0.0,-6.4,0.0],"scale":[4.0,4.0,4.0]}}}