{"elements":[{"from":[6.0,4.5714283,8.0],"to":[10.0,8.0,8.0],"rotation":{"angle":0.0,"axis":"y","origin":[8.0,8.857143,9.142858]},"faces":{"east":{"uv":[0.0,0.0,0.0,0.75],"rotation":0,"texture":"#0","tintindex":0},"south":{"uv":[4.75,0.0,5.625,0.75],"rotation":0,"texture":"#0","tintindex":0},"north":{"uv":[0.75,4.5,1.625,5.25],"rotation":0,"texture":"#0","tintindex":0},"west":{"uv":[0.0,0.0,0.0,0.75],"rotation":0,"texture":"#0","tintindex":0},"up":{"uv":[0.875,0.0,0.0,0.0],"rotation":0,"texture":"#0","tintindex":0},"down":{"uv":[0.875,0.0,0.0,0.0],"rotation":0,"texture":"#0","tintindex":0}}}],"textures":{"0":"modelengine:entity/gp2_goblin_warrior"},"display":{"head":{"translation":[0.0,-6.4,0.0],"scale":[4.0,4.0,4.0]}}}