{"elements":[{"from":[7.428571,4.0,8.0],"to":[8.571428,8.0,9.714286],"rotation":{"angle":0.0,"axis":"y","origin":[5.428571,8.0,3.4285712]},"faces":{"east":{"uv":[7.375,7.25,7.75,8.125],"rotation":0,"texture":"#0","tintindex":0},"south":{"uv":[0.75,8.375,1.0,9.25],"rotation":0,"texture":"#0","tintindex":0},"north":{"uv":[8.25,7.875,8.5,8.75],"rotation":0,"texture":"#0","tintindex":0},"west":{"uv":[2.375,7.5,2.75,8.375],"rotation":0,"texture":"#0","tintindex":0},"up":{"uv":[8.125,9.375,7.875,9.0],"rotation":0,"texture":"#0","tintindex":0},"down":{"uv":[9.25,8.625,9.0,9.0],"rotation":0,"texture":"#0","tintindex":0}}}],"textures":{"0":"modelengine:entity/gp2_goblin_warrior"},"display":{"head":{"translation":[0.0,-6.4,0.0],"scale":[4.0,4.0,4.0]}}}