{"elements":[{"from":[7.428571,8.0,6.857143],"to":[9.714286,9.714286,9.142858],"rotation":{"angle":0.0,"axis":"y","origin":[2.2857141,1.7142854,2.8571424]},"faces":{"east":{"uv":[8.5,8.625,9.0,9.0],"rotation":0,"texture":"#0","tintindex":0},"south":{"uv":[1.5,8.75,2.0,9.125],"rotation":0,"texture":"#0","tintindex":0},"north":{"uv":[7.5,8.625,8.0,9.0],"rotation":0,"texture":"#0","tintindex":0},"west":{"uv":[3.75,8.75,4.25,9.125],"rotation":0,"texture":"#0","tintindex":0},"up":{"uv":[8.75,6.125,8.25,5.625],"rotation":0,"texture":"#0","tintindex":0},"down":{"uv":[8.75,7.0,8.25,7.5],"rotation":0,"texture":"#0","tintindex":0}}},{"from":[9.714286,8.0,7.428571],"to":[12.571428,9.142858,9.142858],"rotation":{"angle":0.0,"axis":"y","origin":[2.2857141,1.7142854,2.8571424]},"faces":{"east":{"uv":[3.75,9.125,4.125,9.375],"rotation":0,"texture":"#0","tintindex":0},"south":{"uv":[8.75,7.25,9.375,7.5],"rotation":0,"texture":"#0","tintindex":0},"north":{"uv":[8.75,7.0,9.375,7.25],"rotation":0,"texture":"#0","tintindex":0},"west":{"uv":[9.125,4.625,9.5,4.875],"rotation":0,"texture":"#0","tintindex":0},"up":{"uv":[8.125,8.625,7.5,8.25],"rotation":0,"texture":"#0","tintindex":0},"down":{"uv":[8.875,7.5,8.25,7.875],"rotation":0,"texture":"#0","tintindex":0}}}],"textures":{"0":"modelengine:entity/gp2_goblin_warrior"},"display":{"head":{"translation":[0.0,-6.4,0.0],"scale":[4.0,4.0,4.0]}}}