{"elements":[{"from":[7.714286,4.6396637,6.8154373],"to":[9.428572,8.639664,8.529723],"rotation":{"angle":0.0,"axis":"y","origin":[6.0,4.6396637,2.2440085]},"faces":{"east":{"uv":[3.75,7.375,4.125,8.25],"rotation":0,"texture":"#0","tintindex":0},"south":{"uv":[7.375,4.0,7.75,4.875],"rotation":0,"texture":"#0","tintindex":0},"north":{"uv":[2.0,7.375,2.375,8.25],"rotation":0,"texture":"#0","tintindex":0},"west":{"uv":[4.125,7.375,4.5,8.25],"rotation":0,"texture":"#0","tintindex":0},"up":{"uv":[2.75,9.25,2.375,8.875],"rotation":0,"texture":"#0","tintindex":0},"down":{"uv":[9.25,2.875,8.875,3.25],"rotation":0,"texture":"#0","tintindex":0}}}],"textures":{"0":"modelengine:entity/gp2_goblin_warrior"},"display":{"head":{"translation":[0.0,-6.4,0.0],"scale":[4.0,4.0,4.0]}}}