{"elements":[{"from":[6.0,7.5252433,7.065242],"to":[10.0,10.9538145,9.922385],"rotation":{"angle":0.0,"axis":"y","origin":[8.0,9.525244,8.208099]},"faces":{"east":{"uv":[5.625,0.0,6.25,0.75],"rotation":0,"texture":"#0","tintindex":0},"south":{"uv":[4.875,4.75,5.75,5.5],"rotation":0,"texture":"#0","tintindex":0},"north":{"uv":[4.0,4.75,4.875,5.5],"rotation":0,"texture":"#0","tintindex":0},"west":{"uv":[5.625,0.75,6.25,1.5],"rotation":0,"texture":"#0","tintindex":0},"up":{"uv":[2.75,6.125,1.875,5.5],"rotation":0,"texture":"#0","tintindex":0},"down":{"uv":[6.375,2.0,5.5,2.625],"rotation":0,"texture":"#0","tintindex":0}}},{"from":[4.8571424,10.057362,6.558465],"to":[11.142858,12.914504,9.987037],"rotation":{"angle":-22.5,"axis":"x","origin":[8.0,10.343076,7.701322]},"faces":{"east":{"uv":[2.75,5.625,3.5,6.25],"rotation":0,"texture":"#0","tintindex":0},"south":{"uv":[4.125,1.5,5.5,2.125],"rotation":0,"texture":"#0","tintindex":0},"north":{"uv":[1.875,3.625,3.25,4.25],"rotation":0,"texture":"#0","tintindex":0},"west":{"uv":[5.75,4.75,6.5,5.375],"rotation":0,"texture":"#0","tintindex":0},"up":{"uv":[3.875,1.75,2.5,1.0],"rotation":0,"texture":"#0","tintindex":0},"down":{"uv":[3.25,2.875,1.875,3.625],"rotation":0,"texture":"#0","tintindex":0}}}],"textures":{"0":"modelengine:entity/gp2_goblin_warrior"},"display":{"head":{"translation":[0.0,-6.4,0.0],"scale":[4.0,4.0,4.0]}}}