{"elements":[{"from":[6.857143,7.428571,6.857143],"to":[9.142858,9.142858,9.142858],"rotation":{"angle":0.0,"axis":"y","origin":[8.0,4.5714283,8.571428]},"faces":{"east":{"uv":[6.0,8.5,7.0,9.25],"rotation":0,"texture":"#0","tintindex":0},"south":{"uv":[7.0,8.5,8.0,9.25],"rotation":0,"texture":"#0","tintindex":0},"north":{"uv":[5.0,8.5,6.0,9.25],"rotation":0,"texture":"#0","tintindex":0},"west":{"uv":[8.0,8.5,9.0,9.25],"rotation":0,"texture":"#0","tintindex":0},"up":{"uv":[1.0,9.25,0.0,8.25],"rotation":0,"texture":"#0","tintindex":0},"down":{"uv":[2.0,8.25,1.0,9.25],"rotation":0,"texture":"#0","tintindex":0}}},{"from":[4.0,9.142858,4.0],"to":[12.0,12.0,12.0],"rotation":{"angle":0.0,"axis":"y","origin":[8.0,6.285714,9.142858]},"faces":{"east":{"uv":[0.0,7.0,3.5,8.25],"rotation":0,"texture":"#0","tintindex":0},"south":{"uv":[3.5,7.25,7.0,8.5],"rotation":0,"texture":"#0","tintindex":0},"north":{"uv":[6.5,6.0,10.0,7.25],"rotation":0,"texture":"#0","tintindex":0},"west":{"uv":[7.0,7.25,10.5,8.5],"rotation":0,"texture":"#0","tintindex":0},"up":{"uv":[3.5,3.5,0.0,0.0],"rotation":0,"texture":"#0","tintindex":0},"down":{"uv":[3.5,3.5,0.0,7.0],"rotation":0,"texture":"#0","tintindex":0}}}],"textures":{"0":"modelengine:entity/bulb_warpedfungus"},"display":{"head":{"translation":[0.0,-6.4,0.0],"scale":[4.0,4.0,4.0]}}}