{"elements":[{"from":[8.571428,7.142857,8.0],"to":[9.714286,8.285714,8.0],"rotation":{"angle":45.0,"axis":"z","origin":[8.857143,8.0,8.057143]},"faces":{"east":{"uv":[12.75,3.5,12.5,5.25],"rotation":0,"texture":"#0","tintindex":0},"south":{"uv":[13.5,7.0,14.0,7.5],"rotation":0,"texture":"#0","tintindex":0},"north":{"uv":[14.0,7.0,13.5,7.5],"rotation":0,"texture":"#0","tintindex":0},"west":{"uv":[10.5,3.5,10.25,5.25],"rotation":0,"texture":"#0","tintindex":0},"up":{"uv":[10.25,3.75,12.75,3.5],"rotation":0,"texture":"#0","tintindex":0},"down":{"uv":[10.25,5.0,12.75,5.25],"rotation":0,"texture":"#0","tintindex":0}}},{"from":[6.285714,7.142857,8.0],"to":[7.428571,8.285714,8.0],"rotation":{"angle":-45.0,"axis":"z","origin":[7.142857,8.0,8.057143]},"faces":{"east":{"uv":[10.25,3.5,10.5,5.25],"rotation":0,"texture":"#0","tintindex":0},"south":{"uv":[13.5,7.0,14.0,7.5],"rotation":90,"texture":"#0","tintindex":0},"north":{"uv":[14.0,7.0,13.5,7.5],"rotation":90,"texture":"#0","tintindex":0},"west":{"uv":[12.5,3.5,12.75,5.25],"rotation":0,"texture":"#0","tintindex":0},"up":{"uv":[12.75,3.75,10.25,3.5],"rotation":0,"texture":"#0","tintindex":0},"down":{"uv":[12.75,5.0,10.25,5.25],"rotation":0,"texture":"#0","tintindex":0}}}],"textures":{"0":"modelengine:entity/mimic"},"display":{"head":{"translation":[0.0,-6.4,0.0],"scale":[4.0,4.0,4.0]}}}