{"elements":[{"from":[5.714286,8.0,6.0],"to":[10.285714,12.0,10.0],"rotation":{"angle":0.0,"axis":"y","origin":[3.4285712,3.4285712,3.4285712]},"faces":{"east":{"uv":[0.0,6.0,1.75,7.75],"rotation":0,"texture":"#0","tintindex":0},"south":{"uv":[4.5,0.0,6.5,1.75],"rotation":0,"texture":"#0","tintindex":0},"north":{"uv":[4.0,4.0,6.0,5.75],"rotation":0,"texture":"#0","tintindex":0},"west":{"uv":[1.75,6.0,3.5,7.75],"rotation":0,"texture":"#0","tintindex":0},"up":{"uv":[6.5,3.5,4.5,1.75],"rotation":0,"texture":"#0","tintindex":0},"down":{"uv":[6.0,5.75,4.0,7.5],"rotation":0,"texture":"#0","tintindex":0}}},{"from":[5.428571,7.714286,5.714286],"to":[10.571428,12.285715,10.285714],"rotation":{"angle":0.0,"axis":"y","origin":[3.4285712,3.4285712,3.4285712]},"faces":{"east":{"uv":[0.0,4.0,2.0,6.0],"rotation":0,"texture":"#0","tintindex":0},"south":{"uv":[0.0,2.0,2.25,4.0],"rotation":0,"texture":"#0","tintindex":0},"north":{"uv":[0.0,0.0,2.25,2.0],"rotation":0,"texture":"#0","tintindex":0},"west":{"uv":[2.0,4.0,4.0,6.0],"rotation":0,"texture":"#0","tintindex":0},"up":{"uv":[4.5,2.0,2.25,0.0],"rotation":0,"texture":"#0","tintindex":0},"down":{"uv":[4.5,2.0,2.25,4.0],"rotation":0,"texture":"#0","tintindex":0}}},{"from":[5.714286,7.428571,5.142857],"to":[10.285714,12.571428,5.714286],"rotation":{"angle":0.0,"axis":"y","origin":[3.4285712,3.4285712,3.4285712]},"faces":{"east":{"uv":[10.25,3.5,10.5,5.75],"rotation":0,"texture":"#0","tintindex":0},"south":{"uv":[10.25,3.5,12.25,5.75],"rotation":0,"texture":"#0","tintindex":0},"north":{"uv":[10.25,3.5,12.25,5.75],"rotation":0,"texture":"#0","tintindex":0},"west":{"uv":[12.0,3.5,12.25,5.75],"rotation":0,"texture":"#0","tintindex":0},"up":{"uv":[12.25,3.75,10.25,3.5],"rotation":0,"texture":"#0","tintindex":0},"down":{"uv":[12.25,5.5,10.25,5.75],"rotation":0,"texture":"#0","tintindex":0}}},{"from":[10.428572,12.714286,5.8571424],"to":[5.5714283,7.285714,5.0],"rotation":{"angle":0.0,"axis":"y","origin":[3.4285712,3.4285712,3.4285712]},"faces":{"east":{"uv":[0.0,15.75,0.25,16.0],"rotation":0,"texture":"#0","tintindex":0},"south":{"uv":[0.0,15.75,0.25,16.0],"rotation":0,"texture":"#0","tintindex":0},"north":{"uv":[0.0,15.75,0.25,16.0],"rotation":0,"texture":"#0","tintindex":0},"west":{"uv":[0.0,15.75,0.25,16.0],"rotation":0,"texture":"#0","tintindex":0},"up":{"uv":[0.0,15.75,0.25,16.0],"rotation":0,"texture":"#0","tintindex":0},"down":{"uv":[0.0,15.75,0.25,16.0],"rotation":0,"texture":"#0","tintindex":0}}},{"from":[7.714286,9.714286,4.5714283],"to":[8.285714,10.857143,5.142857],"rotation":{"angle":22.5,"axis":"x","origin":[8.285714,9.714286,5.142857]},"faces":{"east":{"uv":[10.75,9.25,11.0,9.75],"rotation":0,"texture":"#0","tintindex":0},"south":{"uv":[10.75,9.25,11.0,9.75],"rotation":0,"texture":"#0","tintindex":0},"north":{"uv":[10.75,9.25,11.0,9.75],"rotation":0,"texture":"#0","tintindex":0},"west":{"uv":[10.75,9.25,11.0,9.75],"rotation":0,"texture":"#0","tintindex":0},"up":{"uv":[11.0,9.5,10.75,9.25],"rotation":0,"texture":"#0","tintindex":0},"down":{"uv":[10.75,9.5,11.0,9.75],"rotation":0,"texture":"#0","tintindex":0}}},{"from":[8.428572,11.0,5.285714],"to":[7.5714283,9.571428,4.428571],"rotation":{"angle":22.5,"axis":"x","origin":[8.285714,9.714286,5.142857]},"faces":{"east":{"uv":[0.0,15.75,0.25,16.0],"rotation":0,"texture":"#0","tintindex":0},"south":{"uv":[0.0,15.75,0.25,16.0],"rotation":0,"texture":"#0","tintindex":0},"north":{"uv":[0.0,15.75,0.25,16.0],"rotation":0,"texture":"#0","tintindex":0},"west":{"uv":[0.0,15.75,0.25,16.0],"rotation":0,"texture":"#0","tintindex":0},"up":{"uv":[0.0,15.75,0.25,16.0],"rotation":0,"texture":"#0","tintindex":0},"down":{"uv":[0.0,15.5,0.25,15.75],"rotation":0,"texture":"#0","tintindex":0}}},{"from":[6.285714,9.857143,5.0857143],"to":[7.428571,11.0,5.0857143],"rotation":{"angle":-45.0,"axis":"z","origin":[7.142857,10.714286,5.0857143]},"faces":{"east":{"uv":[10.25,3.5,10.5,5.25],"rotation":0,"texture":"#0","tintindex":0},"south":{"uv":[14.0,6.25,13.5,6.75],"rotation":0,"texture":"#0","tintindex":0},"north":{"uv":[13.5,6.25,14.0,6.75],"rotation":0,"texture":"#0","tintindex":0},"west":{"uv":[12.5,3.5,12.75,5.25],"rotation":0,"texture":"#0","tintindex":0},"up":{"uv":[12.75,3.75,10.25,3.5],"rotation":0,"texture":"#0","tintindex":0},"down":{"uv":[12.75,5.0,10.25,5.25],"rotation":0,"texture":"#0","tintindex":0}}},{"from":[8.571428,9.857143,5.0857143],"to":[9.714286,11.0,5.0857143],"rotation":{"angle":45.0,"axis":"z","origin":[8.857143,10.714286,5.0857143]},"faces":{"east":{"uv":[12.75,3.5,12.5,5.25],"rotation":0,"texture":"#0","tintindex":0},"south":{"uv":[13.5,6.25,14.0,6.75],"rotation":0,"texture":"#0","tintindex":0},"north":{"uv":[14.0,6.25,13.5,6.75],"rotation":0,"texture":"#0","tintindex":0},"west":{"uv":[10.5,3.5,10.25,5.25],"rotation":0,"texture":"#0","tintindex":0},"up":{"uv":[10.25,3.75,12.75,3.5],"rotation":0,"texture":"#0","tintindex":0},"down":{"uv":[10.25,5.0,12.75,5.25],"rotation":0,"texture":"#0","tintindex":0}}},{"from":[10.714286,12.428572,10.428572],"to":[5.285714,7.5714283,5.5714283],"rotation":{"angle":0.0,"axis":"y","origin":[3.4285712,3.4285712,3.4285712]},"faces":{"east":{"uv":[0.0,15.75,0.25,16.0],"rotation":0,"texture":"#0","tintindex":0},"south":{"uv":[0.0,15.75,0.25,16.0],"rotation":0,"texture":"#0","tintindex":0},"north":{"uv":[0.0,15.75,0.25,16.0],"rotation":0,"texture":"#0","tintindex":0},"west":{"uv":[0.0,15.75,0.25,16.0],"rotation":0,"texture":"#0","tintindex":0},"up":{"uv":[0.0,15.75,0.25,16.0],"rotation":0,"texture":"#0","tintindex":0},"down":{"uv":[0.0,15.75,0.25,16.0],"rotation":0,"texture":"#0","tintindex":0}}},{"from":[10.0,11.142858,6.285714],"to":[6.0,8.857143,5.714286],"rotation":{"angle":0.0,"axis":"y","origin":[3.4285712,3.4285712,3.4285712]},"faces":{"east":{"uv":[13.75,0.0,14.0,1.0],"rotation":0,"texture":"#0","tintindex":0},"south":{"uv":[15.75,15.75,16.0,16.0],"rotation":0,"texture":"#0","tintindex":0},"north":{"uv":[15.75,15.75,16.0,16.0],"rotation":0,"texture":"#0","tintindex":0},"west":{"uv":[14.0,0.0,14.25,1.0],"rotation":0,"texture":"#0","tintindex":0},"up":{"uv":[14.25,1.5,16.0,1.75],"rotation":0,"texture":"#0","tintindex":0},"down":{"uv":[14.25,1.75,16.0,2.0],"rotation":0,"texture":"#0","tintindex":0}}},{"from":[4.8571424,8.857143,6.285714],"to":[6.0,11.142858,7.428571],"rotation":{"angle":0.0,"axis":"y","origin":[3.4285712,3.4285712,3.4285712]},"faces":{"east":{"uv":[4.0,7.5,4.5,8.5],"rotation":0,"texture":"#0","tintindex":0},"south":{"uv":[4.5,7.5,5.0,8.5],"rotation":0,"texture":"#0","tintindex":0},"north":{"uv":[7.5,2.5,8.0,3.5],"rotation":0,"texture":"#0","tintindex":0},"west":{"uv":[5.0,7.5,5.5,8.5],"rotation":0,"texture":"#0","tintindex":0},"up":{"uv":[6.5,8.5,6.0,8.0],"rotation":0,"texture":"#0","tintindex":0},"down":{"uv":[8.5,6.0,8.0,6.5],"rotation":0,"texture":"#0","tintindex":0}}},{"from":[6.142857,11.285714,7.5714283],"to":[4.714286,8.714286,6.142857],"rotation":{"angle":0.0,"axis":"y","origin":[3.4285712,3.4285712,3.4285712]},"faces":{"east":{"uv":[0.0,15.75,0.25,16.0],"rotation":0,"texture":"#0","tintindex":0},"south":{"uv":[0.0,15.75,0.25,16.0],"rotation":0,"texture":"#0","tintindex":0},"north":{"uv":[0.0,15.75,0.25,16.0],"rotation":0,"texture":"#0","tintindex":0},"west":{"uv":[0.0,15.75,0.25,16.0],"rotation":0,"texture":"#0","tintindex":0},"up":{"uv":[0.0,15.5,0.25,16.0],"rotation":0,"texture":"#0","tintindex":0},"down":{"uv":[0.0,15.75,0.25,16.0],"rotation":0,"texture":"#0","tintindex":0}}},{"from":[11.285714,11.285714,7.5714283],"to":[9.857143,8.714286,6.142857],"rotation":{"angle":0.0,"axis":"y","origin":[12.571428,3.4285712,3.4285712]},"faces":{"east":{"uv":[0.25,15.75,0.0,16.0],"rotation":0,"texture":"#0","tintindex":0},"south":{"uv":[0.25,15.75,0.0,16.0],"rotation":0,"texture":"#0","tintindex":0},"north":{"uv":[0.25,15.75,0.0,16.0],"rotation":0,"texture":"#0","tintindex":0},"west":{"uv":[0.25,15.75,0.0,16.0],"rotation":0,"texture":"#0","tintindex":0},"up":{"uv":[0.25,15.5,0.0,16.0],"rotation":0,"texture":"#0","tintindex":0},"down":{"uv":[0.25,15.75,0.0,16.0],"rotation":0,"texture":"#0","tintindex":0}}},{"from":[10.0,8.857143,6.285714],"to":[11.142858,11.142858,7.428571],"rotation":{"angle":0.0,"axis":"y","origin":[12.571428,3.4285712,3.4285712]},"faces":{"east":{"uv":[5.5,7.5,5.0,8.5],"rotation":0,"texture":"#0","tintindex":0},"south":{"uv":[5.0,7.5,4.5,8.5],"rotation":0,"texture":"#0","tintindex":0},"north":{"uv":[8.0,2.5,7.5,3.5],"rotation":0,"texture":"#0","tintindex":0},"west":{"uv":[4.5,7.5,4.0,8.5],"rotation":0,"texture":"#0","tintindex":0},"up":{"uv":[6.0,8.5,6.5,8.0],"rotation":0,"texture":"#0","tintindex":0},"down":{"uv":[8.0,6.0,8.5,6.5],"rotation":0,"texture":"#0","tintindex":0}}},{"from":[4.8571424,8.285714,6.857143],"to":[4.8571424,10.571428,8.571428],"rotation":{"angle":-22.5,"axis":"z","origin":[4.8571424,8.857143,6.285714]},"faces":{"east":{"uv":[8.0,7.0,7.25,8.0],"rotation":0,"texture":"#0","tintindex":0},"south":{"uv":[0.0,0.0,0.0,1.0],"rotation":0,"texture":"#0","tintindex":0},"north":{"uv":[0.0,0.0,0.0,1.0],"rotation":0,"texture":"#0","tintindex":0},"west":{"uv":[7.25,7.0,8.0,8.0],"rotation":0,"texture":"#0","tintindex":0},"up":{"uv":[0.0,0.75,0.0,0.0],"rotation":0,"texture":"#0","tintindex":0},"down":{"uv":[0.0,0.0,0.0,0.75],"rotation":0,"texture":"#0","tintindex":0}}},{"from":[5.0,10.857143,8.857143],"to":[4.714286,8.0,6.5714283],"rotation":{"angle":-22.5,"axis":"z","origin":[4.8571424,8.857143,6.285714]},"faces":{"east":{"uv":[0.0,14.75,0.75,13.5],"rotation":0,"texture":"#0","tintindex":0},"south":{"uv":[0.0,15.75,0.25,16.0],"rotation":0,"texture":"#0","tintindex":0},"north":{"uv":[0.0,15.75,0.25,16.0],"rotation":0,"texture":"#0","tintindex":0},"west":{"uv":[0.0,14.75,0.75,13.5],"rotation":0,"texture":"#0","tintindex":0},"up":{"uv":[0.0,15.75,0.25,16.0],"rotation":0,"texture":"#0","tintindex":0},"down":{"uv":[0.0,13.5,0.75,13.75],"rotation":90,"texture":"#0","tintindex":0}}},{"from":[11.285714,10.857143,8.857143],"to":[11.0,8.0,6.5714283],"rotation":{"angle":22.5,"axis":"z","origin":[11.142858,8.857143,6.285714]},"faces":{"east":{"uv":[0.75,14.75,0.0,13.5],"rotation":0,"texture":"#0","tintindex":0},"south":{"uv":[0.25,15.75,0.0,16.0],"rotation":0,"texture":"#0","tintindex":0},"north":{"uv":[0.25,15.75,0.0,16.0],"rotation":0,"texture":"#0","tintindex":0},"west":{"uv":[0.75,14.75,0.0,13.5],"rotation":0,"texture":"#0","tintindex":0},"up":{"uv":[0.25,15.75,0.0,16.0],"rotation":0,"texture":"#0","tintindex":0},"down":{"uv":[0.0,13.75,0.75,13.5],"rotation":90,"texture":"#0","tintindex":0}}},{"from":[11.142858,8.285714,6.857143],"to":[11.142858,10.571428,8.571428],"rotation":{"angle":22.5,"axis":"z","origin":[11.142858,8.857143,6.285714]},"faces":{"east":{"uv":[8.0,7.0,7.25,8.0],"rotation":0,"texture":"#0","tintindex":0},"south":{"uv":[0.0,0.0,0.0,1.0],"rotation":0,"texture":"#0","tintindex":0},"north":{"uv":[0.0,0.0,0.0,1.0],"rotation":0,"texture":"#0","tintindex":0},"west":{"uv":[7.25,7.0,8.0,8.0],"rotation":0,"texture":"#0","tintindex":0},"up":{"uv":[0.0,0.75,0.0,0.0],"rotation":0,"texture":"#0","tintindex":0},"down":{"uv":[0.0,0.0,0.0,0.75],"rotation":0,"texture":"#0","tintindex":0}}}],"textures":{"0":"modelengine:entity/mimic"},"display":{"head":{"translation":[0.0,-6.4,0.0],"scale":[4.0,4.0,4.0]}}}