{"elements":[{"from":[7.0,6.142857,7.428571],"to":[8.142858,8.428572,8.571428],"rotation":{"angle":0.0,"axis":"y","origin":[8.0,8.0,8.0]},"faces":{"east":{"uv":[1.0,7.75,0.5,8.75],"rotation":0,"texture":"#0","tintindex":0},"south":{"uv":[0.5,7.75,0.0,8.75],"rotation":0,"texture":"#0","tintindex":0},"north":{"uv":[6.0,7.5,5.5,8.5],"rotation":0,"texture":"#0","tintindex":0},"west":{"uv":[8.0,6.0,7.5,7.0],"rotation":0,"texture":"#0","tintindex":0},"up":{"uv":[6.5,8.5,7.0,8.0],"rotation":0,"texture":"#0","tintindex":0},"down":{"uv":[8.0,6.5,8.5,7.0],"rotation":0,"texture":"#0","tintindex":0}}},{"from":[8.285714,8.571428,8.714286],"to":[6.857143,6.0,7.285714],"rotation":{"angle":0.0,"axis":"y","origin":[8.0,8.0,8.0]},"faces":{"east":{"uv":[0.0,15.75,0.25,16.0],"rotation":0,"texture":"#0","tintindex":0},"south":{"uv":[0.0,15.75,0.25,16.0],"rotation":0,"texture":"#0","tintindex":0},"north":{"uv":[0.0,15.75,0.25,16.0],"rotation":0,"texture":"#0","tintindex":0},"west":{"uv":[0.0,15.75,0.25,16.0],"rotation":0,"texture":"#0","tintindex":0},"up":{"uv":[0.0,15.75,0.25,16.0],"rotation":0,"texture":"#0","tintindex":0},"down":{"uv":[0.0,15.75,0.25,16.0],"rotation":0,"texture":"#0","tintindex":0}}},{"from":[6.857143,6.0,7.285714],"to":[8.285714,7.428571,8.714286],"rotation":{"angle":0.0,"axis":"y","origin":[8.0,8.0,8.0]},"faces":{"east":{"uv":[8.5,7.5,8.0,8.0],"rotation":0,"texture":"#0","tintindex":0},"south":{"uv":[8.0,8.0,7.5,8.5],"rotation":0,"texture":"#0","tintindex":0},"north":{"uv":[7.5,8.0,7.0,8.5],"rotation":0,"texture":"#0","tintindex":0},"west":{"uv":[8.5,7.0,8.0,7.5],"rotation":0,"texture":"#0","tintindex":0},"up":{"uv":[8.0,8.5,8.5,8.0],"rotation":0,"texture":"#0","tintindex":0},"down":{"uv":[8.25,0.75,8.75,1.25],"rotation":0,"texture":"#0","tintindex":0}}},{"from":[8.428572,7.5714283,8.857143],"to":[6.714286,5.8571424,7.142857],"rotation":{"angle":0.0,"axis":"y","origin":[8.0,8.0,8.0]},"faces":{"east":{"uv":[0.0,15.75,0.25,16.0],"rotation":0,"texture":"#0","tintindex":0},"south":{"uv":[0.0,15.75,0.25,16.0],"rotation":0,"texture":"#0","tintindex":0},"north":{"uv":[0.0,15.75,0.25,16.0],"rotation":0,"texture":"#0","tintindex":0},"west":{"uv":[0.0,15.75,0.25,16.0],"rotation":0,"texture":"#0","tintindex":0},"up":{"uv":[0.0,15.75,0.25,16.0],"rotation":0,"texture":"#0","tintindex":0},"down":{"uv":[15.75,15.75,16.0,16.0],"rotation":0,"texture":"#0","tintindex":0}}}],"textures":{"0":"modelengine:entity/mimic"},"display":{"head":{"translation":[0.0,-6.4,0.0],"scale":[4.0,4.0,4.0]}}}