{"elements":[{"from":[7.4342856,6.2914286,7.4342856],"to":[8.565714,7.9942856,8.565714],"rotation":{"angle":0.0,"axis":"y","origin":[4.285714,6.285714,3.4285712]},"faces":{"east":{"uv":[8.5,4.5,8.0,5.25],"rotation":0,"texture":"#0","tintindex":0},"south":{"uv":[8.5,2.5,8.0,3.25],"rotation":0,"texture":"#0","tintindex":0},"north":{"uv":[3.5,7.75,3.0,8.5],"rotation":0,"texture":"#0","tintindex":0},"west":{"uv":[8.5,0.0,8.0,0.75],"rotation":0,"texture":"#0","tintindex":0},"up":{"uv":[8.25,1.75,8.75,1.25],"rotation":0,"texture":"#0","tintindex":0},"down":{"uv":[8.25,1.75,8.75,2.25],"rotation":0,"texture":"#0","tintindex":0}}},{"from":[8.714286,8.142858,8.714286],"to":[7.285714,6.142857,7.285714],"rotation":{"angle":0.0,"axis":"y","origin":[4.285714,6.285714,3.4285712]},"faces":{"east":{"uv":[0.0,15.75,0.25,16.0],"rotation":0,"texture":"#0","tintindex":0},"south":{"uv":[0.0,15.75,0.25,16.0],"rotation":0,"texture":"#0","tintindex":0},"north":{"uv":[0.0,15.75,0.25,16.0],"rotation":0,"texture":"#0","tintindex":0},"west":{"uv":[0.0,15.75,0.25,16.0],"rotation":0,"texture":"#0","tintindex":0},"up":{"uv":[0.0,15.75,0.25,16.0],"rotation":0,"texture":"#0","tintindex":0},"down":{"uv":[15.75,15.75,16.0,16.0],"rotation":0,"texture":"#0","tintindex":0}}},{"from":[7.285714,6.142857,7.285714],"to":[8.714286,7.0,8.714286],"rotation":{"angle":0.0,"axis":"y","origin":[4.285714,6.285714,3.4285712]},"faces":{"east":{"uv":[9.0,7.25,8.5,7.5],"rotation":0,"texture":"#0","tintindex":0},"south":{"uv":[7.75,8.5,7.25,8.75],"rotation":0,"texture":"#0","tintindex":0},"north":{"uv":[9.0,6.75,8.5,7.0],"rotation":0,"texture":"#0","tintindex":0},"west":{"uv":[9.0,7.0,8.5,7.25],"rotation":0,"texture":"#0","tintindex":0},"up":{"uv":[8.5,3.75,9.0,3.25],"rotation":0,"texture":"#0","tintindex":0},"down":{"uv":[3.5,8.5,4.0,9.0],"rotation":0,"texture":"#0","tintindex":0}}},{"from":[8.857143,7.142857,8.857143],"to":[7.142857,6.0,7.142857],"rotation":{"angle":0.0,"axis":"y","origin":[4.285714,6.285714,3.4285712]},"faces":{"east":{"uv":[0.0,15.75,0.25,16.0],"rotation":0,"texture":"#0","tintindex":0},"south":{"uv":[0.0,15.75,0.25,16.0],"rotation":0,"texture":"#0","tintindex":0},"north":{"uv":[0.0,15.75,0.25,16.0],"rotation":0,"texture":"#0","tintindex":0},"west":{"uv":[0.0,15.75,0.25,16.0],"rotation":0,"texture":"#0","tintindex":0},"up":{"uv":[0.0,15.75,0.25,16.0],"rotation":0,"texture":"#0","tintindex":0},"down":{"uv":[15.75,15.75,16.0,16.0],"rotation":0,"texture":"#0","tintindex":0}}}],"textures":{"0":"modelengine:entity/mimic"},"display":{"head":{"translation":[0.0,-6.4,0.0],"scale":[4.0,4.0,4.0]}}}