{"elements":[{"from":[7.857143,6.142857,7.428571],"to":[9.0,8.428572,8.571428],"rotation":{"angle":0.0,"axis":"y","origin":[8.0,8.0,8.0]},"faces":{"east":{"uv":[7.5,6.0,8.0,7.0],"rotation":0,"texture":"#0","tintindex":0},"south":{"uv":[0.0,7.75,0.5,8.75],"rotation":0,"texture":"#0","tintindex":0},"north":{"uv":[5.5,7.5,6.0,8.5],"rotation":0,"texture":"#0","tintindex":0},"west":{"uv":[0.5,7.75,1.0,8.75],"rotation":0,"texture":"#0","tintindex":0},"up":{"uv":[7.0,8.5,6.5,8.0],"rotation":0,"texture":"#0","tintindex":0},"down":{"uv":[8.5,6.5,8.0,7.0],"rotation":0,"texture":"#0","tintindex":0}}},{"from":[9.285714,7.5714283,8.857143],"to":[7.5714283,5.8571424,7.142857],"rotation":{"angle":0.0,"axis":"y","origin":[8.0,8.0,8.0]},"faces":{"east":{"uv":[0.25,15.75,0.0,16.0],"rotation":0,"texture":"#0","tintindex":0},"south":{"uv":[0.25,15.75,0.0,16.0],"rotation":0,"texture":"#0","tintindex":0},"north":{"uv":[0.25,15.75,0.0,16.0],"rotation":0,"texture":"#0","tintindex":0},"west":{"uv":[0.25,15.75,0.0,16.0],"rotation":0,"texture":"#0","tintindex":0},"up":{"uv":[0.25,15.75,0.0,16.0],"rotation":0,"texture":"#0","tintindex":0},"down":{"uv":[16.0,15.75,15.75,16.0],"rotation":0,"texture":"#0","tintindex":0}}},{"from":[9.142858,8.571428,8.714286],"to":[7.714286,6.0,7.285714],"rotation":{"angle":0.0,"axis":"y","origin":[8.0,8.0,8.0]},"faces":{"east":{"uv":[0.25,15.75,0.0,16.0],"rotation":0,"texture":"#0","tintindex":0},"south":{"uv":[0.25,15.75,0.0,16.0],"rotation":0,"texture":"#0","tintindex":0},"north":{"uv":[0.25,15.75,0.0,16.0],"rotation":0,"texture":"#0","tintindex":0},"west":{"uv":[0.25,15.75,0.0,16.0],"rotation":0,"texture":"#0","tintindex":0},"up":{"uv":[0.25,15.75,0.0,16.0],"rotation":0,"texture":"#0","tintindex":0},"down":{"uv":[0.25,15.75,0.0,16.0],"rotation":0,"texture":"#0","tintindex":0}}},{"from":[7.714286,6.0,7.285714],"to":[9.142858,7.428571,8.714286],"rotation":{"angle":0.0,"axis":"y","origin":[8.0,8.0,8.0]},"faces":{"east":{"uv":[8.0,7.0,8.5,7.5],"rotation":0,"texture":"#0","tintindex":0},"south":{"uv":[7.5,8.0,8.0,8.5],"rotation":0,"texture":"#0","tintindex":0},"north":{"uv":[7.0,8.0,7.5,8.5],"rotation":0,"texture":"#0","tintindex":0},"west":{"uv":[8.0,7.5,8.5,8.0],"rotation":0,"texture":"#0","tintindex":0},"up":{"uv":[8.5,8.5,8.0,8.0],"rotation":0,"texture":"#0","tintindex":0},"down":{"uv":[8.75,0.75,8.25,1.25],"rotation":0,"texture":"#0","tintindex":0}}}],"textures":{"0":"modelengine:entity/mimic"},"display":{"head":{"translation":[0.0,-6.4,0.0],"scale":[4.0,4.0,4.0]}}}