{"elements":[{"from":[6.5714283,8.0,6.857143],"to":[9.428572,10.857143,9.142858],"rotation":{"angle":0.0,"axis":"y","origin":[3.4285712,6.285714,3.4285712]},"faces":{"east":{"uv":[6.5,1.0,7.5,2.25],"rotation":0,"texture":"#0","tintindex":0},"south":{"uv":[6.0,4.75,7.25,6.0],"rotation":0,"texture":"#0","tintindex":0},"north":{"uv":[6.0,3.5,7.25,4.75],"rotation":0,"texture":"#0","tintindex":0},"west":{"uv":[6.5,2.25,7.5,3.5],"rotation":0,"texture":"#0","tintindex":0},"up":{"uv":[7.25,8.0,6.0,7.0],"rotation":0,"texture":"#0","tintindex":0},"down":{"uv":[8.5,3.5,7.25,4.5],"rotation":0,"texture":"#0","tintindex":0}}},{"from":[9.571428,11.0,9.285714],"to":[6.428571,7.857143,6.714286],"rotation":{"angle":0.0,"axis":"y","origin":[3.4285712,6.285714,3.4285712]},"faces":{"east":{"uv":[0.0,15.75,0.25,16.0],"rotation":0,"texture":"#0","tintindex":0},"south":{"uv":[0.0,15.75,0.25,16.0],"rotation":0,"texture":"#0","tintindex":0},"north":{"uv":[0.0,15.75,0.25,16.0],"rotation":0,"texture":"#0","tintindex":0},"west":{"uv":[0.0,15.75,0.25,16.0],"rotation":0,"texture":"#0","tintindex":0},"up":{"uv":[0.0,15.75,0.25,16.0],"rotation":0,"texture":"#0","tintindex":0},"down":{"uv":[0.0,15.75,0.25,16.0],"rotation":0,"texture":"#0","tintindex":0}}},{"from":[6.142857,9.285714,6.714286],"to":[9.857143,10.142858,9.285714],"rotation":{"angle":-22.5,"axis":"z","origin":[8.0,9.714286,8.0]},"faces":{"east":{"uv":[8.0,5.25,9.0,5.5],"rotation":0,"texture":"#0","tintindex":0},"south":{"uv":[4.5,3.75,6.0,4.0],"rotation":0,"texture":"#0","tintindex":0},"north":{"uv":[4.5,3.5,6.0,3.75],"rotation":0,"texture":"#0","tintindex":0},"west":{"uv":[8.5,0.5,9.5,0.75],"rotation":0,"texture":"#0","tintindex":0},"up":{"uv":[7.5,7.0,6.0,6.0],"rotation":0,"texture":"#0","tintindex":0},"down":{"uv":[8.0,0.0,6.5,1.0],"rotation":0,"texture":"#0","tintindex":0}}},{"from":[6.257143,9.542857,6.6857142],"to":[10.028572,10.457143,9.314285],"rotation":{"angle":22.5,"axis":"z","origin":[8.0,9.714286,8.0]},"faces":{"east":{"uv":[9.5,0.5,8.5,0.75],"rotation":0,"texture":"#0","tintindex":0},"south":{"uv":[6.0,3.75,4.5,4.0],"rotation":0,"texture":"#0","tintindex":0},"north":{"uv":[6.0,3.5,4.5,3.75],"rotation":0,"texture":"#0","tintindex":0},"west":{"uv":[9.0,5.25,8.0,5.5],"rotation":0,"texture":"#0","tintindex":0},"up":{"uv":[6.0,7.0,7.5,6.0],"rotation":0,"texture":"#0","tintindex":0},"down":{"uv":[6.5,0.0,8.0,1.0],"rotation":0,"texture":"#0","tintindex":0}}},{"from":[6.714286,8.571428,9.285714],"to":[7.857143,10.857143,10.428572],"rotation":{"angle":0.0,"axis":"y","origin":[3.4285712,6.285714,3.8571424]},"faces":{"east":{"uv":[1.5,7.75,2.0,8.75],"rotation":0,"texture":"#0","tintindex":0},"south":{"uv":[2.0,7.75,2.5,8.75],"rotation":0,"texture":"#0","tintindex":0},"north":{"uv":[1.0,7.75,1.5,8.75],"rotation":0,"texture":"#0","tintindex":0},"west":{"uv":[2.5,7.75,3.0,8.75],"rotation":0,"texture":"#0","tintindex":0},"up":{"uv":[9.0,0.5,8.5,0.0],"rotation":0,"texture":"#0","tintindex":0},"down":{"uv":[9.0,2.25,8.5,2.75],"rotation":0,"texture":"#0","tintindex":0}}},{"from":[8.0,11.0,10.571428],"to":[6.5714283,8.428572,9.142858],"rotation":{"angle":0.0,"axis":"y","origin":[3.4285712,6.285714,3.8571424]},"faces":{"east":{"uv":[0.0,15.75,0.25,16.0],"rotation":0,"texture":"#0","tintindex":0},"south":{"uv":[0.0,15.5,0.25,15.75],"rotation":0,"texture":"#0","tintindex":0},"north":{"uv":[0.0,15.75,0.25,16.0],"rotation":0,"texture":"#0","tintindex":0},"west":{"uv":[0.0,15.75,0.25,16.0],"rotation":0,"texture":"#0","tintindex":0},"up":{"uv":[0.0,15.75,0.25,16.0],"rotation":0,"texture":"#0","tintindex":0},"down":{"uv":[15.75,15.75,16.0,16.0],"rotation":0,"texture":"#0","tintindex":0}}},{"from":[9.428572,11.0,10.571428],"to":[8.0,8.428572,9.142858],"rotation":{"angle":0.0,"axis":"y","origin":[12.571428,6.285714,3.8571424]},"faces":{"east":{"uv":[0.25,15.75,0.0,16.0],"rotation":0,"texture":"#0","tintindex":0},"south":{"uv":[0.25,15.5,0.0,15.75],"rotation":0,"texture":"#0","tintindex":0},"north":{"uv":[0.25,15.75,0.0,16.0],"rotation":0,"texture":"#0","tintindex":0},"west":{"uv":[0.25,15.75,0.0,16.0],"rotation":0,"texture":"#0","tintindex":0},"up":{"uv":[0.25,15.75,0.0,16.0],"rotation":0,"texture":"#0","tintindex":0},"down":{"uv":[16.0,15.75,15.75,16.0],"rotation":0,"texture":"#0","tintindex":0}}},{"from":[7.285714,10.285714,9.428572],"to":[7.285714,11.428572,10.571428],"rotation":{"angle":22.5,"axis":"x","origin":[7.285714,10.857143,10.0]},"faces":{"east":{"uv":[9.0,2.75,8.5,3.25],"rotation":0,"texture":"#0","tintindex":0},"south":{"uv":[0.0,0.0,0.0,0.5],"rotation":0,"texture":"#0","tintindex":0},"north":{"uv":[0.0,0.0,0.0,0.5],"rotation":0,"texture":"#0","tintindex":0},"west":{"uv":[8.5,2.75,9.0,3.25],"rotation":0,"texture":"#0","tintindex":0},"up":{"uv":[0.0,0.5,0.0,0.0],"rotation":0,"texture":"#0","tintindex":0},"down":{"uv":[0.0,0.0,0.0,0.5],"rotation":0,"texture":"#0","tintindex":0}}},{"from":[8.142858,8.571428,9.285714],"to":[9.285714,10.857143,10.428572],"rotation":{"angle":0.0,"axis":"y","origin":[4.8571424,6.285714,3.8571424]},"faces":{"east":{"uv":[1.5,7.75,2.0,8.75],"rotation":0,"texture":"#0","tintindex":0},"south":{"uv":[2.0,7.75,2.5,8.75],"rotation":0,"texture":"#0","tintindex":0},"north":{"uv":[1.0,7.75,1.5,8.75],"rotation":0,"texture":"#0","tintindex":0},"west":{"uv":[2.5,7.75,3.0,8.75],"rotation":0,"texture":"#0","tintindex":0},"up":{"uv":[9.0,0.5,8.5,0.0],"rotation":0,"texture":"#0","tintindex":0},"down":{"uv":[9.0,2.25,8.5,2.75],"rotation":0,"texture":"#0","tintindex":0}}},{"from":[8.714286,10.285714,9.428572],"to":[8.714286,11.428572,10.571428],"rotation":{"angle":22.5,"axis":"x","origin":[8.714286,10.857143,10.0]},"faces":{"east":{"uv":[9.0,2.75,8.5,3.25],"rotation":0,"texture":"#0","tintindex":0},"south":{"uv":[0.0,0.0,0.0,0.5],"rotation":0,"texture":"#0","tintindex":0},"north":{"uv":[0.0,0.0,0.0,0.5],"rotation":0,"texture":"#0","tintindex":0},"west":{"uv":[8.5,2.75,9.0,3.25],"rotation":0,"texture":"#0","tintindex":0},"up":{"uv":[0.0,0.5,0.0,0.0],"rotation":0,"texture":"#0","tintindex":0},"down":{"uv":[0.0,0.0,0.0,0.5],"rotation":0,"texture":"#0","tintindex":0}}},{"from":[8.857143,11.571428,10.714286],"to":[8.571428,10.714286,9.285714],"rotation":{"angle":22.5,"axis":"x","origin":[8.714286,10.857143,10.0]},"faces":{"east":{"uv":[0.0,15.75,0.25,16.0],"rotation":0,"texture":"#0","tintindex":0},"south":{"uv":[0.0,15.75,0.25,16.0],"rotation":0,"texture":"#0","tintindex":0},"north":{"uv":[0.0,15.75,0.25,16.0],"rotation":0,"texture":"#0","tintindex":0},"west":{"uv":[0.0,15.75,0.25,16.0],"rotation":0,"texture":"#0","tintindex":0},"up":{"uv":[0.0,15.75,0.25,16.0],"rotation":0,"texture":"#0","tintindex":0},"down":{"uv":[0.0,15.75,0.25,16.0],"rotation":0,"texture":"#0","tintindex":0}}},{"from":[7.428571,11.571428,10.714286],"to":[7.142857,10.714286,9.285714],"rotation":{"angle":22.5,"axis":"x","origin":[7.285714,10.857143,10.0]},"faces":{"east":{"uv":[0.25,15.75,0.0,16.0],"rotation":0,"texture":"#0","tintindex":0},"south":{"uv":[0.25,15.75,0.0,16.0],"rotation":0,"texture":"#0","tintindex":0},"north":{"uv":[0.25,15.75,0.0,16.0],"rotation":0,"texture":"#0","tintindex":0},"west":{"uv":[0.25,15.75,0.0,16.0],"rotation":0,"texture":"#0","tintindex":0},"up":{"uv":[0.25,15.75,0.0,16.0],"rotation":0,"texture":"#0","tintindex":0},"down":{"uv":[0.25,15.75,0.0,16.0],"rotation":0,"texture":"#0","tintindex":0}}}],"textures":{"0":"modelengine:entity/mimic"},"display":{"head":{"translation":[0.0,-6.4,0.0],"scale":[4.0,4.0,4.0]}}}