{"elements":[{"from":[3.4285712,-13.987562,2.5556607],"to":[12.571428,-13.987562,9.412804],"rotation":{"angle":-22.5,"axis":"x","origin":[8.0,-13.987562,5.984232]},"faces":{"east":{"uv":[3.0,0.0,0.0,0.0],"rotation":0,"texture":"#0","tintindex":0},"south":{"uv":[4.0,0.0,0.0,0.0],"rotation":0,"texture":"#0","tintindex":0},"north":{"uv":[4.0,0.0,0.0,0.0],"rotation":0,"texture":"#0","tintindex":0},"west":{"uv":[3.0,0.0,0.0,0.0],"rotation":0,"texture":"#0","tintindex":0},"up":{"uv":[4.0,8.75,8.0,5.75],"rotation":0,"texture":"#0","tintindex":0},"down":{"uv":[8.0,5.75,4.0,8.75],"rotation":0,"texture":"#0","tintindex":0}}},{"from":[3.4285712,-15.532122,8.009315],"to":[12.571428,-2.3892632,8.009315],"rotation":{"angle":22.5,"axis":"x","origin":[8.0,-15.532122,8.009315]},"faces":{"east":{"uv":[0.0,0.0,0.0,5.75],"rotation":0,"texture":"#0","tintindex":0},"south":{"uv":[4.0,2.25,0.0,8.0],"rotation":0,"texture":"#0","tintindex":0},"north":{"uv":[0.0,2.25,4.0,8.0],"rotation":0,"texture":"#0","tintindex":0},"west":{"uv":[0.0,0.0,0.0,5.75],"rotation":0,"texture":"#0","tintindex":0},"up":{"uv":[4.0,0.0,0.0,0.0],"rotation":0,"texture":"#0","tintindex":0},"down":{"uv":[4.0,0.0,0.0,0.0],"rotation":0,"texture":"#0","tintindex":0}}},{"from":[3.4285712,-4.1428576,14.857143],"to":[12.571428,0.9999995,14.857143],"rotation":{"angle":45.0,"axis":"x","origin":[8.0,-1.5714293,14.857143]},"faces":{"east":{"uv":[0.0,0.0,0.0,2.25],"rotation":0,"texture":"#0","tintindex":0},"south":{"uv":[4.0,0.0,0.0,2.25],"rotation":0,"texture":"#0","tintindex":0},"north":{"uv":[0.0,0.0,4.0,2.25],"rotation":0,"texture":"#0","tintindex":0},"west":{"uv":[0.0,0.0,0.0,2.25],"rotation":0,"texture":"#0","tintindex":0},"up":{"uv":[4.0,0.0,0.0,0.0],"rotation":0,"texture":"#0","tintindex":0},"down":{"uv":[4.0,0.0,0.0,0.0],"rotation":0,"texture":"#0","tintindex":0}}}],"textures":{"0":"modelengine:entity/bufo_bufo_splash"},"display":{"head":{"translation":[0.0,-6.4,0.0],"scale":[4.0,4.0,4.0]}}}