{
	"credit": "Made with Blockbench",
	"texture_size": [32, 32],
	"textures": {
		"2": "littleroom_tortus:coconut_milk",
		"particle": "littleroom_tortus:coconut_milk"
	},
	"elements": [
		{
			"from": [4, 7, 4],
			"to": [12, 12, 12],
			"rotation": {"angle": 0, "axis": "y", "origin": [4.5, 130, 16]},
			"faces": {
				"north": {"uv": [0, 8, 4, 10.5], "texture": "#2"},
				"east": {"uv": [8, 0, 12, 2.5], "texture": "#2"},
				"south": {"uv": [8, 2.5, 12, 5], "texture": "#2"},
				"west": {"uv": [4, 8, 8, 10.5], "texture": "#2"},
				"up": {"uv": [4, 4, 0, 0], "texture": "#2"},
				"down": {"uv": [4, 4, 0, 8], "texture": "#2"}
			}
		},
		{
			"from": [5, 8, 3],
			"to": [11, 12, 4],
			"rotation": {"angle": 0, "axis": "y", "origin": [4.5, 130, 16]},
			"faces": {
				"north": {"uv": [0, 10.5, 3, 12.5], "texture": "#2"},
				"east": {"uv": [3.5, 12.5, 4, 14.5], "texture": "#2"},
				"south": {"uv": [3, 10.5, 6, 12.5], "texture": "#2"},
				"west": {"uv": [4, 12.5, 4.5, 14.5], "texture": "#2"},
				"up": {"uv": [15, 2.5, 12, 2], "texture": "#2"},
				"down": {"uv": [15, 2.5, 12, 3], "texture": "#2"}
			}
		},
		{
			"from": [5, 8, 12],
			"to": [11, 12, 13],
			"rotation": {"angle": 0, "axis": "y", "origin": [4.5, 130, 16]},
			"faces": {
				"north": {"uv": [11, 5, 14, 7], "texture": "#2"},
				"east": {"uv": [4.5, 12.5, 5, 14.5], "texture": "#2"},
				"south": {"uv": [6, 11, 9, 13], "texture": "#2"},
				"west": {"uv": [5, 12.5, 5.5, 14.5], "texture": "#2"},
				"up": {"uv": [15, 3.5, 12, 3], "texture": "#2"},
				"down": {"uv": [15, 3.5, 12, 4], "texture": "#2"}
			}
		},
		{
			"from": [12, 8, 5],
			"to": [13, 12, 11],
			"rotation": {"angle": 0, "axis": "y", "origin": [4.5, 130, 16]},
			"faces": {
				"north": {"uv": [5.5, 12.5, 6, 14.5], "texture": "#2"},
				"east": {"uv": [11, 7, 14, 9], "texture": "#2"},
				"south": {"uv": [12.5, 12, 13, 14], "texture": "#2"},
				"west": {"uv": [9, 11, 12, 13], "texture": "#2"},
				"up": {"uv": [2, 15.5, 1.5, 12.5], "texture": "#2"},
				"down": {"uv": [2.5, 12.5, 2, 15.5], "texture": "#2"}
			}
		},
		{
			"from": [3, 8, 5],
			"to": [4, 12, 11],
			"rotation": {"angle": 0, "axis": "y", "origin": [4.5, 130, 16]},
			"faces": {
				"north": {"uv": [6, 13, 6.5, 15], "texture": "#2"},
				"east": {"uv": [11, 9, 14, 11], "texture": "#2"},
				"south": {"uv": [6.5, 13, 7, 15], "texture": "#2"},
				"west": {"uv": [12, 0, 15, 2], "texture": "#2"},
				"up": {"uv": [3, 15.5, 2.5, 12.5], "texture": "#2"},
				"down": {"uv": [3.5, 12.5, 3, 15.5], "texture": "#2"}
			}
		},
		{
			"from": [5, 6, 5],
			"to": [11, 7, 11],
			"rotation": {"angle": 0, "axis": "y", "origin": [4.5, 130, 16]},
			"faces": {
				"north": {"uv": [12, 4, 15, 4.5], "texture": "#2"},
				"east": {"uv": [12, 4.5, 15, 5], "texture": "#2"},
				"south": {"uv": [12.5, 11, 15.5, 11.5], "texture": "#2"},
				"west": {"uv": [12.5, 11.5, 15.5, 12], "texture": "#2"},
				"up": {"uv": [11, 8, 8, 5], "texture": "#2"},
				"down": {"uv": [11, 8, 8, 11], "texture": "#2"}
			}
		}
	],
	"gui_light": "front",
	"display": {
		"thirdperson_righthand": {
			"rotation": [41, 46, 0],
			"translation": [-1.5, 0.25, 0],
			"scale": [0.5, 0.5, 0.5]
		},
		"thirdperson_lefthand": {
			"rotation": [41, 46, 0],
			"translation": [-1.5, 0.25, 0],
			"scale": [0.5, 0.5, 0.5]
		},
		"firstperson_righthand": {
			"rotation": [-66, 81, 57],
			"translation": [0, 1, 0],
			"scale": [0.5, 0.5, 0.5]
		},
		"firstperson_lefthand": {
			"rotation": [-66, 81, 57],
			"translation": [0, 1, 0],
			"scale": [0.5, 0.5, 0.5]
		},
		"ground": {
			"rotation": [41, 0, 0],
			"scale": [0.8, 0.8, 0.8]
		},
		"gui": {
			"rotation": [14, -163, -16],
			"translation": [0.75, -2, 0]
		},
		"head": {
			"translation": [0, 8.25, 0]
		},
		"fixed": {
			"rotation": [-90, 0, 0],
			"translation": [0, 0, -2],
			"scale": [1.4, 1.4, 1.4]
		}
	},
	"groups": [
		{
			"name": "coconut",
			"origin": [4.5, 130, 16],
			"color": 0,
			"children": [0, 1, 2, 3, 4, 5]
		}
	]
}