{
	"credit": "Made with Blockbench",
	"texture_size": [512, 512],
	"textures": {
		"1": "modelengine:entity/fortress_turtle"
	},
	"elements": [
		{
			"from": [4, 7, 4],
			"to": [12, 15, 12],
			"rotation": {"angle": 0, "axis": "y", "origin": [4.5, 130, 16]},
			"faces": {
				"north": {"uv": [9.84688, 9.44063, 10.09062, 9.68437], "texture": "#1"},
				"east": {"uv": [9.84688, 9.69063, 10.09062, 9.93437], "texture": "#1"},
				"south": {"uv": [0.00313, 9.87813, 0.24688, 10.12187], "texture": "#1"},
				"west": {"uv": [0.25313, 9.87813, 0.49688, 10.12187], "texture": "#1"},
				"up": {"uv": [10.12187, 5.15313, 9.87813, 4.90938], "texture": "#1"},
				"down": {"uv": [10.12187, 8.62813, 9.87813, 8.87187], "texture": "#1"}
			}
		},
		{
			"from": [5, 8, 3],
			"to": [11, 14, 4],
			"rotation": {"angle": 0, "axis": "y", "origin": [4.5, 130, 16]},
			"faces": {
				"north": {"uv": [6.72188, 2.25312, 6.90313, 2.43438], "texture": "#1"},
				"east": {"uv": [3.09688, 4.37813, 3.12188, 4.55938], "texture": "#1"},
				"south": {"uv": [6.90938, 2.25312, 7.09063, 2.43438], "texture": "#1"},
				"west": {"uv": [3.09688, 4.56563, 3.12188, 4.74688], "texture": "#1"},
				"up": {"uv": [5.46563, 2.59063, 5.28438, 2.56562], "texture": "#1"},
				"down": {"uv": [5.65313, 2.56562, 5.47188, 2.59063], "texture": "#1"}
			}
		},
		{
			"from": [5, 8, 12],
			"to": [11, 14, 13],
			"rotation": {"angle": 0, "axis": "y", "origin": [4.5, 130, 16]},
			"faces": {
				"north": {"uv": [3.40938, 8.22188, 3.59063, 8.40312], "texture": "#1"},
				"east": {"uv": [3.09688, 4.75313, 3.12188, 4.93438], "texture": "#1"},
				"south": {"uv": [8.31563, 7.15938, 8.49687, 7.34063], "texture": "#1"},
				"west": {"uv": [3.09688, 4.94063, 3.12188, 5.12188], "texture": "#1"},
				"up": {"uv": [5.84063, 2.59063, 5.65938, 2.56562], "texture": "#1"},
				"down": {"uv": [2.24688, 5.69063, 2.06562, 5.71563], "texture": "#1"}
			}
		},
		{
			"from": [12, 8, 5],
			"to": [13, 14, 11],
			"rotation": {"angle": 0, "axis": "y", "origin": [4.5, 130, 16]},
			"faces": {
				"north": {"uv": [5.06563, 3.72188, 5.09063, 3.90313], "texture": "#1"},
				"east": {"uv": [8.78438, 6.56563, 8.96562, 6.74688], "texture": "#1"},
				"south": {"uv": [5.06563, 3.90938, 5.09063, 4.09063], "texture": "#1"},
				"west": {"uv": [8.90938, 2.15937, 9.09062, 2.34063], "texture": "#1"},
				"up": {"uv": [3.12188, 5.30938, 3.09688, 5.12813], "texture": "#1"},
				"down": {"uv": [3.12188, 5.31563, 3.09688, 5.49688], "texture": "#1"}
			}
		},
		{
			"from": [3, 8, 5],
			"to": [4, 14, 11],
			"rotation": {"angle": 0, "axis": "y", "origin": [4.5, 130, 16]},
			"faces": {
				"north": {"uv": [5.06563, 5.31563, 5.09063, 5.49688], "texture": "#1"},
				"east": {"uv": [9.09688, 2.15937, 9.27812, 2.34063], "texture": "#1"},
				"south": {"uv": [3.09688, 5.50313, 3.12188, 5.68438], "texture": "#1"},
				"west": {"uv": [9.09688, 6.97188, 9.27812, 7.15313], "texture": "#1"},
				"up": {"uv": [5.09063, 5.68438, 5.06563, 5.50313], "texture": "#1"},
				"down": {"uv": [0.77813, 5.53438, 0.75313, 5.71563], "texture": "#1"}
			}
		},
		{
			"from": [5, 6, 5],
			"to": [11, 7, 11],
			"rotation": {"angle": 0, "axis": "y", "origin": [4.5, 130, 16]},
			"faces": {
				"north": {"uv": [2.90938, 5.69063, 3.09063, 5.71563], "texture": "#1"},
				"east": {"uv": [5.90938, 2.40937, 6.09063, 2.43438], "texture": "#1"},
				"south": {"uv": [4.90938, 6.03438, 5.09063, 6.05938], "texture": "#1"},
				"west": {"uv": [6.09688, 2.40937, 6.27813, 2.43438], "texture": "#1"},
				"up": {"uv": [9.46562, 7.15313, 9.28438, 6.97188], "texture": "#1"},
				"down": {"uv": [9.49687, 4.59688, 9.31563, 4.77813], "texture": "#1"}
			}
		},
		{
			"from": [5, 15, 5],
			"to": [11, 16, 11],
			"rotation": {"angle": 0, "axis": "y", "origin": [4.5, 130, 16]},
			"faces": {
				"north": {"uv": [4.90938, 6.22188, 5.09063, 6.24688], "texture": "#1"},
				"east": {"uv": [5.09688, 6.22188, 5.27813, 6.24688], "texture": "#1"},
				"south": {"uv": [5.28438, 6.22188, 5.46563, 6.24688], "texture": "#1"},
				"west": {"uv": [5.47188, 6.22188, 5.65313, 6.24688], "texture": "#1"},
				"up": {"uv": [9.68437, 4.77813, 9.50313, 4.59688], "texture": "#1"},
				"down": {"uv": [10.05937, 5.15938, 9.87813, 5.34063], "texture": "#1"}
			}
		}
	],
	"gui_light": "front",
	"display": {
		"thirdperson_righthand": {
			"rotation": [41, 46, 0],
			"translation": [-1.5, 0.25, 0],
			"scale": [0.5, 0.5, 0.5]
		},
		"thirdperson_lefthand": {
			"rotation": [41, 46, 0],
			"translation": [-1.5, 0.25, 0],
			"scale": [0.5, 0.5, 0.5]
		},
		"firstperson_righthand": {
			"rotation": [-52, 149, 56],
			"translation": [0, 1, 0],
			"scale": [0.5, 0.5, 0.5]
		},
		"firstperson_lefthand": {
			"rotation": [-52, 149, 56],
			"translation": [0, 1, 0],
			"scale": [0.5, 0.5, 0.5]
		},
		"ground": {
			"rotation": [41, 0, 0],
			"scale": [0.8, 0.8, 0.8]
		},
		"gui": {
			"rotation": [-17, -163, -16],
			"translation": [1.25, -3, 0]
		},
		"head": {
			"translation": [0, 8.25, 0]
		},
		"fixed": {
			"translation": [0, -4, -6],
			"scale": [1.4, 1.4, 1.4]
		}
	},
	"groups": [
		{
			"name": "coconut",
			"origin": [4.5, 130, 16],
			"color": 0,
			"children": [0, 1, 2, 3, 4, 5, 6]
		}
	]
}