{
	"credit": "Made with Blockbench",
	"texture_size": [128, 128],
	"textures": {
		"6": "littleroom_tortus:turtle_shield"
	},
	"elements": [
		{
			"from": [4.625, 13.475, -4.4875],
			"to": [11.15, 15.725, -0.4375],
			"rotation": {"angle": 0, "axis": "y", "origin": [8, 12.8, -2.6875]},
			"faces": {
				"north": {"uv": [1.375, 3, 2.25, 3.25], "texture": "#6"},
				"east": {"uv": [8.125, 4.875, 8.625, 5.125], "texture": "#6"},
				"south": {"uv": [7.25, 3.125, 8.125, 3.375], "texture": "#6"},
				"west": {"uv": [8.375, 6.5, 8.875, 6.75], "texture": "#6"},
				"up": {"uv": [8.875, 7.625, 8, 7.125], "texture": "#6"},
				"down": {"uv": [9, 3.125, 8.125, 3.625], "texture": "#6"}
			}
		},
		{
			"from": [2.375, 8.9, -4.4875],
			"to": [4.625, 15.725, 1.8125],
			"rotation": {"angle": 0, "axis": "y", "origin": [8.9, 12.8, -2.6875]},
			"faces": {
				"north": {"uv": [6.875, 7.75, 7.125, 8.625], "texture": "#6"},
				"east": {"uv": [5.625, 6.875, 6.375, 7.75], "texture": "#6"},
				"south": {"uv": [4.125, 8.5, 4.375, 9.375], "texture": "#6"},
				"west": {"uv": [6.375, 6.875, 7.125, 7.75], "texture": "#6"},
				"up": {"uv": [2.125, 9.625, 1.875, 8.875], "texture": "#6"},
				"down": {"uv": [2.375, 8.875, 2.125, 9.625], "texture": "#6"}
			}
		},
		{
			"from": [11.125, 8.9, -4.4875],
			"to": [13.375, 15.725, 1.8125],
			"rotation": {"angle": 0, "axis": "y", "origin": [6.85, 12.8, -2.6875]},
			"faces": {
				"north": {"uv": [8.75, 5.25, 9, 6.125], "texture": "#6"},
				"east": {"uv": [7, 1.125, 7.75, 2], "texture": "#6"},
				"south": {"uv": [5.5, 8.75, 5.75, 9.625], "texture": "#6"},
				"west": {"uv": [1.875, 7, 2.625, 7.875], "texture": "#6"},
				"up": {"uv": [2.625, 9.625, 2.375, 8.875], "texture": "#6"},
				"down": {"uv": [8.875, 8.875, 8.625, 9.625], "texture": "#6"}
			}
		},
		{
			"from": [2.375, 7.875, -2.6875],
			"to": [13.4, 18.2, 1.8125],
			"rotation": {"angle": 0, "axis": "y", "origin": [8, 12.575, -0.4375]},
			"faces": {
				"north": {"uv": [0, 3, 1.375, 4.25], "texture": "#6"},
				"east": {"uv": [5.375, 4.375, 6, 5.625], "texture": "#6"},
				"south": {"uv": [1.375, 3.25, 2.75, 4.5], "texture": "#6"},
				"west": {"uv": [0, 5.625, 0.625, 6.875], "texture": "#6"},
				"up": {"uv": [1.375, 5.625, 0, 5], "texture": "#6"},
				"down": {"uv": [4, 5.125, 2.625, 5.75], "texture": "#6"}
			}
		},
		{
			"from": [-2.8675, 11.675, -2.22151],
			"to": [3.5, 16.4, 1.15349],
			"rotation": {"angle": 45, "axis": "y", "origin": [2.375, 9.0875, -1.09651]},
			"faces": {
				"north": {"uv": [7.625, 6.125, 8.375, 6.75], "texture": "#6"},
				"east": {"uv": [3.875, 2.25, 4.25, 2.875], "texture": "#6"},
				"south": {"uv": [7.75, 0.75, 8.5, 1.375], "texture": "#6"},
				"west": {"uv": [3.875, 7.875, 4.25, 8.5], "texture": "#6"},
				"up": {"uv": [1.375, 6, 0.625, 5.625], "texture": "#6"},
				"down": {"uv": [2.625, 6, 1.875, 6.375], "texture": "#6"}
			}
		},
		{
			"from": [-4.35489, 5.5, 2.24239],
			"to": [-1.42989, 8.75, 13.71739],
			"rotation": {"angle": 0, "axis": "y", "origin": [4.42011, 10.325, 1.79239]},
			"faces": {
				"north": {"uv": [3.875, 2.875, 4.25, 3.25], "texture": "#6"},
				"east": {"uv": [7.25, 2.75, 8.625, 3.125], "texture": "#6"},
				"south": {"uv": [7.375, 0.75, 7.75, 1.125], "texture": "#6"},
				"west": {"uv": [7.25, 5.125, 8.625, 5.5], "texture": "#6"},
				"up": {"uv": [1.875, 8.625, 1.5, 7.25], "texture": "#6"},
				"down": {"uv": [4.75, 7.625, 4.375, 9], "texture": "#6"}
			}
		},
		{
			"from": [-6.0175, 8.875, -4.02151],
			"to": [3.5, 12.35, 0.47849],
			"rotation": {"angle": 45, "axis": "y", "origin": [2.375, 9.0875, -2.89651]},
			"faces": {
				"north": {"uv": [7.75, 1.375, 9, 1.75], "texture": "#6"},
				"east": {"uv": [8.625, 4.875, 9.25, 5.25], "texture": "#6"},
				"south": {"uv": [5.625, 7.75, 6.875, 8.125], "texture": "#6"},
				"west": {"uv": [6.125, 8.625, 6.75, 9], "texture": "#6"},
				"up": {"uv": [6.625, 6.25, 5.375, 5.625], "texture": "#6"},
				"down": {"uv": [7, 2.25, 5.75, 2.875], "texture": "#6"}
			}
		},
		{
			"from": [-6.0175, 6.5, -4.02151],
			"to": [-3.925, 8.875, -0.64651],
			"rotation": {"angle": 45, "axis": "y", "origin": [2.375, 9.0875, -2.89651]},
			"faces": {
				"north": {"uv": [2.25, 3, 2.5, 3.25], "texture": "#6"},
				"east": {"uv": [8.5, 1.125, 8.875, 1.375], "texture": "#6"},
				"south": {"uv": [9, 2.125, 9.25, 2.375], "texture": "#6"},
				"west": {"uv": [8.625, 2.125, 9, 2.375], "texture": "#6"},
				"up": {"uv": [5.375, 6.25, 5.125, 5.875], "texture": "#6"},
				"down": {"uv": [5, 7.625, 4.75, 8], "texture": "#6"}
			}
		},
		{
			"from": [-2.125, 6.95, 1.8125],
			"to": [18.125, 10.5, 14.1875],
			"rotation": {"angle": 0, "axis": "y", "origin": [11.375, 10.325, 1.8125]},
			"faces": {
				"north": {"uv": [4.25, 3.375, 6.75, 3.875], "texture": "#6"},
				"east": {"uv": [5.75, 2.875, 7.25, 3.375], "texture": "#6"},
				"south": {"uv": [4.25, 3.875, 6.75, 4.375], "texture": "#6"},
				"west": {"uv": [6.625, 5.625, 8.125, 6.125], "texture": "#6"},
				"up": {"uv": [2.5, 1.5, 0, 0], "texture": "#6"},
				"down": {"uv": [2.5, 1.5, 0, 3], "texture": "#6"}
			}
		},
		{
			"from": [3.9375, 1.835, 5.15625],
			"to": [12.0625, 3.2, 10.84375],
			"rotation": {"angle": 0, "axis": "y", "origin": [12.3875, 13.4225, -0.04375]},
			"faces": {
				"north": {"uv": [3.125, 6.375, 3.875, 6.5], "texture": "#6"},
				"east": {"uv": [2.625, 7, 3.125, 7.125], "texture": "#6"},
				"south": {"uv": [6.625, 6.125, 7.375, 6.25], "texture": "#6"},
				"west": {"uv": [7.25, 5.5, 7.75, 5.625], "texture": "#6"},
				"up": {"uv": [6.875, 8.625, 6.125, 8.125], "texture": "#6"},
				"down": {"uv": [8.625, 8.25, 7.875, 8.75], "texture": "#6"}
			}
		},
		{
			"from": [10.4375, 3.135, 5.15625],
			"to": [12.0625, 7.1, 10.84375],
			"rotation": {"angle": 0, "axis": "y", "origin": [12.3875, 13.4225, -0.04375]},
			"faces": {
				"north": {"uv": [5, 6.5, 5.125, 6.875], "texture": "#6"},
				"east": {"uv": [8.875, 7.125, 9.375, 7.5], "texture": "#6"},
				"south": {"uv": [4, 9, 4.125, 9.375], "texture": "#6"},
				"west": {"uv": [8.875, 8.875, 9.375, 9.25], "texture": "#6"},
				"up": {"uv": [2.75, 5, 2.625, 4.5], "texture": "#6"},
				"down": {"uv": [4.125, 5.125, 4, 5.625], "texture": "#6"}
			}
		},
		{
			"from": [3.9375, 3.135, 5.15625],
			"to": [5.5625, 7.1, 10.84375],
			"rotation": {"angle": 0, "axis": "y", "origin": [12.3875, 13.4225, -0.04375]},
			"faces": {
				"north": {"uv": [5.375, 9, 5.5, 9.375], "texture": "#6"},
				"east": {"uv": [0, 9, 0.5, 9.375], "texture": "#6"},
				"south": {"uv": [9, 5.5, 9.125, 5.875], "texture": "#6"},
				"west": {"uv": [0.5, 9, 1, 9.375], "texture": "#6"},
				"up": {"uv": [4.375, 8.375, 4.25, 7.875], "texture": "#6"},
				"down": {"uv": [6.125, 8.75, 6, 9.25], "texture": "#6"}
			}
		},
		{
			"from": [-6.0175, 6.5, 16.64651],
			"to": [-3.925, 7.875, 20.02151],
			"rotation": {"angle": -45, "axis": "y", "origin": [2.375, 9.0875, 18.89651]},
			"faces": {
				"north": {"uv": [3.875, 5.75, 4.125, 5.875], "texture": "#6"},
				"east": {"uv": [7.625, 6.75, 8, 6.875], "texture": "#6"},
				"south": {"uv": [6.75, 1.125, 7, 1.25], "texture": "#6"},
				"west": {"uv": [7.75, 5.5, 8.125, 5.625], "texture": "#6"},
				"up": {"uv": [9.25, 3.5, 9, 3.125], "texture": "#6"},
				"down": {"uv": [3.75, 9, 3.5, 9.375], "texture": "#6"}
			}
		},
		{
			"from": [-6.0175, 7.875, 15.52151],
			"to": [3.5, 12.575, 20.02151],
			"rotation": {"angle": -45, "axis": "y", "origin": [2.375, 9.0875, 18.89651]},
			"faces": {
				"north": {"uv": [2.625, 5.75, 3.875, 6.375], "texture": "#6"},
				"east": {"uv": [8.125, 3.625, 8.75, 4.25], "texture": "#6"},
				"south": {"uv": [3.875, 5.875, 5.125, 6.5], "texture": "#6"},
				"west": {"uv": [8.125, 4.25, 8.75, 4.875], "texture": "#6"},
				"up": {"uv": [1.875, 6.625, 0.625, 6], "texture": "#6"},
				"down": {"uv": [7.25, 4.375, 6, 5], "texture": "#6"}
			}
		},
		{
			"from": [-2.8675, 11.675, 14.84651],
			"to": [3.5, 16.4, 18.22151],
			"rotation": {"angle": -45, "axis": "y", "origin": [2.375, 9.0875, 17.09651]},
			"faces": {
				"north": {"uv": [7.875, 1.75, 8.625, 2.375], "texture": "#6"},
				"east": {"uv": [1.5, 8.625, 1.875, 9.25], "texture": "#6"},
				"south": {"uv": [1.875, 7.875, 2.625, 8.5], "texture": "#6"},
				"west": {"uv": [6.75, 8.625, 7.125, 9.25], "texture": "#6"},
				"up": {"uv": [2.625, 8.875, 1.875, 8.5], "texture": "#6"},
				"down": {"uv": [0.75, 8.625, 0, 9], "texture": "#6"}
			}
		},
		{
			"from": [2.375, 10.125, 14.1875],
			"to": [13.4, 16.425, 18.6875],
			"rotation": {"angle": 0, "axis": "y", "origin": [8, 12.575, 16.4375]},
			"faces": {
				"north": {"uv": [0, 4.25, 1.375, 5], "texture": "#6"},
				"east": {"uv": [2.625, 7.875, 3.25, 8.625], "texture": "#6"},
				"south": {"uv": [2.75, 4.375, 4.125, 5.125], "texture": "#6"},
				"west": {"uv": [3.25, 7.875, 3.875, 8.625], "texture": "#6"},
				"up": {"uv": [6.75, 0.625, 5.375, 0], "texture": "#6"},
				"down": {"uv": [6.75, 0.625, 5.375, 1.25], "texture": "#6"}
			}
		},
		{
			"from": [2.375, 6.925, 13.7375],
			"to": [4.625, 12.575, 20.4875],
			"rotation": {"angle": 0, "axis": "y", "origin": [8.9, 10.325, 18.6875]},
			"faces": {
				"north": {"uv": [1, 9, 1.25, 9.75], "texture": "#6"},
				"east": {"uv": [7, 2, 7.875, 2.75], "texture": "#6"},
				"south": {"uv": [1.25, 9, 1.5, 9.75], "texture": "#6"},
				"west": {"uv": [2.625, 7.125, 3.5, 7.875], "texture": "#6"},
				"up": {"uv": [6, 9.625, 5.75, 8.75], "texture": "#6"},
				"down": {"uv": [8.125, 8.75, 7.875, 9.625], "texture": "#6"}
			}
		},
		{
			"from": [13.15, 7.525, 1.8125],
			"to": [17.875, 16.425, 14.1875],
			"rotation": {"angle": 0, "axis": "y", "origin": [11.35, 10.325, 1.8125]},
			"faces": {
				"north": {"uv": [4.375, 6.5, 5, 7.625], "texture": "#6"},
				"east": {"uv": [2.75, 3.25, 4.25, 4.375], "texture": "#6"},
				"south": {"uv": [6.75, 0, 7.375, 1.125], "texture": "#6"},
				"west": {"uv": [3.875, 0, 5.375, 1.125], "texture": "#6"},
				"up": {"uv": [4.75, 5.875, 4.125, 4.375], "texture": "#6"},
				"down": {"uv": [2, 4.5, 1.375, 6], "texture": "#6"}
			}
		},
		{
			"from": [-2.1275, 7.525, 1.815],
			"to": [2.5975, 16.425, 14.19],
			"rotation": {"angle": 0, "axis": "y", "origin": [4.5975, 10.3, 1.815]},
			"faces": {
				"north": {"uv": [0, 6.875, 0.625, 8], "texture": "#6"},
				"east": {"uv": [3.875, 1.125, 5.375, 2.25], "texture": "#6"},
				"south": {"uv": [5, 6.875, 5.625, 8], "texture": "#6"},
				"west": {"uv": [4.25, 2.25, 5.75, 3.375], "texture": "#6"},
				"up": {"uv": [2.625, 6, 2, 4.5], "texture": "#6"},
				"down": {"uv": [5.375, 4.375, 4.75, 5.875], "texture": "#6"}
			}
		},
		{
			"from": [12.25, 11.675, -2.22151],
			"to": [18.6175, 16.4, 1.15349],
			"rotation": {"angle": -45, "axis": "y", "origin": [13.375, 9.0875, -1.09651]},
			"faces": {
				"north": {"uv": [7.875, 7.625, 8.625, 8.25], "texture": "#6"},
				"east": {"uv": [8.625, 7.625, 9, 8.25], "texture": "#6"},
				"south": {"uv": [0, 8, 0.75, 8.625], "texture": "#6"},
				"west": {"uv": [8.625, 8.25, 9, 8.875], "texture": "#6"},
				"up": {"uv": [1.5, 9, 0.75, 8.625], "texture": "#6"},
				"down": {"uv": [9.375, 1.75, 8.625, 2.125], "texture": "#6"}
			}
		},
		{
			"from": [17.17989, 5.5, 2.24239],
			"to": [20.10489, 8.75, 13.71739],
			"rotation": {"angle": 0, "axis": "y", "origin": [11.32989, 10.325, 1.79239]},
			"faces": {
				"north": {"uv": [9, 1.125, 9.375, 1.5], "texture": "#6"},
				"east": {"uv": [7.375, 0, 8.75, 0.375], "texture": "#6"},
				"south": {"uv": [3.125, 9, 3.5, 9.375], "texture": "#6"},
				"west": {"uv": [7.375, 0.375, 8.75, 0.75], "texture": "#6"},
				"up": {"uv": [7.5, 9, 7.125, 7.625], "texture": "#6"},
				"down": {"uv": [7.875, 7.625, 7.5, 9], "texture": "#6"}
			}
		},
		{
			"from": [12.25, 8.875, -4.02151],
			"to": [21.7675, 12.35, 0.47849],
			"rotation": {"angle": -45, "axis": "y", "origin": [13.375, 9.0875, -2.89651]},
			"faces": {
				"north": {"uv": [7.875, 2.375, 9.125, 2.75], "texture": "#6"},
				"east": {"uv": [8.75, 0, 9.375, 0.375], "texture": "#6"},
				"south": {"uv": [8, 6.75, 9.25, 7.125], "texture": "#6"},
				"west": {"uv": [8.75, 0.375, 9.375, 0.75], "texture": "#6"},
				"up": {"uv": [7.25, 5.625, 6, 5], "texture": "#6"},
				"down": {"uv": [6.375, 6.25, 5.125, 6.875], "texture": "#6"}
			}
		},
		{
			"from": [19.675, 6.5, -4.02151],
			"to": [21.7675, 8.875, -0.64651],
			"rotation": {"angle": -45, "axis": "y", "origin": [13.375, 9.0875, -2.89651]},
			"faces": {
				"north": {"uv": [5.125, 9, 5.375, 9.25], "texture": "#6"},
				"east": {"uv": [8.875, 6.5, 9.25, 6.75], "texture": "#6"},
				"south": {"uv": [9, 5.25, 9.25, 5.5], "texture": "#6"},
				"west": {"uv": [9, 1.5, 9.375, 1.75], "texture": "#6"},
				"up": {"uv": [4, 9.375, 3.75, 9], "texture": "#6"},
				"down": {"uv": [4.625, 9, 4.375, 9.375], "texture": "#6"}
			}
		},
		{
			"from": [19.675, 6.5, 16.64651],
			"to": [21.7675, 7.875, 20.02151],
			"rotation": {"angle": 45, "axis": "y", "origin": [13.375, 9.0875, 18.89651]},
			"faces": {
				"north": {"uv": [7, 2.75, 7.25, 2.875], "texture": "#6"},
				"east": {"uv": [8.875, 7.5, 9.25, 7.625], "texture": "#6"},
				"south": {"uv": [7.375, 6.125, 7.625, 6.25], "texture": "#6"},
				"west": {"uv": [9, 3.5, 9.375, 3.625], "texture": "#6"},
				"up": {"uv": [4.875, 9.375, 4.625, 9], "texture": "#6"},
				"down": {"uv": [5.125, 9, 4.875, 9.375], "texture": "#6"}
			}
		},
		{
			"from": [12.25, 7.875, 15.52151],
			"to": [21.7675, 12.575, 20.02151],
			"rotation": {"angle": 45, "axis": "y", "origin": [13.375, 9.0875, 18.89651]},
			"faces": {
				"north": {"uv": [1.875, 6.375, 3.125, 7], "texture": "#6"},
				"east": {"uv": [5.5, 8.125, 6.125, 8.75], "texture": "#6"},
				"south": {"uv": [6.375, 6.25, 7.625, 6.875], "texture": "#6"},
				"west": {"uv": [8.125, 5.5, 8.75, 6.125], "texture": "#6"},
				"up": {"uv": [4.375, 7.125, 3.125, 6.5], "texture": "#6"},
				"down": {"uv": [1.875, 6.625, 0.625, 7.25], "texture": "#6"}
			}
		},
		{
			"from": [12.25, 11.675, 14.84651],
			"to": [18.6175, 16.4, 18.22151],
			"rotation": {"angle": 45, "axis": "y", "origin": [13.375, 9.0875, 17.09651]},
			"faces": {
				"north": {"uv": [0.75, 8, 1.5, 8.625], "texture": "#6"},
				"east": {"uv": [8.75, 3.625, 9.125, 4.25], "texture": "#6"},
				"south": {"uv": [4.75, 8, 5.5, 8.625], "texture": "#6"},
				"west": {"uv": [8.75, 4.25, 9.125, 4.875], "texture": "#6"},
				"up": {"uv": [3.375, 9, 2.625, 8.625], "texture": "#6"},
				"down": {"uv": [9.375, 2.75, 8.625, 3.125], "texture": "#6"}
			}
		},
		{
			"from": [11.125, 6.925, 13.7375],
			"to": [13.375, 12.575, 20.4875],
			"rotation": {"angle": 0, "axis": "y", "origin": [6.85, 10.325, 18.6875]},
			"faces": {
				"north": {"uv": [2.625, 9, 2.875, 9.75], "texture": "#6"},
				"east": {"uv": [3.5, 7.125, 4.375, 7.875], "texture": "#6"},
				"south": {"uv": [2.875, 9, 3.125, 9.75], "texture": "#6"},
				"west": {"uv": [7.125, 6.875, 8, 7.625], "texture": "#6"},
				"up": {"uv": [8.375, 9.625, 8.125, 8.75], "texture": "#6"},
				"down": {"uv": [8.625, 8.75, 8.375, 9.625], "texture": "#6"}
			}
		},
		{
			"from": [4.625, 6.925, 14.1875],
			"to": [11.15, 10.15, 20.4875],
			"rotation": {"angle": 0, "axis": "y", "origin": [7.775, 10.375, 18.6875]},
			"faces": {
				"north": {"uv": [8.375, 6.125, 9.25, 6.5], "texture": "#6"},
				"east": {"uv": [3.375, 8.625, 4.125, 9], "texture": "#6"},
				"south": {"uv": [8.5, 0.75, 9.375, 1.125], "texture": "#6"},
				"west": {"uv": [4.75, 8.625, 5.5, 9], "texture": "#6"},
				"up": {"uv": [1.5, 8, 0.625, 7.25], "texture": "#6"},
				"down": {"uv": [8.125, 4.375, 7.25, 5.125], "texture": "#6"}
			}
		},
		{
			"from": [2.375, 14.65, 1.8125],
			"to": [13.4, 18.2, 14.3625],
			"rotation": {"angle": 0, "axis": "y", "origin": [6.2625, 22.075, 10.25]},
			"faces": {
				"north": {"uv": [6.75, 3.375, 8.125, 3.875], "texture": "#6"},
				"east": {"uv": [5.375, 1.25, 7, 1.75], "texture": "#6"},
				"south": {"uv": [6.75, 3.875, 8.125, 4.375], "texture": "#6"},
				"west": {"uv": [5.375, 1.75, 7, 2.25], "texture": "#6"},
				"up": {"uv": [3.875, 1.625, 2.5, 0], "texture": "#6"},
				"down": {"uv": [3.875, 1.625, 2.5, 3.25], "texture": "#6"}
			}
		}
	],
	"gui_light": "front",
	"display": {
		"thirdperson_righthand": {
			"rotation": [0, 9, -82],
			"translation": [1.25, -1.75, 4],
			"scale": [0.6, 0.6, 0.6]
		},
		"thirdperson_lefthand": {
			"rotation": [0, 9, -82],
			"translation": [1.25, -1.75, 4],
			"scale": [0.6, 0.6, 0.6]
		},
		"firstperson_righthand": {
			"rotation": [61, 59, -116],
			"translation": [-3.5, -0.25, 2],
			"scale": [0.6, 0.6, 0.6]
		},
		"firstperson_lefthand": {
			"rotation": [61, 59, -116],
			"translation": [-3.5, -0.25, 2],
			"scale": [0.6, 0.6, 0.6]
		},
		"ground": {
			"rotation": [20, 0, 0],
			"translation": [0, 3.25, -0.5],
			"scale": [0.6, 0.6, 0.6]
		},
		"gui": {
			"rotation": [57, -24, 31],
			"translation": [0.25, -1, 0],
			"scale": [0.5, 0.5, 0.5]
		},
		"head": {
			"rotation": [15, 0, 0],
			"translation": [0, 2.75, -0.5],
			"scale": [0.8, 0.8, 0.8]
		},
		"fixed": {
			"rotation": [-90, -180, 0]
		}
	},
	"groups": [
		{
			"name": "body",
			"origin": [0, 15, 0],
			"color": 0,
			"children": [0, 1, 2, 3, 4, 5, 6, 7, 8, 9, 10, 11, 12, 13, 14, 15, 16, 17, 18, 19, 20, 21, 22, 23, 24, 25, 26, 27, 28]
		}
	]
}