{"elements":[{"from":[6.857143,1.1428566,6.285714],"to":[9.714286,1.7142854,9.142858],"rotation":{"angle":0.0,"axis":"y","origin":[8.0,1.1428566,8.0]},"faces":{"east":{"uv":[8.5,2.0,11.0,2.5],"rotation":0,"texture":"#0","tintindex":0},"south":{"uv":[9.5,6.5,12.0,7.0],"rotation":0,"texture":"#0","tintindex":0},"north":{"uv":[8.5,1.5,11.0,2.0],"rotation":0,"texture":"#0","tintindex":0},"west":{"uv":[0.0,10.0,2.5,10.5],"rotation":0,"texture":"#0","tintindex":0},"up":{"uv":[2.5,7.5,0.0,5.0],"rotation":0,"texture":"#0","tintindex":0},"down":{"uv":[5.0,5.0,2.5,7.5],"rotation":0,"texture":"#0","tintindex":0}}}],"textures":{"0":"modelengine:entity/anubis_pet_pillar"},"display":{"head":{"translation":[0.0,-6.4,0.0],"scale":[4.0,4.0,4.0]}}}