{"elements":[{"from":[6.857143,6.5714283,6.857143],"to":[9.142858,9.428572,9.142858],"rotation":{"angle":0.0,"axis":"y","origin":[7.714286,5.428571,8.285714]},"faces":{"east":{"uv":[0.0,7.5,2.0,10.0],"rotation":0,"texture":"#0","tintindex":0},"south":{"uv":[2.0,7.5,4.0,10.0],"rotation":0,"texture":"#0","tintindex":0},"north":{"uv":[6.0,2.5,8.0,5.0],"rotation":0,"texture":"#0","tintindex":0},"west":{"uv":[4.0,7.5,6.0,10.0],"rotation":0,"texture":"#0","tintindex":0},"up":{"uv":[9.5,7.0,7.5,5.0],"rotation":0,"texture":"#0","tintindex":0},"down":{"uv":[8.0,7.5,6.0,9.5],"rotation":0,"texture":"#0","tintindex":0}}}],"textures":{"0":"modelengine:entity/anubis_pet_pillar"},"display":{"head":{"translation":[0.0,-6.4,0.0],"scale":[4.0,4.0,4.0]}}}