{"elements":[{"from":[7.142857,6.857143,7.142857],"to":[8.857143,12.571428,8.857143],"rotation":{"angle":0.0,"axis":"y","origin":[7.714286,1.1428566,8.285714]},"faces":{"east":{"uv":[1.5,0.0,3.0,5.0],"rotation":0,"texture":"#0","tintindex":0},"south":{"uv":[3.0,0.0,4.5,5.0],"rotation":0,"texture":"#0","tintindex":0},"north":{"uv":[0.0,0.0,1.5,5.0],"rotation":0,"texture":"#0","tintindex":0},"west":{"uv":[4.5,0.0,6.0,5.0],"rotation":0,"texture":"#0","tintindex":0},"up":{"uv":[10.0,1.5,8.5,0.0],"rotation":0,"texture":"#0","tintindex":0},"down":{"uv":[9.5,9.0,8.0,10.5],"rotation":0,"texture":"#0","tintindex":0}}},{"from":[6.5714283,5.714286,6.5714283],"to":[9.428572,6.857143,9.428572],"rotation":{"angle":0.0,"axis":"y","origin":[7.714286,1.1428566,8.285714]},"faces":{"east":{"uv":[8.0,3.5,10.5,4.5],"rotation":0,"texture":"#0","tintindex":0},"south":{"uv":[8.0,7.0,10.5,8.0],"rotation":0,"texture":"#0","tintindex":0},"north":{"uv":[8.0,2.5,10.5,3.5],"rotation":0,"texture":"#0","tintindex":0},"west":{"uv":[8.0,8.0,10.5,9.0],"rotation":0,"texture":"#0","tintindex":0},"up":{"uv":[7.5,7.5,5.0,5.0],"rotation":0,"texture":"#0","tintindex":0},"down":{"uv":[8.5,0.0,6.0,2.5],"rotation":0,"texture":"#0","tintindex":0}}}],"textures":{"0":"modelengine:entity/anubis_pet_pillar"},"display":{"head":{"translation":[0.0,-6.4,0.0],"scale":[4.0,4.0,4.0]}}}