{"elements":[{"from":[6.285714,3.4285712,4.0],"to":[9.714286,8.0,8.0],"rotation":{"angle":0.0,"axis":"y","origin":[6.285714,5.714286,4.0]},"faces":{"east":{"uv":[6.5,4.0,6.9375,4.5],"rotation":0,"texture":"#2","tintindex":0},"south":{"uv":[6.5625,9.25,6.9375,9.75],"rotation":0,"texture":"#2","tintindex":0},"north":{"uv":[4.9375,9.25,5.3125,9.75],"rotation":0,"texture":"#2","tintindex":0},"west":{"uv":[9.1875,2.3125,9.625,2.8125],"rotation":0,"texture":"#2","tintindex":0},"up":{"uv":[2.4375,9.75,2.0625,9.3125],"rotation":0,"texture":"#2","tintindex":0},"down":{"uv":[9.6875,4.4375,9.3125,4.875],"rotation":0,"texture":"#2","tintindex":0}}},{"from":[6.285714,-6.285715,4.0],"to":[9.142858,3.4285712,8.0],"rotation":{"angle":0.0,"axis":"y","origin":[6.285714,1.1428566,4.0]},"faces":{"east":{"uv":[1.625,8.375,2.0625,9.4375],"rotation":0,"texture":"#2","tintindex":0},"south":{"uv":[2.6875,8.75,3.0,9.8125],"rotation":0,"texture":"#2","tintindex":0},"north":{"uv":[3.5625,8.5,3.875,9.5625],"rotation":0,"texture":"#2","tintindex":0},"west":{"uv":[3.9375,8.4375,4.375,9.5],"rotation":0,"texture":"#2","tintindex":0},"up":{"uv":[6.875,9.1875,6.5625,8.75],"rotation":0,"texture":"#2","tintindex":0},"down":{"uv":[5.625,9.3125,5.3125,9.75],"rotation":0,"texture":"#2","tintindex":0}}}],"textures":{"2":"modelengine:entity/azriel"},"display":{"head":{"translation":[0.0,-6.4,0.0],"scale":[4.0,4.0,4.0]}}}