{"elements":[{"from":[4.5714283,-6.285715,5.714286],"to":[8.0,4.5714283,9.714286],"rotation":{"angle":0.0,"axis":"y","origin":[4.5714283,3.4285712,5.714286]},"faces":{"east":{"uv":[4.5,8.0625,4.9375,9.25],"rotation":0,"texture":"#2","tintindex":0},"south":{"uv":[7.9375,8.4375,8.3125,9.625],"rotation":0,"texture":"#2","tintindex":0},"north":{"uv":[6.875,8.0625,7.25,9.25],"rotation":0,"texture":"#2","tintindex":0},"west":{"uv":[4.9375,8.0625,5.375,9.25],"rotation":0,"texture":"#2","tintindex":0},"up":{"uv":[2.625,5.6875,2.25,5.25],"rotation":0,"texture":"#2","tintindex":0},"down":{"uv":[7.9375,9.25,7.5625,9.6875],"rotation":0,"texture":"#2","tintindex":0}}},{"from":[4.0,4.5714283,5.142857],"to":[8.0,10.285714,10.285714],"rotation":{"angle":0.0,"axis":"y","origin":[4.5714283,9.142858,5.714286]},"faces":{"east":{"uv":[6.0,8.75,6.5625,9.375],"rotation":0,"texture":"#2","tintindex":0},"south":{"uv":[8.75,9.0625,9.1875,9.6875],"rotation":0,"texture":"#2","tintindex":0},"north":{"uv":[9.0625,5.1875,9.5,5.8125],"rotation":0,"texture":"#2","tintindex":0},"west":{"uv":[8.75,8.4375,9.3125,9.0625],"rotation":0,"texture":"#2","tintindex":0},"up":{"uv":[1.4375,9.6875,1.0,9.125],"rotation":0,"texture":"#2","tintindex":0},"down":{"uv":[9.625,1.375,9.1875,1.9375],"rotation":0,"texture":"#2","tintindex":0}}},{"from":[4.5714283,0.0,9.714286],"to":[4.5714283,10.285714,15.428572],"rotation":{"angle":0.0,"axis":"y","origin":[4.5714283,3.4285712,5.714286]},"faces":{"east":{"uv":[7.875,6.375,7.25,7.5],"rotation":0,"texture":"#2","tintindex":0},"south":{"uv":[0.0,0.0,0.0,1.125],"rotation":0,"texture":"#2","tintindex":0},"north":{"uv":[0.0,0.0,0.0,1.125],"rotation":0,"texture":"#2","tintindex":0},"west":{"uv":[7.25,6.375,7.875,7.5],"rotation":0,"texture":"#2","tintindex":0},"up":{"uv":[0.0,0.625,0.0,0.0],"rotation":0,"texture":"#2","tintindex":0},"down":{"uv":[0.0,0.0,0.0,0.625],"rotation":0,"texture":"#2","tintindex":0}}}],"textures":{"2":"modelengine:entity/azriel"},"display":{"head":{"translation":[0.0,-6.4,0.0],"scale":[4.0,4.0,4.0]}}}