{"elements":[{"from":[6.285714,8.0,6.285714],"to":[9.714286,11.428572,9.714286],"rotation":{"angle":0.0,"axis":"y","origin":[3.4285712,0.5714283,3.4285712]},"faces":{"east":{"uv":[0.0,3.0,3.0,6.0],"rotation":0,"texture":"#0","tintindex":0},"south":{"uv":[3.0,0.0,6.0,3.0],"rotation":0,"texture":"#0","tintindex":0},"north":{"uv":[0.0,0.0,3.0,3.0],"rotation":0,"texture":"#0","tintindex":0},"west":{"uv":[3.0,3.0,6.0,6.0],"rotation":0,"texture":"#0","tintindex":0},"up":{"uv":[3.0,9.0,0.0,6.0],"rotation":0,"texture":"#0","tintindex":0},"down":{"uv":[9.0,0.0,6.0,3.0],"rotation":0,"texture":"#0","tintindex":0}}},{"from":[6.857143,8.285714,6.2285714],"to":[9.142858,9.428572,6.2285714],"rotation":{"angle":0.0,"axis":"y","origin":[3.4285712,0.5714283,3.4285712]},"faces":{"east":{"uv":[0.0,3.0,3.0,6.0],"rotation":0,"texture":"#0","tintindex":0},"south":{"uv":[16.0,0.0,14.0,1.0],"rotation":0,"texture":"#0","tintindex":0},"north":{"uv":[14.0,0.0,16.0,1.0],"rotation":0,"texture":"#0","tintindex":0},"west":{"uv":[3.0,3.0,6.0,6.0],"rotation":0,"texture":"#0","tintindex":0},"up":{"uv":[3.0,9.0,0.0,6.0],"rotation":0,"texture":"#0","tintindex":0},"down":{"uv":[9.0,0.0,6.0,3.0],"rotation":0,"texture":"#0","tintindex":0}}},{"from":[9.857143,11.571428,9.857143],"to":[6.142857,7.857143,6.142857],"rotation":{"angle":0.0,"axis":"y","origin":[3.4285712,0.5714283,3.4285712]},"faces":{"east":{"uv":[15.5,15.5,16.0,16.0],"rotation":0,"texture":"#0","tintindex":0},"south":{"uv":[15.5,15.5,16.0,16.0],"rotation":0,"texture":"#0","tintindex":0},"north":{"uv":[15.5,15.5,16.0,16.0],"rotation":0,"texture":"#0","tintindex":0},"west":{"uv":[15.5,15.5,16.0,16.0],"rotation":0,"texture":"#0","tintindex":0},"up":{"uv":[15.5,15.5,16.0,16.0],"rotation":0,"texture":"#0","tintindex":0},"down":{"uv":[15.5,15.5,16.0,16.0],"rotation":0,"texture":"#0","tintindex":0}}},{"from":[7.714286,9.142858,5.714286],"to":[8.285714,10.285714,6.285714],"rotation":{"angle":22.5,"axis":"x","origin":[8.285714,9.142858,6.285714]},"faces":{"east":{"uv":[7.0,10.5,7.5,11.5],"rotation":0,"texture":"#0","tintindex":0},"south":{"uv":[10.5,7.0,11.0,8.0],"rotation":0,"texture":"#0","tintindex":0},"north":{"uv":[2.5,10.5,3.0,11.5],"rotation":0,"texture":"#0","tintindex":0},"west":{"uv":[7.5,10.5,8.0,11.5],"rotation":0,"texture":"#0","tintindex":0},"up":{"uv":[11.5,4.5,11.0,4.0],"rotation":0,"texture":"#0","tintindex":0},"down":{"uv":[11.5,4.5,11.0,5.0],"rotation":0,"texture":"#0","tintindex":0}}},{"from":[8.428572,10.428572,6.428571],"to":[7.5714283,9.0,5.5714283],"rotation":{"angle":22.5,"axis":"x","origin":[8.285714,9.142858,6.285714]},"faces":{"east":{"uv":[15.5,15.5,16.0,16.0],"rotation":0,"texture":"#0","tintindex":0},"south":{"uv":[15.5,15.5,16.0,16.0],"rotation":0,"texture":"#0","tintindex":0},"north":{"uv":[15.5,15.5,16.0,16.0],"rotation":0,"texture":"#0","tintindex":0},"west":{"uv":[15.5,15.5,16.0,16.0],"rotation":0,"texture":"#0","tintindex":0},"up":{"uv":[15.5,15.5,16.0,16.0],"rotation":0,"texture":"#0","tintindex":0},"down":{"uv":[15.5,15.0,16.0,15.5],"rotation":0,"texture":"#0","tintindex":0}}}],"textures":{"0":"modelengine:entity/coily"},"display":{"head":{"translation":[0.0,-6.4,0.0],"scale":[4.0,4.0,4.0]}}}