{"elements":[{"from":[-17.6,-17.6,8.0],"to":[33.6,33.6,8.0],"rotation":{"angle":0.0,"axis":"y","origin":[8.0,8.0,8.0]},"faces":{"east":{"uv":[5.0E-4,5.0E-4,5.0E-4,15.9995],"rotation":0,"texture":"#0","tintindex":0},"south":{"uv":[7.9995,2.0005,6.0005,3.9995],"rotation":0,"texture":"#0","tintindex":0},"north":{"uv":[6.0005,2.0005,7.9995,3.9995],"rotation":0,"texture":"#0","tintindex":0},"west":{"uv":[5.0E-4,5.0E-4,5.0E-4,15.9995],"rotation":0,"texture":"#0","tintindex":0},"up":{"uv":[5.0E-4,5.0E-4,15.9995,5.0E-4],"rotation":0,"texture":"#0","tintindex":0},"down":{"uv":[5.0E-4,5.0E-4,15.9995,5.0E-4],"rotation":0,"texture":"#0","tintindex":0}}},{"from":[8.0,-17.6,-17.6],"to":[8.0,33.6,33.6],"rotation":{"angle":0.0,"axis":"y","origin":[8.0,8.0,8.0]},"faces":{"east":{"uv":[7.9995,2.0005,6.0005,3.9995],"rotation":0,"texture":"#0","tintindex":0},"south":{"uv":[5.0E-4,5.0E-4,5.0E-4,15.9995],"rotation":0,"texture":"#0","tintindex":0},"north":{"uv":[5.0E-4,5.0E-4,5.0E-4,15.9995],"rotation":0,"texture":"#0","tintindex":0},"west":{"uv":[6.0005,2.0005,7.9995,3.9995],"rotation":0,"texture":"#0","tintindex":0},"up":{"uv":[5.0E-4,5.0E-4,15.9995,5.0E-4],"rotation":270,"texture":"#0","tintindex":0},"down":{"uv":[5.0E-4,5.0E-4,15.9995,5.0E-4],"rotation":90,"texture":"#0","tintindex":0}}}],"textures":{"0":"modelengine:entity/em_fey_venom_burst"},"display":{"head":{"translation":[0.0,-6.4,0.0],"scale":[4.0,4.0,4.0]}}}