{"elements":[{"from":[-14.0,8.0,-14.0],"to":[30.0,8.0,30.0],"rotation":{"angle":0.0,"axis":"y","origin":[8.0,8.0,8.0]},"faces":{"east":{"uv":[0.0,0.0,0.0,512.0],"rotation":90,"texture":"#missing","tintindex":0},"south":{"uv":[0.0,0.0,512.0,0.0],"rotation":0,"texture":"#missing","tintindex":0},"north":{"uv":[0.0,0.0,512.0,0.0],"rotation":180,"texture":"#missing","tintindex":0},"west":{"uv":[0.0,0.0,0.0,512.0],"rotation":270,"texture":"#missing","tintindex":0},"up":{"uv":[16.0,0.0,0.0,16.0],"rotation":0,"texture":"#0","tintindex":0},"down":{"uv":[0.0,0.0,16.0,16.0],"rotation":180,"texture":"#0","tintindex":0}}}],"textures":{"0":"modelengine:entity/fdefender_fireprojectile"},"display":{"head":{"translation":[0.0,-6.4,0.0],"scale":[4.0,4.0,4.0]}}}