{"elements":[{"from":[5.142857,12.0,6.857143],"to":[10.857143,14.857143,9.142858],"rotation":{"angle":0.0,"axis":"y","origin":[8.0,1.1428566,8.0]},"faces":{"east":{"uv":[5.129,6.129,5.621,6.746],"rotation":0,"texture":"#0","tintindex":0},"south":{"uv":[3.754,1.879,4.996,2.496],"rotation":0,"texture":"#0","tintindex":0},"north":{"uv":[3.754,1.129,4.996,1.746],"rotation":0,"texture":"#0","tintindex":0},"west":{"uv":[5.754,6.129,6.246,6.746],"rotation":0,"texture":"#0","tintindex":0},"up":{"uv":[6.371,2.246,5.129,1.754],"rotation":0,"texture":"#0","tintindex":0},"down":{"uv":[3.996,5.504,2.754,5.996],"rotation":0,"texture":"#0","tintindex":0}}},{"from":[5.714286,10.285714,6.857143],"to":[10.285714,12.0,9.142858],"rotation":{"angle":0.0,"axis":"y","origin":[8.0,1.1428566,8.0]},"faces":{"east":{"uv":[8.254,6.254,8.746,6.621],"rotation":0,"texture":"#0","tintindex":0},"south":{"uv":[6.129,1.004,7.121,1.371],"rotation":0,"texture":"#0","tintindex":0},"north":{"uv":[5.629,4.129,6.621,4.496],"rotation":0,"texture":"#0","tintindex":0},"west":{"uv":[8.254,6.754,8.746,7.121],"rotation":0,"texture":"#0","tintindex":0},"up":{"uv":[6.496,5.121,5.504,4.629],"rotation":0,"texture":"#0","tintindex":0},"down":{"uv":[6.121,5.504,5.129,5.996],"rotation":0,"texture":"#0","tintindex":0}}},{"from":[8.285714,8.0,6.857143],"to":[10.0,10.285714,9.142858],"rotation":{"angle":0.0,"axis":"y","origin":[8.0,1.1428566,8.0]},"faces":{"east":{"uv":[7.129,2.129,7.621,2.621],"rotation":0,"texture":"#0","tintindex":0},"south":{"uv":[7.504,8.254,7.871,8.746],"rotation":0,"texture":"#0","tintindex":0},"north":{"uv":[8.254,7.254,8.621,7.746],"rotation":0,"texture":"#0","tintindex":0},"west":{"uv":[2.504,7.129,2.996,7.621],"rotation":0,"texture":"#0","tintindex":0},"up":{"uv":[8.621,8.371,8.254,7.879],"rotation":0,"texture":"#0","tintindex":0},"down":{"uv":[0.371,8.379,0.004,8.871],"rotation":0,"texture":"#0","tintindex":0}}},{"from":[6.0,8.0,6.857143],"to":[7.714286,10.285714,9.142858],"rotation":{"angle":0.0,"axis":"y","origin":[8.0,1.1428566,8.0]},"faces":{"east":{"uv":[3.129,7.129,3.621,7.621],"rotation":0,"texture":"#0","tintindex":0},"south":{"uv":[1.879,8.379,2.246,8.871],"rotation":0,"texture":"#0","tintindex":0},"north":{"uv":[8.379,1.254,8.746,1.746],"rotation":0,"texture":"#0","tintindex":0},"west":{"uv":[7.004,7.129,7.496,7.621],"rotation":0,"texture":"#0","tintindex":0},"up":{"uv":[8.746,2.371,8.379,1.879],"rotation":0,"texture":"#0","tintindex":0},"down":{"uv":[2.746,8.379,2.379,8.871],"rotation":0,"texture":"#0","tintindex":0}}},{"from":[7.142857,6.857143,6.9],"to":[8.857143,8.0,9.1],"rotation":{"angle":0.0,"axis":"y","origin":[8.0,1.1428566,8.0]},"faces":{"east":{"uv":[3.129,7.129,3.61025,7.379],"rotation":0,"texture":"#0","tintindex":0},"south":{"uv":[1.879,8.379,2.254,8.629],"rotation":0,"texture":"#0","tintindex":0},"north":{"uv":[8.379,1.254,8.754,1.504],"rotation":0,"texture":"#0","tintindex":0},"west":{"uv":[7.004,7.129,7.48525,7.379],"rotation":0,"texture":"#0","tintindex":0},"up":{"uv":[8.746,2.371,8.379,1.879],"rotation":0,"texture":"#0","tintindex":0},"down":{"uv":[2.746,8.379,2.379,8.871],"rotation":0,"texture":"#0","tintindex":0}}},{"from":[7.714286,8.0,7.0],"to":[8.285714,10.285714,9.142858],"rotation":{"angle":0.0,"axis":"y","origin":[8.0,1.1428566,8.0]},"faces":{"east":{"uv":[0.629,7.254,1.121,7.746],"rotation":0,"texture":"#0","tintindex":0},"south":{"uv":[1.254,11.254,1.371,11.746],"rotation":0,"texture":"#0","tintindex":0},"north":{"uv":[9.121,7.621,8.754,7.254],"rotation":0,"texture":"#0","tintindex":0},"west":{"uv":[7.254,0.629,7.746,1.121],"rotation":0,"texture":"#0","tintindex":0},"up":{"uv":[11.371,2.246,11.254,1.754],"rotation":0,"texture":"#0","tintindex":0},"down":{"uv":[2.121,11.254,2.004,11.746],"rotation":0,"texture":"#0","tintindex":0}}},{"from":[6.1571426,9.928572,6.9942856],"to":[7.8714285,10.214286,6.9942856],"rotation":{"angle":0.0,"axis":"y","origin":[6.857143,0.0,8.0]},"faces":{"east":{"uv":[14.367,2.742,14.25,2.25],"rotation":270,"texture":"#0","tintindex":0},"south":{"uv":[14.367,2.742,14.25,2.25],"rotation":270,"texture":"#0","tintindex":0},"north":{"uv":[9.121,7.621,8.754,7.254],"rotation":0,"texture":"#0","tintindex":0},"west":{"uv":[14.367,2.742,14.25,2.25],"rotation":270,"texture":"#0","tintindex":0},"up":{"uv":[14.367,2.742,14.25,2.25],"rotation":270,"texture":"#0","tintindex":0},"down":{"uv":[14.367,2.742,14.25,2.25],"rotation":270,"texture":"#0","tintindex":0}}},{"from":[6.1571426,9.514286,6.9942856],"to":[7.8714285,9.8,6.9942856],"rotation":{"angle":0.0,"axis":"y","origin":[6.857143,0.0,8.0]},"faces":{"east":{"uv":[14.367,2.742,14.25,2.25],"rotation":270,"texture":"#0","tintindex":0},"south":{"uv":[14.367,2.742,14.25,2.25],"rotation":270,"texture":"#0","tintindex":0},"north":{"uv":[9.121,7.621,8.754,7.254],"rotation":0,"texture":"#0","tintindex":0},"west":{"uv":[14.367,2.742,14.25,2.25],"rotation":270,"texture":"#0","tintindex":0},"up":{"uv":[14.367,2.742,14.25,2.25],"rotation":270,"texture":"#0","tintindex":0},"down":{"uv":[14.367,2.742,14.25,2.25],"rotation":270,"texture":"#0","tintindex":0}}},{"from":[8.1285715,9.514286,6.9942856],"to":[9.842857,9.8,6.9942856],"rotation":{"angle":0.0,"axis":"y","origin":[6.857143,0.0,8.0]},"faces":{"east":{"uv":[14.367,2.742,14.25,2.25],"rotation":270,"texture":"#0","tintindex":0},"south":{"uv":[14.367,2.742,14.25,2.25],"rotation":270,"texture":"#0","tintindex":0},"north":{"uv":[9.121,7.621,8.754,7.254],"rotation":0,"texture":"#0","tintindex":0},"west":{"uv":[14.367,2.742,14.25,2.25],"rotation":270,"texture":"#0","tintindex":0},"up":{"uv":[14.367,2.742,14.25,2.25],"rotation":270,"texture":"#0","tintindex":0},"down":{"uv":[14.367,2.742,14.25,2.25],"rotation":270,"texture":"#0","tintindex":0}}},{"from":[8.1285715,9.928572,6.9942856],"to":[9.842857,10.214286,6.9942856],"rotation":{"angle":0.0,"axis":"y","origin":[6.857143,0.0,8.0]},"faces":{"east":{"uv":[14.367,2.742,14.25,2.25],"rotation":270,"texture":"#0","tintindex":0},"south":{"uv":[14.367,2.742,14.25,2.25],"rotation":270,"texture":"#0","tintindex":0},"north":{"uv":[9.121,7.621,8.754,7.254],"rotation":0,"texture":"#0","tintindex":0},"west":{"uv":[14.367,2.742,14.25,2.25],"rotation":270,"texture":"#0","tintindex":0},"up":{"uv":[14.367,2.742,14.25,2.25],"rotation":270,"texture":"#0","tintindex":0},"down":{"uv":[14.367,2.742,14.25,2.25],"rotation":270,"texture":"#0","tintindex":0}}},{"from":[7.714286,8.0,6.985714],"to":[8.285714,8.571428,9.1285715],"rotation":{"angle":0.0,"axis":"y","origin":[8.0,1.1428566,8.0]},"faces":{"east":{"uv":[0.629,7.254,1.121,7.746],"rotation":0,"texture":"#0","tintindex":0},"south":{"uv":[1.254,11.254,1.371,11.746],"rotation":0,"texture":"#0","tintindex":0},"north":{"uv":[1.0,11.25,1.125,11.375],"rotation":0,"texture":"#0","tintindex":0},"west":{"uv":[7.254,0.629,7.746,1.121],"rotation":0,"texture":"#0","tintindex":0},"up":{"uv":[11.371,2.246,11.254,1.754],"rotation":0,"texture":"#0","tintindex":0},"down":{"uv":[2.121,11.254,2.004,11.746],"rotation":0,"texture":"#0","tintindex":0}}},{"from":[6.285714,12.0,6.285714],"to":[9.714286,14.857143,6.857143],"rotation":{"angle":0.0,"axis":"y","origin":[8.0,1.1428566,8.0]},"faces":{"east":{"uv":[4.504,11.004,4.621,11.621],"rotation":0,"texture":"#0","tintindex":0},"south":{"uv":[5.629,2.379,6.371,2.996],"rotation":0,"texture":"#0","tintindex":0},"north":{"uv":[0.004,5.629,0.746,6.246],"rotation":0,"texture":"#0","tintindex":0},"west":{"uv":[6.129,11.004,6.246,11.621],"rotation":0,"texture":"#0","tintindex":0},"up":{"uv":[10.871,9.121,10.129,9.004],"rotation":0,"texture":"#0","tintindex":0},"down":{"uv":[10.996,10.004,10.254,10.121],"rotation":0,"texture":"#0","tintindex":0}}},{"from":[9.428572,12.0,6.404061],"to":[10.0,14.857143,6.9754896],"rotation":{"angle":-45.0,"axis":"y","origin":[9.714286,13.428572,6.6897755]},"faces":{"east":{"uv":[8.129,11.004,8.246,11.621],"rotation":0,"texture":"#0","tintindex":0},"south":{"uv":[10.254,11.004,10.371,11.621],"rotation":0,"texture":"#0","tintindex":0},"north":{"uv":[7.879,11.004,7.996,11.621],"rotation":0,"texture":"#0","tintindex":0},"west":{"uv":[10.504,11.004,10.621,11.621],"rotation":0,"texture":"#0","tintindex":0},"up":{"uv":[9.996,12.871,9.879,12.754],"rotation":0,"texture":"#0","tintindex":0},"down":{"uv":[10.246,12.754,10.129,12.871],"rotation":0,"texture":"#0","tintindex":0}}},{"from":[6.0,12.0,6.404061],"to":[6.5714283,14.857143,6.9754896],"rotation":{"angle":45.0,"axis":"y","origin":[6.285714,13.428572,6.6897755]},"faces":{"east":{"uv":[11.004,11.004,11.121,11.621],"rotation":0,"texture":"#0","tintindex":0},"south":{"uv":[1.754,11.129,1.871,11.746],"rotation":0,"texture":"#0","tintindex":0},"north":{"uv":[10.754,11.004,10.871,11.621],"rotation":0,"texture":"#0","tintindex":0},"west":{"uv":[4.754,11.129,4.871,11.746],"rotation":0,"texture":"#0","tintindex":0},"up":{"uv":[10.496,12.871,10.379,12.754],"rotation":0,"texture":"#0","tintindex":0},"down":{"uv":[12.871,10.379,12.754,10.496],"rotation":0,"texture":"#0","tintindex":0}}},{"from":[6.285714,11.714286,6.404061],"to":[9.714286,12.285715,6.9754896],"rotation":{"angle":-45.0,"axis":"x","origin":[8.285714,12.0,6.6897755]},"faces":{"east":{"uv":[10.629,12.754,10.746,12.871],"rotation":0,"texture":"#0","tintindex":0},"south":{"uv":[10.379,5.879,11.121,5.996],"rotation":0,"texture":"#0","tintindex":0},"north":{"uv":[10.379,5.629,11.121,5.746],"rotation":0,"texture":"#0","tintindex":0},"west":{"uv":[10.879,12.754,10.996,12.871],"rotation":0,"texture":"#0","tintindex":0},"up":{"uv":[11.121,6.246,10.379,6.129],"rotation":0,"texture":"#0","tintindex":0},"down":{"uv":[11.121,6.379,10.379,6.496],"rotation":0,"texture":"#0","tintindex":0}}},{"from":[6.285714,10.857143,9.142858],"to":[9.714286,14.857143,9.714286],"rotation":{"angle":0.0,"axis":"y","origin":[8.0,0.0,8.0]},"faces":{"east":{"uv":[0.504,10.004,0.621,10.871],"rotation":0,"texture":"#0","tintindex":0},"south":{"uv":[1.879,5.504,2.621,6.371],"rotation":0,"texture":"#0","tintindex":0},"north":{"uv":[1.004,5.504,1.746,6.371],"rotation":0,"texture":"#0","tintindex":0},"west":{"uv":[0.754,10.004,0.871,10.871],"rotation":0,"texture":"#0","tintindex":0},"up":{"uv":[11.621,6.746,10.879,6.629],"rotation":0,"texture":"#0","tintindex":0},"down":{"uv":[9.121,10.879,8.379,10.996],"rotation":0,"texture":"#0","tintindex":0}}},{"from":[6.857143,9.142858,9.142858],"to":[9.142858,10.857143,9.714286],"rotation":{"angle":0.0,"axis":"y","origin":[8.0,-3.4285717,8.0]},"faces":{"east":{"uv":[4.129,12.129,4.246,12.496],"rotation":0,"texture":"#0","tintindex":0},"south":{"uv":[5.629,8.629,6.121,8.996],"rotation":0,"texture":"#0","tintindex":0},"north":{"uv":[5.004,8.629,5.496,8.996],"rotation":0,"texture":"#0","tintindex":0},"west":{"uv":[6.879,12.129,6.996,12.496],"rotation":0,"texture":"#0","tintindex":0},"up":{"uv":[12.246,8.496,11.754,8.379],"rotation":0,"texture":"#0","tintindex":0},"down":{"uv":[12.246,9.754,11.754,9.871],"rotation":0,"texture":"#0","tintindex":0}}},{"from":[6.0,10.857143,9.02451],"to":[6.5714283,14.857143,9.595939],"rotation":{"angle":-45.0,"axis":"y","origin":[6.285714,12.285715,9.310225]},"faces":{"east":{"uv":[9.254,9.879,9.371,10.746],"rotation":0,"texture":"#0","tintindex":0},"south":{"uv":[0.004,10.004,0.121,10.871],"rotation":0,"texture":"#0","tintindex":0},"north":{"uv":[9.004,9.879,9.121,10.746],"rotation":0,"texture":"#0","tintindex":0},"west":{"uv":[0.254,10.004,0.371,10.871],"rotation":0,"texture":"#0","tintindex":0},"up":{"uv":[11.996,12.996,11.879,12.879],"rotation":0,"texture":"#0","tintindex":0},"down":{"uv":[12.996,11.879,12.879,11.996],"rotation":0,"texture":"#0","tintindex":0}}},{"from":[6.285714,10.571428,9.02451],"to":[9.714286,11.142858,9.595939],"rotation":{"angle":45.0,"axis":"x","origin":[8.285714,10.857143,9.310225]},"faces":{"east":{"uv":[11.629,12.879,11.746,12.996],"rotation":0,"texture":"#0","tintindex":0},"south":{"uv":[10.879,0.004,11.621,0.121],"rotation":0,"texture":"#0","tintindex":0},"north":{"uv":[10.754,4.504,11.496,4.621],"rotation":0,"texture":"#0","tintindex":0},"west":{"uv":[12.879,11.629,12.996,11.746],"rotation":0,"texture":"#0","tintindex":0},"up":{"uv":[11.621,5.121,10.879,5.004],"rotation":0,"texture":"#0","tintindex":0},"down":{"uv":[7.246,10.879,6.504,10.996],"rotation":0,"texture":"#0","tintindex":0}}},{"from":[6.8599997,8.285714,9.02451],"to":[9.14,9.428572,9.595939],"rotation":{"angle":45.0,"axis":"x","origin":[8.285714,9.142858,9.310225]},"faces":{"east":{"uv":[8.254,12.504,8.371,12.746],"rotation":0,"texture":"#0","tintindex":0},"south":{"uv":[9.379,1.504,9.871,1.746],"rotation":0,"texture":"#0","tintindex":0},"north":{"uv":[9.379,1.129,9.871,1.371],"rotation":0,"texture":"#0","tintindex":0},"west":{"uv":[9.129,12.504,9.246,12.746],"rotation":0,"texture":"#0","tintindex":0},"up":{"uv":[10.746,11.871,10.254,11.754],"rotation":0,"texture":"#0","tintindex":0},"down":{"uv":[11.371,11.754,10.879,11.871],"rotation":0,"texture":"#0","tintindex":0}}},{"from":[7.428571,12.0,9.714286],"to":[8.571428,14.857143,10.285714],"rotation":{"angle":0.0,"axis":"y","origin":[8.0,0.5714283,8.571428]},"faces":{"east":{"uv":[6.379,11.129,6.496,11.746],"rotation":0,"texture":"#0","tintindex":0},"south":{"uv":[3.629,8.754,3.871,9.371],"rotation":0,"texture":"#0","tintindex":0},"north":{"uv":[8.629,8.504,8.871,9.121],"rotation":0,"texture":"#0","tintindex":0},"west":{"uv":[6.629,11.129,6.746,11.746],"rotation":0,"texture":"#0","tintindex":0},"up":{"uv":[0.621,12.746,0.379,12.629],"rotation":0,"texture":"#0","tintindex":0},"down":{"uv":[0.996,12.629,0.754,12.746],"rotation":0,"texture":"#0","tintindex":0}}},{"from":[7.4314284,11.142858,9.595939],"to":[8.568571,12.285715,10.167368],"rotation":{"angle":45.0,"axis":"x","origin":[8.285714,12.0,9.881653]},"faces":{"east":{"uv":[11.754,12.504,11.871,12.746],"rotation":0,"texture":"#0","tintindex":0},"south":{"uv":[0.004,11.879,0.246,12.121],"rotation":0,"texture":"#0","tintindex":0},"north":{"uv":[11.504,11.754,11.746,11.996],"rotation":0,"texture":"#0","tintindex":0},"west":{"uv":[12.004,12.504,12.121,12.746],"rotation":0,"texture":"#0","tintindex":0},"up":{"uv":[12.496,12.621,12.254,12.504],"rotation":0,"texture":"#0","tintindex":0},"down":{"uv":[0.246,12.629,0.004,12.746],"rotation":0,"texture":"#0","tintindex":0}}},{"from":[9.428572,10.857143,9.02451],"to":[10.0,14.857143,9.595939],"rotation":{"angle":45.0,"axis":"y","origin":[9.714286,12.285715,9.310225]},"faces":{"east":{"uv":[3.879,9.879,3.996,10.746],"rotation":0,"texture":"#0","tintindex":0},"south":{"uv":[8.504,9.879,8.621,10.746],"rotation":0,"texture":"#0","tintindex":0},"north":{"uv":[3.254,9.879,3.371,10.746],"rotation":0,"texture":"#0","tintindex":0},"west":{"uv":[8.754,9.879,8.871,10.746],"rotation":0,"texture":"#0","tintindex":0},"up":{"uv":[12.996,11.246,12.879,11.129],"rotation":0,"texture":"#0","tintindex":0},"down":{"uv":[12.996,11.379,12.879,11.496],"rotation":0,"texture":"#0","tintindex":0}}},{"from":[7.3389406,13.636549,6.862857],"to":[7.910369,14.207978,9.137143],"rotation":{"angle":-45.0,"axis":"z","origin":[2.4817972,13.922264,8.857143]},"faces":{"east":{"uv":[11.129,9.879,11.621,9.996],"rotation":0,"texture":"#0","tintindex":0},"south":{"uv":[11.379,12.754,11.496,12.871],"rotation":0,"texture":"#0","tintindex":0},"north":{"uv":[11.129,12.754,11.246,12.871],"rotation":0,"texture":"#0","tintindex":0},"west":{"uv":[2.254,11.254,2.746,11.371],"rotation":0,"texture":"#0","tintindex":0},"up":{"uv":[11.371,2.871,11.254,2.379],"rotation":0,"texture":"#0","tintindex":0},"down":{"uv":[2.996,11.254,2.879,11.746],"rotation":0,"texture":"#0","tintindex":0}}},{"from":[8.089631,13.636549,6.862857],"to":[8.661059,14.207978,9.137143],"rotation":{"angle":45.0,"axis":"z","origin":[13.518203,13.922264,8.857143]},"faces":{"east":{"uv":[11.254,3.004,11.746,3.121],"rotation":0,"texture":"#0","tintindex":0},"south":{"uv":[12.504,12.754,12.621,12.871],"rotation":0,"texture":"#0","tintindex":0},"north":{"uv":[12.254,12.754,12.371,12.871],"rotation":0,"texture":"#0","tintindex":0},"west":{"uv":[3.754,11.254,4.246,11.371],"rotation":0,"texture":"#0","tintindex":0},"up":{"uv":[3.246,11.746,3.129,11.254],"rotation":0,"texture":"#0","tintindex":0},"down":{"uv":[11.371,3.754,11.254,4.246],"rotation":0,"texture":"#0","tintindex":0}}},{"from":[8.489631,15.350836,6.862857],"to":[9.06106,15.922264,9.137143],"rotation":{"angle":45.0,"axis":"z","origin":[13.918203,15.636549,8.857143]},"faces":{"east":{"uv":[11.754,4.754,12.246,4.871],"rotation":0,"texture":"#0","tintindex":0},"south":{"uv":[12.879,10.004,12.996,10.121],"rotation":0,"texture":"#0","tintindex":0},"north":{"uv":[12.879,9.754,12.996,9.871],"rotation":0,"texture":"#0","tintindex":0},"west":{"uv":[11.754,5.004,12.246,5.121],"rotation":0,"texture":"#0","tintindex":0},"up":{"uv":[6.246,12.246,6.129,11.754],"rotation":0,"texture":"#0","tintindex":0},"down":{"uv":[7.871,11.754,7.754,12.246],"rotation":0,"texture":"#0","tintindex":0}}},{"from":[6.9389405,15.350836,6.862857],"to":[7.510369,15.922264,9.137143],"rotation":{"angle":-45.0,"axis":"z","origin":[2.0817971,15.636549,8.857143]},"faces":{"east":{"uv":[11.754,6.504,12.246,6.621],"rotation":0,"texture":"#0","tintindex":0},"south":{"uv":[12.879,10.879,12.996,10.996],"rotation":0,"texture":"#0","tintindex":0},"north":{"uv":[12.879,10.629,12.996,10.746],"rotation":0,"texture":"#0","tintindex":0},"west":{"uv":[8.004,11.754,8.496,11.871],"rotation":0,"texture":"#0","tintindex":0},"up":{"uv":[8.746,12.246,8.629,11.754],"rotation":0,"texture":"#0","tintindex":0},"down":{"uv":[9.621,11.754,9.504,12.246],"rotation":0,"texture":"#0","tintindex":0}}}],"textures":{"0":"modelengine:entity/fallenwarden1"},"display":{"head":{"translation":[0.0,-6.4,0.0],"scale":[4.0,4.0,4.0]}}}