{"elements":[{"from":[7.0515776,5.9486456,7.089789],"to":[9.337292,8.234361,9.375504],"rotation":{"angle":0.0,"axis":"y","origin":[4.7658634,0.8057885,8.232646]},"faces":{"east":{"uv":[3.754,7.629,4.246,8.121],"rotation":0,"texture":"#0","tintindex":0},"south":{"uv":[7.629,5.754,8.121,6.246],"rotation":0,"texture":"#0","tintindex":0},"north":{"uv":[5.254,7.504,5.746,7.996],"rotation":0,"texture":"#0","tintindex":0},"west":{"uv":[7.629,6.379,8.121,6.871],"rotation":0,"texture":"#0","tintindex":0},"up":{"uv":[8.121,7.496,7.629,7.004],"rotation":0,"texture":"#0","tintindex":0},"down":{"uv":[8.121,7.629,7.629,8.121],"rotation":0,"texture":"#0","tintindex":0}}}],"textures":{"0":"modelengine:entity/fallenwarden1"},"display":{"head":{"translation":[0.0,-6.4,0.0],"scale":[4.0,4.0,4.0]}}}