{"elements":[{"from":[6.857143,5.714286,6.857143],"to":[9.142858,8.571428,9.142858],"rotation":{"angle":0.0,"axis":"y","origin":[6.9142857,0.5714283,8.0]},"faces":{"east":{"uv":[0.629,6.504,1.121,7.121],"rotation":0,"texture":"#0","tintindex":0},"south":{"uv":[1.254,6.504,1.746,7.121],"rotation":0,"texture":"#0","tintindex":0},"north":{"uv":[6.379,6.004,6.871,6.621],"rotation":0,"texture":"#0","tintindex":0},"west":{"uv":[6.504,1.504,6.996,2.121],"rotation":0,"texture":"#0","tintindex":0},"up":{"uv":[6.996,8.246,6.504,7.754],"rotation":0,"texture":"#0","tintindex":0},"down":{"uv":[1.121,7.879,0.629,8.371],"rotation":0,"texture":"#0","tintindex":0}}},{"from":[7.0,4.5714283,7.142857],"to":[8.714286,5.714286,8.857143],"rotation":{"angle":0.0,"axis":"y","origin":[6.9142857,0.5714283,8.0]},"faces":{"east":{"uv":[9.121,7.621,8.754,7.254],"rotation":0,"texture":"#0","tintindex":0},"south":{"uv":[9.121,7.621,8.754,7.254],"rotation":0,"texture":"#0","tintindex":0},"north":{"uv":[9.121,7.621,8.754,7.254],"rotation":0,"texture":"#0","tintindex":0},"west":{"uv":[9.121,7.621,8.754,7.254],"rotation":0,"texture":"#0","tintindex":0},"up":{"uv":[1.871,9.371,1.504,9.004],"rotation":0,"texture":"#0","tintindex":0},"down":{"uv":[0.0,4.0,6.0,8.0],"rotation":0,"texture":"#1","tintindex":0}}}],"textures":{"0":"modelengine:entity/fallenwarden1","1":"modelengine:entity/boneshadin1"},"display":{"head":{"translation":[0.0,-6.4,0.0],"scale":[4.0,4.0,4.0]}}}