{"elements":[{"from":[6.857143,5.714286,6.857143],"to":[9.142858,8.571428,9.142858],"rotation":{"angle":0.0,"axis":"y","origin":[6.9142857,0.5714283,8.0]},"faces":{"east":{"uv":[5.879,0.754,6.371,1.371],"rotation":0,"texture":"#4","tintindex":0},"south":{"uv":[5.004,5.879,5.496,6.496],"rotation":0,"texture":"#4","tintindex":0},"north":{"uv":[5.879,0.004,6.371,0.621],"rotation":0,"texture":"#4","tintindex":0},"west":{"uv":[1.254,6.004,1.746,6.621],"rotation":0,"texture":"#4","tintindex":0},"up":{"uv":[1.121,7.496,0.629,7.004],"rotation":0,"texture":"#4","tintindex":0},"down":{"uv":[2.996,7.004,2.504,7.496],"rotation":0,"texture":"#4","tintindex":0}}},{"from":[7.0,4.5714283,7.142857],"to":[8.714286,5.714286,8.857143],"rotation":{"angle":0.0,"axis":"y","origin":[6.9142857,0.5714283,8.0]},"faces":{"east":{"uv":[0.004,4.004,5.996,7.996],"rotation":0,"texture":"#0","tintindex":0},"south":{"uv":[0.004,4.004,5.996,7.996],"rotation":0,"texture":"#0","tintindex":0},"north":{"uv":[5.996,4.004,0.004,7.996],"rotation":0,"texture":"#0","tintindex":0},"west":{"uv":[0.004,4.004,5.996,7.996],"rotation":0,"texture":"#0","tintindex":0},"up":{"uv":[14.968,74.968,12.032,72.032],"rotation":0,"texture":"#missing","tintindex":0},"down":{"uv":[0.004,4.004,5.996,7.996],"rotation":0,"texture":"#0","tintindex":0}}}],"textures":{"0":"modelengine:entity/boneshadin2herald","4":"modelengine:entity/fallenheraldxd"},"display":{"head":{"translation":[0.0,-6.4,0.0],"scale":[4.0,4.0,4.0]}}}