{"elements":[{"from":[8.714286,8.571428,6.857143],"to":[9.2576,9.142858,7.428571],"rotation":{"angle":0.0,"axis":"y","origin":[8.985943,8.857143,7.1424313]},"faces":{"east":{"uv":[14.129,0.504,14.246,0.621],"rotation":0,"texture":"#4","tintindex":0},"south":{"uv":[14.129,0.754,14.246,0.871],"rotation":0,"texture":"#4","tintindex":0},"north":{"uv":[0.004,14.129,0.121,14.246],"rotation":0,"texture":"#4","tintindex":0},"west":{"uv":[14.129,1.004,14.246,1.121],"rotation":0,"texture":"#4","tintindex":0},"up":{"uv":[14.246,1.371,14.129,1.254],"rotation":0,"texture":"#4","tintindex":0},"down":{"uv":[14.246,1.754,14.129,1.871],"rotation":0,"texture":"#4","tintindex":0}}},{"from":[8.714286,8.571428,8.571428],"to":[9.2576,9.142858,9.142858],"rotation":{"angle":0.0,"axis":"y","origin":[8.985943,8.857143,8.857569]},"faces":{"east":{"uv":[14.004,12.254,14.121,12.371],"rotation":0,"texture":"#4","tintindex":0},"south":{"uv":[12.379,14.004,12.496,14.121],"rotation":0,"texture":"#4","tintindex":0},"north":{"uv":[11.879,14.004,11.996,14.121],"rotation":0,"texture":"#4","tintindex":0},"west":{"uv":[13.004,14.004,13.121,14.121],"rotation":0,"texture":"#4","tintindex":0},"up":{"uv":[14.121,13.121,14.004,13.004],"rotation":0,"texture":"#4","tintindex":0},"down":{"uv":[13.371,14.004,13.254,14.121],"rotation":0,"texture":"#4","tintindex":0}}},{"from":[8.717371,8.858046,7.1427326],"to":[9.254515,9.260903,8.117018],"rotation":{"angle":-45.0,"axis":"x","origin":[8.985943,8.857143,7.1424313]},"faces":{"east":{"uv":[13.254,4.754,13.496,4.871],"rotation":0,"texture":"#4","tintindex":0},"south":{"uv":[11.129,14.004,11.246,14.121],"rotation":0,"texture":"#4","tintindex":0},"north":{"uv":[14.004,10.879,14.121,10.996],"rotation":0,"texture":"#4","tintindex":0},"west":{"uv":[5.504,13.254,5.746,13.371],"rotation":0,"texture":"#4","tintindex":0},"up":{"uv":[13.371,7.246,13.254,7.004],"rotation":0,"texture":"#4","tintindex":0},"down":{"uv":[7.496,13.254,7.379,13.496],"rotation":0,"texture":"#4","tintindex":0}}},{"from":[8.717371,8.858046,7.882982],"to":[9.254515,9.260903,8.857267],"rotation":{"angle":45.0,"axis":"x","origin":[8.985943,8.857143,8.857569]},"faces":{"east":{"uv":[13.254,3.004,13.496,3.121],"rotation":0,"texture":"#4","tintindex":0},"south":{"uv":[10.879,14.004,10.996,14.121],"rotation":0,"texture":"#4","tintindex":0},"north":{"uv":[10.629,14.004,10.746,14.121],"rotation":0,"texture":"#4","tintindex":0},"west":{"uv":[3.254,13.254,3.496,13.371],"rotation":0,"texture":"#4","tintindex":0},"up":{"uv":[13.371,4.371,13.254,4.129],"rotation":0,"texture":"#4","tintindex":0},"down":{"uv":[4.621,13.254,4.504,13.496],"rotation":0,"texture":"#4","tintindex":0}}},{"from":[7.857143,8.571428,8.571428],"to":[8.400457,9.142858,9.142858],"rotation":{"angle":0.0,"axis":"y","origin":[8.1288,8.857143,8.857569]},"faces":{"east":{"uv":[14.004,9.504,14.121,9.621],"rotation":0,"texture":"#4","tintindex":0},"south":{"uv":[9.629,14.004,9.746,14.121],"rotation":0,"texture":"#4","tintindex":0},"north":{"uv":[9.379,14.004,9.496,14.121],"rotation":0,"texture":"#4","tintindex":0},"west":{"uv":[9.879,14.004,9.996,14.121],"rotation":0,"texture":"#4","tintindex":0},"up":{"uv":[10.246,14.121,10.129,14.004],"rotation":0,"texture":"#4","tintindex":0},"down":{"uv":[10.496,14.004,10.379,14.121],"rotation":0,"texture":"#4","tintindex":0}}},{"from":[7.8602285,8.858046,7.882982],"to":[8.397371,9.260903,8.857267],"rotation":{"angle":45.0,"axis":"x","origin":[8.1288,8.857143,8.857569]},"faces":{"east":{"uv":[13.254,0.504,13.496,0.621],"rotation":0,"texture":"#4","tintindex":0},"south":{"uv":[14.004,9.004,14.121,9.121],"rotation":0,"texture":"#4","tintindex":0},"north":{"uv":[8.879,14.004,8.996,14.121],"rotation":0,"texture":"#4","tintindex":0},"west":{"uv":[0.629,13.254,0.871,13.371],"rotation":0,"texture":"#4","tintindex":0},"up":{"uv":[2.871,13.496,2.754,13.254],"rotation":0,"texture":"#4","tintindex":0},"down":{"uv":[3.121,13.254,3.004,13.496],"rotation":0,"texture":"#4","tintindex":0}}},{"from":[7.8602285,8.858046,7.1427326],"to":[8.397371,9.260903,8.117018],"rotation":{"angle":-45.0,"axis":"x","origin":[8.1288,8.857143,7.1424313]},"faces":{"east":{"uv":[11.379,13.129,11.621,13.246],"rotation":0,"texture":"#4","tintindex":0},"south":{"uv":[14.004,8.754,14.121,8.871],"rotation":0,"texture":"#4","tintindex":0},"north":{"uv":[14.004,8.504,14.121,8.621],"rotation":0,"texture":"#4","tintindex":0},"west":{"uv":[13.129,12.379,13.371,12.496],"rotation":0,"texture":"#4","tintindex":0},"up":{"uv":[12.746,13.371,12.629,13.129],"rotation":0,"texture":"#4","tintindex":0},"down":{"uv":[0.121,13.254,0.004,13.496],"rotation":0,"texture":"#4","tintindex":0}}},{"from":[7.857143,8.571428,6.857143],"to":[8.400457,9.142858,7.428571],"rotation":{"angle":0.0,"axis":"y","origin":[8.1288,8.857143,7.1424313]},"faces":{"east":{"uv":[7.004,14.004,7.121,14.121],"rotation":0,"texture":"#4","tintindex":0},"south":{"uv":[14.004,7.004,14.121,7.121],"rotation":0,"texture":"#4","tintindex":0},"north":{"uv":[14.004,6.754,14.121,6.871],"rotation":0,"texture":"#4","tintindex":0},"west":{"uv":[7.629,14.004,7.746,14.121],"rotation":0,"texture":"#4","tintindex":0},"up":{"uv":[14.121,8.121,14.004,8.004],"rotation":0,"texture":"#4","tintindex":0},"down":{"uv":[14.121,8.254,14.004,8.371],"rotation":0,"texture":"#4","tintindex":0}}},{"from":[7.714286,5.714286,6.857143],"to":[10.0,8.0,9.142858],"rotation":{"angle":0.0,"axis":"y","origin":[5.428571,-5.1428576,8.0]},"faces":{"east":{"uv":[0.629,7.629,1.121,8.121],"rotation":0,"texture":"#4","tintindex":0},"south":{"uv":[2.504,7.629,2.996,8.121],"rotation":0,"texture":"#4","tintindex":0},"north":{"uv":[7.504,7.504,7.996,7.996],"rotation":0,"texture":"#4","tintindex":0},"west":{"uv":[3.129,7.629,3.621,8.121],"rotation":0,"texture":"#4","tintindex":0},"up":{"uv":[7.371,8.121,6.879,7.629],"rotation":0,"texture":"#4","tintindex":0},"down":{"uv":[8.246,0.004,7.754,0.496],"rotation":0,"texture":"#4","tintindex":0}}},{"from":[10.0,4.0,6.857143],"to":[10.571428,6.285714,9.142858],"rotation":{"angle":0.0,"axis":"y","origin":[5.428571,-5.1428576,8.0]},"faces":{"east":{"uv":[7.504,6.254,7.996,6.746],"rotation":0,"texture":"#4","tintindex":0},"south":{"uv":[3.629,12.129,3.746,12.621],"rotation":0,"texture":"#4","tintindex":0},"north":{"uv":[3.379,12.129,3.496,12.621],"rotation":0,"texture":"#4","tintindex":0},"west":{"uv":[7.504,6.879,7.996,7.371],"rotation":0,"texture":"#4","tintindex":0},"up":{"uv":[5.621,12.621,5.504,12.129],"rotation":0,"texture":"#4","tintindex":0},"down":{"uv":[5.871,12.129,5.754,12.621],"rotation":0,"texture":"#4","tintindex":0}}},{"from":[7.857143,5.142857,6.857143],"to":[8.428572,5.714286,9.142858],"rotation":{"angle":0.0,"axis":"y","origin":[5.5714283,-5.714287,8.0]},"faces":{"east":{"uv":[12.129,2.004,12.621,2.121],"rotation":0,"texture":"#4","tintindex":0},"south":{"uv":[6.754,14.004,6.871,14.121],"rotation":0,"texture":"#4","tintindex":0},"north":{"uv":[14.004,6.504,14.121,6.621],"rotation":0,"texture":"#4","tintindex":0},"west":{"uv":[2.504,12.129,2.996,12.246],"rotation":0,"texture":"#4","tintindex":0},"up":{"uv":[1.871,12.621,1.754,12.129],"rotation":0,"texture":"#4","tintindex":0},"down":{"uv":[2.121,12.129,2.004,12.621],"rotation":0,"texture":"#4","tintindex":0}}},{"from":[9.285714,5.142857,6.857143],"to":[9.857143,5.714286,9.142858],"rotation":{"angle":0.0,"axis":"y","origin":[7.0,-5.714287,8.0]},"faces":{"east":{"uv":[1.129,12.129,1.621,12.246],"rotation":0,"texture":"#4","tintindex":0},"south":{"uv":[6.504,14.004,6.621,14.121],"rotation":0,"texture":"#4","tintindex":0},"north":{"uv":[6.254,14.004,6.371,14.121],"rotation":0,"texture":"#4","tintindex":0},"west":{"uv":[12.129,1.129,12.621,1.246],"rotation":0,"texture":"#4","tintindex":0},"up":{"uv":[9.871,12.496,9.754,12.004],"rotation":0,"texture":"#4","tintindex":0},"down":{"uv":[11.496,12.004,11.379,12.496],"rotation":0,"texture":"#4","tintindex":0}}},{"from":[8.285714,5.714286,6.714286],"to":[8.857143,9.142858,6.857143],"rotation":{"angle":0.0,"axis":"y","origin":[5.428571,-5.1428576,8.0]},"faces":{"east":{"uv":[1.129,10.129,1.246,10.871],"rotation":0,"texture":"#4","tintindex":0},"south":{"uv":[5.004,10.129,5.121,10.871],"rotation":0,"texture":"#4","tintindex":0},"north":{"uv":[4.504,9.879,4.621,10.621],"rotation":0,"texture":"#4","tintindex":0},"west":{"uv":[5.254,10.129,5.371,10.871],"rotation":0,"texture":"#4","tintindex":0},"up":{"uv":[14.121,5.996,14.004,5.879],"rotation":0,"texture":"#4","tintindex":0},"down":{"uv":[6.121,14.004,6.004,14.121],"rotation":0,"texture":"#4","tintindex":0}}},{"from":[7.714286,8.0,6.857143],"to":[9.428572,8.571428,9.142858],"rotation":{"angle":0.0,"axis":"y","origin":[5.428571,-5.1428576,8.0]},"faces":{"east":{"uv":[12.129,0.254,12.621,0.371],"rotation":0,"texture":"#4","tintindex":0},"south":{"uv":[12.629,2.754,12.996,2.871],"rotation":0,"texture":"#4","tintindex":0},"north":{"uv":[2.754,12.629,3.121,12.746],"rotation":0,"texture":"#4","tintindex":0},"west":{"uv":[12.129,0.879,12.621,0.996],"rotation":0,"texture":"#4","tintindex":0},"up":{"uv":[7.246,8.746,6.879,8.254],"rotation":0,"texture":"#4","tintindex":0},"down":{"uv":[8.746,0.004,8.379,0.496],"rotation":0,"texture":"#4","tintindex":0}}},{"from":[9.141066,7.572626,6.8599997],"to":[9.712494,8.286912,9.14],"rotation":{"angle":22.5,"axis":"z","origin":[8.8553505,8.286912,8.0]},"faces":{"east":{"uv":[12.004,10.504,12.496,10.621],"rotation":0,"texture":"#4","tintindex":0},"south":{"uv":[5.754,14.004,5.871,14.121],"rotation":0,"texture":"#4","tintindex":0},"north":{"uv":[5.504,14.004,5.621,14.121],"rotation":0,"texture":"#4","tintindex":0},"west":{"uv":[0.004,12.129,0.496,12.246],"rotation":0,"texture":"#4","tintindex":0},"up":{"uv":[8.371,12.371,8.254,11.879],"rotation":0,"texture":"#4","tintindex":0},"down":{"uv":[4.621,12.004,4.504,12.496],"rotation":0,"texture":"#4","tintindex":0}}},{"from":[9.831146,5.9790792,6.8599997],"to":[10.402575,6.5505075,9.14],"rotation":{"angle":45.0,"axis":"z","origin":[10.11686,6.3362217,7.997143]},"faces":{"east":{"uv":[12.004,6.254,12.496,6.371],"rotation":0,"texture":"#4","tintindex":0},"south":{"uv":[5.254,14.004,5.371,14.121],"rotation":0,"texture":"#4","tintindex":0},"north":{"uv":[14.004,5.004,14.121,5.121],"rotation":0,"texture":"#4","tintindex":0},"west":{"uv":[12.004,6.504,12.496,6.621],"rotation":0,"texture":"#4","tintindex":0},"up":{"uv":[3.996,12.371,3.879,11.879],"rotation":0,"texture":"#4","tintindex":0},"down":{"uv":[8.121,11.879,8.004,12.371],"rotation":0,"texture":"#4","tintindex":0}}},{"from":[9.831146,3.7352066,6.8599997],"to":[10.402575,4.306635,9.14],"rotation":{"angle":-45.0,"axis":"z","origin":[10.11686,3.949492,7.997143]},"faces":{"east":{"uv":[12.004,2.504,12.496,2.621],"rotation":0,"texture":"#4","tintindex":0},"south":{"uv":[5.004,14.004,5.121,14.121],"rotation":0,"texture":"#4","tintindex":0},"north":{"uv":[14.004,4.754,14.121,4.871],"rotation":0,"texture":"#4","tintindex":0},"west":{"uv":[12.004,6.004,12.496,6.121],"rotation":0,"texture":"#4","tintindex":0},"up":{"uv":[11.246,12.246,11.129,11.754],"rotation":0,"texture":"#4","tintindex":0},"down":{"uv":[0.996,11.879,0.879,12.371],"rotation":0,"texture":"#4","tintindex":0}}},{"from":[8.0,4.5714283,7.142857],"to":[9.714286,5.714286,8.857143],"rotation":{"angle":0.0,"axis":"y","origin":[5.428571,-5.1428576,8.0]},"faces":{"east":{"uv":[5.996,0.004,0.004,3.996],"rotation":0,"texture":"#0","tintindex":0},"south":{"uv":[5.996,0.004,0.004,3.996],"rotation":0,"texture":"#0","tintindex":0},"north":{"uv":[5.996,0.004,0.004,3.996],"rotation":0,"texture":"#0","tintindex":0},"west":{"uv":[5.996,0.004,0.004,3.996],"rotation":0,"texture":"#0","tintindex":0},"up":{"uv":[0.004,0.004,5.996,3.996],"rotation":0,"texture":"#0","tintindex":0},"down":{"uv":[0.004,0.004,5.996,3.996],"rotation":0,"texture":"#0","tintindex":0}}}],"textures":{"0":"modelengine:entity/boneshadin2herald","4":"modelengine:entity/fallenheraldxd"},"display":{"head":{"translation":[0.0,-6.4,0.0],"scale":[4.0,4.0,4.0]}}}