{"elements":[{"from":[4.5714283,8.0,4.5714283],"to":[11.428572,11.428572,11.428572],"rotation":{"angle":0.0,"axis":"y","origin":[8.0,8.0,8.0]},"faces":{"east":{"uv":[3.0,1.5,6.0,3.0],"rotation":0,"texture":"#0","tintindex":0},"south":{"uv":[3.0,3.0,6.0,4.5],"rotation":0,"texture":"#0","tintindex":0},"north":{"uv":[3.0,0.0,6.0,1.5],"rotation":0,"texture":"#0","tintindex":0},"west":{"uv":[3.0,4.5,6.0,6.0],"rotation":0,"texture":"#0","tintindex":0},"up":{"uv":[3.0,3.0,0.0,0.0],"rotation":0,"texture":"#0","tintindex":0},"down":{"uv":[3.0,3.0,0.0,6.0],"rotation":0,"texture":"#0","tintindex":0}}},{"from":[11.571428,11.571428,11.571428],"to":[4.428571,7.857143,4.428571],"rotation":{"angle":0.0,"axis":"y","origin":[8.0,8.0,8.0]},"faces":{"east":{"uv":[15.75,15.75,16.0,16.0],"rotation":0,"texture":"#0","tintindex":0},"south":{"uv":[15.75,15.75,16.0,16.0],"rotation":0,"texture":"#0","tintindex":0},"north":{"uv":[15.75,15.75,16.0,16.0],"rotation":0,"texture":"#0","tintindex":0},"west":{"uv":[15.75,15.75,16.0,16.0],"rotation":0,"texture":"#0","tintindex":0},"up":{"uv":[15.75,15.75,16.0,16.0],"rotation":0,"texture":"#0","tintindex":0},"down":{"uv":[15.75,15.75,16.0,16.0],"rotation":0,"texture":"#0","tintindex":0}}}],"textures":{"0":"modelengine:entity/baby_hatchling"},"display":{"head":{"translation":[0.0,-6.4,0.0],"scale":[4.0,4.0,4.0]}}}