{"elements":[{"from":[8.714286,8.142858,8.714286],"to":[7.285714,5.5714283,7.285714],"rotation":{"angle":0.0,"axis":"y","origin":[9.428572,5.714286,9.714286]},"faces":{"east":{"uv":[15.75,15.75,16.0,16.0],"rotation":0,"texture":"#0","tintindex":0},"south":{"uv":[15.75,15.75,16.0,16.0],"rotation":0,"texture":"#0","tintindex":0},"north":{"uv":[15.75,15.75,16.0,16.0],"rotation":0,"texture":"#0","tintindex":0},"west":{"uv":[15.75,15.75,16.0,16.0],"rotation":0,"texture":"#0","tintindex":0},"up":{"uv":[16.0,16.0,15.75,15.75],"rotation":0,"texture":"#0","tintindex":0},"down":{"uv":[16.0,16.0,15.75,15.75],"rotation":0,"texture":"#0","tintindex":0}}},{"from":[7.428571,5.714286,7.428571],"to":[8.571428,8.0,8.571428],"rotation":{"angle":0.0,"axis":"y","origin":[9.428572,5.714286,9.142858]},"faces":{"east":{"uv":[9.0,1.5,8.5,2.5],"rotation":0,"texture":"#0","tintindex":0},"south":{"uv":[2.0,8.5,1.5,9.5],"rotation":0,"texture":"#0","tintindex":0},"north":{"uv":[1.0,8.5,0.5,9.5],"rotation":0,"texture":"#0","tintindex":0},"west":{"uv":[1.5,8.5,1.0,9.5],"rotation":0,"texture":"#0","tintindex":0},"up":{"uv":[3.0,9.25,3.5,8.75],"rotation":0,"texture":"#0","tintindex":0},"down":{"uv":[3.5,8.75,4.0,9.25],"rotation":0,"texture":"#0","tintindex":0}}}],"textures":{"0":"modelengine:entity/baby_hatchling"},"display":{"head":{"translation":[0.0,-6.4,0.0],"scale":[4.0,4.0,4.0]}}}