{"elements":[{"from":[7.428571,7.428571,8.0],"to":[8.571428,8.571428,10.857143],"rotation":{"angle":0.0,"axis":"y","origin":[8.0,4.5714283,5.714286]},"faces":{"east":{"uv":[0.0,7.5,1.25,8.0],"rotation":0,"texture":"#0","tintindex":0},"south":{"uv":[8.5,8.5,9.0,9.0],"rotation":0,"texture":"#0","tintindex":0},"north":{"uv":[8.0,8.5,8.5,9.0],"rotation":0,"texture":"#0","tintindex":0},"west":{"uv":[3.0,8.25,4.25,8.75],"rotation":0,"texture":"#0","tintindex":0},"up":{"uv":[4.75,8.5,4.25,7.25],"rotation":0,"texture":"#0","tintindex":0},"down":{"uv":[6.5,8.25,6.0,9.5],"rotation":0,"texture":"#0","tintindex":0}}},{"from":[8.714286,8.714286,11.0],"to":[7.285714,7.285714,7.857143],"rotation":{"angle":0.0,"axis":"y","origin":[8.0,4.5714283,5.714286]},"faces":{"east":{"uv":[15.75,15.75,16.0,16.0],"rotation":0,"texture":"#0","tintindex":0},"south":{"uv":[15.75,15.75,16.0,16.0],"rotation":0,"texture":"#0","tintindex":0},"north":{"uv":[15.75,15.75,16.0,16.0],"rotation":0,"texture":"#0","tintindex":0},"west":{"uv":[15.75,15.75,16.0,16.0],"rotation":0,"texture":"#0","tintindex":0},"up":{"uv":[15.75,15.75,16.0,16.0],"rotation":0,"texture":"#0","tintindex":0},"down":{"uv":[15.75,15.75,16.0,16.0],"rotation":0,"texture":"#0","tintindex":0}}}],"textures":{"0":"modelengine:entity/baby_hatchling"},"display":{"head":{"translation":[0.0,-6.4,0.0],"scale":[4.0,4.0,4.0]}}}