{"elements":[{"from":[3.630602,6.0,3.916316],"to":[12.773459,10.0,13.059174],"rotation":{"angle":-45.0,"axis":"y","origin":[8.689775,8.0,8.0]},"faces":{"east":{"uv":[5.5,0.4375,6.5,0.875],"rotation":0,"texture":"#1","tintindex":0},"south":{"uv":[5.5,0.875,6.5,1.3125],"rotation":0,"texture":"#1","tintindex":0},"north":{"uv":[5.5,0.0,6.5,0.4375],"rotation":0,"texture":"#1","tintindex":0},"west":{"uv":[5.5,1.3125,6.5,1.75],"rotation":0,"texture":"#1","tintindex":0},"up":{"uv":[1.0,1.0,0.0,0.0],"rotation":0,"texture":"#1","tintindex":0},"down":{"uv":[1.0,1.0,0.0,2.0],"rotation":0,"texture":"#1","tintindex":0}}},{"from":[4.773459,0.85714245,5.059173],"to":[8.20203,6.0,8.487745],"rotation":{"angle":-45.0,"axis":"y","origin":[8.689775,8.0,8.0]},"faces":{"east":{"uv":[1.375,6.75,1.75,7.3125],"rotation":0,"texture":"#1","tintindex":0},"south":{"uv":[4.375,6.75,4.75,7.3125],"rotation":0,"texture":"#1","tintindex":0},"north":{"uv":[1.0,6.75,1.375,7.3125],"rotation":0,"texture":"#1","tintindex":0},"west":{"uv":[6.75,6.0,7.125,6.5625],"rotation":0,"texture":"#1","tintindex":0},"up":{"uv":[5.5,7.4375,5.125,7.0625],"rotation":0,"texture":"#1","tintindex":0},"down":{"uv":[0.9375,7.125,0.5625,7.5],"rotation":0,"texture":"#1","tintindex":0}}}],"textures":{"1":"modelengine:entity/astral_archon"},"display":{"head":{"translation":[0.0,-6.4,0.0],"scale":[4.0,4.0,4.0]}}}