{"elements":[{"from":[7.1607547,5.4067135,3.577611],"to":[11.160755,8.263856,7.0061827],"rotation":{"angle":-22.5,"axis":"y","origin":[9.069009,5.142857,5.7601776]},"faces":{"east":{"uv":[7.1875,2.75,7.5625,3.0625],"rotation":0,"texture":"#1","tintindex":0},"south":{"uv":[7.125,6.1875,7.5625,6.5],"rotation":0,"texture":"#1","tintindex":0},"north":{"uv":[7.125,5.875,7.5625,6.1875],"rotation":0,"texture":"#1","tintindex":0},"west":{"uv":[7.1875,3.0625,7.5625,3.375],"rotation":0,"texture":"#1","tintindex":0},"up":{"uv":[7.375,3.9375,6.9375,3.5625],"rotation":0,"texture":"#1","tintindex":0},"down":{"uv":[7.375,3.9375,6.9375,4.3125],"rotation":0,"texture":"#1","tintindex":0}}},{"from":[5.1217327,5.4067135,3.577611],"to":[9.121733,8.263856,7.0061827],"rotation":{"angle":22.5,"axis":"y","origin":[7.213479,5.142857,5.7601776]},"faces":{"east":{"uv":[7.1875,5.125,7.5625,5.4375],"rotation":0,"texture":"#1","tintindex":0},"south":{"uv":[7.125,6.5,7.5625,6.8125],"rotation":0,"texture":"#1","tintindex":0},"north":{"uv":[6.4375,7.125,6.875,7.4375],"rotation":0,"texture":"#1","tintindex":0},"west":{"uv":[0.9375,7.3125,1.3125,7.625],"rotation":0,"texture":"#1","tintindex":0},"up":{"uv":[7.375,4.6875,6.9375,4.3125],"rotation":0,"texture":"#1","tintindex":0},"down":{"uv":[6.0,6.9375,5.5625,7.3125],"rotation":0,"texture":"#1","tintindex":0}}},{"from":[6.285714,5.4067135,4.0645647],"to":[10.0,8.263856,7.4931364],"rotation":{"angle":0.0,"axis":"y","origin":[8.0,5.142857,6.285714]},"faces":{"east":{"uv":[1.3125,7.3125,1.6875,7.625],"rotation":0,"texture":"#1","tintindex":0},"south":{"uv":[6.875,7.125,7.3125,7.4375],"rotation":0,"texture":"#1","tintindex":0},"north":{"uv":[7.125,6.8125,7.5625,7.125],"rotation":0,"texture":"#1","tintindex":0},"west":{"uv":[4.125,7.3125,4.5,7.625],"rotation":0,"texture":"#1","tintindex":0},"up":{"uv":[6.4375,7.3125,6.0,6.9375],"rotation":0,"texture":"#1","tintindex":0},"down":{"uv":[3.75,7.0,3.3125,7.375],"rotation":0,"texture":"#1","tintindex":0}}}],"textures":{"1":"modelengine:entity/astral_archon"},"display":{"head":{"translation":[0.0,-6.4,0.0],"scale":[4.0,4.0,4.0]}}}