{"elements":[{"from":[7.911816,3.4138117,7.428571],"to":[9.6261015,7.9852405,8.571428],"rotation":{"angle":0.0,"axis":"y","origin":[9.054673,19.98524,8.0]},"faces":{"east":{"uv":[3.25,3.4375,3.375,3.9375],"rotation":0,"texture":"#1","tintindex":0},"south":{"uv":[2.125,6.875,2.3125,7.375],"rotation":0,"texture":"#1","tintindex":0},"north":{"uv":[2.625,5.875,2.8125,6.375],"rotation":0,"texture":"#1","tintindex":0},"west":{"uv":[2.8125,4.4375,2.9375,4.9375],"rotation":0,"texture":"#1","tintindex":0},"up":{"uv":[6.375,5.0,6.1875,4.875],"rotation":0,"texture":"#1","tintindex":0},"down":{"uv":[6.375,5.0,6.1875,5.125],"rotation":0,"texture":"#1","tintindex":0}}},{"from":[8.0,2.7142854,7.428571],"to":[11.428572,3.8571424,8.571428],"rotation":{"angle":-22.5,"axis":"z","origin":[9.714286,3.2857141,8.0]},"faces":{"east":{"uv":[3.25,1.75,3.375,1.875],"rotation":0,"texture":"#1","tintindex":0},"south":{"uv":[6.9375,4.6875,7.3125,4.8125],"rotation":0,"texture":"#1","tintindex":0},"north":{"uv":[3.3125,6.875,3.6875,7.0],"rotation":0,"texture":"#1","tintindex":0},"west":{"uv":[3.25,1.875,3.375,2.0],"rotation":0,"texture":"#1","tintindex":0},"up":{"uv":[7.9375,7.125,7.5625,7.0],"rotation":0,"texture":"#1","tintindex":0},"down":{"uv":[1.5625,7.625,1.1875,7.75],"rotation":0,"texture":"#1","tintindex":0}}}],"textures":{"1":"modelengine:entity/astral_archon"},"display":{"head":{"translation":[0.0,-6.4,0.0],"scale":[4.0,4.0,4.0]}}}