{"elements":[{"from":[7.142857,-10.857143,8.0],"to":[9.428572,8.0,10.857143],"rotation":{"angle":0.0,"axis":"y","origin":[1.7142854,21.142857,9.714286]},"faces":{"east":{"uv":[0.3125,4.0625,0.0,6.125],"rotation":0,"texture":"#1","tintindex":0},"south":{"uv":[0.5625,5.3125,0.3125,7.375],"rotation":0,"texture":"#1","tintindex":0},"north":{"uv":[5.5,0.0,5.25,2.0625],"rotation":0,"texture":"#1","tintindex":0},"west":{"uv":[3.25,3.4375,2.9375,5.5],"rotation":0,"texture":"#1","tintindex":0},"up":{"uv":[4.125,7.1875,4.375,6.875],"rotation":0,"texture":"#1","tintindex":0},"down":{"uv":[7.5625,3.0625,7.8125,3.375],"rotation":0,"texture":"#1","tintindex":0}}},{"from":[7.142857,6.3968363,6.272933],"to":[9.428572,14.968266,8.558647],"rotation":{"angle":-22.5,"axis":"x","origin":[8.285714,12.396836,7.4157906]},"faces":{"east":{"uv":[5.125,6.5625,4.875,7.5],"rotation":0,"texture":"#1","tintindex":0},"south":{"uv":[3.0625,6.5625,2.8125,7.5],"rotation":0,"texture":"#1","tintindex":0},"north":{"uv":[2.8125,6.375,2.5625,7.3125],"rotation":0,"texture":"#1","tintindex":0},"west":{"uv":[6.75,6.0,6.5,6.9375],"rotation":0,"texture":"#1","tintindex":0},"up":{"uv":[5.3125,4.8125,5.5625,4.5625],"rotation":0,"texture":"#1","tintindex":0},"down":{"uv":[0.9375,7.625,1.1875,7.875],"rotation":0,"texture":"#1","tintindex":0}}}],"textures":{"1":"modelengine:entity/astral_archon"},"display":{"head":{"translation":[0.0,-6.4,0.0],"scale":[4.0,4.0,4.0]}}}