{
	"format_version": "1.12.0",
	"minecraft:geometry": [
		{
			"description": {
				"identifier": "geometry.unknown",
				"texture_width": 1024,
				"texture_height": 1024,
				"visible_bounds_width": 28,
				"visible_bounds_height": 16.5,
				"visible_bounds_offset": [0, 7.75, 0]
			},
			"bones": [
				{
					"name": "groudon",
					"pivot": [0, 0, 0]
				},
				{
					"name": "body",
					"parent": "groudon",
					"pivot": [-25, 29, 0]
				},
				{
					"name": "legs",
					"parent": "body",
					"pivot": [-20.5, 29, -13.5]
				},
				{
					"name": "rleg",
					"parent": "legs",
					"pivot": [-38, 63.5, 1.5],
					"cubes": [
						{"origin": [-76, 28, -24], "size": [39, 46, 50], "uv": [166, 304]}
					]
				},
				{
					"name": "rfoot",
					"parent": "rleg",
					"pivot": [-55, 41.5, 1.5],
					"cubes": [
						{"origin": [-74, 8, -23], "size": [35, 46, 43], "uv": [290, 443]},
						{"origin": [-76, 0, -24], "size": [39, 20, 48], "uv": [149, 410]},
						{"origin": [-49, 0, -34], "size": [9, 10, 10], "uv": [460, 5]},
						{"origin": [-71, 0, -38], "size": [5, 6, 5], "uv": [486, 126]},
						{"origin": [-73, 0, -34], "size": [9, 10, 10], "uv": [460, 5]},
						{"origin": [-47, 0, -38], "size": [5, 6, 5], "uv": [486, 126]},
						{"origin": [-59, 0, -38], "size": [5, 6, 5], "uv": [486, 126]},
						{"origin": [-61, 0, -34], "size": [9, 10, 10], "inflate": -0.1, "uv": [460, 5]}
					]
				},
				{
					"name": "lleg",
					"parent": "legs",
					"pivot": [29, 62.5, 1.5],
					"cubes": [
						{"origin": [44, 28, -24], "size": [39, 46, 50], "uv": [166, 304]}
					]
				},
				{
					"name": "lfoot",
					"parent": "lleg",
					"pivot": [-61, 25.5, 1.5],
					"cubes": [
						{"origin": [46, 8, -23], "size": [35, 46, 43], "uv": [290, 443]},
						{"origin": [44, 0, -24], "size": [39, 20, 48], "uv": [149, 410]},
						{"origin": [59, 0, -34], "size": [9, 10, 10], "inflate": -0.1, "uv": [460, 5]},
						{"origin": [61, 0, -38], "size": [5, 6, 5], "uv": [486, 126]},
						{"origin": [73, 0, -38], "size": [5, 6, 5], "uv": [486, 126]},
						{"origin": [47, 0, -34], "size": [9, 10, 10], "uv": [460, 5]},
						{"origin": [49, 0, -38], "size": [5, 6, 5], "uv": [486, 126]},
						{"origin": [71, 0, -34], "size": [9, 10, 10], "uv": [460, 5]}
					]
				},
				{
					"name": "middle",
					"parent": "body",
					"pivot": [-25, 29, 0]
				},
				{
					"name": "belly",
					"parent": "middle",
					"pivot": [-25, 29, 0],
					"cubes": [
						{"origin": [-37, 32, -36], "size": [81, 58, 72], "uv": [0, 0]}
					]
				},
				{
					"name": "leftspike5",
					"parent": "belly",
					"pivot": [-67, 144, -70],
					"cubes": [
						{"origin": [-44, 77, 10], "size": [8, 12, 12], "uv": [578, 450]},
						{"origin": [-50, 78, 11], "size": [7, 9, 9], "uv": [642, 286]},
						{"origin": [-54, 80, 13], "size": [5, 4, 4], "uv": [234, 64]}
					]
				},
				{
					"name": "rightspike5",
					"parent": "belly",
					"pivot": [51, 84, 10],
					"cubes": [
						{"origin": [45, 77, 10], "size": [8, 12, 12], "pivot": [36, 76, 5], "rotation": [0, -5, 0], "uv": [590, 0]},
						{"origin": [52, 78, 12], "size": [7, 9, 9], "pivot": [43, 78, 7], "rotation": [0, -5, 0], "uv": [451, 600]},
						{"origin": [58, 80, 15], "size": [5, 4, 4], "pivot": [49, 83, 10], "rotation": [0, -5, 0], "uv": [378, 182]}
					]
				},
				{
					"name": "tail",
					"parent": "middle",
					"pivot": [-25, 29, 0],
					"cubes": [
						{"origin": [-34, 24, 50], "size": [75, 58, 42], "pivot": [-25, 21.5, 67.5], "rotation": [65, 0, 0], "uv": [224, 204]}
					]
				},
				{
					"name": "leftspike6",
					"parent": "tail",
					"pivot": [-64, 100, -33],
					"cubes": [
						{"origin": [-41, 33, 47], "size": [8, 12, 12], "uv": [578, 450]},
						{"origin": [-47, 34, 48], "size": [7, 9, 9], "uv": [642, 286]},
						{"origin": [-51, 36, 50], "size": [5, 4, 4], "uv": [234, 64]}
					]
				},
				{
					"name": "rightspike6",
					"parent": "tail",
					"pivot": [49, 53, 38],
					"cubes": [
						{"origin": [43, 33, 47], "size": [8, 12, 12], "pivot": [34, 45, 33], "rotation": [0, -5, 0], "uv": [590, 0]},
						{"origin": [50, 35, 49], "size": [7, 9, 9], "pivot": [41, 49, 37], "rotation": [0, -5, 0], "uv": [451, 600]},
						{"origin": [56, 38, 52], "size": [5, 4, 4], "pivot": [47, 57, 43], "rotation": [0, -5, 0], "uv": [378, 182]}
					]
				},
				{
					"name": "tailseg1",
					"parent": "tail",
					"pivot": [-25, 21.5, 67.5],
					"cubes": [
						{"origin": [-31, 8, 97], "size": [69, 67, 39], "pivot": [-28, 17, 115], "rotation": [80, 0, 0], "uv": [0, 246]}
					]
				},
				{
					"name": "leftspike7",
					"parent": "tailseg1",
					"pivot": [-62, 86, 6],
					"cubes": [
						{"origin": [-39, 19, 86], "size": [8, 12, 12], "uv": [578, 450]},
						{"origin": [-45, 20, 87], "size": [7, 9, 9], "uv": [642, 286]},
						{"origin": [-49, 22, 89], "size": [5, 4, 4], "uv": [234, 64]}
					]
				},
				{
					"name": "rightspike7",
					"parent": "tailseg1",
					"pivot": [49, 53, 38],
					"cubes": [
						{"origin": [43, 19, 86], "size": [8, 12, 12], "pivot": [34, 45, 33], "rotation": [0, -5, 0], "uv": [590, 0]},
						{"origin": [50, 21, 88], "size": [7, 9, 9], "pivot": [41, 49, 37], "rotation": [0, -5, 0], "uv": [451, 600]},
						{"origin": [56, 24, 91], "size": [5, 4, 4], "pivot": [47, 57, 43], "rotation": [0, -5, 0], "uv": [378, 182]}
					]
				},
				{
					"name": "tailseg2",
					"parent": "tailseg1",
					"pivot": [-25, 21.5, 67.5],
					"cubes": [
						{"origin": [-28, 14, 150], "size": [62, 58, 30], "pivot": [-30, 14, 163.5], "rotation": [87.5, 0, 0], "uv": [0, 370]}
					]
				},
				{
					"name": "shovel",
					"parent": "tailseg2",
					"pivot": [-30, 14, 159.5],
					"cubes": [
						{"origin": [21, 48, 212], "size": [11, 22, 18], "pivot": [-30, 12, 218.5], "rotation": [87.5, 0, 0], "uv": [475, 560]},
						{"origin": [6, 48, 212], "size": [11, 22, 18], "pivot": [-45, 12, 218.5], "rotation": [87.5, 0, 0], "uv": [475, 560]},
						{"origin": [-10, 48, 212], "size": [11, 22, 18], "pivot": [-61, 12, 218.5], "rotation": [87.5, 0, 0], "uv": [475, 560]},
						{"origin": [-25, 48, 212], "size": [11, 22, 18], "pivot": [-76, 12, 218.5], "rotation": [87.5, 0, 0], "uv": [475, 560]},
						{"origin": [-24, 64, 238], "size": [9, 19, 14], "pivot": [-76, 21, 242.5], "rotation": [97.5, 0, 0], "uv": [177, 246]},
						{"origin": [-9, 64, 238], "size": [9, 19, 14], "pivot": [-61, 21, 242.5], "rotation": [97.5, 0, 0], "uv": [177, 246]},
						{"origin": [7, 64, 238], "size": [9, 19, 14], "pivot": [-45, 21, 242.5], "rotation": [97.5, 0, 0], "uv": [177, 246]},
						{"origin": [7, 64, 238], "size": [9, 19, 14], "pivot": [-45, 21, 242.5], "rotation": [97.5, 0, 0], "uv": [177, 246]},
						{"origin": [22, 64, 238], "size": [9, 19, 14], "pivot": [-30, 21, 242.5], "rotation": [97.5, 0, 0], "uv": [177, 246]},
						{"origin": [27, 84, 250], "size": [0, 19, 11], "pivot": [-25, 41, 251.5], "rotation": [117.5, 0, 0], "uv": [34, 119]},
						{"origin": [12, 84, 250], "size": [0, 19, 11], "pivot": [-40, 41, 251.5], "rotation": [117.5, 0, 0], "uv": [34, 119]},
						{"origin": [-4, 84, 250], "size": [0, 19, 11], "pivot": [-56, 41, 251.5], "rotation": [117.5, 0, 0], "uv": [34, 119]},
						{"origin": [-19, 83, 249], "size": [0, 19, 11], "pivot": [-71, 40, 250.5], "rotation": [117.5, 0, 0], "uv": [34, 119]}
					]
				},
				{
					"name": "leftspike8",
					"parent": "tailseg2",
					"pivot": [-59, 77, 58],
					"cubes": [
						{"origin": [-36, 10, 138], "size": [8, 12, 12], "uv": [578, 450]},
						{"origin": [-42, 11, 139], "size": [7, 9, 9], "uv": [598, 60]},
						{"origin": [-46, 13, 141], "size": [5, 4, 4], "uv": [18, 179]}
					]
				},
				{
					"name": "rightspike8",
					"parent": "tailseg2",
					"pivot": [50, 53, 38],
					"cubes": [
						{"origin": [44, 10, 138], "size": [8, 12, 12], "pivot": [35, 45, 33], "rotation": [0, -5, 0], "uv": [590, 0]},
						{"origin": [51, 11, 140], "size": [7, 9, 9], "pivot": [42, 48, 37], "rotation": [0, -5, 0], "uv": [457, 560]},
						{"origin": [57, 14, 143], "size": [5, 4, 4], "pivot": [48, 56, 43], "rotation": [0, -5, 0], "uv": [378, 182]}
					]
				},
				{
					"name": "tophalf",
					"parent": "middle",
					"pivot": [-9, 69, -6],
					"cubes": [
						{"origin": [-34, 71, -24], "size": [75, 58, 58], "pivot": [-25, 68, 0], "rotation": [25, 0, 0], "uv": [0, 130]}
					]
				},
				{
					"name": "rightspike4",
					"parent": "tophalf",
					"pivot": [48, 100, -5],
					"cubes": [
						{"origin": [42, 97, -10], "size": [8, 12, 12], "pivot": [33, 92, -10], "rotation": [0, -5, 0], "uv": [590, 0]},
						{"origin": [49, 98, -8], "size": [7, 9, 9], "pivot": [40, 93, -8], "rotation": [0, -5, 0], "uv": [451, 600]},
						{"origin": [55, 101, -5], "size": [5, 4, 4], "pivot": [46, 96, -5], "rotation": [0, -5, 0], "uv": [378, 182]}
					]
				},
				{
					"name": "leftspike4",
					"parent": "tophalf",
					"pivot": [-64, 150, -71],
					"cubes": [
						{"origin": [-41, 97, -10], "size": [8, 12, 12], "uv": [578, 450]},
						{"origin": [-47, 98, -8], "size": [7, 9, 9], "uv": [642, 286]},
						{"origin": [-51, 100, -6], "size": [5, 4, 4], "uv": [234, 64]}
					]
				},
				{
					"name": "lowernecc",
					"parent": "tophalf",
					"pivot": [3, 125, -18],
					"cubes": [
						{"origin": [-28, 108, -38], "size": [63, 52, 48], "pivot": [-25, 113, -22.5], "rotation": [45, 0, 0], "uv": [258, 82]}
					]
				},
				{
					"name": "leftspike3",
					"parent": "lowernecc",
					"pivot": [-59, 150, -71],
					"cubes": [
						{"origin": [-36, 138, -50], "size": [8, 12, 12], "uv": [578, 450]},
						{"origin": [-42, 139, -49], "size": [7, 9, 9], "uv": [642, 286]},
						{"origin": [-46, 141, -47], "size": [5, 4, 4], "uv": [234, 64]}
					]
				},
				{
					"name": "rightspike3",
					"parent": "lowernecc",
					"pivot": [41, 141, -45],
					"cubes": [
						{"origin": [35, 138, -50], "size": [8, 12, 12], "pivot": [26, 133, -50], "rotation": [0, -5, 0], "uv": [590, 0]},
						{"origin": [42, 139, -48], "size": [7, 9, 9], "pivot": [33, 134, -48], "rotation": [0, -5, 0], "uv": [451, 600]},
						{"origin": [48, 142, -45], "size": [5, 4, 4], "pivot": [39, 137, -45], "rotation": [0, -5, 0], "uv": [378, 182]}
					]
				},
				{
					"name": "midnecc",
					"parent": "lowernecc",
					"pivot": [5, 150, -47],
					"cubes": [
						{"origin": [-24, 123, -69], "size": [54, 37, 43], "pivot": [-1, 140, -64], "rotation": [65, 0, 0], "uv": [306, 0]}
					]
				},
				{
					"name": "rightspike2",
					"parent": "midnecc",
					"pivot": [36, 153, -71],
					"cubes": [
						{"origin": [30, 150, -76], "size": [8, 12, 12], "pivot": [21, 145, -76], "rotation": [0, -5, 0], "uv": [590, 0]},
						{"origin": [37, 151, -74], "size": [7, 9, 9], "pivot": [28, 146, -74], "rotation": [0, -5, 0], "uv": [451, 600]},
						{"origin": [43, 154, -71], "size": [5, 4, 4], "pivot": [32, 149, -71], "rotation": [0, -5, 0], "uv": [378, 182]}
					]
				},
				{
					"name": "leftspike2",
					"parent": "midnecc",
					"pivot": [-55, 150, -71],
					"cubes": [
						{"origin": [-32, 152, -76], "size": [8, 12, 12], "uv": [578, 450]},
						{"origin": [-38, 153, -74], "size": [7, 9, 9], "uv": [642, 286]},
						{"origin": [-42, 156, -71], "size": [5, 4, 4], "uv": [234, 64]}
					]
				},
				{
					"name": "neck",
					"parent": "midnecc",
					"pivot": [3, 160, -64],
					"cubes": [
						{"origin": [-20, 145.56631, -97.10266], "size": [44, 36, 34], "uv": [456, 446]}
					]
				},
				{
					"name": "head",
					"parent": "neck",
					"pivot": [-7, 110.56631, -67.10266],
					"cubes": [
						{"origin": [-13, 174.56631, -107.10266], "size": [27, 7, 11], "uv": [260, 185]}
					]
				},
				{
					"name": "JAWTOP",
					"parent": "head",
					"pivot": [-3, 159.56631, -77.10266]
				},
				{
					"name": "stupid",
					"parent": "JAWTOP",
					"pivot": [-10, 153.56631, -131.10266],
					"cubes": [
						{"origin": [-5, 154.56631, -135.10266], "size": [28, 17, 28], "pivot": [-3, 149.56631, -127.10266], "rotation": [0, -45, 0], "uv": [0, 528]},
						{"origin": [-5, 171.56631, -127.10266], "size": [26, 3, 20], "pivot": [-3, 166.56631, -127.10266], "rotation": [0, -45, 0], "uv": [866, 962]},
						{"origin": [-8, 154.56631, -135.10266], "size": [18, 17, 20], "uv": [836, 238]},
						{"origin": [7, 171.56631, -125.10266], "size": [27, 3, 18], "pivot": [11, 166.56631, -127.10266], "rotation": [0, -45, 0], "uv": [866, 964]},
						{"origin": [3, 155.56631, -116.10266], "size": [17, 19, 23], "pivot": [-6, 152.56631, -108.10266], "rotation": [0, -5, 0], "uv": [355, 532]},
						{"origin": [-18, 155.56631, -113.10266], "size": [17, 19, 23], "pivot": [-27, 153.56631, -105.10266], "rotation": [0, 5, 0], "uv": [234, 0]}
					]
				},
				{
					"name": "flaps",
					"parent": "stupid",
					"pivot": [-10, 153.56631, -131.10266],
					"cubes": [
						{"origin": [20, 149.56631, -112.10266], "size": [6, 27, 22], "pivot": [11, 152.56631, -107.10266], "rotation": [0, -5, 0], "uv": [190, 538]},
						{"origin": [-22, 138.56631, -112.10266], "size": [3, 16, 16], "pivot": [-30, 133.56631, -109.10266], "rotation": [-15, 5, 0], "uv": [416, 212]},
						{"origin": [-22, 154.56631, -108.10266], "size": [3, 11, 11], "pivot": [-32, 152.56631, -110.10266], "rotation": [45, 5, 0], "uv": [3, 578]},
						{"origin": [20, 155.56631, -109.10266], "size": [3, 11, 11], "pivot": [9, 153.56631, -110.10266], "rotation": [45, 0, 0], "uv": [43, 578]},
						{"origin": [23, 138.56631, -114.10266], "size": [3, 16, 16], "pivot": [12, 133.56631, -111.10266], "rotation": [-15, -5, 0], "uv": [246, 566]},
						{"origin": [25, 124.56631, -117.10266], "size": [0, 16, 11], "pivot": [13, 119.56631, -115.10266], "rotation": [-15, -5, 0], "uv": [322, 298]},
						{"origin": [-24, 149.56631, -110.10266], "size": [6, 27, 22], "pivot": [-44, 150.56631, -102.10266], "rotation": [0, 5, 0], "uv": [924, 244]},
						{"origin": [-21, 124.56631, -115.10266], "size": [0, 16, 11], "pivot": [-32, 119.56631, -113.10266], "rotation": [-15, 5, 0], "uv": [322, 298]}
					]
				},
				{
					"name": "leftspike",
					"parent": "flaps",
					"pivot": [-55, 155.56631, -103.10266],
					"cubes": [
						{"origin": [-32, 154.56631, -108.10266], "size": [8, 12, 12], "uv": [578, 450]},
						{"origin": [-39, 155.56631, -106.10266], "size": [7, 9, 9], "uv": [642, 286]},
						{"origin": [-44, 158.56631, -103.10266], "size": [5, 4, 4], "uv": [234, 64]}
					]
				},
				{
					"name": "rightspike",
					"parent": "flaps",
					"pivot": [32, 155.56631, -103.10266],
					"cubes": [
						{"origin": [26, 154.56631, -108.10266], "size": [8, 12, 12], "pivot": [17, 151.56631, -108.10266], "rotation": [0, -5, 0], "uv": [590, 0]},
						{"origin": [34, 155.56631, -106.10266], "size": [7, 9, 9], "pivot": [25, 152.56631, -106.10266], "rotation": [0, -5, 0], "uv": [451, 600]},
						{"origin": [41, 158.56631, -103.10266], "size": [5, 4, 4], "pivot": [32, 155.56631, -103.10266], "rotation": [0, -5, 0], "uv": [378, 182]}
					]
				},
				{
					"name": "crest",
					"parent": "stupid",
					"pivot": [-14, 159.56631, -114.10266],
					"cubes": [
						{"origin": [-8, 157.56631, -118.10266], "size": [3, 20, 30], "pivot": [-26, 159.56631, -131.10266], "rotation": [29.20526, -15.65186, 2.59386], "uv": [811, 867]},
						{"origin": [-2, 157.56631, -123.10266], "size": [3, 7, 15], "pivot": [-20, 146.56631, -137.10266], "rotation": [46.18176, -21.74184, -4.62963], "uv": [836, 887]},
						{"origin": [2, 156.56631, -123.10266], "size": [3, 7, 15], "pivot": [-16, 147.56631, -137.10266], "rotation": [46.77012, -12.86162, -6.23526], "uv": [825, 892]},
						{"origin": [-2, 160.56631, -114.10266], "size": [3, 7, 15], "pivot": [-20, 151.56631, -128.10266], "rotation": [46.77012, 12.8616, 6.2353], "uv": [825, 892]},
						{"origin": [-15, 174.56631, -101.10266], "size": [0, 23, 18], "pivot": [-36, 175.56631, -95.10266], "rotation": [29.20526, -15.65186, 2.59386], "uv": [301, -9]},
						{"origin": [-5, 163.56631, -115.10266], "size": [3, 19, 31], "pivot": [-22, 160.56631, -119.10266], "rotation": [29.8597, -5.33332, 1.25514], "uv": [811, 867]},
						{"origin": [-5, 179.56631, -100.10266], "size": [0, 20, 15], "pivot": [-27, 189.56631, -93.10266], "rotation": [29.8597, -5.33332, 1.25514], "uv": [304, -3]},
						{"origin": [20, 172.56631, -91.10266], "size": [0, 23, 18], "pivot": [-1, 175.56631, -85.10266], "rotation": [29.20526, 15.65186, -2.59386], "uv": [301, -9]},
						{"origin": [4, 162.56631, -110.10266], "size": [3, 20, 30], "pivot": [-13, 159.56631, -113.10266], "rotation": [30, 7.5, 0], "uv": [811, 867]},
						{"origin": [9, 179.56631, -93.10266], "size": [0, 20, 15], "pivot": [-13, 183.56631, -86.10266], "rotation": [30, 7.5, 0], "uv": [304, -3]},
						{"origin": [10, 157.56631, -105.10266], "size": [3, 20, 30], "pivot": [-8, 153.56631, -116.10266], "rotation": [29.20526, 15.65186, -2.59386], "uv": [811, 867]},
						{"origin": [3, 156.56631, -99.10266], "size": [3, 7, 16], "pivot": [-15, 138.56631, -120.10266], "rotation": [51.32322, 19.65113, 5.73943], "uv": [836, 883]}
					]
				},
				{
					"name": "nose",
					"parent": "stupid",
					"pivot": [-2, 159.56631, -156.10266],
					"rotation": [17.5, 0, 0],
					"cubes": [
						{"origin": [11, 148.56631, -148.10266], "size": [12, 13, 12], "pivot": [-1, 149.56631, -157.10266], "rotation": [0, -45, 0], "uv": [922, 378]}
					]
				},
				{
					"name": "teeths2",
					"parent": "stupid",
					"pivot": [3, 147.56631, -97.10266],
					"cubes": [
						{"origin": [-11, 154.56631, -120.10266], "size": [0, 5, 5], "pivot": [-12, 154.56631, -119.10266], "rotation": [-45, -45, 0], "uv": [244, 11]},
						{"origin": [-7, 154.56631, -124.10266], "size": [0, 5, 5], "pivot": [-8, 154.56631, -123.10266], "rotation": [-45, -45, 0], "uv": [209, 241]},
						{"origin": [-3, 154.56631, -128.10266], "size": [0, 5, 5], "pivot": [-4, 154.56631, -127.10266], "rotation": [-45, -45, 0], "uv": [177, 241]},
						{"origin": [1, 154.56631, -132.10266], "size": [0, 5, 5], "pivot": [0, 154.56631, -131.10266], "rotation": [-45, -45, 0], "uv": [234, 40]}
					]
				},
				{
					"name": "teeths3",
					"parent": "stupid",
					"pivot": [-15, 147.56631, -112.10266],
					"rotation": [0, -90, 0],
					"cubes": [
						{"origin": [-29, 154.56631, -135.10266], "size": [0, 5, 5], "pivot": [-30, 154.56631, -134.10266], "rotation": [-45, -45, 0], "uv": [234, 35]},
						{"origin": [-25, 154.56631, -139.10266], "size": [0, 5, 5], "pivot": [-26, 154.56631, -138.10266], "rotation": [-45, -45, 0], "uv": [234, 11]},
						{"origin": [-21, 154.56631, -143.10266], "size": [0, 5, 5], "pivot": [-22, 154.56631, -142.10266], "rotation": [-45, -45, 0], "uv": [55, 17]},
						{"origin": [-17, 154.56631, -147.10266], "size": [0, 5, 5], "pivot": [-18, 154.56631, -146.10266], "rotation": [-45, -45, 0], "uv": [40, 50]}
					]
				},
				{
					"name": "eyes",
					"parent": "JAWTOP",
					"pivot": [-7, 157.56631, -106.10266],
					"rotation": [-12.45392, -1.08089, -4.88206],
					"cubes": [
						{"origin": [-8, 155.56631, -119.10266], "size": [1, 4, 5], "pivot": [-8, 154.56631, -126.10266], "rotation": [30, -45, 0], "uv": [973, 91]},
						{"origin": [-5, 154.56631, -118.10266], "size": [1, 2, 1], "pivot": [-5, 152.56631, -129.10266], "rotation": [30, -45, 0], "uv": [977, 95]},
						{"origin": [-9, 157.56631, -115.10266], "size": [1, 2, 1], "pivot": [-9, 155.56631, -125.10266], "rotation": [30, -45, 0], "uv": [977, 95]}
					]
				},
				{
					"name": "eyes2",
					"parent": "JAWTOP",
					"pivot": [5, 156.56631, -110.10266],
					"rotation": [65.78369, -55.3983, -105.39357],
					"cubes": [
						{"origin": [4, 154.56631, -123.10266], "size": [1, 4, 5], "pivot": [4, 153.56631, -130.10266], "rotation": [30, -45, 0], "uv": [973, 91]},
						{"origin": [7, 153.56631, -122.10266], "size": [1, 2, 1], "pivot": [7, 151.56631, -133.10266], "rotation": [30, -45, 0], "uv": [977, 95]},
						{"origin": [3, 156.56631, -119.10266], "size": [1, 2, 1], "pivot": [3, 154.56631, -129.10266], "rotation": [30, -45, 0], "uv": [977, 95]}
					]
				},
				{
					"name": "JAWBOT",
					"parent": "head",
					"pivot": [3, 149.56631, -97.10266],
					"rotation": [10, 0, 0],
					"cubes": [
						{"origin": [-20, 147.56631, -114.10266], "size": [43, 10, 23], "uv": [524, 392]},
						{"origin": [-10, 154.56631, -117.10266], "size": [23, 7, 18], "uv": [911, 509]},
						{"origin": [-17.43503, 146.56631, -130.53769], "size": [30, 11, 30], "pivot": [-4, 157.56631, -109.10266], "rotation": [0, -45, 0], "uv": [320, 304]}
					]
				},
				{
					"name": "teeths",
					"parent": "JAWBOT",
					"pivot": [3, 149.56631, -97.10266],
					"cubes": [
						{"origin": [-11, 156.56631, -120.10266], "size": [0, 5, 5], "pivot": [-12, 156.56631, -119.10266], "rotation": [-45, -45, 0], "uv": [260, 177]},
						{"origin": [-7, 156.56631, -124.10266], "size": [0, 5, 5], "pivot": [-8, 156.56631, -123.10266], "rotation": [-45, -45, 0], "uv": [250, 177]},
						{"origin": [-3, 156.56631, -128.10266], "size": [0, 5, 5], "pivot": [-4, 156.56631, -127.10266], "rotation": [-45, -45, 0], "uv": [209, 246]},
						{"origin": [1, 156.56631, -132.10266], "size": [0, 5, 5], "pivot": [0, 156.56631, -131.10266], "rotation": [-45, -45, 0], "uv": [177, 246]}
					]
				},
				{
					"name": "teeths4",
					"parent": "teeths",
					"pivot": [-15, 149.56631, -112.10266],
					"rotation": [0, -90, 0],
					"cubes": [
						{"origin": [-29, 156.56631, -135.10266], "size": [0, 5, 5], "pivot": [-30, 156.56631, -134.10266], "rotation": [-45, -45, 0], "uv": [0, 50]},
						{"origin": [-25, 156.56631, -139.10266], "size": [0, 5, 5], "pivot": [-26, 156.56631, -138.10266], "rotation": [-45, -45, 0], "uv": [40, 45]},
						{"origin": [-21, 156.56631, -143.10266], "size": [0, 5, 5], "pivot": [-22, 156.56631, -142.10266], "rotation": [-45, -45, 0], "uv": [0, 45]},
						{"origin": [-17, 156.56631, -147.10266], "size": [0, 5, 5], "pivot": [-18, 156.56631, -146.10266], "rotation": [-45, -45, 0], "uv": [18, 0]}
					]
				},
				{
					"name": "hands",
					"parent": "tophalf",
					"pivot": [-59, -5, 3]
				},
				{
					"name": "rshoulder",
					"parent": "hands",
					"pivot": [-30, 128, -23],
					"rotation": [58.48888, -30.64241, -36.55862],
					"cubes": [
						{"origin": [-56, 136, -44], "size": [30, 30, 30], "pivot": [-53, 134, -35.5], "rotation": [-90, 0, 0], "uv": [148, 478]}
					]
				},
				{
					"name": "rforearm",
					"parent": "rshoulder",
					"pivot": [-49, 121, -27],
					"rotation": [0, -17.5, 0],
					"cubes": [
						{"origin": [-83, 110, -30], "size": [31, 34, 18], "uv": [667, 954]}
					]
				},
				{
					"name": "rhand",
					"parent": "rforearm",
					"pivot": [-73, 123, -23],
					"rotation": [0, -20, 0],
					"cubes": [
						{"origin": [-121, 106, -32], "size": [47, 45, 22], "uv": [5, 458]}
					]
				},
				{
					"name": "rfingee",
					"parent": "rhand",
					"pivot": [-122, 133, -25],
					"cubes": [
						{"origin": [-131, 109, -26], "size": [14, 10, 10], "uv": [440, 324]},
						{"origin": [-138, 110, -32], "size": [12, 8, 8], "pivot": [-153, 108, -32.5], "rotation": [0, -15, 0], "uv": [40, 352]},
						{"origin": [-141, 111, -38], "size": [9, 6, 6], "pivot": [-159, 109, -38.5], "rotation": [0, -27.5, 0], "uv": [288, 418]},
						{"origin": [-138, 126, -32], "size": [12, 8, 8], "pivot": [-153, 124, -32.5], "rotation": [0, -15, 0], "uv": [40, 352]},
						{"origin": [-141, 127, -38], "size": [9, 6, 6], "pivot": [-159, 125, -38.5], "rotation": [0, -27.5, 0], "uv": [288, 418]},
						{"origin": [-131, 125, -26], "size": [14, 10, 10], "uv": [440, 324]},
						{"origin": [-129, 139, -28], "size": [12, 10, 9], "uv": [443, 325]},
						{"origin": [-137, 140, -34], "size": [11, 8, 8], "pivot": [-153, 138, -34.5], "rotation": [0, -15, 0], "uv": [41, 352]},
						{"origin": [-142, 141, -41], "size": [9, 6, 6], "pivot": [-160, 139, -41.5], "rotation": [0, -27.5, 0], "uv": [288, 418]}
					]
				},
				{
					"name": "rthum",
					"parent": "rfingee",
					"pivot": [-105, 141, -29],
					"rotation": [49.10409, 51.83324, 7.99663],
					"cubes": [
						{"origin": [-120, 139, -28], "size": [10, 13, 10], "uv": [322, 532]},
						{"origin": [-118, 146, -28], "size": [8, 14, 8], "pivot": [-137, 152, -28.5], "rotation": [20, 0, 0], "uv": [37, 0]},
						{"origin": [-117, 156, -33], "size": [6, 8, 6], "pivot": [-138, 162, -33.5], "rotation": [42.5, 0, 0], "uv": [280, 58]}
					]
				},
				{
					"name": "lshoulder",
					"parent": "hands",
					"pivot": [37, 128, -23],
					"rotation": [57.71735, 26.95881, 37.10319],
					"cubes": [
						{"origin": [35, 117, -37], "size": [30, 30, 30], "pivot": [33, 128, -23.5], "rotation": [-90, 0, 0], "uv": [500, 0]}
					]
				},
				{
					"name": "lforearm",
					"parent": "lshoulder",
					"pivot": [62, 122, -24],
					"rotation": [0, 25, 0],
					"cubes": [
						{"origin": [58, 110, -29], "size": [31, 34, 18], "uv": [663, 810]}
					]
				},
				{
					"name": "lhand",
					"parent": "lforearm",
					"pivot": [80, 123, -26],
					"rotation": [0, 20, 0],
					"cubes": [
						{"origin": [79, 105, -32], "size": [47, 45, 22], "uv": [479, 324]}
					]
				},
				{
					"name": "lfinge",
					"parent": "lhand",
					"pivot": [40, 259, 0],
					"rotation": [0, 0, 177.5],
					"cubes": [
						{"origin": [-51, 372, -28], "size": [14, 10, 10], "uv": [1, 50]},
						{"origin": [-55, 373, -34], "size": [9, 8, 8], "pivot": [-73, 371, -32.5], "rotation": [0, -15, 0], "uv": [131, 601]},
						{"origin": [-59, 374, -40], "size": [9, 6, 6], "pivot": [-77, 372, -38.5], "rotation": [0, -27.5, 0], "uv": [0, 270]},
						{"origin": [-55, 389, -34], "size": [9, 8, 8], "pivot": [-73, 387, -32.5], "rotation": [0, -15, 0], "uv": [131, 601]},
						{"origin": [-59, 390, -40], "size": [9, 6, 6], "pivot": [-77, 388, -38.5], "rotation": [0, -27.5, 0], "uv": [0, 270]},
						{"origin": [-51, 388, -28], "size": [14, 10, 10], "uv": [1, 50]},
						{"origin": [-49, 402, -30], "size": [12, 10, 9], "uv": [1, 50]},
						{"origin": [-55, 403, -36], "size": [9, 8, 8], "pivot": [-73, 401, -34.5], "rotation": [0, -15, 0], "uv": [131, 601]},
						{"origin": [-59, 404, -42], "size": [9, 6, 6], "pivot": [-77, 402, -40.5], "rotation": [0, -27.5, 0], "uv": [0, 270]}
					]
				},
				{
					"name": "lthum",
					"parent": "lfinge",
					"pivot": [-58, 357, -52.5],
					"rotation": [-51.82753, -23.06707, -46.43707],
					"cubes": [
						{"origin": [-28, 357, -41], "size": [15, 10, 10], "uv": [0, 50]},
						{"origin": [-31, 358, -49], "size": [9, 8, 8], "pivot": [-49, 356, -47.5], "rotation": [0, -22.5, 0], "uv": [131, 601]},
						{"origin": [-35, 359, -56], "size": [9, 6, 6], "pivot": [-53, 357, -54.5], "rotation": [0, -35, 0], "uv": [0, 270]}
					]
				}
			]
		}
	]
}