{"elements":[{"from":[3.4285712,-14.455442,2.5556607],"to":[12.571428,-14.455442,9.412804],"rotation":{"angle":-22.5,"axis":"x","origin":[8.0,-14.455442,5.984232]},"faces":{"east":{"uv":[0.0,0.0,3.0,0.0],"rotation":0,"texture":"#0","tintindex":0},"south":{"uv":[0.0,0.0,4.0,0.0],"rotation":0,"texture":"#0","tintindex":0},"north":{"uv":[0.0,0.0,4.0,0.0],"rotation":0,"texture":"#0","tintindex":0},"west":{"uv":[0.0,0.0,3.0,0.0],"rotation":0,"texture":"#0","tintindex":0},"up":{"uv":[8.0,8.75,4.0,5.75],"rotation":0,"texture":"#0","tintindex":0},"down":{"uv":[4.0,5.75,8.0,8.75],"rotation":0,"texture":"#0","tintindex":0}}},{"from":[3.4285712,-16.0,8.009315],"to":[12.571428,-2.8571424,8.009315],"rotation":{"angle":22.5,"axis":"x","origin":[8.0,-16.0,8.009315]},"faces":{"east":{"uv":[0.0,0.0,0.0,5.75],"rotation":0,"texture":"#0","tintindex":0},"south":{"uv":[0.0,2.25,4.0,8.0],"rotation":0,"texture":"#0","tintindex":0},"north":{"uv":[4.0,2.25,0.0,8.0],"rotation":0,"texture":"#0","tintindex":0},"west":{"uv":[0.0,0.0,0.0,5.75],"rotation":0,"texture":"#0","tintindex":0},"up":{"uv":[0.0,0.0,4.0,0.0],"rotation":0,"texture":"#0","tintindex":0},"down":{"uv":[0.0,0.0,4.0,0.0],"rotation":0,"texture":"#0","tintindex":0}}},{"from":[3.4285712,-4.610737,14.857143],"to":[12.571428,0.5321207,14.857143],"rotation":{"angle":45.0,"axis":"x","origin":[8.0,-2.0393085,14.857143]},"faces":{"east":{"uv":[0.0,0.0,0.0,2.25],"rotation":0,"texture":"#0","tintindex":0},"south":{"uv":[0.0,0.0,4.0,2.25],"rotation":0,"texture":"#0","tintindex":0},"north":{"uv":[4.0,0.0,0.0,2.25],"rotation":0,"texture":"#0","tintindex":0},"west":{"uv":[0.0,0.0,0.0,2.25],"rotation":0,"texture":"#0","tintindex":0},"up":{"uv":[0.0,0.0,4.0,0.0],"rotation":0,"texture":"#0","tintindex":0},"down":{"uv":[0.0,0.0,4.0,0.0],"rotation":0,"texture":"#0","tintindex":0}}}],"textures":{"0":"modelengine:entity/bufo_bufo_splash"},"display":{"head":{"translation":[0.0,-11.385626,0.0],"scale":[4.0,4.0,4.0]}}}