{"elements":[{"from":[5.142857,8.0,14.857143],"to":[16.0,17.142857,14.857143],"rotation":{"angle":22.5,"axis":"x","origin":[16.0,8.0,15.428572]},"faces":{"east":{"uv":[0.0,0.0,0.0,1.0],"rotation":0,"texture":"#0","tintindex":0},"south":{"uv":[5.875,3.0625,7.0625,4.0625],"rotation":0,"texture":"#0","tintindex":0},"north":{"uv":[4.125,5.75,5.3125,6.75],"rotation":0,"texture":"#0","tintindex":0},"west":{"uv":[0.0,0.0,0.0,1.0],"rotation":0,"texture":"#0","tintindex":0},"up":{"uv":[1.1875,0.0,0.0,0.0],"rotation":0,"texture":"#0","tintindex":0},"down":{"uv":[1.1875,0.0,0.0,0.0],"rotation":0,"texture":"#0","tintindex":0}}},{"from":[11.714286,8.0,2.5714283],"to":[22.57143,17.142857,2.5714283],"rotation":{"angle":22.5,"axis":"y","origin":[17.142857,12.571428,2.5714283]},"faces":{"east":{"uv":[0.0,0.0,0.0,1.0],"rotation":0,"texture":"#0","tintindex":0},"south":{"uv":[1.1875,6.375,2.375,7.375],"rotation":0,"texture":"#0","tintindex":0},"north":{"uv":[0.0,6.375,1.1875,7.375],"rotation":0,"texture":"#0","tintindex":0},"west":{"uv":[0.0,0.0,0.0,1.0],"rotation":0,"texture":"#0","tintindex":0},"up":{"uv":[1.1875,0.0,0.0,0.0],"rotation":0,"texture":"#0","tintindex":0},"down":{"uv":[1.1875,0.0,0.0,0.0],"rotation":0,"texture":"#0","tintindex":0}}},{"from":[3.4285712,8.0,-5.714287],"to":[3.4285712,17.142857,5.142857],"rotation":{"angle":45.0,"axis":"y","origin":[2.8571424,8.0,5.142857]},"faces":{"east":{"uv":[6.0625,0.0,7.25,1.0],"rotation":0,"texture":"#0","tintindex":0},"south":{"uv":[0.0,0.0,0.0,1.0],"rotation":0,"texture":"#0","tintindex":0},"north":{"uv":[0.0,0.0,0.0,1.0],"rotation":0,"texture":"#0","tintindex":0},"west":{"uv":[6.0625,1.0,7.25,2.0],"rotation":0,"texture":"#0","tintindex":0},"up":{"uv":[0.0,1.1875,0.0,0.0],"rotation":0,"texture":"#0","tintindex":0},"down":{"uv":[0.0,0.0,0.0,1.1875],"rotation":0,"texture":"#0","tintindex":0}}}],"textures":{"0":"modelengine:entity/lrd_yukio_iceshards"},"display":{"head":{"translation":[0.0,-6.4,0.0],"scale":[4.0,4.0,4.0]}}}