{"elements":[{"from":[4.0,8.0,1.7142854],"to":[11.428572,15.428572,10.285714],"rotation":{"angle":0.0,"axis":"y","origin":[8.0,8.0,8.0]},"faces":{"east":{"uv":[5.3125,6.6875,6.25,7.5],"rotation":0,"texture":"#0","tintindex":0},"south":{"uv":[7.1875,6.6875,8.0,7.5],"rotation":0,"texture":"#0","tintindex":0},"north":{"uv":[7.0625,3.0625,7.875,3.875],"rotation":0,"texture":"#0","tintindex":0},"west":{"uv":[6.25,6.6875,7.1875,7.5],"rotation":0,"texture":"#0","tintindex":0},"up":{"uv":[4.75,7.6875,3.9375,6.75],"rotation":0,"texture":"#0","tintindex":0},"down":{"uv":[3.1875,6.9375,2.375,7.875],"rotation":0,"texture":"#0","tintindex":0}}},{"from":[4.0,15.428572,1.7142854],"to":[8.571428,27.428572,8.571428],"rotation":{"angle":0.0,"axis":"y","origin":[8.0,8.0,8.0]},"faces":{"east":{"uv":[6.625,4.0625,7.375,5.375],"rotation":0,"texture":"#0","tintindex":0},"south":{"uv":[3.1875,6.9375,3.6875,8.25],"rotation":0,"texture":"#0","tintindex":0},"north":{"uv":[4.75,6.75,5.25,8.0625],"rotation":0,"texture":"#0","tintindex":0},"west":{"uv":[6.625,5.375,7.375,6.6875],"rotation":0,"texture":"#0","tintindex":0},"up":{"uv":[0.75,8.125,0.25,7.375],"rotation":0,"texture":"#0","tintindex":0},"down":{"uv":[1.25,7.375,0.75,8.125],"rotation":0,"texture":"#0","tintindex":0}}}],"textures":{"0":"modelengine:entity/lrd_yukio_iceshards"},"display":{"head":{"translation":[0.0,-6.4,0.0],"scale":[4.0,4.0,4.0]}}}