{
	"credit": "Made with Blockbench",
	"texture_size": [32, 32],
	"textures": {
		"0": "modelengine:entity/fuzzy_bat"
	},
	"elements": [
		{
			"from": [3, 12, 4],
			"to": [13, 17, 13],
			"rotation": {"angle": 0, "axis": "y", "origin": [8, 0, 8]},
			"faces": {
				"north": {"uv": [0, 0, 5, 2.5], "texture": "#0"},
				"east": {"uv": [5, 0, 9.5, 2.5], "texture": "#0"},
				"south": {"uv": [0, 5, 5, 7.5], "texture": "#0"},
				"west": {"uv": [5, 5, 9.5, 7.5], "texture": "#0"},
				"up": {"uv": [14.5, 4.5, 9.5, 0], "texture": "#0"},
				"down": {"uv": [14.5, 4.5, 9.5, 9], "texture": "#0"}
			}
		},
		{
			"from": [7, 12.07716, 3.38791],
			"to": [9, 14.07716, 5.38791],
			"rotation": {"angle": -22.5, "axis": "x", "origin": [8, 13.57716, 3.88791]},
			"faces": {
				"north": {"uv": [3, 13, 4, 14], "texture": "#0"},
				"east": {"uv": [4, 13, 5, 14], "texture": "#0"},
				"south": {"uv": [5, 13, 6, 14], "texture": "#0"},
				"west": {"uv": [6, 13, 7, 14], "texture": "#0"},
				"up": {"uv": [8, 14, 7, 13], "texture": "#0"},
				"down": {"uv": [9, 13, 8, 14], "texture": "#0"}
			}
		},
		{
			"from": [3, 17, 8],
			"to": [6, 20, 9],
			"rotation": {"angle": 0, "axis": "y", "origin": [4.5, 17.5, 8.5]},
			"faces": {
				"north": {"uv": [7.5, 11.5, 6, 13], "texture": "#0"},
				"east": {"uv": [13.5, 12, 13, 13.5], "texture": "#0"},
				"south": {"uv": [9, 11.5, 7.5, 13], "texture": "#0"},
				"west": {"uv": [9.5, 10, 9, 11.5], "texture": "#0"},
				"up": {"uv": [0, 14, 1.5, 13.5], "texture": "#0"},
				"down": {"uv": [1.5, 13.5, 3, 14], "texture": "#0"}
			}
		},
		{
			"from": [10, 17, 8],
			"to": [13, 20, 9],
			"rotation": {"angle": 0, "axis": "y", "origin": [11.5, 17.5, 8.5]},
			"faces": {
				"north": {"uv": [6, 11.5, 7.5, 13], "texture": "#0"},
				"east": {"uv": [9, 10, 9.5, 11.5], "texture": "#0"},
				"south": {"uv": [7.5, 11.5, 9, 13], "texture": "#0"},
				"west": {"uv": [13, 12, 13.5, 13.5], "texture": "#0"},
				"up": {"uv": [1.5, 14, 0, 13.5], "texture": "#0"},
				"down": {"uv": [3, 13.5, 1.5, 14], "texture": "#0"}
			}
		},
		{
			"from": [6.5, 9.22798, 14.14713],
			"to": [9.5, 12.22798, 14.14713],
			"rotation": {"angle": -22.5, "axis": "x", "origin": [4.5, 9.22798, 14.14713]},
			"faces": {
				"north": {"uv": [14.5, 1.5, 16, 3], "texture": "#0"},
				"east": {"uv": [0, 0, 0, 1.5], "texture": "#0"},
				"south": {"uv": [14.5, 1.5, 16, 3], "texture": "#0"},
				"west": {"uv": [0, 0, 0, 1.5], "texture": "#0"},
				"up": {"uv": [1.5, 0, 0, 0], "texture": "#0"},
				"down": {"uv": [1.5, 0, 0, 0], "texture": "#0"}
			}
		},
		{
			"from": [6.5, 6.22798, 14.14713],
			"to": [9.5, 9.22798, 14.14713],
			"rotation": {"angle": -22.5, "axis": "x", "origin": [4.5, 9.22798, 14.14713]},
			"faces": {
				"north": {"uv": [14.5, 3, 16, 4.5], "texture": "#0"},
				"east": {"uv": [0, 0, 0, 1.5], "texture": "#0"},
				"south": {"uv": [14.5, 3, 16, 4.5], "texture": "#0"},
				"west": {"uv": [0, 0, 0, 1.5], "texture": "#0"},
				"up": {"uv": [1.5, 0, 0, 0], "texture": "#0"},
				"down": {"uv": [1.5, 0, 0, 0], "texture": "#0"}
			}
		},
		{
			"from": [-3, 10, 9],
			"to": [3, 17, 9],
			"rotation": {"angle": 0, "axis": "y", "origin": [8, 0, 9]},
			"faces": {
				"north": {"uv": [9.5, 9, 12.5, 12.5], "texture": "#0"},
				"east": {"uv": [0, 0, 0, 3.5], "texture": "#0"},
				"south": {"uv": [0, 10, 3, 13.5], "texture": "#0"},
				"west": {"uv": [0, 0, 0, 3.5], "texture": "#0"},
				"up": {"uv": [3, 0, 0, 0], "texture": "#0"},
				"down": {"uv": [3, 0, 0, 0], "texture": "#0"}
			}
		},
		{
			"from": [13, 10, 9],
			"to": [19, 17, 9],
			"rotation": {"angle": 0, "axis": "y", "origin": [8, 0, 9]},
			"faces": {
				"north": {"uv": [12.5, 9, 9.5, 12.5], "texture": "#0"},
				"east": {"uv": [0, 0, 0, 3.5], "texture": "#0"},
				"south": {"uv": [3, 10, 0, 13.5], "texture": "#0"},
				"west": {"uv": [0, 0, 0, 3.5], "texture": "#0"},
				"up": {"uv": [0, 0, 3, 0], "texture": "#0"},
				"down": {"uv": [0, 0, 3, 0], "texture": "#0"}
			}
		}
	],
	"gui_light": "front",
	"display": {
		"thirdperson_righthand": {
			"rotation": [33, 35, -5],
			"translation": [0.75, -4.25, 0],
			"scale": [0.85, 0.85, 0.85]
		},
		"thirdperson_lefthand": {
			"rotation": [33, 35, -5],
			"translation": [0.75, -4.25, 0],
			"scale": [0.85, 0.85, 0.85]
		},
		"firstperson_righthand": {
			"rotation": [-3, 126, -14],
			"translation": [1.75, -3.75, -2.5],
			"scale": [0.85, 0.85, 0.85]
		},
		"firstperson_lefthand": {
			"rotation": [-3, 126, -14],
			"translation": [1.75, -3.75, -2.5],
			"scale": [0.85, 0.85, 0.85]
		},
		"ground": {
			"rotation": [28, 0, 0],
			"scale": [0.75, 0.75, 0.75]
		},
		"gui": {
			"rotation": [18, -160, 0],
			"translation": [0.25, -4, 0],
			"scale": [0.7, 0.7, 0.7]
		},
		"head": {
			"translation": [0, -6.75, -0.75],
			"scale": [1.65, 1.65, 1.65]
		},
		"fixed": {
			"rotation": [-90, 0, 0],
			"translation": [0, 0, 5]
		}
	},
	"groups": [
		{
			"name": "h_torso",
			"origin": [8, 9.57716, 8.88791],
			"color": 0,
			"children": [
				0,
				1,
				{
					"name": "ear_left",
					"origin": [4.5, 16, 8.5],
					"color": 0,
					"children": [2]
				},
				{
					"name": "ear_right",
					"origin": [11.5, 16, 8.5],
					"color": 0,
					"children": [3]
				},
				{
					"name": "tail_1",
					"origin": [8, 9, 13],
					"color": 0,
					"children": [
						{
							"name": "tail_2",
							"origin": [8, 6, 13],
							"color": 0,
							"children": [
								4,
								{
									"name": "tail_3",
									"origin": [8, 3, 13],
									"color": 0,
									"children": [5]
								}
							]
						}
					]
				},
				{
					"name": "leg_right",
					"origin": [13, 8, 8.5],
					"color": 0,
					"children": []
				},
				{
					"name": "leg_left",
					"origin": [3, 8, 8.5],
					"color": 0,
					"children": []
				},
				{
					"name": "wing_left",
					"origin": [3, 13.5, 9],
					"color": 0,
					"children": [6]
				},
				{
					"name": "wing_right",
					"origin": [13, 13.5, 9],
					"color": 0,
					"children": [7]
				}
			]
		}
	]
}