{"elements":[{"from":[13.191896,10.085714,10.0423],"to":[15.477612,12.371429,10.0423],"rotation":{"angle":0.0,"axis":"y","origin":[14.04904,11.514286,10.0423]},"faces":{"east":{"uv":[0.0,0.0,0.0,0.5],"rotation":0,"texture":"#0","tintindex":0},"south":{"uv":[5.875,2.75,6.375,3.25],"rotation":0,"texture":"#0","tintindex":0},"north":{"uv":[5.875,2.25,6.375,2.75],"rotation":0,"texture":"#0","tintindex":0},"west":{"uv":[0.0,0.0,0.0,0.5],"rotation":0,"texture":"#0","tintindex":0},"up":{"uv":[0.5,0.0,0.0,0.0],"rotation":0,"texture":"#0","tintindex":0},"down":{"uv":[0.5,0.0,0.0,0.0],"rotation":0,"texture":"#0","tintindex":0}}},{"from":[10.258103,11.471429,12.149443],"to":[10.258103,13.757143,14.435158],"rotation":{"angle":22.5,"axis":"y","origin":[10.258103,12.9,13.006586]},"faces":{"east":{"uv":[5.875,3.25,6.375,3.75],"rotation":0,"texture":"#0","tintindex":0},"south":{"uv":[0.0,0.0,0.0,0.5],"rotation":0,"texture":"#0","tintindex":0},"north":{"uv":[0.0,0.0,0.0,0.5],"rotation":0,"texture":"#0","tintindex":0},"west":{"uv":[5.875,3.75,6.375,4.25],"rotation":0,"texture":"#0","tintindex":0},"up":{"uv":[0.0,0.5,0.0,0.0],"rotation":0,"texture":"#0","tintindex":0},"down":{"uv":[0.0,0.0,0.0,0.5],"rotation":0,"texture":"#0","tintindex":0}}},{"from":[1.1152458,9.757143,5.435157],"to":[3.4009604,12.042857,5.435157],"rotation":{"angle":0.0,"axis":"y","origin":[2.5438175,11.185715,5.435157]},"faces":{"east":{"uv":[0.0,0.0,0.0,0.5],"rotation":0,"texture":"#0","tintindex":0},"south":{"uv":[5.875,4.75,6.375,5.25],"rotation":0,"texture":"#0","tintindex":0},"north":{"uv":[5.875,4.25,6.375,4.75],"rotation":0,"texture":"#0","tintindex":0},"west":{"uv":[0.0,0.0,0.0,0.5],"rotation":0,"texture":"#0","tintindex":0},"up":{"uv":[0.5,0.0,0.0,0.0],"rotation":0,"texture":"#0","tintindex":0},"down":{"uv":[0.5,0.0,0.0,0.0],"rotation":0,"texture":"#0","tintindex":0}}},{"from":[2.9142857,10.421429,6.1],"to":[4.6285715,10.992857,6.6714287],"rotation":{"angle":-22.5,"axis":"y","origin":[4.9142857,10.421429,6.6714287]},"faces":{"east":{"uv":[8.125,2.125,8.25,2.25],"rotation":0,"texture":"#0","tintindex":0},"south":{"uv":[4.875,0.625,5.25,0.75],"rotation":0,"texture":"#0","tintindex":0},"north":{"uv":[3.5,2.625,3.875,2.75],"rotation":0,"texture":"#0","tintindex":0},"west":{"uv":[8.125,2.25,8.25,2.375],"rotation":0,"texture":"#0","tintindex":0},"up":{"uv":[6.375,6.75,6.0,6.625],"rotation":0,"texture":"#0","tintindex":0},"down":{"uv":[8.25,3.25,7.875,3.375],"rotation":0,"texture":"#0","tintindex":0}}},{"from":[4.0571427,11.364285,5.535714],"to":[6.9142857,12.507143,6.678571],"rotation":{"angle":22.5,"axis":"z","origin":[7.2,11.935715,6.107143]},"faces":{"east":{"uv":[5.625,2.25,5.875,2.5],"rotation":0,"texture":"#0","tintindex":0},"south":{"uv":[3.875,3.5,4.5,3.75],"rotation":0,"texture":"#0","tintindex":0},"north":{"uv":[0.75,3.5,1.375,3.75],"rotation":0,"texture":"#0","tintindex":0},"west":{"uv":[6.875,5.25,7.125,5.5],"rotation":0,"texture":"#0","tintindex":0},"up":{"uv":[7.0,6.75,6.375,6.5],"rotation":0,"texture":"#0","tintindex":0},"down":{"uv":[7.25,1.75,6.625,2.0],"rotation":0,"texture":"#0","tintindex":0}}},{"from":[12.285715,11.285714,7.9428573],"to":[15.142858,11.857143,8.514286],"rotation":{"angle":-45.0,"axis":"y","origin":[12.0,11.285714,7.9428573]},"faces":{"east":{"uv":[2.375,8.125,2.5,8.25],"rotation":0,"texture":"#0","tintindex":0},"south":{"uv":[7.375,3.75,8.0,3.875],"rotation":0,"texture":"#0","tintindex":0},"north":{"uv":[7.25,6.875,7.875,7.0],"rotation":0,"texture":"#0","tintindex":0},"west":{"uv":[8.125,2.375,8.25,2.5],"rotation":0,"texture":"#0","tintindex":0},"up":{"uv":[8.0,4.0,7.375,3.875],"rotation":0,"texture":"#0","tintindex":0},"down":{"uv":[8.0,6.375,7.375,6.5],"rotation":0,"texture":"#0","tintindex":0}}},{"from":[9.714286,12.371429,7.6571426],"to":[12.571428,13.514286,8.8],"rotation":{"angle":-22.5,"axis":"z","origin":[9.428572,12.942858,8.228572]},"faces":{"east":{"uv":[7.0,6.5,7.25,6.75],"rotation":0,"texture":"#0","tintindex":0},"south":{"uv":[3.875,6.625,4.5,6.875],"rotation":0,"texture":"#0","tintindex":0},"north":{"uv":[6.625,2.0,7.25,2.25],"rotation":0,"texture":"#0","tintindex":0},"west":{"uv":[7.125,5.25,7.375,5.5],"rotation":0,"texture":"#0","tintindex":0},"up":{"uv":[6.0,6.875,5.375,6.625],"rotation":0,"texture":"#0","tintindex":0},"down":{"uv":[7.375,3.0,6.75,3.25],"rotation":0,"texture":"#0","tintindex":0}}},{"from":[5.714286,11.228572,6.857143],"to":[7.428571,12.942858,9.142858],"rotation":{"angle":-45.0,"axis":"z","origin":[6.5714283,12.085714,8.0]},"faces":{"east":{"uv":[4.375,6.25,4.875,6.625],"rotation":0,"texture":"#0","tintindex":0},"south":{"uv":[7.0,1.375,7.375,1.75],"rotation":0,"texture":"#0","tintindex":0},"north":{"uv":[7.0,0.0,7.375,0.375],"rotation":0,"texture":"#0","tintindex":0},"west":{"uv":[5.875,6.25,6.375,6.625],"rotation":0,"texture":"#0","tintindex":0},"up":{"uv":[1.125,6.875,0.75,6.375],"rotation":0,"texture":"#0","tintindex":0},"down":{"uv":[2.625,6.375,2.25,6.875],"rotation":0,"texture":"#0","tintindex":0}}},{"from":[9.218493,12.49171,11.065983],"to":[9.789923,13.063139,13.351698],"rotation":{"angle":45.0,"axis":"y","origin":[9.504208,12.777424,12.20884]},"faces":{"east":{"uv":[3.75,1.625,4.25,1.75],"rotation":0,"texture":"#0","tintindex":0},"south":{"uv":[8.125,2.5,8.25,2.625],"rotation":0,"texture":"#0","tintindex":0},"north":{"uv":[2.5,8.125,2.625,8.25],"rotation":0,"texture":"#0","tintindex":0},"west":{"uv":[4.5,1.5,5.0,1.625],"rotation":0,"texture":"#0","tintindex":0},"up":{"uv":[3.625,8.125,3.5,7.625],"rotation":0,"texture":"#0","tintindex":0},"down":{"uv":[3.75,7.625,3.625,8.125],"rotation":0,"texture":"#0","tintindex":0}}},{"from":[7.43121,12.200001,8.832958],"to":[8.574067,13.342857,11.690101],"rotation":{"angle":22.5,"axis":"y","origin":[7.35659,12.974283,9.470872]},"faces":{"east":{"uv":[6.75,3.25,7.375,3.5],"rotation":0,"texture":"#0","tintindex":0},"south":{"uv":[3.75,7.625,4.0,7.875],"rotation":0,"texture":"#0","tintindex":0},"north":{"uv":[7.625,1.75,7.875,2.0],"rotation":0,"texture":"#0","tintindex":0},"west":{"uv":[6.75,3.5,7.375,3.75],"rotation":0,"texture":"#0","tintindex":0},"up":{"uv":[0.75,7.125,0.5,6.5],"rotation":0,"texture":"#0","tintindex":0},"down":{"uv":[4.75,6.625,4.5,7.25],"rotation":0,"texture":"#0","tintindex":0}}},{"from":[11.257143,10.95,2.9285712],"to":[11.828571,11.521429,4.642857],"rotation":{"angle":-22.5,"axis":"x","origin":[11.828571,10.95,4.928571]},"faces":{"east":{"uv":[7.875,3.375,8.25,3.5],"rotation":0,"texture":"#0","tintindex":0},"south":{"uv":[8.125,2.625,8.25,2.75],"rotation":0,"texture":"#0","tintindex":0},"north":{"uv":[2.625,8.125,2.75,8.25],"rotation":0,"texture":"#0","tintindex":0},"west":{"uv":[7.875,5.625,8.25,5.75],"rotation":0,"texture":"#0","tintindex":0},"up":{"uv":[8.0,6.125,7.875,5.75],"rotation":0,"texture":"#0","tintindex":0},"down":{"uv":[6.0,7.875,5.875,8.25],"rotation":0,"texture":"#0","tintindex":0}}},{"from":[9.542857,10.657143,6.285714],"to":[12.4,11.8,7.428571],"rotation":{"angle":45.0,"axis":"y","origin":[9.257143,11.228572,6.857143]},"faces":{"east":{"uv":[4.5,7.625,4.75,7.875],"rotation":0,"texture":"#0","tintindex":0},"south":{"uv":[6.75,5.5,7.375,5.75],"rotation":0,"texture":"#0","tintindex":0},"north":{"uv":[6.75,3.75,7.375,4.0],"rotation":0,"texture":"#0","tintindex":0},"west":{"uv":[4.75,7.625,5.0,7.875],"rotation":0,"texture":"#0","tintindex":0},"up":{"uv":[7.375,6.0,6.75,5.75],"rotation":0,"texture":"#0","tintindex":0},"down":{"uv":[6.625,6.75,6.0,7.0],"rotation":0,"texture":"#0","tintindex":0}}},{"from":[1.7357144,12.428572,9.764286],"to":[4.592857,13.0,10.335714],"rotation":{"angle":-22.5,"axis":"z","origin":[4.8785715,12.428572,9.764286]},"faces":{"east":{"uv":[2.75,8.125,2.875,8.25],"rotation":0,"texture":"#0","tintindex":0},"south":{"uv":[7.5,1.25,8.125,1.375],"rotation":0,"texture":"#0","tintindex":0},"north":{"uv":[7.5,1.125,8.125,1.25],"rotation":0,"texture":"#0","tintindex":0},"west":{"uv":[8.125,2.75,8.25,2.875],"rotation":0,"texture":"#0","tintindex":0},"up":{"uv":[3.5,7.625,2.875,7.5],"rotation":0,"texture":"#0","tintindex":0},"down":{"uv":[8.125,2.875,7.5,3.0],"rotation":0,"texture":"#0","tintindex":0}}},{"from":[3.6,12.371429,7.428571],"to":[6.457143,13.514286,8.571428],"rotation":{"angle":45.0,"axis":"y","origin":[6.742857,12.942858,8.0]},"faces":{"east":{"uv":[5.0,7.625,5.25,7.875],"rotation":0,"texture":"#0","tintindex":0},"south":{"uv":[6.75,6.25,7.375,6.5],"rotation":0,"texture":"#0","tintindex":0},"north":{"uv":[6.75,6.0,7.375,6.25],"rotation":0,"texture":"#0","tintindex":0},"west":{"uv":[5.875,7.625,6.125,7.875],"rotation":0,"texture":"#0","tintindex":0},"up":{"uv":[7.25,7.0,6.625,6.75],"rotation":0,"texture":"#0","tintindex":0},"down":{"uv":[7.5,0.375,6.875,0.625],"rotation":0,"texture":"#0","tintindex":0}}},{"from":[6.285714,11.685715,6.285714],"to":[9.714286,15.685715,9.714286],"rotation":{"angle":-22.5,"axis":"x","origin":[8.0,11.4,8.0]},"faces":{"east":{"uv":[0.75,3.75,1.5,4.625],"rotation":0,"texture":"#0","tintindex":0},"south":{"uv":[3.75,0.75,4.5,1.625],"rotation":0,"texture":"#0","tintindex":0},"north":{"uv":[3.5,1.75,4.25,2.625],"rotation":0,"texture":"#0","tintindex":0},"west":{"uv":[1.5,3.75,2.25,4.625],"rotation":0,"texture":"#0","tintindex":0},"up":{"uv":[4.875,0.75,4.125,0.0],"rotation":0,"texture":"#0","tintindex":0},"down":{"uv":[5.0,1.625,4.25,2.375],"rotation":0,"texture":"#0","tintindex":0}}},{"from":[8.571428,11.228572,6.857143],"to":[10.285714,12.942858,9.142858],"rotation":{"angle":45.0,"axis":"z","origin":[9.428572,12.085714,8.0]},"faces":{"east":{"uv":[6.375,2.25,6.875,2.625],"rotation":0,"texture":"#0","tintindex":0},"south":{"uv":[1.125,7.125,1.5,7.5],"rotation":0,"texture":"#0","tintindex":0},"north":{"uv":[0.75,7.125,1.125,7.5],"rotation":0,"texture":"#0","tintindex":0},"west":{"uv":[6.375,2.625,6.875,3.0],"rotation":0,"texture":"#0","tintindex":0},"up":{"uv":[6.75,3.5,6.375,3.0],"rotation":0,"texture":"#0","tintindex":0},"down":{"uv":[6.75,3.5,6.375,4.0],"rotation":0,"texture":"#0","tintindex":0}}},{"from":[4.8571424,7.8,6.285714],"to":[11.142858,12.371429,9.714286],"rotation":{"angle":0.0,"axis":"y","origin":[8.0,-3.0571432,8.0]},"faces":{"east":{"uv":[2.75,1.75,3.5,2.75],"rotation":0,"texture":"#0","tintindex":0},"south":{"uv":[0.0,1.0,1.375,2.0],"rotation":0,"texture":"#0","tintindex":0},"north":{"uv":[0.0,0.0,1.375,1.0],"rotation":0,"texture":"#0","tintindex":0},"west":{"uv":[2.375,2.75,3.125,3.75],"rotation":0,"texture":"#0","tintindex":0},"up":{"uv":[1.375,2.75,0.0,2.0],"rotation":0,"texture":"#0","tintindex":0},"down":{"uv":[2.75,2.0,1.375,2.75],"rotation":0,"texture":"#0","tintindex":0}}}],"textures":{"0":"modelengine:entity/em_dyerftum2"},"display":{"head":{"translation":[0.0,-6.4,0.0],"scale":[4.0,4.0,4.0]}}}