{"elements":[{"from":[4.8571424,7.8,6.285714],"to":[11.142858,12.371429,9.714286],"rotation":{"angle":0.0,"axis":"y","origin":[8.0,-3.0571432,8.0]},"faces":{"east":{"uv":[3.125,2.75,3.875,3.75],"rotation":0,"texture":"#0","tintindex":0},"south":{"uv":[1.375,1.0,2.75,2.0],"rotation":0,"texture":"#0","tintindex":0},"north":{"uv":[1.375,0.0,2.75,1.0],"rotation":0,"texture":"#0","tintindex":0},"west":{"uv":[0.0,3.5,0.75,4.5],"rotation":0,"texture":"#0","tintindex":0},"up":{"uv":[1.375,3.5,0.0,2.75],"rotation":0,"texture":"#0","tintindex":0},"down":{"uv":[4.125,0.0,2.75,0.75],"rotation":0,"texture":"#0","tintindex":0}}},{"from":[8.571428,11.228572,6.857143],"to":[10.285714,12.942858,9.142858],"rotation":{"angle":45.0,"axis":"z","origin":[9.428572,12.085714,8.0]},"faces":{"east":{"uv":[6.375,4.75,6.875,5.125],"rotation":0,"texture":"#0","tintindex":0},"south":{"uv":[4.125,7.125,4.5,7.5],"rotation":0,"texture":"#0","tintindex":0},"north":{"uv":[3.75,7.125,4.125,7.5],"rotation":0,"texture":"#0","tintindex":0},"west":{"uv":[6.375,5.125,6.875,5.5],"rotation":0,"texture":"#0","tintindex":0},"up":{"uv":[6.75,6.0,6.375,5.5],"rotation":0,"texture":"#0","tintindex":0},"down":{"uv":[6.75,6.0,6.375,6.5],"rotation":0,"texture":"#0","tintindex":0}}},{"from":[6.285714,11.685715,6.285714],"to":[9.714286,15.685715,9.714286],"rotation":{"angle":-22.5,"axis":"x","origin":[8.0,11.4,8.0]},"faces":{"east":{"uv":[3.0,3.75,3.75,4.625],"rotation":0,"texture":"#0","tintindex":0},"south":{"uv":[3.75,3.75,4.5,4.625],"rotation":0,"texture":"#0","tintindex":0},"north":{"uv":[2.25,3.75,3.0,4.625],"rotation":0,"texture":"#0","tintindex":0},"west":{"uv":[3.875,2.625,4.625,3.5],"rotation":0,"texture":"#0","tintindex":0},"up":{"uv":[0.75,5.25,0.0,4.5],"rotation":0,"texture":"#0","tintindex":0},"down":{"uv":[5.25,0.75,4.5,1.5],"rotation":0,"texture":"#0","tintindex":0}}},{"from":[3.6,12.371429,7.428571],"to":[6.457143,13.514286,8.571428],"rotation":{"angle":22.5,"axis":"y","origin":[6.742857,12.942858,8.0]},"faces":{"east":{"uv":[6.125,7.625,6.375,7.875],"rotation":0,"texture":"#0","tintindex":0},"south":{"uv":[0.75,6.875,1.375,7.125],"rotation":0,"texture":"#0","tintindex":0},"north":{"uv":[6.875,0.625,7.5,0.875],"rotation":0,"texture":"#0","tintindex":0},"west":{"uv":[6.375,7.625,6.625,7.875],"rotation":0,"texture":"#0","tintindex":0},"up":{"uv":[7.5,1.125,6.875,0.875],"rotation":0,"texture":"#0","tintindex":0},"down":{"uv":[7.5,1.125,6.875,1.375],"rotation":0,"texture":"#0","tintindex":0}}},{"from":[1.0285711,12.428572,8.857143],"to":[3.885714,13.0,9.428572],"rotation":{"angle":-22.5,"axis":"z","origin":[4.1714287,12.428572,8.857143]},"faces":{"east":{"uv":[2.875,8.125,3.0,8.25],"rotation":0,"texture":"#0","tintindex":0},"south":{"uv":[7.5,4.0,8.125,4.125],"rotation":0,"texture":"#0","tintindex":0},"north":{"uv":[3.5,7.5,4.125,7.625],"rotation":0,"texture":"#0","tintindex":0},"west":{"uv":[8.125,2.875,8.25,3.0],"rotation":0,"texture":"#0","tintindex":0},"up":{"uv":[8.125,4.25,7.5,4.125],"rotation":0,"texture":"#0","tintindex":0},"down":{"uv":[8.125,4.25,7.5,4.375],"rotation":0,"texture":"#0","tintindex":0}}},{"from":[9.542857,10.657143,6.285714],"to":[12.4,11.8,7.428571],"rotation":{"angle":22.5,"axis":"y","origin":[9.257143,11.228572,6.857143]},"faces":{"east":{"uv":[7.625,6.5,7.875,6.75],"rotation":0,"texture":"#0","tintindex":0},"south":{"uv":[2.0,6.875,2.625,7.125],"rotation":0,"texture":"#0","tintindex":0},"north":{"uv":[1.375,6.875,2.0,7.125],"rotation":0,"texture":"#0","tintindex":0},"west":{"uv":[6.625,7.625,6.875,7.875],"rotation":0,"texture":"#0","tintindex":0},"up":{"uv":[7.5,2.5,6.875,2.25],"rotation":0,"texture":"#0","tintindex":0},"down":{"uv":[7.5,2.5,6.875,2.75],"rotation":0,"texture":"#0","tintindex":0}}},{"from":[12.114286,10.95,5.785714],"to":[14.971429,11.521429,6.357143],"rotation":{"angle":45.0,"axis":"y","origin":[11.828571,10.95,6.357143]},"faces":{"east":{"uv":[3.0,8.125,3.125,8.25],"rotation":0,"texture":"#0","tintindex":0},"south":{"uv":[7.5,4.5,8.125,4.625],"rotation":0,"texture":"#0","tintindex":0},"north":{"uv":[7.5,4.375,8.125,4.5],"rotation":0,"texture":"#0","tintindex":0},"west":{"uv":[8.125,3.0,8.25,3.125],"rotation":0,"texture":"#0","tintindex":0},"up":{"uv":[8.125,4.75,7.5,4.625],"rotation":0,"texture":"#0","tintindex":0},"down":{"uv":[5.375,7.5,4.75,7.625],"rotation":0,"texture":"#0","tintindex":0}}},{"from":[7.43121,12.371429,8.832958],"to":[8.574067,13.514286,11.690101],"rotation":{"angle":22.5,"axis":"x","origin":[7.35659,13.145712,9.470872]},"faces":{"east":{"uv":[2.625,6.875,3.25,7.125],"rotation":0,"texture":"#0","tintindex":0},"south":{"uv":[7.625,7.0,7.875,7.25],"rotation":0,"texture":"#0","tintindex":0},"north":{"uv":[6.875,7.625,7.125,7.875],"rotation":0,"texture":"#0","tintindex":0},"west":{"uv":[6.875,2.75,7.5,3.0],"rotation":0,"texture":"#0","tintindex":0},"up":{"uv":[0.25,7.5,0.0,6.875],"rotation":0,"texture":"#0","tintindex":0},"down":{"uv":[0.5,6.875,0.25,7.5],"rotation":0,"texture":"#0","tintindex":0}}},{"from":[8.285718,11.805995,10.726774],"to":[8.857147,12.377424,13.012489],"rotation":{"angle":-22.5,"axis":"y","origin":[7.185161,13.031425,9.3565855]},"faces":{"east":{"uv":[5.375,6.5,5.875,6.625],"rotation":0,"texture":"#0","tintindex":0},"south":{"uv":[8.125,3.125,8.25,3.25],"rotation":0,"texture":"#0","tintindex":0},"north":{"uv":[3.125,8.125,3.25,8.25],"rotation":0,"texture":"#0","tintindex":0},"west":{"uv":[7.625,2.0,8.125,2.125],"rotation":0,"texture":"#0","tintindex":0},"up":{"uv":[4.125,8.125,4.0,7.625],"rotation":0,"texture":"#0","tintindex":0},"down":{"uv":[5.375,7.625,5.25,8.125],"rotation":0,"texture":"#0","tintindex":0}}},{"from":[5.714286,11.228572,6.857143],"to":[7.428571,12.942858,9.142858],"rotation":{"angle":-45.0,"axis":"z","origin":[6.5714283,12.085714,8.0]},"faces":{"east":{"uv":[0.0,6.5,0.5,6.875],"rotation":0,"texture":"#0","tintindex":0},"south":{"uv":[7.125,7.0,7.5,7.375],"rotation":0,"texture":"#0","tintindex":0},"north":{"uv":[4.75,7.125,5.125,7.5],"rotation":0,"texture":"#0","tintindex":0},"west":{"uv":[6.5,0.0,7.0,0.375],"rotation":0,"texture":"#0","tintindex":0},"up":{"uv":[6.875,0.875,6.5,0.375],"rotation":0,"texture":"#0","tintindex":0},"down":{"uv":[6.875,0.875,6.5,1.375],"rotation":0,"texture":"#0","tintindex":0}}},{"from":[9.714286,12.371429,7.6571426],"to":[12.571428,13.514286,8.8],"rotation":{"angle":-22.5,"axis":"z","origin":[9.428572,12.942858,8.228572]},"faces":{"east":{"uv":[7.625,7.25,7.875,7.5],"rotation":0,"texture":"#0","tintindex":0},"south":{"uv":[3.875,6.875,4.5,7.125],"rotation":0,"texture":"#0","tintindex":0},"north":{"uv":[3.25,6.875,3.875,7.125],"rotation":0,"texture":"#0","tintindex":0},"west":{"uv":[7.5,7.625,7.75,7.875],"rotation":0,"texture":"#0","tintindex":0},"up":{"uv":[7.5,4.25,6.875,4.0],"rotation":0,"texture":"#0","tintindex":0},"down":{"uv":[7.5,4.25,6.875,4.5],"rotation":0,"texture":"#0","tintindex":0}}},{"from":[12.285715,11.285714,7.9428573],"to":[15.142858,11.857143,8.514286],"rotation":{"angle":22.5,"axis":"z","origin":[12.0,11.285714,7.9428573]},"faces":{"east":{"uv":[3.25,8.125,3.375,8.25],"rotation":0,"texture":"#0","tintindex":0},"south":{"uv":[7.5,4.875,8.125,5.0],"rotation":0,"texture":"#0","tintindex":0},"north":{"uv":[7.5,4.75,8.125,4.875],"rotation":0,"texture":"#0","tintindex":0},"west":{"uv":[3.375,8.125,3.5,8.25],"rotation":0,"texture":"#0","tintindex":0},"up":{"uv":[8.125,5.125,7.5,5.0],"rotation":0,"texture":"#0","tintindex":0},"down":{"uv":[8.125,5.125,7.5,5.25],"rotation":0,"texture":"#0","tintindex":0}}},{"from":[3.4285712,11.364285,5.771428],"to":[6.285714,12.507143,6.9142857],"rotation":{"angle":-22.5,"axis":"y","origin":[6.5714283,11.935715,6.342857]},"faces":{"east":{"uv":[7.75,0.0,8.0,0.25],"rotation":0,"texture":"#0","tintindex":0},"south":{"uv":[4.75,6.875,5.375,7.125],"rotation":0,"texture":"#0","tintindex":0},"north":{"uv":[6.875,4.5,7.5,4.75],"rotation":0,"texture":"#0","tintindex":0},"west":{"uv":[0.5,7.75,0.75,8.0],"rotation":0,"texture":"#0","tintindex":0},"up":{"uv":[7.5,5.0,6.875,4.75],"rotation":0,"texture":"#0","tintindex":0},"down":{"uv":[7.5,5.0,6.875,5.25],"rotation":0,"texture":"#0","tintindex":0}}},{"from":[2.2857141,12.0,4.9714284],"to":[4.0,12.571428,5.542857],"rotation":{"angle":45.0,"axis":"z","origin":[4.285714,12.0,5.542857]},"faces":{"east":{"uv":[3.5,8.125,3.625,8.25],"rotation":0,"texture":"#0","tintindex":0},"south":{"uv":[7.875,6.125,8.25,6.25],"rotation":0,"texture":"#0","tintindex":0},"north":{"uv":[6.0,7.875,6.375,8.0],"rotation":0,"texture":"#0","tintindex":0},"west":{"uv":[8.125,3.5,8.25,3.625],"rotation":0,"texture":"#0","tintindex":0},"up":{"uv":[6.75,8.0,6.375,7.875],"rotation":0,"texture":"#0","tintindex":0},"down":{"uv":[8.25,6.5,7.875,6.625],"rotation":0,"texture":"#0","tintindex":0}}},{"from":[0.06524563,12.371429,9.185158],"to":[2.3509603,14.657143,9.185158],"rotation":{"angle":0.0,"axis":"y","origin":[1.4938173,13.8,9.185158]},"faces":{"east":{"uv":[0.0,0.0,0.0,0.5],"rotation":0,"texture":"#0","tintindex":0},"south":{"uv":[5.875,5.75,6.375,6.25],"rotation":0,"texture":"#0","tintindex":0},"north":{"uv":[5.875,5.25,6.375,5.75],"rotation":0,"texture":"#0","tintindex":0},"west":{"uv":[0.0,0.0,0.0,0.5],"rotation":0,"texture":"#0","tintindex":0},"up":{"uv":[0.5,0.0,0.0,0.0],"rotation":0,"texture":"#0","tintindex":0},"down":{"uv":[0.5,0.0,0.0,0.0],"rotation":0,"texture":"#0","tintindex":0}}},{"from":[8.734754,14.085714,5.185157],"to":[10.449039,15.8,5.185157],"rotation":{"angle":22.5,"axis":"z","origin":[9.591897,15.514286,5.185157]},"faces":{"east":{"uv":[0.0,0.0,0.0,0.375],"rotation":0,"texture":"#0","tintindex":0},"south":{"uv":[7.25,6.5,7.625,6.875],"rotation":0,"texture":"#0","tintindex":0},"north":{"uv":[7.25,1.75,7.625,2.125],"rotation":0,"texture":"#0","tintindex":0},"west":{"uv":[0.0,0.0,0.0,0.375],"rotation":0,"texture":"#0","tintindex":0},"up":{"uv":[0.375,0.0,0.0,0.0],"rotation":0,"texture":"#0","tintindex":0},"down":{"uv":[0.375,0.0,0.0,0.0],"rotation":0,"texture":"#0","tintindex":0}}},{"from":[14.2204685,11.228572,8.328014],"to":[16.506184,13.514286,8.328014],"rotation":{"angle":0.0,"axis":"y","origin":[15.077612,12.657143,8.328014]},"faces":{"east":{"uv":[0.0,0.0,0.0,0.5],"rotation":0,"texture":"#0","tintindex":0},"south":{"uv":[5.375,6.0,5.875,6.5],"rotation":0,"texture":"#0","tintindex":0},"north":{"uv":[4.875,6.0,5.375,6.5],"rotation":0,"texture":"#0","tintindex":0},"west":{"uv":[0.0,0.0,0.0,0.5],"rotation":0,"texture":"#0","tintindex":0},"up":{"uv":[0.5,0.0,0.0,0.0],"rotation":0,"texture":"#0","tintindex":0},"down":{"uv":[0.5,0.0,0.0,0.0],"rotation":0,"texture":"#0","tintindex":0}}}],"textures":{"0":"modelengine:entity/em_dyerftum2"},"display":{"head":{"translation":[0.0,-6.4,0.0],"scale":[4.0,4.0,4.0]}}}