{"elements":[{"from":[6.857143,7.757143,6.285714],"to":[9.142858,10.614285,8.0],"rotation":{"angle":0.0,"axis":"y","origin":[8.0,-8.242857,8.0]},"faces":{"east":{"uv":[6.125,1.25,6.5,1.875],"rotation":0,"texture":"#0","tintindex":0},"south":{"uv":[1.75,5.125,2.25,5.75],"rotation":0,"texture":"#0","tintindex":0},"north":{"uv":[1.25,5.125,1.75,5.75],"rotation":0,"texture":"#0","tintindex":0},"west":{"uv":[2.75,6.25,3.125,6.875],"rotation":0,"texture":"#0","tintindex":0},"up":{"uv":[6.875,4.375,6.375,4.0],"rotation":0,"texture":"#0","tintindex":0},"down":{"uv":[6.875,4.375,6.375,4.75],"rotation":0,"texture":"#0","tintindex":0}}},{"from":[7.428571,6.042857,6.285714],"to":[8.571428,7.757143,8.0],"rotation":{"angle":0.0,"axis":"y","origin":[8.0,-11.671429,8.0]},"faces":{"east":{"uv":[1.5,7.125,1.875,7.5],"rotation":0,"texture":"#0","tintindex":0},"south":{"uv":[5.125,7.125,5.375,7.5],"rotation":0,"texture":"#0","tintindex":0},"north":{"uv":[4.25,5.875,4.5,6.25],"rotation":0,"texture":"#0","tintindex":0},"west":{"uv":[1.875,7.125,2.25,7.5],"rotation":0,"texture":"#0","tintindex":0},"up":{"uv":[4.75,7.625,4.5,7.25],"rotation":0,"texture":"#0","tintindex":0},"down":{"uv":[2.125,7.5,1.875,7.875],"rotation":0,"texture":"#0","tintindex":0}}},{"from":[7.428571,6.042857,6.285714],"to":[7.428571,7.757143,8.0],"rotation":{"angle":-22.5,"axis":"y","origin":[7.428571,6.9,6.285714]},"faces":{"east":{"uv":[2.25,7.125,2.625,7.5],"rotation":0,"texture":"#0","tintindex":0},"south":{"uv":[0.0,0.0,0.0,0.375],"rotation":0,"texture":"#0","tintindex":0},"north":{"uv":[0.0,0.0,0.0,0.375],"rotation":0,"texture":"#0","tintindex":0},"west":{"uv":[2.625,7.125,3.0,7.5],"rotation":0,"texture":"#0","tintindex":0},"up":{"uv":[0.0,0.375,0.0,0.0],"rotation":0,"texture":"#0","tintindex":0},"down":{"uv":[0.0,0.0,0.0,0.375],"rotation":0,"texture":"#0","tintindex":0}}},{"from":[8.571428,6.042857,6.285714],"to":[8.571428,7.757143,8.0],"rotation":{"angle":22.5,"axis":"y","origin":[8.571428,6.9,6.285714]},"faces":{"east":{"uv":[3.0,7.125,3.375,7.5],"rotation":0,"texture":"#0","tintindex":0},"south":{"uv":[0.0,0.0,0.0,0.375],"rotation":0,"texture":"#0","tintindex":0},"north":{"uv":[0.0,0.0,0.0,0.375],"rotation":0,"texture":"#0","tintindex":0},"west":{"uv":[3.375,7.125,3.75,7.5],"rotation":0,"texture":"#0","tintindex":0},"up":{"uv":[0.0,0.375,0.0,0.0],"rotation":0,"texture":"#0","tintindex":0},"down":{"uv":[0.0,0.0,0.0,0.375],"rotation":0,"texture":"#0","tintindex":0}}}],"textures":{"0":"modelengine:entity/em_dyerftum2"},"display":{"head":{"translation":[0.0,-6.4,0.0],"scale":[4.0,4.0,4.0]}}}