{"elements":[{"from":[6.857143,7.757143,6.285714],"to":[9.142858,10.614285,8.0],"rotation":{"angle":0.0,"axis":"y","origin":[8.0,-8.242857,8.0]},"faces":{"east":{"uv":[3.125,6.25,3.5,6.875],"rotation":0,"texture":"#0","tintindex":0},"south":{"uv":[5.375,3.125,5.875,3.75],"rotation":0,"texture":"#0","tintindex":0},"north":{"uv":[5.375,2.5,5.875,3.125],"rotation":0,"texture":"#0","tintindex":0},"west":{"uv":[3.5,6.25,3.875,6.875],"rotation":0,"texture":"#0","tintindex":0},"up":{"uv":[7.0,1.75,6.5,1.375],"rotation":0,"texture":"#0","tintindex":0},"down":{"uv":[5.375,6.5,4.875,6.875],"rotation":0,"texture":"#0","tintindex":0}}},{"from":[7.428571,6.042857,6.285714],"to":[8.571428,7.757143,8.0],"rotation":{"angle":0.0,"axis":"y","origin":[8.0,-11.671429,8.0]},"faces":{"east":{"uv":[7.375,5.25,7.75,5.625],"rotation":0,"texture":"#0","tintindex":0},"south":{"uv":[7.5,2.125,7.75,2.5],"rotation":0,"texture":"#0","tintindex":0},"north":{"uv":[2.125,7.5,2.375,7.875],"rotation":0,"texture":"#0","tintindex":0},"west":{"uv":[7.375,5.625,7.75,6.0],"rotation":0,"texture":"#0","tintindex":0},"up":{"uv":[2.625,7.875,2.375,7.5],"rotation":0,"texture":"#0","tintindex":0},"down":{"uv":[7.75,2.5,7.5,2.875],"rotation":0,"texture":"#0","tintindex":0}}},{"from":[7.428571,6.042857,6.285714],"to":[7.428571,7.757143,8.0],"rotation":{"angle":-22.5,"axis":"y","origin":[7.428571,6.9,6.285714]},"faces":{"east":{"uv":[7.375,6.0,7.75,6.375],"rotation":0,"texture":"#0","tintindex":0},"south":{"uv":[0.0,0.0,0.0,0.375],"rotation":0,"texture":"#0","tintindex":0},"north":{"uv":[0.0,0.0,0.0,0.375],"rotation":0,"texture":"#0","tintindex":0},"west":{"uv":[7.125,7.375,7.5,7.75],"rotation":0,"texture":"#0","tintindex":0},"up":{"uv":[0.0,0.375,0.0,0.0],"rotation":0,"texture":"#0","tintindex":0},"down":{"uv":[0.0,0.0,0.0,0.375],"rotation":0,"texture":"#0","tintindex":0}}},{"from":[8.571428,6.042857,6.285714],"to":[8.571428,7.757143,8.0],"rotation":{"angle":22.5,"axis":"y","origin":[8.571428,6.9,6.285714]},"faces":{"east":{"uv":[0.0,7.5,0.375,7.875],"rotation":0,"texture":"#0","tintindex":0},"south":{"uv":[0.0,0.0,0.0,0.375],"rotation":0,"texture":"#0","tintindex":0},"north":{"uv":[0.0,0.0,0.0,0.375],"rotation":0,"texture":"#0","tintindex":0},"west":{"uv":[7.5,0.375,7.875,0.75],"rotation":0,"texture":"#0","tintindex":0},"up":{"uv":[0.0,0.375,0.0,0.0],"rotation":0,"texture":"#0","tintindex":0},"down":{"uv":[0.0,0.0,0.0,0.375],"rotation":0,"texture":"#0","tintindex":0}}}],"textures":{"0":"modelengine:entity/em_dyerftum2"},"display":{"head":{"translation":[0.0,-6.4,0.0],"scale":[4.0,4.0,4.0]}}}