{"elements":[{"from":[5.714286,7.8095236,6.857143],"to":[10.285714,12.380953,9.142858],"rotation":{"angle":0.0,"axis":"y","origin":[8.0,0.38095236,8.0]},"faces":{"east":{"uv":[4.5,3.5,5.0,4.5],"rotation":0,"texture":"#0","tintindex":0},"south":{"uv":[1.375,2.75,2.375,3.75],"rotation":0,"texture":"#0","tintindex":0},"north":{"uv":[2.75,0.75,3.75,1.75],"rotation":0,"texture":"#0","tintindex":0},"west":{"uv":[4.5,4.5,5.0,5.5],"rotation":0,"texture":"#0","tintindex":0},"up":{"uv":[1.75,5.125,0.75,4.625],"rotation":0,"texture":"#0","tintindex":0},"down":{"uv":[2.75,4.625,1.75,5.125],"rotation":0,"texture":"#0","tintindex":0}}}],"textures":{"0":"modelengine:entity/em_dyerftum2"},"display":{"head":{"translation":[0.0,-6.4,0.0],"scale":[4.0,4.0,4.0]}}}