{"elements":[{"from":[6.829121,5.0032463,7.1741242],"to":[8.5434065,8.431818,8.888411],"rotation":{"angle":0.0,"axis":"y","origin":[6.2576923,0.43181753,8.316981]},"faces":{"east":{"uv":[3.125,5.5,3.5,6.25],"rotation":0,"texture":"#0","tintindex":0},"south":{"uv":[3.5,5.5,3.875,6.25],"rotation":0,"texture":"#0","tintindex":0},"north":{"uv":[2.75,5.5,3.125,6.25],"rotation":0,"texture":"#0","tintindex":0},"west":{"uv":[5.5,3.75,5.875,4.5],"rotation":0,"texture":"#0","tintindex":0},"up":{"uv":[7.75,0.375,7.375,0.0],"rotation":0,"texture":"#0","tintindex":0},"down":{"uv":[7.75,1.375,7.375,1.75],"rotation":0,"texture":"#0","tintindex":0}}},{"from":[7.1148353,2.1461034,7.459839],"to":[8.257692,5.0032463,8.602695],"rotation":{"angle":0.0,"axis":"y","origin":[6.2576923,-0.13961124,8.316981]},"faces":{"east":{"uv":[5.625,6.875,5.875,7.5],"rotation":0,"texture":"#0","tintindex":0},"south":{"uv":[5.875,7.0,6.125,7.625],"rotation":0,"texture":"#0","tintindex":0},"north":{"uv":[5.375,6.875,5.625,7.5],"rotation":0,"texture":"#0","tintindex":0},"west":{"uv":[6.125,7.0,6.375,7.625],"rotation":0,"texture":"#0","tintindex":0},"up":{"uv":[8.0,1.625,7.75,1.375],"rotation":0,"texture":"#0","tintindex":0},"down":{"uv":[8.0,2.125,7.75,2.375],"rotation":0,"texture":"#0","tintindex":0}}}],"textures":{"0":"modelengine:entity/em_dyerftum2"},"display":{"head":{"translation":[0.0,-6.4,0.0],"scale":[4.0,4.0,4.0]}}}