{"elements":[{"from":[7.1485715,4.5771427,7.1485715],"to":[8.851429,8.565714,8.851429],"rotation":{"angle":0.0,"axis":"y","origin":[6.5714283,0.5714283,8.285714]},"faces":{"east":{"uv":[5.0,1.5,5.375,2.375],"rotation":0,"texture":"#0","tintindex":0},"south":{"uv":[5.0,2.375,5.375,3.25],"rotation":0,"texture":"#0","tintindex":0},"north":{"uv":[3.875,4.625,4.25,5.5],"rotation":0,"texture":"#0","tintindex":0},"west":{"uv":[5.0,3.25,5.375,4.125],"rotation":0,"texture":"#0","tintindex":0},"up":{"uv":[1.5,7.875,1.125,7.5],"rotation":0,"texture":"#0","tintindex":0},"down":{"uv":[1.875,7.5,1.5,7.875],"rotation":0,"texture":"#0","tintindex":0}}}],"textures":{"0":"modelengine:entity/em_dyerftum2"},"display":{"head":{"translation":[0.0,-6.4,0.0],"scale":[4.0,4.0,4.0]}}}