{"elements":[{"from":[7.456593,5.0032463,7.1741242],"to":[9.170879,8.431818,8.888411],"rotation":{"angle":0.0,"axis":"y","origin":[9.742308,0.43181753,8.316981]},"faces":{"east":{"uv":[4.5,5.5,4.875,6.25],"rotation":0,"texture":"#0","tintindex":0},"south":{"uv":[5.5,4.5,5.875,5.25],"rotation":0,"texture":"#0","tintindex":0},"north":{"uv":[3.875,5.5,4.25,6.25],"rotation":0,"texture":"#0","tintindex":0},"west":{"uv":[5.5,5.25,5.875,6.0],"rotation":0,"texture":"#0","tintindex":0},"up":{"uv":[7.75,3.375,7.375,3.0],"rotation":0,"texture":"#0","tintindex":0},"down":{"uv":[7.75,3.375,7.375,3.75],"rotation":0,"texture":"#0","tintindex":0}}},{"from":[7.742307,2.1461034,7.459839],"to":[8.885164,5.0032463,8.602695],"rotation":{"angle":0.0,"axis":"y","origin":[9.742308,-0.13961124,8.316981]},"faces":{"east":{"uv":[6.625,7.0,6.875,7.625],"rotation":0,"texture":"#0","tintindex":0},"south":{"uv":[6.875,7.0,7.125,7.625],"rotation":0,"texture":"#0","tintindex":0},"north":{"uv":[6.375,7.0,6.625,7.625],"rotation":0,"texture":"#0","tintindex":0},"west":{"uv":[0.5,7.125,0.75,7.75],"rotation":0,"texture":"#0","tintindex":0},"up":{"uv":[8.0,3.75,7.75,3.5],"rotation":0,"texture":"#0","tintindex":0},"down":{"uv":[0.375,7.875,0.125,8.125],"rotation":0,"texture":"#0","tintindex":0}}}],"textures":{"0":"modelengine:entity/em_dyerftum2"},"display":{"head":{"translation":[0.0,-6.4,0.0],"scale":[4.0,4.0,4.0]}}}