{"elements":[{"from":[6.857143,7.0714283,3.0],"to":[9.142858,7.642857,12.142858],"rotation":{"angle":0.0,"axis":"y","origin":[8.571428,7.0714283,7.5714283]},"faces":{"east":{"uv":[5.0,0.0,9.0,0.25],"rotation":0,"texture":"#0","tintindex":0},"south":{"uv":[5.5,2.25,6.5,2.5],"rotation":0,"texture":"#0","tintindex":0},"north":{"uv":[5.5,2.0,6.5,2.25],"rotation":0,"texture":"#0","tintindex":0},"west":{"uv":[5.0,0.25,9.0,0.5],"rotation":0,"texture":"#0","tintindex":0},"up":{"uv":[1.0,4.0,0.0,0.0],"rotation":0,"texture":"#0","tintindex":0},"down":{"uv":[2.0,0.0,1.0,4.0],"rotation":0,"texture":"#0","tintindex":0}}},{"from":[6.857143,7.642857,9.285714],"to":[9.142858,8.785714,10.428572],"rotation":{"angle":0.0,"axis":"y","origin":[8.571428,7.0714283,7.5714283]},"faces":{"east":{"uv":[7.25,1.0,7.75,1.5],"rotation":0,"texture":"#0","tintindex":0},"south":{"uv":[6.5,2.25,7.5,2.75],"rotation":0,"texture":"#0","tintindex":0},"north":{"uv":[6.5,2.0,7.5,2.5],"rotation":0,"texture":"#0","tintindex":0},"west":{"uv":[7.25,1.25,7.75,1.75],"rotation":0,"texture":"#0","tintindex":0},"up":{"uv":[7.25,1.5,6.25,1.0],"rotation":0,"texture":"#0","tintindex":0},"down":{"uv":[7.25,1.5,6.25,2.0],"rotation":0,"texture":"#0","tintindex":0}}},{"from":[6.285714,8.214286,5.5714283],"to":[9.714286,8.785714,9.0],"rotation":{"angle":0.0,"axis":"y","origin":[8.571428,7.0714283,7.5714283]},"faces":{"east":{"uv":[5.0,3.75,6.5,4.0],"rotation":0,"texture":"#0","tintindex":0},"south":{"uv":[5.0,4.0,6.5,4.25],"rotation":0,"texture":"#0","tintindex":0},"north":{"uv":[5.0,3.5,6.5,3.75],"rotation":0,"texture":"#0","tintindex":0},"west":{"uv":[5.0,4.25,6.5,4.5],"rotation":0,"texture":"#0","tintindex":0},"up":{"uv":[5.0,1.5,3.5,0.0],"rotation":0,"texture":"#0","tintindex":0},"down":{"uv":[5.0,1.5,3.5,3.0],"rotation":0,"texture":"#0","tintindex":0}}},{"from":[7.428571,7.642857,6.714286],"to":[8.571428,8.214286,7.857143],"rotation":{"angle":0.0,"axis":"y","origin":[8.571428,7.0714283,7.5714283]},"faces":{"east":{"uv":[5.5,5.25,6.0,5.5],"rotation":0,"texture":"#0","tintindex":0},"south":{"uv":[5.75,1.0,6.25,1.25],"rotation":0,"texture":"#0","tintindex":0},"north":{"uv":[5.5,5.0,6.0,5.25],"rotation":0,"texture":"#0","tintindex":0},"west":{"uv":[5.75,1.25,6.25,1.5],"rotation":0,"texture":"#0","tintindex":0},"up":{"uv":[6.0,3.0,5.5,2.5],"rotation":0,"texture":"#0","tintindex":0},"down":{"uv":[6.0,3.0,5.5,3.5],"rotation":0,"texture":"#0","tintindex":0}}}],"textures":{"0":"modelengine:entity/kobold_trap"},"display":{"head":{"translation":[0.0,-6.4,0.0],"scale":[4.0,4.0,4.0]}}}