{"elements":[{"from":[7.428571,7.428571,6.285714],"to":[8.571428,8.571428,8.0],"rotation":{"angle":0.0,"axis":"y","origin":[6.285714,6.285714,4.0]},"faces":{"east":{"uv":[5.75,1.5,5.0,2.0],"rotation":0,"texture":"#0","tintindex":0},"south":{"uv":[5.5,5.0,5.0,5.5],"rotation":0,"texture":"#0","tintindex":0},"north":{"uv":[5.5,4.5,5.0,5.0],"rotation":0,"texture":"#0","tintindex":0},"west":{"uv":[5.75,1.0,5.0,1.5],"rotation":0,"texture":"#0","tintindex":0},"up":{"uv":[5.0,2.75,5.5,2.0],"rotation":0,"texture":"#0","tintindex":0},"down":{"uv":[5.0,2.75,5.5,3.5],"rotation":0,"texture":"#0","tintindex":0}}},{"from":[7.428571,7.428571,0.0],"to":[8.571428,8.571428,1.7142854],"rotation":{"angle":0.0,"axis":"y","origin":[6.285714,6.285714,4.0]},"faces":{"east":{"uv":[5.0,1.5,5.75,2.0],"rotation":0,"texture":"#0","tintindex":0},"south":{"uv":[5.0,4.5,5.5,5.0],"rotation":0,"texture":"#0","tintindex":0},"north":{"uv":[5.0,5.0,5.5,5.5],"rotation":0,"texture":"#0","tintindex":0},"west":{"uv":[5.0,1.0,5.75,1.5],"rotation":0,"texture":"#0","tintindex":0},"up":{"uv":[5.0,2.0,5.5,2.75],"rotation":0,"texture":"#0","tintindex":0},"down":{"uv":[5.0,3.5,5.5,2.75],"rotation":0,"texture":"#0","tintindex":0}}},{"from":[7.142857,6.857143,6.857143],"to":[8.857143,12.571428,7.428571],"rotation":{"angle":0.0,"axis":"y","origin":[6.285714,6.285714,4.0]},"faces":{"east":{"uv":[2.0,4.0,1.75,6.5],"rotation":0,"texture":"#0","tintindex":0},"south":{"uv":[5.0,3.0,4.25,5.5],"rotation":0,"texture":"#0","tintindex":0},"north":{"uv":[1.5,4.0,0.75,6.5],"rotation":0,"texture":"#0","tintindex":0},"west":{"uv":[1.75,4.0,1.5,6.5],"rotation":0,"texture":"#0","tintindex":0},"up":{"uv":[4.25,5.75,5.0,5.5],"rotation":0,"texture":"#0","tintindex":0},"down":{"uv":[5.5,4.5,6.25,4.75],"rotation":0,"texture":"#0","tintindex":0}}},{"from":[7.142857,12.571428,0.5714283],"to":[8.857143,13.142858,7.428571],"rotation":{"angle":0.0,"axis":"y","origin":[6.285714,6.285714,4.0]},"faces":{"east":{"uv":[8.0,0.75,5.0,1.0],"rotation":0,"texture":"#0","tintindex":0},"south":{"uv":[5.75,5.5,5.0,5.75],"rotation":0,"texture":"#0","tintindex":0},"north":{"uv":[6.25,4.75,5.5,5.0],"rotation":0,"texture":"#0","tintindex":0},"west":{"uv":[8.0,0.5,5.0,0.75],"rotation":0,"texture":"#0","tintindex":0},"up":{"uv":[2.0,3.0,2.75,0.0],"rotation":0,"texture":"#0","tintindex":0},"down":{"uv":[2.75,0.0,3.5,3.0],"rotation":0,"texture":"#0","tintindex":0}}},{"from":[5.428571,6.857143,7.428571],"to":[7.142857,13.142858,7.428571],"rotation":{"angle":0.0,"axis":"y","origin":[6.285714,6.285714,4.0]},"faces":{"east":{"uv":[0.0,0.0,0.0,2.75],"rotation":0,"texture":"#0","tintindex":0},"south":{"uv":[3.5,3.0,4.25,5.75],"rotation":0,"texture":"#0","tintindex":0},"north":{"uv":[4.25,3.0,3.5,5.75],"rotation":0,"texture":"#0","tintindex":0},"west":{"uv":[0.0,0.0,0.0,2.75],"rotation":0,"texture":"#0","tintindex":0},"up":{"uv":[0.0,0.0,0.75,0.0],"rotation":0,"texture":"#0","tintindex":0},"down":{"uv":[0.0,0.0,0.75,0.0],"rotation":0,"texture":"#0","tintindex":0}}},{"from":[5.428571,6.857143,0.5714283],"to":[7.142857,13.142858,0.5714283],"rotation":{"angle":0.0,"axis":"y","origin":[6.285714,6.285714,4.0]},"faces":{"east":{"uv":[0.0,0.0,0.0,2.75],"rotation":0,"texture":"#0","tintindex":0},"south":{"uv":[3.5,3.0,4.25,5.75],"rotation":0,"texture":"#0","tintindex":0},"north":{"uv":[4.25,3.0,3.5,5.75],"rotation":0,"texture":"#0","tintindex":0},"west":{"uv":[0.0,0.0,0.0,2.75],"rotation":0,"texture":"#0","tintindex":0},"up":{"uv":[0.0,0.0,0.75,0.0],"rotation":0,"texture":"#0","tintindex":0},"down":{"uv":[0.0,0.0,0.75,0.0],"rotation":0,"texture":"#0","tintindex":0}}},{"from":[7.142857,6.857143,0.5714283],"to":[8.857143,12.571428,1.1428566],"rotation":{"angle":0.0,"axis":"y","origin":[6.285714,6.285714,4.0]},"faces":{"east":{"uv":[1.75,4.0,2.0,6.5],"rotation":0,"texture":"#0","tintindex":0},"south":{"uv":[0.75,4.0,1.5,6.5],"rotation":0,"texture":"#0","tintindex":0},"north":{"uv":[4.25,3.0,5.0,5.5],"rotation":0,"texture":"#0","tintindex":0},"west":{"uv":[1.5,4.0,1.75,6.5],"rotation":0,"texture":"#0","tintindex":0},"up":{"uv":[4.25,5.5,5.0,5.75],"rotation":0,"texture":"#0","tintindex":0},"down":{"uv":[5.5,4.75,6.25,4.5],"rotation":0,"texture":"#0","tintindex":0}}},{"from":[7.142857,6.857143,6.857143],"to":[8.857143,12.571428,7.428571],"rotation":{"angle":0.0,"axis":"y","origin":[6.285714,6.285714,4.0]},"faces":{"east":{"uv":[2.0,4.0,1.75,6.5],"rotation":0,"texture":"#0","tintindex":0},"south":{"uv":[5.0,3.0,4.25,5.5],"rotation":0,"texture":"#0","tintindex":0},"north":{"uv":[1.5,4.0,0.75,6.5],"rotation":0,"texture":"#0","tintindex":0},"west":{"uv":[1.75,4.0,1.5,6.5],"rotation":0,"texture":"#0","tintindex":0},"up":{"uv":[4.25,5.75,5.0,5.5],"rotation":0,"texture":"#0","tintindex":0},"down":{"uv":[5.5,4.5,6.25,4.75],"rotation":0,"texture":"#0","tintindex":0}}},{"from":[5.428571,6.857143,7.428571],"to":[7.142857,13.142858,7.428571],"rotation":{"angle":0.0,"axis":"y","origin":[6.285714,6.285714,4.0]},"faces":{"east":{"uv":[0.0,0.0,0.0,2.75],"rotation":0,"texture":"#0","tintindex":0},"south":{"uv":[3.5,3.0,4.25,5.75],"rotation":0,"texture":"#0","tintindex":0},"north":{"uv":[4.25,3.0,3.5,5.75],"rotation":0,"texture":"#0","tintindex":0},"west":{"uv":[0.0,0.0,0.0,2.75],"rotation":0,"texture":"#0","tintindex":0},"up":{"uv":[0.0,0.0,0.75,0.0],"rotation":0,"texture":"#0","tintindex":0},"down":{"uv":[0.0,0.0,0.75,0.0],"rotation":0,"texture":"#0","tintindex":0}}},{"from":[5.428571,13.142858,0.5714283],"to":[7.142857,13.142858,7.428571],"rotation":{"angle":0.0,"axis":"y","origin":[6.285714,6.285714,4.0]},"faces":{"east":{"uv":[3.0,0.0,0.0,0.0],"rotation":0,"texture":"#0","tintindex":0},"south":{"uv":[0.75,0.0,0.0,0.0],"rotation":0,"texture":"#0","tintindex":0},"north":{"uv":[0.75,0.0,0.0,0.0],"rotation":0,"texture":"#0","tintindex":0},"west":{"uv":[3.0,0.0,0.0,0.0],"rotation":0,"texture":"#0","tintindex":0},"up":{"uv":[2.0,6.0,2.75,3.0],"rotation":0,"texture":"#0","tintindex":0},"down":{"uv":[2.0,3.0,2.75,6.0],"rotation":0,"texture":"#0","tintindex":0}}}],"textures":{"0":"modelengine:entity/kobold_trap"},"display":{"head":{"translation":[0.0,-6.4,0.0],"scale":[4.0,4.0,4.0]}}}