{
  "portraitScale": 1.4,
  "portraitTranslation": [-0.2, 1.5, 0],
  "profileScale": 0.55,
  "profileTranslation": [0, 1, 0],
  "animations": {
    "faint": "q.bedrock_primary('bisharp', 'faint', q.curve('symmetrical_wide'))",
    "recoil": "q.bedrock_primary('bisharp', 'recoil', q.curve('symmetrical_wide'))",
    "physical": "q.bedrock_primary('bisharp', 'physical', q.curve('symmetrical_wide'))",
    "special": "q.bedrock_primary('bisharp', 'special', q.curve('symmetrical_wide'))",
    "status": "q.bedrock_primary('bisharp', 'status', q.curve('symmetrical_wide'))"
  },
  "poses": {
    "battle-standing": {
      "transformTicks": 10,
      "poseTypes": ["STAND", "WALK"],
      "isBattle": true,
      "animations": [
        "q.look('head')",
        "q.bedrock('bisharp', 'battle_idle')"
      ]
    },
    "standing": {
      "transformTicks": 10,
      "poseTypes": ["STAND", "NONE", "PORTRAIT", "PROFILE"],
      "isBattle": false,
      "animations": [
        "q.look('head')",
        "q.bedrock('bisharp', 'ground_idle')"
      ]
    },
    "walking": {
      "transformTicks": 8,
      "poseTypes": ["WALK"],
      "animations": [
        "q.look('head')",
        "q.bedrock('bisharp', 'ground_walk')"
      ]
    },
    "hover": {
      "transformTicks": 5,
      "poseTypes": [ "FLY", "HOVER", "FLOAT" ],
      "animations": [
        "q.look('head')",
        "q.bedrock('bisharp', 'ground_walk')"
       ]
    },
    "float": {
      "transformTicks": 5,
      "poseTypes": ["FLOAT"],
      "animations": [
        "q.look('head')",
        "q.bedrock('bisharp', 'ground_walk')"
      ]
    },
    "swim": {
      "transformTicks": 8,
      "poseTypes": ["SWIM"],
      "animations": [
        "q.look('head')",
        "q.bedrock('bisharp', 'ground_walk')"
      ]
    }
  }
}