{
  "portraitScale": 0.9,
  "portraitTranslation": [-0.2, 1.5, 0],
  "profileScale": 0.5,
  "profileTranslation": [-0.1, 1, 0],
  "animations": {
    "recoil": "q.bedrock_primary('kingambit', 'recoil', q.curve('symmetrical_wide'))",
    "physical": "q.bedrock_primary('kingambit', 'physical', q.curve('symmetrical_wide'))",
    "special": "q.bedrock_stateful('kingambit', 'special', q.curve('symmetrical_wide'))",
    "status": "q.bedrock_primary('kingambit', 'special', q.curve('symmetrical_wide'))"
  },
  "poses": {
    "battle-standing": {
      "transformTicks": 10,
      "poseTypes": ["STAND", "WALK"],
      "isBattle": true,
      "animations": [
        "q.look('head')",
        "q.bedrock('kingambit', 'idle')"
      ]
    },
    "standing": {
      "transformTicks": 10,
      "poseTypes": ["STAND", "NONE", "PORTRAIT", "PROFILE"],
      "isBattle": false,
      "animations": [
        "q.look('head')",
        "q.bedrock('kingambit', 'idle')"
      ]
    },
    "walking": {
      "transformTicks": 8,
      "poseTypes": ["WALK"],
      "animations": [
        "q.look('head')",
        "q.bedrock('kingambit', 'ground_walk')"
      ]
    },
    "hover": {
      "transformTicks": 5,
      "poseTypes": [ "FLY", "HOVER", "FLOAT" ],
      "animations": [
        "q.look('head')",
        "q.bedrock('kingambit', 'ground_walk')"
       ]
    },
    "float": {
      "transformTicks": 5,
      "poseTypes": ["FLOAT"],
      "animations": [
        "q.look('head')",
        "q.bedrock('kingambit', 'ground_walk')"
      ]
    },
    "swim": {
      "transformTicks": 8,
      "poseTypes": ["SWIM"],
      "animations": [
        "q.look('head')",
        "q.bedrock('kingambit', 'ground_walk')"
      ]
    }
  }
}