{"elements":[{"from":[7.428571,6.285714,7.428571],"to":[8.571428,8.0,9.142858],"rotation":{"angle":0.0,"axis":"y","origin":[6.285714,11.428572,8.0]},"faces":{"east":{"uv":[10.5,0.75,11.25,1.5],"rotation":0,"texture":"#0","tintindex":0},"south":{"uv":[10.25,10.75,10.75,11.5],"rotation":0,"texture":"#0","tintindex":0},"north":{"uv":[10.75,5.75,11.25,6.5],"rotation":0,"texture":"#0","tintindex":0},"west":{"uv":[2.0,10.5,2.75,11.25],"rotation":0,"texture":"#0","tintindex":0},"up":{"uv":[11.25,11.5,10.75,10.75],"rotation":0,"texture":"#0","tintindex":0},"down":{"uv":[0.5,11.0,0.0,11.75],"rotation":0,"texture":"#0","tintindex":0}}}],"textures":{"0":"modelengine:entity/bulb_crimsonspore"},"display":{"head":{"translation":[0.0,-6.4,0.0],"scale":[4.0,4.0,4.0]}}}