{"elements":[{"from":[2.8571424,-1.1428576,8.0],"to":[13.142858,8.0,8.0],"rotation":{"angle":0.0,"axis":"y","origin":[8.0,24.285715,12.285715]},"faces":{"east":{"uv":[0.0,0.0,0.0,1.0],"rotation":0,"texture":"#5","tintindex":0},"south":{"uv":[3.375,6.5,4.5,7.5],"rotation":0,"texture":"#5","tintindex":0},"north":{"uv":[4.5,6.5,3.375,7.5],"rotation":0,"texture":"#5","tintindex":0},"west":{"uv":[0.0,0.0,0.0,1.0],"rotation":0,"texture":"#5","tintindex":0},"up":{"uv":[1.125,0.0,0.0,0.0],"rotation":0,"texture":"#5","tintindex":0},"down":{"uv":[1.125,0.0,0.0,0.0],"rotation":0,"texture":"#5","tintindex":0}}}],"textures":{"5":"modelengine:entity/azriel_parts"},"display":{"head":{"translation":[0.0,-6.4,0.0],"scale":[4.0,4.0,4.0]}}}