{"elements":[{"from":[4.8571424,10.470455,6.5466824],"to":[11.142858,12.75617,11.118111],"rotation":{"angle":-22.5,"axis":"x","origin":[8.0,11.041884,6.5466824]},"faces":{"east":{"uv":[0.0,3.875,1.0,4.375],"rotation":0,"texture":"#0","tintindex":0},"south":{"uv":[0.0,6.0,1.375,6.5],"rotation":0,"texture":"#0","tintindex":0},"north":{"uv":[5.625,4.5,7.0,5.0],"rotation":0,"texture":"#0","tintindex":0},"west":{"uv":[6.375,1.5,7.375,2.0],"rotation":0,"texture":"#0","tintindex":0},"up":{"uv":[1.375,2.75,0.0,1.75],"rotation":0,"texture":"#0","tintindex":0},"down":{"uv":[2.75,1.75,1.375,2.75],"rotation":0,"texture":"#0","tintindex":0}}},{"from":[5.142857,9.327599,6.5466824],"to":[10.857143,12.75617,10.546682],"rotation":{"angle":0.0,"axis":"y","origin":[8.0,4.184741,8.260968]},"faces":{"east":{"uv":[2.25,6.0,1.375,6.75],"rotation":0,"texture":"#0","tintindex":0},"south":{"uv":[1.125,3.625,2.375,4.375],"rotation":0,"texture":"#0","tintindex":0},"north":{"uv":[3.375,3.5,4.625,4.25],"rotation":0,"texture":"#0","tintindex":0},"west":{"uv":[1.375,6.0,2.25,6.75],"rotation":0,"texture":"#0","tintindex":0},"up":{"uv":[2.375,3.625,1.125,2.75],"rotation":0,"texture":"#0","tintindex":0},"down":{"uv":[4.0,1.125,2.75,2.0],"rotation":0,"texture":"#0","tintindex":0}}},{"from":[5.714286,7.213479,6.8112507],"to":[10.285714,10.0706215,10.239822],"rotation":{"angle":22.5,"axis":"x","origin":[7.428571,8.927765,8.525537]},"faces":{"east":{"uv":[0.75,6.5,0.0,7.125],"rotation":0,"texture":"#0","tintindex":0},"south":{"uv":[4.875,6.125,5.875,6.75],"rotation":0,"texture":"#0","tintindex":0},"north":{"uv":[6.125,2.25,7.125,2.875],"rotation":0,"texture":"#0","tintindex":0},"west":{"uv":[0.0,6.5,0.75,7.125],"rotation":0,"texture":"#0","tintindex":0},"up":{"uv":[6.375,2.25,5.375,1.5],"rotation":0,"texture":"#0","tintindex":0},"down":{"uv":[3.25,5.375,2.25,6.125],"rotation":0,"texture":"#0","tintindex":0}}},{"from":[6.285714,6.285714,6.285714],"to":[9.714286,8.0,9.714286],"rotation":{"angle":0.0,"axis":"y","origin":[7.428571,6.857143,8.0]},"faces":{"east":{"uv":[7.25,5.625,8.0,6.0],"rotation":0,"texture":"#0","tintindex":0},"south":{"uv":[7.375,1.5,8.125,1.875],"rotation":0,"texture":"#0","tintindex":0},"north":{"uv":[7.125,3.25,7.875,3.625],"rotation":0,"texture":"#0","tintindex":0},"west":{"uv":[3.375,7.375,4.125,7.75],"rotation":0,"texture":"#0","tintindex":0},"up":{"uv":[7.125,0.75,6.375,0.0],"rotation":0,"texture":"#0","tintindex":0},"down":{"uv":[7.125,0.75,6.375,1.5],"rotation":0,"texture":"#0","tintindex":0}}},{"from":[6.285714,4.5714283,6.285714],"to":[9.714286,6.285714,6.285714],"rotation":{"angle":0.0,"axis":"y","origin":[7.428571,6.857143,8.0]},"faces":{"east":{"uv":[0.0,0.0,0.0,0.375],"rotation":0,"texture":"#0","tintindex":0},"south":{"uv":[8.375,0.0,7.625,0.375],"rotation":0,"texture":"#0","tintindex":0},"north":{"uv":[7.625,0.0,8.375,0.375],"rotation":0,"texture":"#0","tintindex":0},"west":{"uv":[0.0,0.0,0.0,0.375],"rotation":0,"texture":"#0","tintindex":0},"up":{"uv":[0.75,0.0,0.0,0.0],"rotation":0,"texture":"#0","tintindex":0},"down":{"uv":[0.75,0.0,0.0,0.0],"rotation":0,"texture":"#0","tintindex":0}}}],"textures":{"0":"modelengine:entity/knight_fox"},"display":{"head":{"translation":[0.0,-6.4,0.0],"scale":[4.0,4.0,4.0]}}}