{"elements":[{"from":[5.142857,8.0,8.0],"to":[10.857143,8.0,11.428572],"rotation":{"angle":0.0,"axis":"y","origin":[8.0,-0.57142925,5.714286]},"faces":{"east":{"uv":[0.0,0.0,0.75,0.0],"rotation":0,"texture":"#0","tintindex":0},"south":{"uv":[0.0,0.0,1.25,0.0],"rotation":0,"texture":"#0","tintindex":0},"north":{"uv":[0.0,0.0,1.25,0.0],"rotation":0,"texture":"#0","tintindex":0},"west":{"uv":[0.0,0.0,0.75,0.0],"rotation":0,"texture":"#0","tintindex":0},"up":{"uv":[5.0,3.5,3.75,2.75],"rotation":0,"texture":"#0","tintindex":0},"down":{"uv":[3.75,2.75,5.0,3.5],"rotation":0,"texture":"#0","tintindex":0}}}],"textures":{"0":"modelengine:entity/knight_fox"},"display":{"head":{"translation":[0.0,-6.4,0.0],"scale":[4.0,4.0,4.0]}}}