{"elements":[{"from":[6.857143,8.0,4.0],"to":[9.142858,9.142858,5.714286],"rotation":{"angle":0.0,"axis":"y","origin":[8.0,-0.57142925,8.0]},"faces":{"east":{"uv":[8.0,5.5,8.375,5.75],"rotation":0,"texture":"#0","tintindex":0},"south":{"uv":[7.75,7.375,8.25,7.625],"rotation":0,"texture":"#0","tintindex":0},"north":{"uv":[7.375,7.75,7.875,8.0],"rotation":0,"texture":"#0","tintindex":0},"west":{"uv":[8.125,0.75,8.5,1.0],"rotation":0,"texture":"#0","tintindex":0},"up":{"uv":[0.5,8.25,0.0,7.875],"rotation":0,"texture":"#0","tintindex":0},"down":{"uv":[2.375,7.875,1.875,8.25],"rotation":0,"texture":"#0","tintindex":0}}},{"from":[5.714286,8.0,5.714286],"to":[10.285714,12.0,9.714286],"rotation":{"angle":0.0,"axis":"y","origin":[8.0,-0.57142925,8.0]},"faces":{"east":{"uv":[4.375,5.25,5.25,6.125],"rotation":0,"texture":"#0","tintindex":0},"south":{"uv":[2.25,4.5,3.25,5.375],"rotation":0,"texture":"#0","tintindex":0},"north":{"uv":[1.25,4.375,2.25,5.25],"rotation":0,"texture":"#0","tintindex":0},"west":{"uv":[5.25,5.25,6.125,6.125],"rotation":0,"texture":"#0","tintindex":0},"up":{"uv":[5.625,4.375,4.625,3.5],"rotation":0,"texture":"#0","tintindex":0},"down":{"uv":[5.625,4.375,4.625,5.25],"rotation":0,"texture":"#0","tintindex":0}}},{"from":[5.714286,11.748949,5.108194],"to":[8.571428,13.463235,5.108194],"rotation":{"angle":-45.0,"axis":"x","origin":[7.142857,12.606092,5.108194]},"faces":{"east":{"uv":[4.375,5.25,4.375,5.625],"rotation":0,"texture":"#0","tintindex":0},"south":{"uv":[10.5,0.0,11.125,0.375],"rotation":0,"texture":"#0","tintindex":0},"north":{"uv":[11.125,0.0,10.5,0.375],"rotation":0,"texture":"#0","tintindex":0},"west":{"uv":[5.25,5.25,5.25,5.625],"rotation":0,"texture":"#0","tintindex":0},"up":{"uv":[5.25,3.5,4.625,3.5],"rotation":0,"texture":"#0","tintindex":0},"down":{"uv":[5.25,4.375,4.625,4.375],"rotation":0,"texture":"#0","tintindex":0}}},{"from":[10.118347,8.0,6.1183467],"to":[11.261204,9.714286,6.1183467],"rotation":{"angle":-45.0,"axis":"y","origin":[10.689775,8.857143,6.1183467]},"faces":{"east":{"uv":[4.375,5.25,4.375,5.625],"rotation":0,"texture":"#0","tintindex":0},"south":{"uv":[9.875,0.0,10.125,0.375],"rotation":0,"texture":"#0","tintindex":0},"north":{"uv":[10.125,0.0,9.875,0.375],"rotation":0,"texture":"#0","tintindex":0},"west":{"uv":[5.25,5.25,5.25,5.625],"rotation":0,"texture":"#0","tintindex":0},"up":{"uv":[4.875,3.5,4.625,3.5],"rotation":0,"texture":"#0","tintindex":0},"down":{"uv":[4.875,4.375,4.625,4.375],"rotation":0,"texture":"#0","tintindex":0}}},{"from":[4.738796,8.0,6.1183467],"to":[5.881653,9.714286,6.1183467],"rotation":{"angle":45.0,"axis":"y","origin":[5.3102245,8.857143,6.1183467]},"faces":{"east":{"uv":[5.25,5.25,5.25,5.625],"rotation":0,"texture":"#0","tintindex":0},"south":{"uv":[10.125,0.0,9.875,0.375],"rotation":0,"texture":"#0","tintindex":0},"north":{"uv":[9.875,0.0,10.125,0.375],"rotation":0,"texture":"#0","tintindex":0},"west":{"uv":[4.375,5.25,4.375,5.625],"rotation":0,"texture":"#0","tintindex":0},"up":{"uv":[4.625,3.5,4.875,3.5],"rotation":0,"texture":"#0","tintindex":0},"down":{"uv":[4.625,4.375,4.875,4.375],"rotation":0,"texture":"#0","tintindex":0}}},{"from":[5.714286,11.780796,9.670569],"to":[9.142858,11.780796,10.813427],"rotation":{"angle":22.5,"axis":"x","origin":[7.428571,11.780796,10.241999]},"faces":{"east":{"uv":[8.75,1.75,9.0,1.75],"rotation":0,"texture":"#0","tintindex":0},"south":{"uv":[6.625,1.0,7.375,1.0],"rotation":0,"texture":"#0","tintindex":0},"north":{"uv":[5.625,0.875,6.375,0.875],"rotation":0,"texture":"#0","tintindex":0},"west":{"uv":[9.625,1.75,9.875,1.75],"rotation":0,"texture":"#0","tintindex":0},"up":{"uv":[9.75,0.25,9.0,0.0],"rotation":0,"texture":"#0","tintindex":0},"down":{"uv":[9.75,0.0,9.0,0.25],"rotation":0,"texture":"#0","tintindex":0}}},{"from":[9.142858,12.0,6.285714],"to":[10.285714,13.142858,6.857143],"rotation":{"angle":0.0,"axis":"y","origin":[8.0,-0.57142925,8.0]},"faces":{"east":{"uv":[3.25,4.5,3.375,4.75],"rotation":0,"texture":"#0","tintindex":0},"south":{"uv":[8.25,2.375,8.5,2.625],"rotation":0,"texture":"#0","tintindex":0},"north":{"uv":[4.375,5.0,4.625,5.25],"rotation":0,"texture":"#0","tintindex":0},"west":{"uv":[3.25,4.75,3.375,5.0],"rotation":0,"texture":"#0","tintindex":0},"up":{"uv":[3.25,1.125,3.0,1.0],"rotation":0,"texture":"#0","tintindex":0},"down":{"uv":[3.5,1.0,3.25,1.125],"rotation":0,"texture":"#0","tintindex":0}}},{"from":[5.714286,12.0,6.285714],"to":[6.857143,13.142858,6.857143],"rotation":{"angle":0.0,"axis":"y","origin":[8.0,-0.57142925,8.0]},"faces":{"east":{"uv":[3.375,4.75,3.25,5.0],"rotation":0,"texture":"#0","tintindex":0},"south":{"uv":[8.5,2.375,8.25,2.625],"rotation":0,"texture":"#0","tintindex":0},"north":{"uv":[4.625,5.0,4.375,5.25],"rotation":0,"texture":"#0","tintindex":0},"west":{"uv":[3.375,4.5,3.25,4.75],"rotation":0,"texture":"#0","tintindex":0},"up":{"uv":[3.0,1.125,3.25,1.0],"rotation":0,"texture":"#0","tintindex":0},"down":{"uv":[3.25,1.0,3.5,1.125],"rotation":0,"texture":"#0","tintindex":0}}}],"textures":{"0":"modelengine:entity/knight_fox"},"display":{"head":{"translation":[0.0,-6.4,0.0],"scale":[4.0,4.0,4.0]}}}