{"elements":[{"from":[6.857143,4.0,5.142857],"to":[9.142858,8.0,8.571428],"rotation":{"angle":0.0,"axis":"y","origin":[13.714286,-0.57142925,6.857143]},"faces":{"east":{"uv":[4.875,6.125,4.125,7.0],"rotation":0,"texture":"#0","tintindex":0},"south":{"uv":[5.375,6.75,4.875,7.625],"rotation":0,"texture":"#0","tintindex":0},"north":{"uv":[1.875,6.75,1.375,7.625],"rotation":0,"texture":"#0","tintindex":0},"west":{"uv":[3.0,6.125,2.25,7.0],"rotation":0,"texture":"#0","tintindex":0},"up":{"uv":[0.0,7.875,0.5,7.125],"rotation":0,"texture":"#0","tintindex":0},"down":{"uv":[7.125,0.0,7.625,0.75],"rotation":0,"texture":"#0","tintindex":0}}},{"from":[8.571428,4.5714283,4.5714283],"to":[9.714286,6.285714,7.428571],"rotation":{"angle":0.0,"axis":"y","origin":[13.714286,-0.57142925,6.857143]},"faces":{"east":{"uv":[4.0,7.75,3.375,8.125],"rotation":0,"texture":"#0","tintindex":0},"south":{"uv":[3.25,6.125,3.0,6.5],"rotation":0,"texture":"#0","tintindex":0},"north":{"uv":[4.375,5.75,4.125,6.125],"rotation":0,"texture":"#0","tintindex":0},"west":{"uv":[8.25,2.375,7.625,2.75],"rotation":0,"texture":"#0","tintindex":0},"up":{"uv":[1.0,8.75,1.25,8.125],"rotation":0,"texture":"#0","tintindex":0},"down":{"uv":[8.125,1.5,8.375,2.125],"rotation":0,"texture":"#0","tintindex":0}}},{"from":[7.0101523,3.0591736,5.2],"to":[9.295867,4.773459,8.6285715],"rotation":{"angle":45.0,"axis":"z","origin":[7.8672953,4.20203,6.857143]},"faces":{"east":{"uv":[8.25,3.625,7.5,4.0],"rotation":0,"texture":"#0","tintindex":0},"south":{"uv":[8.375,4.5,7.875,4.875],"rotation":0,"texture":"#0","tintindex":0},"north":{"uv":[8.375,3.25,7.875,3.625],"rotation":0,"texture":"#0","tintindex":0},"west":{"uv":[7.75,7.375,7.0,7.75],"rotation":0,"texture":"#0","tintindex":0},"up":{"uv":[7.125,1.5,7.625,0.75],"rotation":0,"texture":"#0","tintindex":0},"down":{"uv":[7.125,2.0,7.625,2.75],"rotation":0,"texture":"#0","tintindex":0}}}],"textures":{"0":"modelengine:entity/knight_fox"},"display":{"head":{"translation":[0.0,-6.4,0.0],"scale":[4.0,4.0,4.0]}}}