{"elements":[{"from":[6.5714283,4.5714283,6.857143],"to":[8.285714,8.571428,9.142858],"rotation":{"angle":0.0,"axis":"y","origin":[13.428572,0.0,8.0]},"faces":{"east":{"uv":[7.125,2.875,6.625,3.75],"rotation":0,"texture":"#0","tintindex":0},"south":{"uv":[6.25,7.125,5.875,8.0],"rotation":0,"texture":"#0","tintindex":0},"north":{"uv":[4.875,7.0,4.5,7.875],"rotation":0,"texture":"#0","tintindex":0},"west":{"uv":[4.125,6.5,3.625,7.375],"rotation":0,"texture":"#0","tintindex":0},"up":{"uv":[7.875,4.5,8.25,4.0],"rotation":0,"texture":"#0","tintindex":0},"down":{"uv":[4.5,7.875,4.875,8.375],"rotation":0,"texture":"#0","tintindex":0}}},{"from":[5.714286,2.2857141,5.142857],"to":[6.857143,6.857143,9.714286],"rotation":{"angle":0.0,"axis":"y","origin":[13.142858,-4.000001,8.0]},"faces":{"east":{"uv":[3.375,3.5,2.375,4.5],"rotation":0,"texture":"#0","tintindex":0},"south":{"uv":[1.75,7.625,1.5,8.625],"rotation":0,"texture":"#0","tintindex":0},"north":{"uv":[1.5,7.625,1.25,8.625],"rotation":0,"texture":"#0","tintindex":0},"west":{"uv":[4.0,0.0,3.0,1.0],"rotation":0,"texture":"#0","tintindex":0},"up":{"uv":[7.625,5.0,7.875,4.0],"rotation":0,"texture":"#0","tintindex":0},"down":{"uv":[4.875,7.625,5.125,8.625],"rotation":0,"texture":"#0","tintindex":0}}},{"from":[5.714286,3.4285712,9.714286],"to":[6.857143,5.714286,10.857143],"rotation":{"angle":0.0,"axis":"y","origin":[13.142858,-4.000001,8.0]},"faces":{"east":{"uv":[7.625,8.125,7.375,8.625],"rotation":0,"texture":"#0","tintindex":0},"south":{"uv":[8.375,5.875,8.125,6.375],"rotation":0,"texture":"#0","tintindex":0},"north":{"uv":[4.5,8.125,4.25,8.625],"rotation":0,"texture":"#0","tintindex":0},"west":{"uv":[8.375,4.875,8.125,5.375],"rotation":0,"texture":"#0","tintindex":0},"up":{"uv":[8.25,6.875,8.5,6.625],"rotation":0,"texture":"#0","tintindex":0},"down":{"uv":[8.25,6.875,8.5,7.125],"rotation":0,"texture":"#0","tintindex":0}}}],"textures":{"0":"modelengine:entity/knight_fox"},"display":{"head":{"translation":[0.0,-6.4,0.0],"scale":[4.0,4.0,4.0]}}}