{"elements":[{"from":[7.428571,6.424366,8.0],"to":[8.571428,9.281509,9.142858],"rotation":{"angle":-45.0,"axis":"x","origin":[8.0,8.138652,8.571428]},"faces":{"east":{"uv":[8.0,6.625,8.25,7.25],"rotation":0,"texture":"#0","tintindex":0},"south":{"uv":[0.5,8.125,0.75,8.75],"rotation":0,"texture":"#0","tintindex":0},"north":{"uv":[5.875,8.0,6.125,8.625],"rotation":0,"texture":"#0","tintindex":0},"west":{"uv":[0.75,8.125,1.0,8.75],"rotation":0,"texture":"#0","tintindex":0},"up":{"uv":[3.0,8.5,2.75,8.25],"rotation":0,"texture":"#0","tintindex":0},"down":{"uv":[8.5,3.625,8.25,3.875],"rotation":0,"texture":"#0","tintindex":0}}},{"from":[7.428571,7.163162,7.497897],"to":[8.571428,8.30602,8.640755],"rotation":{"angle":-45.0,"axis":"x","origin":[8.0,7.734591,9.783611]},"faces":{"east":{"uv":[8.25,4.125,8.5,4.375],"rotation":0,"texture":"#0","tintindex":0},"south":{"uv":[5.125,8.25,5.375,8.5],"rotation":0,"texture":"#0","tintindex":0},"north":{"uv":[8.25,3.875,8.5,4.125],"rotation":0,"texture":"#0","tintindex":0},"west":{"uv":[5.375,8.25,5.625,8.5],"rotation":0,"texture":"#0","tintindex":0},"up":{"uv":[5.875,8.5,5.625,8.25],"rotation":0,"texture":"#0","tintindex":0},"down":{"uv":[6.75,8.25,6.5,8.5],"rotation":0,"texture":"#0","tintindex":0}}},{"from":[7.142857,5.714286,6.857143],"to":[8.857143,6.857143,8.571428],"rotation":{"angle":0.0,"axis":"y","origin":[7.714286,6.285714,9.142858]},"faces":{"east":{"uv":[1.875,6.75,2.25,7.0],"rotation":0,"texture":"#0","tintindex":0},"south":{"uv":[8.125,6.375,8.5,6.625],"rotation":0,"texture":"#0","tintindex":0},"north":{"uv":[6.625,4.25,7.0,4.5],"rotation":0,"texture":"#0","tintindex":0},"west":{"uv":[0.0,8.25,0.375,8.5],"rotation":0,"texture":"#0","tintindex":0},"up":{"uv":[2.75,8.5,2.375,8.125],"rotation":0,"texture":"#0","tintindex":0},"down":{"uv":[3.75,8.125,3.375,8.5],"rotation":0,"texture":"#0","tintindex":0}}}],"textures":{"0":"modelengine:entity/knight_fox"},"display":{"head":{"translation":[0.0,-6.4,0.0],"scale":[4.0,4.0,4.0]}}}