{"elements":[{"from":[6.857143,5.950979,6.718491],"to":[8.571428,8.808122,9.575634],"rotation":{"angle":0.0,"axis":"y","origin":[9.714286,4.2366934,7.861348]},"faces":{"east":{"uv":[7.0,4.25,7.625,4.875],"rotation":0,"texture":"#0","tintindex":0},"south":{"uv":[5.5,7.625,5.875,8.25],"rotation":0,"texture":"#0","tintindex":0},"north":{"uv":[5.125,7.625,5.5,8.25],"rotation":0,"texture":"#0","tintindex":0},"west":{"uv":[7.0,6.75,7.625,7.375],"rotation":0,"texture":"#0","tintindex":0},"up":{"uv":[6.875,8.25,6.5,7.625],"rotation":0,"texture":"#0","tintindex":0},"down":{"uv":[8.0,6.75,7.625,7.375],"rotation":0,"texture":"#0","tintindex":0}}}],"textures":{"0":"modelengine:entity/knight_fox"},"display":{"head":{"translation":[0.0,-6.4,0.0],"scale":[4.0,4.0,4.0]}}}