{"elements":[{"from":[7.714286,8.285714,5.428571],"to":[9.428572,11.714286,10.571428],"rotation":{"angle":0.0,"axis":"y","origin":[8.285714,9.428572,7.714286]},"faces":{"east":{"uv":[5.0,2.25,6.125,3.0],"rotation":0,"texture":"#0","tintindex":0},"south":{"uv":[7.25,4.875,7.625,5.625],"rotation":0,"texture":"#0","tintindex":0},"north":{"uv":[3.0,7.25,3.375,8.0],"rotation":0,"texture":"#0","tintindex":0},"west":{"uv":[3.25,5.0,4.375,5.75],"rotation":0,"texture":"#0","tintindex":0},"up":{"uv":[2.75,8.125,2.375,7.0],"rotation":0,"texture":"#0","tintindex":0},"down":{"uv":[4.5,7.0,4.125,8.125],"rotation":0,"texture":"#0","tintindex":0}}},{"from":[6.5714283,7.428571,5.142857],"to":[8.857143,9.714286,6.285714],"rotation":{"angle":22.5,"axis":"z","origin":[9.714286,9.714286,8.0]},"faces":{"east":{"uv":[3.75,8.125,4.0,8.625],"rotation":0,"texture":"#0","tintindex":0},"south":{"uv":[7.625,0.75,8.125,1.25],"rotation":0,"texture":"#0","tintindex":0},"north":{"uv":[5.0,3.0,5.5,3.5],"rotation":0,"texture":"#0","tintindex":0},"west":{"uv":[4.0,8.125,4.25,8.625],"rotation":0,"texture":"#0","tintindex":0},"up":{"uv":[6.125,5.25,5.625,5.0],"rotation":0,"texture":"#0","tintindex":0},"down":{"uv":[8.625,2.125,8.125,2.375],"rotation":0,"texture":"#0","tintindex":0}}},{"from":[6.5714283,7.428571,9.714286],"to":[8.857143,9.714286,10.857143],"rotation":{"angle":22.5,"axis":"z","origin":[9.714286,9.714286,8.0]},"faces":{"east":{"uv":[4.0,8.125,3.75,8.625],"rotation":0,"texture":"#0","tintindex":0},"south":{"uv":[5.5,3.0,5.0,3.5],"rotation":0,"texture":"#0","tintindex":0},"north":{"uv":[8.125,0.75,7.625,1.25],"rotation":0,"texture":"#0","tintindex":0},"west":{"uv":[4.25,8.125,4.0,8.625],"rotation":0,"texture":"#0","tintindex":0},"up":{"uv":[6.125,5.0,5.625,5.25],"rotation":0,"texture":"#0","tintindex":0},"down":{"uv":[8.625,2.375,8.125,2.125],"rotation":0,"texture":"#0","tintindex":0}}},{"from":[8.285714,7.428571,5.714286],"to":[11.142858,10.857143,10.285714],"rotation":{"angle":22.5,"axis":"z","origin":[9.714286,9.142858,8.0]},"faces":{"east":{"uv":[5.625,3.0,6.625,3.75],"rotation":0,"texture":"#0","tintindex":0},"south":{"uv":[3.0,6.5,3.625,7.25],"rotation":0,"texture":"#0","tintindex":0},"north":{"uv":[0.75,6.5,1.375,7.25],"rotation":0,"texture":"#0","tintindex":0},"west":{"uv":[5.625,3.75,6.625,4.5],"rotation":0,"texture":"#0","tintindex":0},"up":{"uv":[6.75,6.0,6.125,5.0],"rotation":0,"texture":"#0","tintindex":0},"down":{"uv":[6.5,6.125,5.875,7.125],"rotation":0,"texture":"#0","tintindex":0}}}],"textures":{"0":"modelengine:entity/knight_fox"},"display":{"head":{"translation":[0.0,-6.4,0.0],"scale":[4.0,4.0,4.0]}}}