{"elements":[{"from":[7.428571,5.950979,6.718491],"to":[9.142858,8.808122,9.575634],"rotation":{"angle":0.0,"axis":"y","origin":[6.285714,4.2366934,7.861348]},"faces":{"east":{"uv":[7.625,6.75,7.0,7.375],"rotation":0,"texture":"#0","tintindex":0},"south":{"uv":[5.875,7.625,5.5,8.25],"rotation":0,"texture":"#0","tintindex":0},"north":{"uv":[5.5,7.625,5.125,8.25],"rotation":0,"texture":"#0","tintindex":0},"west":{"uv":[7.625,4.25,7.0,4.875],"rotation":0,"texture":"#0","tintindex":0},"up":{"uv":[6.5,8.25,6.875,7.625],"rotation":0,"texture":"#0","tintindex":0},"down":{"uv":[7.625,6.75,8.0,7.375],"rotation":0,"texture":"#0","tintindex":0}}}],"textures":{"0":"modelengine:entity/knight_fox"},"display":{"head":{"translation":[0.0,-6.4,0.0],"scale":[4.0,4.0,4.0]}}}