{"elements":[{"from":[6.857143,4.0,5.142857],"to":[9.142858,8.0,8.571428],"rotation":{"angle":0.0,"axis":"y","origin":[2.2857141,-0.57142925,6.857143]},"faces":{"east":{"uv":[2.25,6.125,3.0,7.0],"rotation":0,"texture":"#0","tintindex":0},"south":{"uv":[4.875,6.75,5.375,7.625],"rotation":0,"texture":"#0","tintindex":0},"north":{"uv":[1.375,6.75,1.875,7.625],"rotation":0,"texture":"#0","tintindex":0},"west":{"uv":[4.125,6.125,4.875,7.0],"rotation":0,"texture":"#0","tintindex":0},"up":{"uv":[0.5,7.875,0.0,7.125],"rotation":0,"texture":"#0","tintindex":0},"down":{"uv":[7.625,0.0,7.125,0.75],"rotation":0,"texture":"#0","tintindex":0}}},{"from":[6.285714,4.5714283,4.5714283],"to":[7.428571,6.285714,7.428571],"rotation":{"angle":0.0,"axis":"y","origin":[2.2857141,-0.57142925,6.857143]},"faces":{"east":{"uv":[7.625,2.375,8.25,2.75],"rotation":0,"texture":"#0","tintindex":0},"south":{"uv":[3.0,6.125,3.25,6.5],"rotation":0,"texture":"#0","tintindex":0},"north":{"uv":[4.125,5.75,4.375,6.125],"rotation":0,"texture":"#0","tintindex":0},"west":{"uv":[3.375,7.75,4.0,8.125],"rotation":0,"texture":"#0","tintindex":0},"up":{"uv":[1.25,8.75,1.0,8.125],"rotation":0,"texture":"#0","tintindex":0},"down":{"uv":[8.375,1.5,8.125,2.125],"rotation":0,"texture":"#0","tintindex":0}}},{"from":[6.704133,3.0591736,5.2],"to":[8.989847,4.773459,8.6285715],"rotation":{"angle":-45.0,"axis":"z","origin":[8.132705,4.20203,6.857143]},"faces":{"east":{"uv":[7.0,7.375,7.75,7.75],"rotation":0,"texture":"#0","tintindex":0},"south":{"uv":[7.875,4.5,8.375,4.875],"rotation":0,"texture":"#0","tintindex":0},"north":{"uv":[7.875,3.25,8.375,3.625],"rotation":0,"texture":"#0","tintindex":0},"west":{"uv":[7.5,3.625,8.25,4.0],"rotation":0,"texture":"#0","tintindex":0},"up":{"uv":[7.625,1.5,7.125,0.75],"rotation":0,"texture":"#0","tintindex":0},"down":{"uv":[7.625,2.0,7.125,2.75],"rotation":0,"texture":"#0","tintindex":0}}}],"textures":{"0":"modelengine:entity/knight_fox"},"display":{"head":{"translation":[0.0,-6.4,0.0],"scale":[4.0,4.0,4.0]}}}