{"elements":[{"from":[7.714286,4.5714283,6.857143],"to":[9.428572,8.571428,9.142858],"rotation":{"angle":0.0,"axis":"y","origin":[2.5714283,0.0,8.0]},"faces":{"east":{"uv":[3.625,6.5,4.125,7.375],"rotation":0,"texture":"#0","tintindex":0},"south":{"uv":[5.875,7.125,6.25,8.0],"rotation":0,"texture":"#0","tintindex":0},"north":{"uv":[4.5,7.0,4.875,7.875],"rotation":0,"texture":"#0","tintindex":0},"west":{"uv":[6.625,2.875,7.125,3.75],"rotation":0,"texture":"#0","tintindex":0},"up":{"uv":[8.25,4.5,7.875,4.0],"rotation":0,"texture":"#0","tintindex":0},"down":{"uv":[4.875,7.875,4.5,8.375],"rotation":0,"texture":"#0","tintindex":0}}}],"textures":{"0":"modelengine:entity/knight_fox"},"display":{"head":{"translation":[0.0,-6.4,0.0],"scale":[4.0,4.0,4.0]}}}