{"elements":[{"from":[7.428571,7.142857,7.428571],"to":[8.571428,8.857143,13.142858],"rotation":{"angle":0.0,"axis":"y","origin":[2.8571424,4.8571424,9.142858]},"faces":{"east":{"uv":[6.5,6.0,7.75,6.375],"rotation":0,"texture":"#0","tintindex":0},"south":{"uv":[2.125,8.25,2.375,8.625],"rotation":0,"texture":"#0","tintindex":0},"north":{"uv":[1.875,8.25,2.125,8.625],"rotation":0,"texture":"#0","tintindex":0},"west":{"uv":[6.5,6.375,7.75,6.75],"rotation":0,"texture":"#0","tintindex":0},"up":{"uv":[3.0,8.25,2.75,7.0],"rotation":0,"texture":"#0","tintindex":0},"down":{"uv":[6.5,7.125,6.25,8.375],"rotation":0,"texture":"#0","tintindex":0}}},{"from":[7.142857,6.0,5.142857],"to":[8.857143,10.0,7.428571],"rotation":{"angle":0.0,"axis":"y","origin":[8.0,8.0,6.285714]},"faces":{"east":{"uv":[5.875,6.75,5.375,7.625],"rotation":0,"texture":"#0","tintindex":0},"south":{"uv":[0.875,7.25,1.25,8.125],"rotation":0,"texture":"#0","tintindex":0},"north":{"uv":[0.5,7.25,0.875,8.125],"rotation":0,"texture":"#0","tintindex":0},"west":{"uv":[5.375,6.75,5.875,7.625],"rotation":0,"texture":"#0","tintindex":0},"up":{"uv":[8.25,8.25,7.875,7.75],"rotation":0,"texture":"#0","tintindex":0},"down":{"uv":[3.375,8.0,3.0,8.5],"rotation":0,"texture":"#0","tintindex":0}}},{"from":[7.714286,6.0,-3.4285717],"to":[8.285714,10.0,5.142857],"rotation":{"angle":0.0,"axis":"y","origin":[8.0,8.0,4.0]},"faces":{"east":{"uv":[1.875,0.875,0.0,1.75],"rotation":0,"texture":"#0","tintindex":0},"south":{"uv":[7.625,8.125,7.75,9.0],"rotation":0,"texture":"#0","tintindex":0},"north":{"uv":[6.125,8.0,6.25,8.875],"rotation":0,"texture":"#0","tintindex":0},"west":{"uv":[0.0,0.875,1.875,1.75],"rotation":0,"texture":"#0","tintindex":0},"up":{"uv":[1.875,9.5,1.75,7.625],"rotation":0,"texture":"#0","tintindex":0},"down":{"uv":[7.0,7.625,6.875,9.5],"rotation":0,"texture":"#0","tintindex":0}}},{"from":[7.714286,10.0,-3.4285717],"to":[8.285714,12.857143,-1.7142859],"rotation":{"angle":0.0,"axis":"y","origin":[8.0,12.0,4.0]},"faces":{"east":{"uv":[7.375,7.75,7.0,8.375],"rotation":0,"texture":"#0","tintindex":0},"south":{"uv":[7.75,8.125,7.875,8.75],"rotation":0,"texture":"#0","tintindex":0},"north":{"uv":[2.625,1.125,2.75,1.75],"rotation":0,"texture":"#0","tintindex":0},"west":{"uv":[7.0,7.75,7.375,8.375],"rotation":0,"texture":"#0","tintindex":0},"up":{"uv":[1.125,4.25,1.0,3.875],"rotation":0,"texture":"#0","tintindex":0},"down":{"uv":[4.125,1.5,4.0,1.875],"rotation":0,"texture":"#0","tintindex":0}}}],"textures":{"0":"modelengine:entity/knight_fox"},"display":{"head":{"translation":[0.0,-6.4,0.0],"scale":[4.0,4.0,4.0]}}}