{"elements":[{"from":[6.857143,6.857143,8.0],"to":[9.142858,9.142858,12.0],"rotation":{"angle":0.0,"axis":"y","origin":[8.0,6.857143,8.571428]},"faces":{"east":{"uv":[4.125,2.25,5.0,2.75],"rotation":0,"texture":"#0","tintindex":0},"south":{"uv":[7.625,5.0,8.125,5.5],"rotation":0,"texture":"#0","tintindex":0},"north":{"uv":[7.625,1.875,8.125,2.375],"rotation":0,"texture":"#0","tintindex":0},"west":{"uv":[6.625,3.75,7.5,4.25],"rotation":0,"texture":"#0","tintindex":0},"up":{"uv":[7.0,7.625,6.5,6.75],"rotation":0,"texture":"#0","tintindex":0},"down":{"uv":[2.375,7.0,1.875,7.875],"rotation":0,"texture":"#0","tintindex":0}}}],"textures":{"0":"modelengine:entity/knight_fox"},"display":{"head":{"translation":[0.0,-6.4,0.0],"scale":[4.0,4.0,4.0]}}}