{"elements":[{"from":[6.285714,8.0,8.0],"to":[9.714286,8.0,14.857143],"rotation":{"angle":0.0,"axis":"y","origin":[1.1428566,8.285714,5.714286]},"faces":{"east":{"uv":[0.0,1.5,0.0,0.0],"rotation":270,"texture":"#0","tintindex":0},"south":{"uv":[0.0,0.0,0.75,0.0],"rotation":180,"texture":"#0","tintindex":0},"north":{"uv":[0.0,0.0,0.75,0.0],"rotation":0,"texture":"#0","tintindex":0},"west":{"uv":[0.0,1.5,0.0,0.0],"rotation":90,"texture":"#0","tintindex":0},"up":{"uv":[2.875,3.75,3.625,2.25],"rotation":180,"texture":"#0","tintindex":0},"down":{"uv":[3.625,3.75,2.875,2.25],"rotation":0,"texture":"#0","tintindex":0}}}],"textures":{"0":"modelengine:entity/gp2_goblin_shaman_doppelganger"},"display":{"head":{"translation":[0.0,-6.4,0.0],"scale":[4.0,4.0,4.0]}}}