{"elements":[{"from":[7.714286,4.6396637,6.8154373],"to":[9.428572,8.639664,8.529723],"rotation":{"angle":0.0,"axis":"y","origin":[6.0,4.6396637,2.2440085]},"faces":{"east":{"uv":[3.0,8.0,2.625,8.875],"rotation":0,"texture":"#0","tintindex":0},"south":{"uv":[2.625,8.0,2.25,8.875],"rotation":0,"texture":"#0","tintindex":0},"north":{"uv":[5.625,7.25,5.25,8.125],"rotation":0,"texture":"#0","tintindex":0},"west":{"uv":[4.0,7.375,3.625,8.25],"rotation":0,"texture":"#0","tintindex":0},"up":{"uv":[9.25,0.875,9.625,0.5],"rotation":0,"texture":"#0","tintindex":0},"down":{"uv":[9.25,3.375,9.625,3.75],"rotation":0,"texture":"#0","tintindex":0}}}],"textures":{"0":"modelengine:entity/gp2_goblin_shaman_doppelganger"},"display":{"head":{"translation":[0.0,-6.4,0.0],"scale":[4.0,4.0,4.0]}}}