{"elements":[{"from":[7.9653373,6.793764,5.714286],"to":[11.965337,9.079478,8.0],"rotation":{"angle":0.0,"axis":"y","origin":[-2.3203773,1.0794783,1.7142854]},"faces":{"east":{"uv":[2.75,8.875,2.25,9.375],"rotation":0,"texture":"#0","tintindex":0},"south":{"uv":[8.5,1.625,7.625,2.125],"rotation":0,"texture":"#0","tintindex":0},"north":{"uv":[8.375,6.375,7.5,6.875],"rotation":0,"texture":"#0","tintindex":0},"west":{"uv":[9.25,8.625,8.75,9.125],"rotation":0,"texture":"#0","tintindex":0},"up":{"uv":[7.625,2.625,8.5,2.125],"rotation":0,"texture":"#0","tintindex":0},"down":{"uv":[7.875,0.5,8.75,1.0],"rotation":0,"texture":"#0","tintindex":0}}},{"from":[10.571428,5.714286,5.428571],"to":[12.857143,8.0,8.285714],"rotation":{"angle":-45.0,"axis":"z","origin":[12.571428,6.857143,6.857143]},"faces":{"east":{"uv":[8.625,5.625,8.0,6.125],"rotation":0,"texture":"#0","tintindex":0},"south":{"uv":[9.25,8.125,8.75,8.625],"rotation":0,"texture":"#0","tintindex":0},"north":{"uv":[5.375,8.75,4.875,9.25],"rotation":0,"texture":"#0","tintindex":0},"west":{"uv":[2.75,3.25,2.125,3.75],"rotation":0,"texture":"#0","tintindex":0},"up":{"uv":[8.375,8.125,8.875,7.5],"rotation":0,"texture":"#0","tintindex":0},"down":{"uv":[8.5,1.375,9.0,2.0],"rotation":0,"texture":"#0","tintindex":0}}}],"textures":{"0":"modelengine:entity/gp2_goblin_shaman_doppelganger"},"display":{"head":{"translation":[0.0,-6.4,0.0],"scale":[4.0,4.0,4.0]}}}