{
  "parent": "minecraft:item/generated",
  "textures": {
    "layer0": "minecraft:item/ink_sac"
  },
  "overrides": [
    {
      "predicate": { "custom_model_data": 1 },
      "model": "littleroom_kurrot:kur_slash_h"
    },
    {
      "predicate": { "custom_model_data": 2 },
      "model": "littleroom_kurrot:kur_slash_tiltleft"
    },
    {
      "predicate": { "custom_model_data": 3 },
      "model": "littleroom_kurrot:kur_slash_tiltright"
    },
    {
      "predicate": { "custom_model_data": 4 },
      "model": "littleroom_kurrot:kur_glaive"
    },
    {
      "predicate": { "custom_model_data": 1 },
      "model": "littleroom_bufobufo:bufo_bufo_bubbles"
    },
    {
      "predicate": { "custom_model_data": 1 },
      "model": "littleroom_goblin_pack_vol2:gp2_goblin_rock"
    },
    {
      "predicate": { "custom_model_data": 2 },
      "model": "littleroom_goblin_pack_vol2:gp2_goblin_shaman_mask"
    },
    {
      "predicate": { "custom_model_data": 1 },
      "model": "littleroom_gryffin:mcpets_icon/gryffin_icon"
    },
    {
      "predicate": { "custom_model_data": 2 },
      "model": "littleroom_gryffin:mcpets_icon/gryffin_corvid_icon"
    },
    {
      "predicate": { "custom_model_data": 1 },
      "model": "littleroom_wendigo:parka_helmet"
    }
  ]
}