{"parent":"minecraft:item/generated","textures":{"layer0":"minecraft:item/leather_horse_armor"},"overrides":[{"predicate":{"custom_model_data":1},"model":"modelengine:azriel/bookspine"},{"predicate":{"custom_model_data":2},"model":"modelengine:azriel/bookside2"},{"predicate":{"custom_model_data":3},"model":"modelengine:azriel/bookside"},{"predicate":{"custom_model_data":4},"model":"modelengine:azriel/torso"},{"predicate":{"custom_model_data":5},"model":"modelengine:azriel/shoulders"},{"predicate":{"custom_model_data":6},"model":"modelengine:azriel/cloth1"},{"predicate":{"custom_model_data":7},"model":"modelengine:azriel/cloth2"},{"predicate":{"custom_model_data":8},"model":"modelengine:azriel/cloth3"},{"predicate":{"custom_model_data":9},"model":"modelengine:azriel/cloth4"},{"predicate":{"custom_model_data":10},"model":"modelengine:azriel/cloth5"},{"predicate":{"custom_model_data":11},"model":"modelengine:azriel/cloth6"},{"predicate":{"custom_model_data":12},"model":"modelengine:azriel/head"},{"predicate":{"custom_model_data":13},"model":"modelengine:azriel/right_shoulder"},{"predicate":{"custom_model_data":14},"model":"modelengine:azriel/right_arm"},{"predicate":{"custom_model_data":15},"model":"modelengine:azriel/right_arm_drape1"},{"predicate":{"custom_model_data":16},"model":"modelengine:azriel/right_arm_drape2"},{"predicate":{"custom_model_data":17},"model":"modelengine:azriel/right_hand"},{"predicate":{"custom_model_data":18},"model":"modelengine:azriel/pole"},{"predicate":{"custom_model_data":19},"model":"modelengine:azriel/right_thumb"},{"predicate":{"custom_model_data":20},"model":"modelengine:azriel/right_finger"},{"predicate":{"custom_model_data":21},"model":"modelengine:azriel/right_fingers"},{"predicate":{"custom_model_data":22},"model":"modelengine:azriel/left_shoulder"},{"predicate":{"custom_model_data":23},"model":"modelengine:azriel/left_arm"},{"predicate":{"custom_model_data":24},"model":"modelengine:azriel/left_arm_drape1"},{"predicate":{"custom_model_data":25},"model":"modelengine:azriel/left_arm_drape2"},{"predicate":{"custom_model_data":26},"model":"modelengine:azriel/left_hand"},{"predicate":{"custom_model_data":27},"model":"modelengine:azriel/left_thumb"},{"predicate":{"custom_model_data":28},"model":"modelengine:azriel/left_finger"},{"predicate":{"custom_model_data":29},"model":"modelengine:azriel/left_fingers"},{"predicate":{"custom_model_data":30},"model":"modelengine:azriel/legs"},{"predicate":{"custom_model_data":31},"model":"modelengine:azriel/bottomdrapes3"},{"predicate":{"custom_model_data":32},"model":"modelengine:azriel/bottomdrapes4"},{"predicate":{"custom_model_data":33},"model":"modelengine:azriel/bottomdrapes1"},{"predicate":{"custom_model_data":34},"model":"modelengine:azriel/bottomdrapes2"},{"predicate":{"custom_model_data":35},"model":"modelengine:azriel/bottomdrapes5"},{"predicate":{"custom_model_data":36},"model":"modelengine:azriel/bottomdrapes6"},{"predicate":{"custom_model_data":37},"model":"modelengine:azriel/bottomdrapes7"},{"predicate":{"custom_model_data":38},"model":"modelengine:azriel/bottomdrapes8"},{"predicate":{"custom_model_data":39},"model":"modelengine:azriel_book/bookspine"},{"predicate":{"custom_model_data":40},"model":"modelengine:azriel_book/bookside2"},{"predicate":{"custom_model_data":41},"model":"modelengine:azriel_book/bookside"},{"predicate":{"custom_model_data":42},"model":"modelengine:azriel_book/circle"},{"predicate":{"custom_model_data":43},"model":"modelengine:azriel_follower/torso"},{"predicate":{"custom_model_data":44},"model":"modelengine:azriel_follower/right_arm"},{"predicate":{"custom_model_data":45},"model":"modelengine:azriel_follower/right_forearm"},{"predicate":{"custom_model_data":46},"model":"modelengine:azriel_follower/leftdrape3"},{"predicate":{"custom_model_data":47},"model":"modelengine:azriel_follower/leftdrape4"},{"predicate":{"custom_model_data":48},"model":"modelengine:azriel_follower/frontdrape4"},{"predicate":{"custom_model_data":49},"model":"modelengine:azriel_follower/frontdrape3"},{"predicate":{"custom_model_data":50},"model":"modelengine:azriel_follower/left_arm"},{"predicate":{"custom_model_data":51},"model":"modelengine:azriel_follower/left_forearm"},{"predicate":{"custom_model_data":52},"model":"modelengine:azriel_follower/leftdrape1"},{"predicate":{"custom_model_data":53},"model":"modelengine:azriel_follower/leftdrape2"},{"predicate":{"custom_model_data":54},"model":"modelengine:azriel_follower/frontdrape2"},{"predicate":{"custom_model_data":55},"model":"modelengine:azriel_follower/frontdrape1"},{"predicate":{"custom_model_data":56},"model":"modelengine:azriel_follower/head"},{"predicate":{"custom_model_data":57},"model":"modelengine:azriel_follower/jaw"},{"predicate":{"custom_model_data":58},"model":"modelengine:azriel_parts/bookspine"},{"predicate":{"custom_model_data":59},"model":"modelengine:azriel_parts/bookside2"},{"predicate":{"custom_model_data":60},"model":"modelengine:azriel_parts/bookside"},{"predicate":{"custom_model_data":61},"model":"modelengine:azriel_parts/torso"},{"predicate":{"custom_model_data":62},"model":"modelengine:azriel_parts/shoulders"},{"predicate":{"custom_model_data":63},"model":"modelengine:azriel_parts/cloth1"},{"predicate":{"custom_model_data":64},"model":"modelengine:azriel_parts/cloth2"},{"predicate":{"custom_model_data":65},"model":"modelengine:azriel_parts/cloth3"},{"predicate":{"custom_model_data":66},"model":"modelengine:azriel_parts/cloth4"},{"predicate":{"custom_model_data":67},"model":"modelengine:azriel_parts/cloth5"},{"predicate":{"custom_model_data":68},"model":"modelengine:azriel_parts/cloth6"},{"predicate":{"custom_model_data":69},"model":"modelengine:azriel_parts/head"},{"predicate":{"custom_model_data":70},"model":"modelengine:azriel_parts/right_shoulder"},{"predicate":{"custom_model_data":71},"model":"modelengine:azriel_parts/right_arm"},{"predicate":{"custom_model_data":72},"model":"modelengine:azriel_parts/right_arm_drape1"},{"predicate":{"custom_model_data":73},"model":"modelengine:azriel_parts/right_arm_drape2"},{"predicate":{"custom_model_data":74},"model":"modelengine:azriel_parts/right_hand"},{"predicate":{"custom_model_data":75},"model":"modelengine:azriel_parts/pole"},{"predicate":{"custom_model_data":76},"model":"modelengine:azriel_parts/right_thumb"},{"predicate":{"custom_model_data":77},"model":"modelengine:azriel_parts/right_finger"},{"predicate":{"custom_model_data":78},"model":"modelengine:azriel_parts/right_fingers"},{"predicate":{"custom_model_data":79},"model":"modelengine:azriel_parts/left_shoulder"},{"predicate":{"custom_model_data":80},"model":"modelengine:azriel_parts/left_arm"},{"predicate":{"custom_model_data":81},"model":"modelengine:azriel_parts/left_arm_drape1"},{"predicate":{"custom_model_data":82},"model":"modelengine:azriel_parts/left_arm_drape2"},{"predicate":{"custom_model_data":83},"model":"modelengine:azriel_parts/left_hand"},{"predicate":{"custom_model_data":84},"model":"modelengine:azriel_parts/left_thumb"},{"predicate":{"custom_model_data":85},"model":"modelengine:azriel_parts/left_finger"},{"predicate":{"custom_model_data":86},"model":"modelengine:azriel_parts/left_fingers"},{"predicate":{"custom_model_data":87},"model":"modelengine:azriel_parts/legs"},{"predicate":{"custom_model_data":88},"model":"modelengine:azriel_parts/bottomdrapes3"},{"predicate":{"custom_model_data":89},"model":"modelengine:azriel_parts/bottomdrapes4"},{"predicate":{"custom_model_data":90},"model":"modelengine:azriel_parts/bottomdrapes1"},{"predicate":{"custom_model_data":91},"model":"modelengine:azriel_parts/bottomdrapes2"},{"predicate":{"custom_model_data":92},"model":"modelengine:azriel_parts/bottomdrapes5"},{"predicate":{"custom_model_data":93},"model":"modelengine:azriel_parts/bottomdrapes6"},{"predicate":{"custom_model_data":94},"model":"modelengine:azriel_parts/bottomdrapes7"},{"predicate":{"custom_model_data":95},"model":"modelengine:azriel_parts/bottomdrapes8"},{"predicate":{"custom_model_data":96},"model":"modelengine:azriel_sword/sword"},{"predicate":{"custom_model_data":97},"model":"modelengine:bufo_bufo/collar"},{"predicate":{"custom_model_data":98},"model":"modelengine:bufo_bufo/cape1"},{"predicate":{"custom_model_data":99},"model":"modelengine:bufo_bufo/cape2"},{"predicate":{"custom_model_data":100},"model":"modelengine:bufo_bufo/cape3"},{"predicate":{"custom_model_data":101},"model":"modelengine:bufo_bufo/body"},{"predicate":{"custom_model_data":102},"model":"modelengine:bufo_bufo/left_thigh"},{"predicate":{"custom_model_data":103},"model":"modelengine:bufo_bufo/left_shin"},{"predicate":{"custom_model_data":104},"model":"modelengine:bufo_bufo/left_foot"},{"predicate":{"custom_model_data":105},"model":"modelengine:bufo_bufo/right_thigh"},{"predicate":{"custom_model_data":106},"model":"modelengine:bufo_bufo/right_shin"},{"predicate":{"custom_model_data":107},"model":"modelengine:bufo_bufo/right_foot"},{"predicate":{"custom_model_data":108},"model":"modelengine:bufo_bufo/head"},{"predicate":{"custom_model_data":109},"model":"modelengine:bufo_bufo/jaw"},{"predicate":{"custom_model_data":110},"model":"modelengine:bufo_bufo/tongue1"},{"predicate":{"custom_model_data":111},"model":"modelengine:bufo_bufo/tongue2"},{"predicate":{"custom_model_data":112},"model":"modelengine:bufo_bufo/tongue3"},{"predicate":{"custom_model_data":113},"model":"modelengine:bufo_bufo/tongue4"},{"predicate":{"custom_model_data":114},"model":"modelengine:bufo_bufo/tongue5"},{"predicate":{"custom_model_data":115},"model":"modelengine:bufo_bufo/tongue6"},{"predicate":{"custom_model_data":116},"model":"modelengine:bufo_bufo/right_shoulderarmor"},{"predicate":{"custom_model_data":117},"model":"modelengine:bufo_bufo/right_arm"},{"predicate":{"custom_model_data":118},"model":"modelengine:bufo_bufo/right_forearm"},{"predicate":{"custom_model_data":119},"model":"modelengine:bufo_bufo/right_hand"},{"predicate":{"custom_model_data":120},"model":"modelengine:bufo_bufo/left_shoulderarmor"},{"predicate":{"custom_model_data":121},"model":"modelengine:bufo_bufo/left_arm"},{"predicate":{"custom_model_data":122},"model":"modelengine:bufo_bufo/left_forearm"},{"predicate":{"custom_model_data":123},"model":"modelengine:bufo_bufo/left_hand"},{"predicate":{"custom_model_data":124},"model":"modelengine:bufo_bufo/froggy1"},{"predicate":{"custom_model_data":125},"model":"modelengine:bufo_bufo/froggy2"},{"predicate":{"custom_model_data":126},"model":"modelengine:bufo_bufo/palmfrond4"},{"predicate":{"custom_model_data":127},"model":"modelengine:bufo_bufo/palmfrond5"},{"predicate":{"custom_model_data":128},"model":"modelengine:bufo_bufo/palmfrond6"},{"predicate":{"custom_model_data":129},"model":"modelengine:bufo_bufo/palmfrond1"},{"predicate":{"custom_model_data":130},"model":"modelengine:bufo_bufo/palmfrond2"},{"predicate":{"custom_model_data":131},"model":"modelengine:bufo_bufo/palmfrond3"},{"predicate":{"custom_model_data":132},"model":"modelengine:bufo_bufo/froggy3"},{"predicate":{"custom_model_data":133},"model":"modelengine:bufo_bufo/froggy4"},{"predicate":{"custom_model_data":134},"model":"modelengine:bufo_bufo_baby/froggy"},{"predicate":{"custom_model_data":135},"model":"modelengine:bufo_bufo_baby/legs"},{"predicate":{"custom_model_data":136},"model":"modelengine:bufo_bufo_baby/arms"},{"predicate":{"custom_model_data":137},"model":"modelengine:bufo_bufo_parts/tongue1"},{"predicate":{"custom_model_data":138},"model":"modelengine:bufo_bufo_parts/tongue2"},{"predicate":{"custom_model_data":139},"model":"modelengine:bufo_bufo_parts/tongue3"},{"predicate":{"custom_model_data":140},"model":"modelengine:bufo_bufo_parts/tongue4"},{"predicate":{"custom_model_data":141},"model":"modelengine:bufo_bufo_parts/tongue5"},{"predicate":{"custom_model_data":142},"model":"modelengine:bufo_bufo_parts/tongue6"},{"predicate":{"custom_model_data":143},"model":"modelengine:bufo_bufo_parts/head_dizzy"},{"predicate":{"custom_model_data":144},"model":"modelengine:bufo_bufo_parts/head_dead"},{"predicate":{"custom_model_data":145},"model":"modelengine:bufo_bufo_parts/collar"},{"predicate":{"custom_model_data":146},"model":"modelengine:bufo_bufo_parts/cape1"},{"predicate":{"custom_model_data":147},"model":"modelengine:bufo_bufo_parts/cape2"},{"predicate":{"custom_model_data":148},"model":"modelengine:bufo_bufo_parts/cape3"},{"predicate":{"custom_model_data":149},"model":"modelengine:bufo_bufo_parts/body"},{"predicate":{"custom_model_data":150},"model":"modelengine:bufo_bufo_parts/left_thigh"},{"predicate":{"custom_model_data":151},"model":"modelengine:bufo_bufo_parts/left_shin"},{"predicate":{"custom_model_data":152},"model":"modelengine:bufo_bufo_parts/left_foot"},{"predicate":{"custom_model_data":153},"model":"modelengine:bufo_bufo_parts/right_thigh"},{"predicate":{"custom_model_data":154},"model":"modelengine:bufo_bufo_parts/right_shin"},{"predicate":{"custom_model_data":155},"model":"modelengine:bufo_bufo_parts/right_foot"},{"predicate":{"custom_model_data":156},"model":"modelengine:bufo_bufo_parts/head_hit"},{"predicate":{"custom_model_data":157},"model":"modelengine:bufo_bufo_parts/jaw"},{"predicate":{"custom_model_data":158},"model":"modelengine:bufo_bufo_parts/right_shoulderarmor"},{"predicate":{"custom_model_data":159},"model":"modelengine:bufo_bufo_parts/right_arm"},{"predicate":{"custom_model_data":160},"model":"modelengine:bufo_bufo_parts/right_forearm"},{"predicate":{"custom_model_data":161},"model":"modelengine:bufo_bufo_parts/right_hand"},{"predicate":{"custom_model_data":162},"model":"modelengine:bufo_bufo_parts/left_shoulderarmor"},{"predicate":{"custom_model_data":163},"model":"modelengine:bufo_bufo_parts/left_arm"},{"predicate":{"custom_model_data":164},"model":"modelengine:bufo_bufo_parts/left_forearm"},{"predicate":{"custom_model_data":165},"model":"modelengine:bufo_bufo_parts/left_hand"},{"predicate":{"custom_model_data":166},"model":"modelengine:bufo_bufo_splash/splash1"},{"predicate":{"custom_model_data":167},"model":"modelengine:bufo_bufo_splash/splash4"},{"predicate":{"custom_model_data":168},"model":"modelengine:bufo_bufo_splash/splash8"},{"predicate":{"custom_model_data":169},"model":"modelengine:bufo_bufo_splash/splash9"},{"predicate":{"custom_model_data":170},"model":"modelengine:bufo_bufo_splash/splash10"},{"predicate":{"custom_model_data":171},"model":"modelengine:bufo_bufo_splash/splash11"},{"predicate":{"custom_model_data":172},"model":"modelengine:bufo_bufo_splash/splash12"},{"predicate":{"custom_model_data":173},"model":"modelengine:bufo_bufo_splash/splash13"},{"predicate":{"custom_model_data":174},"model":"modelengine:bufo_bufo_splash/splash14"},{"predicate":{"custom_model_data":175},"model":"modelengine:bufo_bufo_splash/splash2"},{"predicate":{"custom_model_data":176},"model":"modelengine:bufo_bufo_splash/splash3"},{"predicate":{"custom_model_data":177},"model":"modelengine:bufo_bufo_splash/splash5"},{"predicate":{"custom_model_data":178},"model":"modelengine:bufo_bufo_splash/splash6"},{"predicate":{"custom_model_data":179},"model":"modelengine:bufo_bufo_splash/splash7"},{"predicate":{"custom_model_data":180},"model":"modelengine:bufo_bufo_splash/splash15"},{"predicate":{"custom_model_data":181},"model":"modelengine:bufo_bufo_splash/splash16"},{"predicate":{"custom_model_data":182},"model":"modelengine:bufo_bufo_splash/splash17"},{"predicate":{"custom_model_data":183},"model":"modelengine:bufo_bufo_splash/splash18"},{"predicate":{"custom_model_data":184},"model":"modelengine:bufo_bufo_splash/splash19"},{"predicate":{"custom_model_data":185},"model":"modelengine:bufo_bufo_splash/splash20"},{"predicate":{"custom_model_data":186},"model":"modelengine:bufo_bufo_splash/splash21"},{"predicate":{"custom_model_data":187},"model":"modelengine:bufo_bufo_splash/splash22"},{"predicate":{"custom_model_data":188},"model":"modelengine:bufo_bufo_splash/splash23"},{"predicate":{"custom_model_data":189},"model":"modelengine:bufo_bufo_splash/splash24"},{"predicate":{"custom_model_data":190},"model":"modelengine:bufo_bufo_splash/splash25"},{"predicate":{"custom_model_data":191},"model":"modelengine:bufo_bufo_splash/splash26"},{"predicate":{"custom_model_data":192},"model":"modelengine:bufo_bufo_splash/splash27"},{"predicate":{"custom_model_data":193},"model":"modelengine:bufo_bufo_splash/splash28"},{"predicate":{"custom_model_data":194},"model":"modelengine:bufo_bufo_splash/splash29"},{"predicate":{"custom_model_data":195},"model":"modelengine:bufo_bufo_splash/splash30"},{"predicate":{"custom_model_data":196},"model":"modelengine:bufo_bufo_splash/splash31"},{"predicate":{"custom_model_data":197},"model":"modelengine:bufo_bufo_splash/splash32"},{"predicate":{"custom_model_data":198},"model":"modelengine:bufo_bufo_telegraph/telegraph"},{"predicate":{"custom_model_data":199},"model":"modelengine:bufo_bufo_telegraph/bone"},{"predicate":{"custom_model_data":200},"model":"modelengine:bufo_bufo_telegraph/bone2"},{"predicate":{"custom_model_data":201},"model":"modelengine:bufo_bufo_telegraph/bone3"},{"predicate":{"custom_model_data":202},"model":"modelengine:bufo_bufo_telegraph_tongue/telegraph"},{"predicate":{"custom_model_data":203},"model":"modelengine:bufo_bufo_telegraph_tongue/bone"},{"predicate":{"custom_model_data":204},"model":"modelengine:cavalier_fox/torso"},{"predicate":{"custom_model_data":205},"model":"modelengine:cavalier_fox/right_arm"},{"predicate":{"custom_model_data":206},"model":"modelengine:cavalier_fox/right_hand"},{"predicate":{"custom_model_data":207},"model":"modelengine:cavalier_fox/sword"},{"predicate":{"custom_model_data":208},"model":"modelengine:cavalier_fox/left_arm"},{"predicate":{"custom_model_data":209},"model":"modelengine:cavalier_fox/left_hand"},{"predicate":{"custom_model_data":210},"model":"modelengine:cavalier_fox/head"},{"predicate":{"custom_model_data":211},"model":"modelengine:cavalier_fox/eyecover"},{"predicate":{"custom_model_data":212},"model":"modelengine:cavalier_fox/left_leg"},{"predicate":{"custom_model_data":213},"model":"modelengine:cavalier_fox/left_shin"},{"predicate":{"custom_model_data":214},"model":"modelengine:cavalier_fox/right_leg"},{"predicate":{"custom_model_data":215},"model":"modelengine:cavalier_fox/right_shin"},{"predicate":{"custom_model_data":216},"model":"modelengine:cavalier_fox/tail"},{"predicate":{"custom_model_data":217},"model":"modelengine:cavalier_fox_parts/sword"},{"predicate":{"custom_model_data":218},"model":"modelengine:cavalier_fox_parts/sword2"},{"predicate":{"custom_model_data":219},"model":"modelengine:cavalier_fox_parts/big_sword"},{"predicate":{"custom_model_data":220},"model":"modelengine:concussion/concussionring2"},{"predicate":{"custom_model_data":221},"model":"modelengine:concussion/concussionring3"},{"predicate":{"custom_model_data":222},"model":"modelengine:gp2_decor_torch/torch"},{"predicate":{"custom_model_data":223},"model":"modelengine:gp2_decor_weapon_rack/weapon_rack"},{"predicate":{"custom_model_data":224},"model":"modelengine:gp2_goblin_king/chest"},{"predicate":{"custom_model_data":225},"model":"modelengine:gp2_goblin_king/head"},{"predicate":{"custom_model_data":226},"model":"modelengine:gp2_goblin_king/left_eyebrow"},{"predicate":{"custom_model_data":227},"model":"modelengine:gp2_goblin_king/right_eyebrow"},{"predicate":{"custom_model_data":228},"model":"modelengine:gp2_goblin_king/jaw"},{"predicate":{"custom_model_data":229},"model":"modelengine:gp2_goblin_king/left_ear"},{"predicate":{"custom_model_data":230},"model":"modelengine:gp2_goblin_king/right_ear"},{"predicate":{"custom_model_data":231},"model":"modelengine:gp2_goblin_king/left_arm"},{"predicate":{"custom_model_data":232},"model":"modelengine:gp2_goblin_king/left_forearm"},{"predicate":{"custom_model_data":233},"model":"modelengine:gp2_goblin_king/left_finger_1"},{"predicate":{"custom_model_data":234},"model":"modelengine:gp2_goblin_king/left_finger_2"},{"predicate":{"custom_model_data":235},"model":"modelengine:gp2_goblin_king/left_finger_3"},{"predicate":{"custom_model_data":236},"model":"modelengine:gp2_goblin_king/right_arm"},{"predicate":{"custom_model_data":237},"model":"modelengine:gp2_goblin_king/weapon"},{"predicate":{"custom_model_data":238},"model":"modelengine:gp2_goblin_king/weapon_hitbox"},{"predicate":{"custom_model_data":239},"model":"modelengine:gp2_goblin_king/right_forearm"},{"predicate":{"custom_model_data":240},"model":"modelengine:gp2_goblin_king/right_finger_1"},{"predicate":{"custom_model_data":241},"model":"modelengine:gp2_goblin_king/right_finger_2"},{"predicate":{"custom_model_data":242},"model":"modelengine:gp2_goblin_king/right_finger_3"},{"predicate":{"custom_model_data":243},"model":"modelengine:gp2_goblin_king/cape_1"},{"predicate":{"custom_model_data":244},"model":"modelengine:gp2_goblin_king/cape_2"},{"predicate":{"custom_model_data":245},"model":"modelengine:gp2_goblin_king/torso"},{"predicate":{"custom_model_data":246},"model":"modelengine:gp2_goblin_king/left_leg"},{"predicate":{"custom_model_data":247},"model":"modelengine:gp2_goblin_king/left_shin"},{"predicate":{"custom_model_data":248},"model":"modelengine:gp2_goblin_king/left_foot"},{"predicate":{"custom_model_data":249},"model":"modelengine:gp2_goblin_king/right_leg"},{"predicate":{"custom_model_data":250},"model":"modelengine:gp2_goblin_king/right_shin"},{"predicate":{"custom_model_data":251},"model":"modelengine:gp2_goblin_king/right_foot"},{"predicate":{"custom_model_data":252},"model":"modelengine:gp2_goblin_parts/left_forearm_1"},{"predicate":{"custom_model_data":253},"model":"modelengine:gp2_goblin_parts/right_forearm_1"},{"predicate":{"custom_model_data":254},"model":"modelengine:gp2_goblin_parts/frying_pan"},{"predicate":{"custom_model_data":255},"model":"modelengine:gp2_goblin_parts/head_2"},{"predicate":{"custom_model_data":256},"model":"modelengine:gp2_goblin_parts/jaw_2"},{"predicate":{"custom_model_data":257},"model":"modelengine:gp2_goblin_parts/left_ear_2"},{"predicate":{"custom_model_data":258},"model":"modelengine:gp2_goblin_parts/head_3"},{"predicate":{"custom_model_data":259},"model":"modelengine:gp2_goblin_parts/jaw_3"},{"predicate":{"custom_model_data":260},"model":"modelengine:gp2_goblin_parts/head_4"},{"predicate":{"custom_model_data":261},"model":"modelengine:gp2_goblin_parts/jaw_4"},{"predicate":{"custom_model_data":262},"model":"modelengine:gp2_goblin_parts/head_5"},{"predicate":{"custom_model_data":263},"model":"modelengine:gp2_goblin_parts/jaw_5"},{"predicate":{"custom_model_data":264},"model":"modelengine:gp2_goblin_parts/head_6"},{"predicate":{"custom_model_data":265},"model":"modelengine:gp2_goblin_parts/jaw_6"},{"predicate":{"custom_model_data":266},"model":"modelengine:gp2_goblin_parts/head_1"},{"predicate":{"custom_model_data":267},"model":"modelengine:gp2_goblin_parts/jaw_1"},{"predicate":{"custom_model_data":268},"model":"modelengine:gp2_goblin_parts/left_ear_1"},{"predicate":{"custom_model_data":269},"model":"modelengine:gp2_goblin_parts/right_ear_1"},{"predicate":{"custom_model_data":270},"model":"modelengine:gp2_goblin_parts/wooden_spoon"},{"predicate":{"custom_model_data":271},"model":"modelengine:gp2_goblin_parts/knife"},{"predicate":{"custom_model_data":272},"model":"modelengine:gp2_goblin_parts/broken_pitchfork"},{"predicate":{"custom_model_data":273},"model":"modelengine:gp2_goblin_shaman/torso"},{"predicate":{"custom_model_data":274},"model":"modelengine:gp2_goblin_shaman/left_leg"},{"predicate":{"custom_model_data":275},"model":"modelengine:gp2_goblin_shaman/left_shin"},{"predicate":{"custom_model_data":276},"model":"modelengine:gp2_goblin_shaman/left_foot"},{"predicate":{"custom_model_data":277},"model":"modelengine:gp2_goblin_shaman/right_leg"},{"predicate":{"custom_model_data":278},"model":"modelengine:gp2_goblin_shaman/right_shin"},{"predicate":{"custom_model_data":279},"model":"modelengine:gp2_goblin_shaman/right_foot"},{"predicate":{"custom_model_data":280},"model":"modelengine:gp2_goblin_shaman/head"},{"predicate":{"custom_model_data":281},"model":"modelengine:gp2_goblin_shaman/jaw"},{"predicate":{"custom_model_data":282},"model":"modelengine:gp2_goblin_shaman/left_ear"},{"predicate":{"custom_model_data":283},"model":"modelengine:gp2_goblin_shaman/right_ear"},{"predicate":{"custom_model_data":284},"model":"modelengine:gp2_goblin_shaman/mask"},{"predicate":{"custom_model_data":285},"model":"modelengine:gp2_goblin_shaman/left_forearm"},{"predicate":{"custom_model_data":286},"model":"modelengine:gp2_goblin_shaman/left_arm"},{"predicate":{"custom_model_data":287},"model":"modelengine:gp2_goblin_shaman/right_forearm"},{"predicate":{"custom_model_data":288},"model":"modelengine:gp2_goblin_shaman/staff"},{"predicate":{"custom_model_data":289},"model":"modelengine:gp2_goblin_shaman/feather"},{"predicate":{"custom_model_data":290},"model":"modelengine:gp2_goblin_shaman/right_arm"},{"predicate":{"custom_model_data":291},"model":"modelengine:gp2_goblin_shaman_doppelganger/torso"},{"predicate":{"custom_model_data":292},"model":"modelengine:gp2_goblin_shaman_doppelganger/left_leg"},{"predicate":{"custom_model_data":293},"model":"modelengine:gp2_goblin_shaman_doppelganger/left_shin"},{"predicate":{"custom_model_data":294},"model":"modelengine:gp2_goblin_shaman_doppelganger/left_foot"},{"predicate":{"custom_model_data":295},"model":"modelengine:gp2_goblin_shaman_doppelganger/right_leg"},{"predicate":{"custom_model_data":296},"model":"modelengine:gp2_goblin_shaman_doppelganger/right_shin"},{"predicate":{"custom_model_data":297},"model":"modelengine:gp2_goblin_shaman_doppelganger/right_foot"},{"predicate":{"custom_model_data":298},"model":"modelengine:gp2_goblin_shaman_doppelganger/head"},{"predicate":{"custom_model_data":299},"model":"modelengine:gp2_goblin_shaman_doppelganger/jaw"},{"predicate":{"custom_model_data":300},"model":"modelengine:gp2_goblin_shaman_doppelganger/left_ear"},{"predicate":{"custom_model_data":301},"model":"modelengine:gp2_goblin_shaman_doppelganger/right_ear"},{"predicate":{"custom_model_data":302},"model":"modelengine:gp2_goblin_shaman_doppelganger/mask"},{"predicate":{"custom_model_data":303},"model":"modelengine:gp2_goblin_shaman_doppelganger/left_forearm"},{"predicate":{"custom_model_data":304},"model":"modelengine:gp2_goblin_shaman_doppelganger/left_arm"},{"predicate":{"custom_model_data":305},"model":"modelengine:gp2_goblin_shaman_doppelganger/right_forearm"},{"predicate":{"custom_model_data":306},"model":"modelengine:gp2_goblin_shaman_doppelganger/staff"},{"predicate":{"custom_model_data":307},"model":"modelengine:gp2_goblin_shaman_doppelganger/feather"},{"predicate":{"custom_model_data":308},"model":"modelengine:gp2_goblin_shaman_doppelganger/right_arm"},{"predicate":{"custom_model_data":309},"model":"modelengine:gp2_goblin_warrior/loincloth"},{"predicate":{"custom_model_data":310},"model":"modelengine:gp2_goblin_warrior/torso"},{"predicate":{"custom_model_data":311},"model":"modelengine:gp2_goblin_warrior/left_leg"},{"predicate":{"custom_model_data":312},"model":"modelengine:gp2_goblin_warrior/left_shin"},{"predicate":{"custom_model_data":313},"model":"modelengine:gp2_goblin_warrior/left_foot"},{"predicate":{"custom_model_data":314},"model":"modelengine:gp2_goblin_warrior/right_leg"},{"predicate":{"custom_model_data":315},"model":"modelengine:gp2_goblin_warrior/right_shin"},{"predicate":{"custom_model_data":316},"model":"modelengine:gp2_goblin_warrior/right_foot"},{"predicate":{"custom_model_data":317},"model":"modelengine:gp2_goblin_warrior/head"},{"predicate":{"custom_model_data":318},"model":"modelengine:gp2_goblin_warrior/jaw"},{"predicate":{"custom_model_data":319},"model":"modelengine:gp2_goblin_warrior/left_ear"},{"predicate":{"custom_model_data":320},"model":"modelengine:gp2_goblin_warrior/right_ear"},{"predicate":{"custom_model_data":321},"model":"modelengine:gp2_goblin_warrior/left_forearm"},{"predicate":{"custom_model_data":322},"model":"modelengine:gp2_goblin_warrior/left_weapon"},{"predicate":{"custom_model_data":323},"model":"modelengine:gp2_goblin_warrior/left_arm"},{"predicate":{"custom_model_data":324},"model":"modelengine:gp2_goblin_warrior/right_forearm"},{"predicate":{"custom_model_data":325},"model":"modelengine:gp2_goblin_warrior/right_weapon"},{"predicate":{"custom_model_data":326},"model":"modelengine:gp2_goblin_warrior/bow_handle"},{"predicate":{"custom_model_data":327},"model":"modelengine:gp2_goblin_warrior/bow_t_3"},{"predicate":{"custom_model_data":328},"model":"modelengine:gp2_goblin_warrior/bow_t_4"},{"predicate":{"custom_model_data":329},"model":"modelengine:gp2_goblin_warrior/bow_t_string2"},{"predicate":{"custom_model_data":330},"model":"modelengine:gp2_goblin_warrior/bow_t_1"},{"predicate":{"custom_model_data":331},"model":"modelengine:gp2_goblin_warrior/bow_t_2"},{"predicate":{"custom_model_data":332},"model":"modelengine:gp2_goblin_warrior/bow_t_string"},{"predicate":{"custom_model_data":333},"model":"modelengine:gp2_goblin_warrior/right_arm"},{"predicate":{"custom_model_data":334},"model":"modelengine:knight_fox/body"},{"predicate":{"custom_model_data":335},"model":"modelengine:knight_fox/right_shoulder"},{"predicate":{"custom_model_data":336},"model":"modelengine:knight_fox/left_leg"},{"predicate":{"custom_model_data":337},"model":"modelengine:knight_fox/left_foot"},{"predicate":{"custom_model_data":338},"model":"modelengine:knight_fox/right_leg"},{"predicate":{"custom_model_data":339},"model":"modelengine:knight_fox/right_foot"},{"predicate":{"custom_model_data":340},"model":"modelengine:knight_fox/tail"},{"predicate":{"custom_model_data":341},"model":"modelengine:knight_fox/head"},{"predicate":{"custom_model_data":342},"model":"modelengine:knight_fox/right_arm"},{"predicate":{"custom_model_data":343},"model":"modelengine:knight_fox/right_hand"},{"predicate":{"custom_model_data":344},"model":"modelengine:knight_fox/sword"},{"predicate":{"custom_model_data":345},"model":"modelengine:knight_fox/left_arm"},{"predicate":{"custom_model_data":346},"model":"modelengine:knight_fox/left_hand"},{"predicate":{"custom_model_data":347},"model":"modelengine:knight_fox/cape1"},{"predicate":{"custom_model_data":348},"model":"modelengine:knight_fox/cape2"},{"predicate":{"custom_model_data":349},"model":"modelengine:knight_fox/cape3"},{"predicate":{"custom_model_data":350},"model":"modelengine:kur/kur_body"},{"predicate":{"custom_model_data":351},"model":"modelengine:kur/kur_rightleg"},{"predicate":{"custom_model_data":352},"model":"modelengine:kur/kur_rightfoot"},{"predicate":{"custom_model_data":353},"model":"modelengine:kur/kur_rightarm"},{"predicate":{"custom_model_data":354},"model":"modelengine:kur/kur_righthand"},{"predicate":{"custom_model_data":355},"model":"modelengine:kur/kur_righthandhand"},{"predicate":{"custom_model_data":356},"model":"modelengine:kur/kurhead"},{"predicate":{"custom_model_data":357},"model":"modelengine:kur/flag1"},{"predicate":{"custom_model_data":358},"model":"modelengine:kur/flag2"},{"predicate":{"custom_model_data":359},"model":"modelengine:kur/kur_leftleg"},{"predicate":{"custom_model_data":360},"model":"modelengine:kur/kur_leftfoot"},{"predicate":{"custom_model_data":361},"model":"modelengine:kur/kur_leftarm"},{"predicate":{"custom_model_data":362},"model":"modelengine:kur/kur_lefthand"},{"predicate":{"custom_model_data":363},"model":"modelengine:kur_parts/kur_righthandhand"},{"predicate":{"custom_model_data":364},"model":"modelengine:kur_rot/kur_body"},{"predicate":{"custom_model_data":365},"model":"modelengine:kur_rot/kur_rightleg"},{"predicate":{"custom_model_data":366},"model":"modelengine:kur_rot/kur_rightfoot"},{"predicate":{"custom_model_data":367},"model":"modelengine:kur_rot/kur_rightarm"},{"predicate":{"custom_model_data":368},"model":"modelengine:kur_rot/kur_righthand"},{"predicate":{"custom_model_data":369},"model":"modelengine:kur_rot/kurhead"},{"predicate":{"custom_model_data":370},"model":"modelengine:kur_rot/flag1"},{"predicate":{"custom_model_data":371},"model":"modelengine:kur_rot/flag2"},{"predicate":{"custom_model_data":372},"model":"modelengine:kur_rot/kur_leftleg"},{"predicate":{"custom_model_data":373},"model":"modelengine:kur_rot/kur_leftfoot"},{"predicate":{"custom_model_data":374},"model":"modelengine:kur_rot/kur_leftarm"},{"predicate":{"custom_model_data":375},"model":"modelengine:kur_rot/kur_lefthand"},{"predicate":{"custom_model_data":376},"model":"modelengine:kur_rot/body"},{"predicate":{"custom_model_data":377},"model":"modelengine:kur_rot/head"},{"predicate":{"custom_model_data":378},"model":"modelengine:kur_rot/jaw"},{"predicate":{"custom_model_data":379},"model":"modelengine:kur_rot/front_left_leg"},{"predicate":{"custom_model_data":380},"model":"modelengine:kur_rot/front_left_shin"},{"predicate":{"custom_model_data":381},"model":"modelengine:kur_rot/front_left_foot"},{"predicate":{"custom_model_data":382},"model":"modelengine:kur_rot/front_right_leg"},{"predicate":{"custom_model_data":383},"model":"modelengine:kur_rot/front_right_shin"},{"predicate":{"custom_model_data":384},"model":"modelengine:kur_rot/front_right_foot"},{"predicate":{"custom_model_data":385},"model":"modelengine:kur_rot/back_left_leg"},{"predicate":{"custom_model_data":386},"model":"modelengine:kur_rot/back_left_shin"},{"predicate":{"custom_model_data":387},"model":"modelengine:kur_rot/back_left_foot"},{"predicate":{"custom_model_data":388},"model":"modelengine:kur_rot/back_right_leg"},{"predicate":{"custom_model_data":389},"model":"modelengine:kur_rot/back_right_shin"},{"predicate":{"custom_model_data":390},"model":"modelengine:kur_rot/back_right_foot"},{"predicate":{"custom_model_data":391},"model":"modelengine:kur_rot/tail2"},{"predicate":{"custom_model_data":392},"model":"modelengine:kur_rot/tail1"},{"predicate":{"custom_model_data":393},"model":"modelengine:kurrot_groundbreak/shard9"},{"predicate":{"custom_model_data":394},"model":"modelengine:kurrot_groundbreak/shard8"},{"predicate":{"custom_model_data":395},"model":"modelengine:kurrot_groundbreak/shard7"},{"predicate":{"custom_model_data":396},"model":"modelengine:kurrot_groundbreak/shard6"},{"predicate":{"custom_model_data":397},"model":"modelengine:kurrot_groundbreak/shard5"},{"predicate":{"custom_model_data":398},"model":"modelengine:kurrot_groundbreak/shard4"},{"predicate":{"custom_model_data":399},"model":"modelengine:kurrot_groundbreak/shard3"},{"predicate":{"custom_model_data":400},"model":"modelengine:kurrot_groundbreak/shard2"},{"predicate":{"custom_model_data":401},"model":"modelengine:kurrot_groundbreak/shard1"},{"predicate":{"custom_model_data":402},"model":"modelengine:kurrot_groundrocks/base"},{"predicate":{"custom_model_data":403},"model":"modelengine:lr_gryffin/body"},{"predicate":{"custom_model_data":404},"model":"modelengine:lr_gryffin/tail1"},{"predicate":{"custom_model_data":405},"model":"modelengine:lr_gryffin/tail2"},{"predicate":{"custom_model_data":406},"model":"modelengine:lr_gryffin/tail3"},{"predicate":{"custom_model_data":407},"model":"modelengine:lr_gryffin/neck"},{"predicate":{"custom_model_data":408},"model":"modelengine:lr_gryffin/head"},{"predicate":{"custom_model_data":409},"model":"modelengine:lr_gryffin/jaw"},{"predicate":{"custom_model_data":410},"model":"modelengine:lr_gryffin/left_front_leg"},{"predicate":{"custom_model_data":411},"model":"modelengine:lr_gryffin/left_front_shin"},{"predicate":{"custom_model_data":412},"model":"modelengine:lr_gryffin/left_front_toes"},{"predicate":{"custom_model_data":413},"model":"modelengine:lr_gryffin/right_front_leg"},{"predicate":{"custom_model_data":414},"model":"modelengine:lr_gryffin/right_front_shin"},{"predicate":{"custom_model_data":415},"model":"modelengine:lr_gryffin/right_front_toes"},{"predicate":{"custom_model_data":416},"model":"modelengine:lr_gryffin/left_back_leg"},{"predicate":{"custom_model_data":417},"model":"modelengine:lr_gryffin/left_back_shin"},{"predicate":{"custom_model_data":418},"model":"modelengine:lr_gryffin/left_back_foot"},{"predicate":{"custom_model_data":419},"model":"modelengine:lr_gryffin/right_back_leg"},{"predicate":{"custom_model_data":420},"model":"modelengine:lr_gryffin/right_back_shin"},{"predicate":{"custom_model_data":421},"model":"modelengine:lr_gryffin/right_back_foot"},{"predicate":{"custom_model_data":422},"model":"modelengine:lr_gryffin/left_wing"},{"predicate":{"custom_model_data":423},"model":"modelengine:lr_gryffin/left_wing2"},{"predicate":{"custom_model_data":424},"model":"modelengine:lr_gryffin/right_wing"},{"predicate":{"custom_model_data":425},"model":"modelengine:lr_gryffin/right_wing2"},{"predicate":{"custom_model_data":426},"model":"modelengine:lr_gryffin_corvid/body"},{"predicate":{"custom_model_data":427},"model":"modelengine:lr_gryffin_corvid/tail1"},{"predicate":{"custom_model_data":428},"model":"modelengine:lr_gryffin_corvid/tail2"},{"predicate":{"custom_model_data":429},"model":"modelengine:lr_gryffin_corvid/tail3"},{"predicate":{"custom_model_data":430},"model":"modelengine:lr_gryffin_corvid/neck"},{"predicate":{"custom_model_data":431},"model":"modelengine:lr_gryffin_corvid/head"},{"predicate":{"custom_model_data":432},"model":"modelengine:lr_gryffin_corvid/jaw"},{"predicate":{"custom_model_data":433},"model":"modelengine:lr_gryffin_corvid/left_front_leg"},{"predicate":{"custom_model_data":434},"model":"modelengine:lr_gryffin_corvid/left_front_shin"},{"predicate":{"custom_model_data":435},"model":"modelengine:lr_gryffin_corvid/left_front_toes"},{"predicate":{"custom_model_data":436},"model":"modelengine:lr_gryffin_corvid/right_front_leg"},{"predicate":{"custom_model_data":437},"model":"modelengine:lr_gryffin_corvid/right_front_shin"},{"predicate":{"custom_model_data":438},"model":"modelengine:lr_gryffin_corvid/right_front_toes"},{"predicate":{"custom_model_data":439},"model":"modelengine:lr_gryffin_corvid/left_back_leg"},{"predicate":{"custom_model_data":440},"model":"modelengine:lr_gryffin_corvid/left_back_shin"},{"predicate":{"custom_model_data":441},"model":"modelengine:lr_gryffin_corvid/left_back_foot"},{"predicate":{"custom_model_data":442},"model":"modelengine:lr_gryffin_corvid/right_back_leg"},{"predicate":{"custom_model_data":443},"model":"modelengine:lr_gryffin_corvid/right_back_shin"},{"predicate":{"custom_model_data":444},"model":"modelengine:lr_gryffin_corvid/right_back_foot"},{"predicate":{"custom_model_data":445},"model":"modelengine:lr_gryffin_corvid/left_wing"},{"predicate":{"custom_model_data":446},"model":"modelengine:lr_gryffin_corvid/left_wing2"},{"predicate":{"custom_model_data":447},"model":"modelengine:lr_gryffin_corvid/right_wing"},{"predicate":{"custom_model_data":448},"model":"modelengine:lr_gryffin_corvid/right_wing2"},{"predicate":{"custom_model_data":449},"model":"modelengine:lr_gryffin_feather/feather"},{"predicate":{"custom_model_data":450},"model":"modelengine:lr_gryffin_nest/egg"},{"predicate":{"custom_model_data":451},"model":"modelengine:lr_gryffin_nest/nest"},{"predicate":{"custom_model_data":452},"model":"modelengine:lr_gryffin_whirlwind/1"},{"predicate":{"custom_model_data":453},"model":"modelengine:lr_gryffin_whirlwind/2"},{"predicate":{"custom_model_data":454},"model":"modelengine:lr_gryffin_whirlwind/3"},{"predicate":{"custom_model_data":455},"model":"modelengine:lr_gryffin_whirlwind/4"},{"predicate":{"custom_model_data":456},"model":"modelengine:lr_healthbar/1"},{"predicate":{"custom_model_data":457},"model":"modelengine:lr_healthbar/2"},{"predicate":{"custom_model_data":458},"model":"modelengine:lr_healthbar/3"},{"predicate":{"custom_model_data":459},"model":"modelengine:lr_healthbar/4"},{"predicate":{"custom_model_data":460},"model":"modelengine:lr_healthbar/5"},{"predicate":{"custom_model_data":461},"model":"modelengine:lr_healthbar/6"},{"predicate":{"custom_model_data":462},"model":"modelengine:lr_healthbar/7"},{"predicate":{"custom_model_data":463},"model":"modelengine:lr_healthbar/8"},{"predicate":{"custom_model_data":464},"model":"modelengine:lr_healthbar/9"},{"predicate":{"custom_model_data":465},"model":"modelengine:lr_healthbar/10"},{"predicate":{"custom_model_data":466},"model":"modelengine:lr_healthbar/11"},{"predicate":{"custom_model_data":467},"model":"modelengine:lr_healthbar/12"},{"predicate":{"custom_model_data":468},"model":"modelengine:lr_healthbar/13"},{"predicate":{"custom_model_data":469},"model":"modelengine:lr_healthbar/14"},{"predicate":{"custom_model_data":470},"model":"modelengine:lr_healthbar/15"},{"predicate":{"custom_model_data":471},"model":"modelengine:lr_healthbar/16"},{"predicate":{"custom_model_data":472},"model":"modelengine:lr_healthbar/17"},{"predicate":{"custom_model_data":473},"model":"modelengine:lr_healthbar/18"},{"predicate":{"custom_model_data":474},"model":"modelengine:lr_healthbar/19"},{"predicate":{"custom_model_data":475},"model":"modelengine:lr_healthbar/20"},{"predicate":{"custom_model_data":476},"model":"modelengine:lrd_yukio/pelvis"},{"predicate":{"custom_model_data":477},"model":"modelengine:lrd_yukio/torso"},{"predicate":{"custom_model_data":478},"model":"modelengine:lrd_yukio/left_wing"},{"predicate":{"custom_model_data":479},"model":"modelengine:lrd_yukio/left_wing_2"},{"predicate":{"custom_model_data":480},"model":"modelengine:lrd_yukio/left_wing_3"},{"predicate":{"custom_model_data":481},"model":"modelengine:lrd_yukio/right_wing"},{"predicate":{"custom_model_data":482},"model":"modelengine:lrd_yukio/right_wing_2"},{"predicate":{"custom_model_data":483},"model":"modelengine:lrd_yukio/right_wing_3"},{"predicate":{"custom_model_data":484},"model":"modelengine:lrd_yukio/neck2"},{"predicate":{"custom_model_data":485},"model":"modelengine:lrd_yukio/hi_neck1"},{"predicate":{"custom_model_data":486},"model":"modelengine:lrd_yukio/head"},{"predicate":{"custom_model_data":487},"model":"modelengine:lrd_yukio/jaw"},{"predicate":{"custom_model_data":488},"model":"modelengine:lrd_yukio/left_arm"},{"predicate":{"custom_model_data":489},"model":"modelengine:lrd_yukio/left_forearm"},{"predicate":{"custom_model_data":490},"model":"modelengine:lrd_yukio/left_hand"},{"predicate":{"custom_model_data":491},"model":"modelengine:lrd_yukio/left_hand_finger_1"},{"predicate":{"custom_model_data":492},"model":"modelengine:lrd_yukio/left_hand_finger_2"},{"predicate":{"custom_model_data":493},"model":"modelengine:lrd_yukio/left_hand_finger_3"},{"predicate":{"custom_model_data":494},"model":"modelengine:lrd_yukio/right_arm"},{"predicate":{"custom_model_data":495},"model":"modelengine:lrd_yukio/right_forearm"},{"predicate":{"custom_model_data":496},"model":"modelengine:lrd_yukio/right_hand"},{"predicate":{"custom_model_data":497},"model":"modelengine:lrd_yukio/right_hand_finger_1"},{"predicate":{"custom_model_data":498},"model":"modelengine:lrd_yukio/right_hand_finger_2"},{"predicate":{"custom_model_data":499},"model":"modelengine:lrd_yukio/right_hand_finger_3"},{"predicate":{"custom_model_data":500},"model":"modelengine:lrd_yukio/tail_1"},{"predicate":{"custom_model_data":501},"model":"modelengine:lrd_yukio/tail_2"},{"predicate":{"custom_model_data":502},"model":"modelengine:lrd_yukio/tail_3"},{"predicate":{"custom_model_data":503},"model":"modelengine:lrd_yukio/tail_4"},{"predicate":{"custom_model_data":504},"model":"modelengine:lrd_yukio/left_shin"},{"predicate":{"custom_model_data":505},"model":"modelengine:lrd_yukio/left_shin2"},{"predicate":{"custom_model_data":506},"model":"modelengine:lrd_yukio/left_hand2"},{"predicate":{"custom_model_data":507},"model":"modelengine:lrd_yukio/left_hand_finger_4"},{"predicate":{"custom_model_data":508},"model":"modelengine:lrd_yukio/left_hand_finger_5"},{"predicate":{"custom_model_data":509},"model":"modelengine:lrd_yukio/left_hand_finger_6"},{"predicate":{"custom_model_data":510},"model":"modelengine:lrd_yukio/left_leg"},{"predicate":{"custom_model_data":511},"model":"modelengine:lrd_yukio/right_shin"},{"predicate":{"custom_model_data":512},"model":"modelengine:lrd_yukio/right_shin2"},{"predicate":{"custom_model_data":513},"model":"modelengine:lrd_yukio/right_hand2"},{"predicate":{"custom_model_data":514},"model":"modelengine:lrd_yukio/right_hand_finger_4"},{"predicate":{"custom_model_data":515},"model":"modelengine:lrd_yukio/right_hand_finger_5"},{"predicate":{"custom_model_data":516},"model":"modelengine:lrd_yukio/right_hand_finger_6"},{"predicate":{"custom_model_data":517},"model":"modelengine:lrd_yukio/right_leg"},{"predicate":{"custom_model_data":518},"model":"modelengine:lrd_yukio/breathtarget"},{"predicate":{"custom_model_data":519},"model":"modelengine:lrd_yukio_damage/pelvis"},{"predicate":{"custom_model_data":520},"model":"modelengine:lrd_yukio_damage/torso"},{"predicate":{"custom_model_data":521},"model":"modelengine:lrd_yukio_damage/left_wing"},{"predicate":{"custom_model_data":522},"model":"modelengine:lrd_yukio_damage/left_wing_2"},{"predicate":{"custom_model_data":523},"model":"modelengine:lrd_yukio_damage/left_wing_3"},{"predicate":{"custom_model_data":524},"model":"modelengine:lrd_yukio_damage/right_wing"},{"predicate":{"custom_model_data":525},"model":"modelengine:lrd_yukio_damage/right_wing_2"},{"predicate":{"custom_model_data":526},"model":"modelengine:lrd_yukio_damage/right_wing_3"},{"predicate":{"custom_model_data":527},"model":"modelengine:lrd_yukio_damage/neck2"},{"predicate":{"custom_model_data":528},"model":"modelengine:lrd_yukio_damage/hi_neck1"},{"predicate":{"custom_model_data":529},"model":"modelengine:lrd_yukio_damage/head"},{"predicate":{"custom_model_data":530},"model":"modelengine:lrd_yukio_damage/jaw"},{"predicate":{"custom_model_data":531},"model":"modelengine:lrd_yukio_damage/left_arm"},{"predicate":{"custom_model_data":532},"model":"modelengine:lrd_yukio_damage/left_forearm"},{"predicate":{"custom_model_data":533},"model":"modelengine:lrd_yukio_damage/left_hand"},{"predicate":{"custom_model_data":534},"model":"modelengine:lrd_yukio_damage/left_hand_finger_1"},{"predicate":{"custom_model_data":535},"model":"modelengine:lrd_yukio_damage/left_hand_finger_2"},{"predicate":{"custom_model_data":536},"model":"modelengine:lrd_yukio_damage/left_hand_finger_3"},{"predicate":{"custom_model_data":537},"model":"modelengine:lrd_yukio_damage/right_arm"},{"predicate":{"custom_model_data":538},"model":"modelengine:lrd_yukio_damage/right_forearm"},{"predicate":{"custom_model_data":539},"model":"modelengine:lrd_yukio_damage/right_hand"},{"predicate":{"custom_model_data":540},"model":"modelengine:lrd_yukio_damage/right_hand_finger_1"},{"predicate":{"custom_model_data":541},"model":"modelengine:lrd_yukio_damage/right_hand_finger_2"},{"predicate":{"custom_model_data":542},"model":"modelengine:lrd_yukio_damage/right_hand_finger_3"},{"predicate":{"custom_model_data":543},"model":"modelengine:lrd_yukio_damage/tail_1"},{"predicate":{"custom_model_data":544},"model":"modelengine:lrd_yukio_damage/tail_2"},{"predicate":{"custom_model_data":545},"model":"modelengine:lrd_yukio_damage/tail_3"},{"predicate":{"custom_model_data":546},"model":"modelengine:lrd_yukio_damage/tail_4"},{"predicate":{"custom_model_data":547},"model":"modelengine:lrd_yukio_damage/left_shin"},{"predicate":{"custom_model_data":548},"model":"modelengine:lrd_yukio_damage/left_shin2"},{"predicate":{"custom_model_data":549},"model":"modelengine:lrd_yukio_damage/left_hand2"},{"predicate":{"custom_model_data":550},"model":"modelengine:lrd_yukio_damage/left_hand_finger_4"},{"predicate":{"custom_model_data":551},"model":"modelengine:lrd_yukio_damage/left_hand_finger_5"},{"predicate":{"custom_model_data":552},"model":"modelengine:lrd_yukio_damage/left_hand_finger_6"},{"predicate":{"custom_model_data":553},"model":"modelengine:lrd_yukio_damage/left_leg"},{"predicate":{"custom_model_data":554},"model":"modelengine:lrd_yukio_damage/right_shin"},{"predicate":{"custom_model_data":555},"model":"modelengine:lrd_yukio_damage/right_shin2"},{"predicate":{"custom_model_data":556},"model":"modelengine:lrd_yukio_damage/right_hand2"},{"predicate":{"custom_model_data":557},"model":"modelengine:lrd_yukio_damage/right_hand_finger_4"},{"predicate":{"custom_model_data":558},"model":"modelengine:lrd_yukio_damage/right_hand_finger_5"},{"predicate":{"custom_model_data":559},"model":"modelengine:lrd_yukio_damage/right_hand_finger_6"},{"predicate":{"custom_model_data":560},"model":"modelengine:lrd_yukio_damage/right_leg"},{"predicate":{"custom_model_data":561},"model":"modelengine:lrd_yukio_damage/breathtarget"},{"predicate":{"custom_model_data":562},"model":"modelengine:lrd_yukio_egg/egg"},{"predicate":{"custom_model_data":563},"model":"modelengine:lrd_yukio_egg/yukio_egg"},{"predicate":{"custom_model_data":564},"model":"modelengine:lrd_yukio_falling_ice/piece_2"},{"predicate":{"custom_model_data":565},"model":"modelengine:lrd_yukio_falling_ice/piece_1"},{"predicate":{"custom_model_data":566},"model":"modelengine:lrd_yukio_iceshards/shard1"},{"predicate":{"custom_model_data":567},"model":"modelengine:lrd_yukio_iceshards/shard3"},{"predicate":{"custom_model_data":568},"model":"modelengine:lrd_yukio_iceshards/shard2"},{"predicate":{"custom_model_data":569},"model":"modelengine:lrd_yukio_iceshards/shard4"},{"predicate":{"custom_model_data":570},"model":"modelengine:lrd_yukio_iceshards/shardcluster"},{"predicate":{"custom_model_data":571},"model":"modelengine:magma_wyrm/head"},{"predicate":{"custom_model_data":572},"model":"modelengine:magma_wyrm/maw_left_1"},{"predicate":{"custom_model_data":573},"model":"modelengine:magma_wyrm/maw_left_2"},{"predicate":{"custom_model_data":574},"model":"modelengine:magma_wyrm/maw_right_1"},{"predicate":{"custom_model_data":575},"model":"modelengine:magma_wyrm/maw_right_2"},{"predicate":{"custom_model_data":576},"model":"modelengine:magma_wyrm/jaw"},{"predicate":{"custom_model_data":577},"model":"modelengine:magma_wyrm/jaw_stretch_left"},{"predicate":{"custom_model_data":578},"model":"modelengine:magma_wyrm/jaw_stretch_right"},{"predicate":{"custom_model_data":579},"model":"modelengine:magma_wyrm/body_1"},{"predicate":{"custom_model_data":580},"model":"modelengine:magma_wyrm/body_2"},{"predicate":{"custom_model_data":581},"model":"modelengine:magma_wyrm/body_3"},{"predicate":{"custom_model_data":582},"model":"modelengine:magma_wyrm/body_4"},{"predicate":{"custom_model_data":583},"model":"modelengine:magma_wyrm/body_5"},{"predicate":{"custom_model_data":584},"model":"modelengine:magma_wyrm/body_6"},{"predicate":{"custom_model_data":585},"model":"modelengine:magma_wyrm/body_7"},{"predicate":{"custom_model_data":586},"model":"modelengine:magma_wyrm/body_8"},{"predicate":{"custom_model_data":587},"model":"modelengine:magma_wyrm/body_9"},{"predicate":{"custom_model_data":588},"model":"modelengine:magma_wyrm/body_10"},{"predicate":{"custom_model_data":589},"model":"modelengine:magma_wyrm/body_11"},{"predicate":{"custom_model_data":590},"model":"modelengine:magma_wyrm/body_12"},{"predicate":{"custom_model_data":591},"model":"modelengine:magma_wyrm/neck3"},{"predicate":{"custom_model_data":592},"model":"modelengine:magma_wyrm_damaged/head"},{"predicate":{"custom_model_data":593},"model":"modelengine:magma_wyrm_damaged/maw_left_1"},{"predicate":{"custom_model_data":594},"model":"modelengine:magma_wyrm_damaged/maw_left_2"},{"predicate":{"custom_model_data":595},"model":"modelengine:magma_wyrm_damaged/maw_right_1"},{"predicate":{"custom_model_data":596},"model":"modelengine:magma_wyrm_damaged/maw_right_2"},{"predicate":{"custom_model_data":597},"model":"modelengine:magma_wyrm_damaged/jaw"},{"predicate":{"custom_model_data":598},"model":"modelengine:magma_wyrm_damaged/jaw_stretch_left"},{"predicate":{"custom_model_data":599},"model":"modelengine:magma_wyrm_damaged/jaw_stretch_right"},{"predicate":{"custom_model_data":600},"model":"modelengine:magma_wyrm_damaged/body_1"},{"predicate":{"custom_model_data":601},"model":"modelengine:magma_wyrm_damaged/body_2"},{"predicate":{"custom_model_data":602},"model":"modelengine:magma_wyrm_damaged/body_3"},{"predicate":{"custom_model_data":603},"model":"modelengine:magma_wyrm_damaged/body_4"},{"predicate":{"custom_model_data":604},"model":"modelengine:magma_wyrm_damaged/body_5"},{"predicate":{"custom_model_data":605},"model":"modelengine:magma_wyrm_damaged/body_6"},{"predicate":{"custom_model_data":606},"model":"modelengine:magma_wyrm_damaged/body_7"},{"predicate":{"custom_model_data":607},"model":"modelengine:magma_wyrm_damaged/body_8"},{"predicate":{"custom_model_data":608},"model":"modelengine:magma_wyrm_damaged/body_9"},{"predicate":{"custom_model_data":609},"model":"modelengine:magma_wyrm_damaged/body_10"},{"predicate":{"custom_model_data":610},"model":"modelengine:magma_wyrm_damaged/body_11"},{"predicate":{"custom_model_data":611},"model":"modelengine:magma_wyrm_damaged/body_12"},{"predicate":{"custom_model_data":612},"model":"modelengine:magma_wyrm_damaged/neck3"},{"predicate":{"custom_model_data":613},"model":"modelengine:magma_wyrm_damaged/right_lava_splash"},{"predicate":{"custom_model_data":614},"model":"modelengine:magma_wyrm_damaged/left_lava_splash"},{"predicate":{"custom_model_data":615},"model":"modelengine:parry_knight/body"},{"predicate":{"custom_model_data":616},"model":"modelengine:parry_knight/head"},{"predicate":{"custom_model_data":617},"model":"modelengine:parry_knight/right_leg"},{"predicate":{"custom_model_data":618},"model":"modelengine:parry_knight/right_foot"},{"predicate":{"custom_model_data":619},"model":"modelengine:parry_knight/left_leg"},{"predicate":{"custom_model_data":620},"model":"modelengine:parry_knight/left_foot"},{"predicate":{"custom_model_data":621},"model":"modelengine:parry_knight/right_pauldron"},{"predicate":{"custom_model_data":622},"model":"modelengine:parry_knight/right_arm"},{"predicate":{"custom_model_data":623},"model":"modelengine:parry_knight/right_hand"},{"predicate":{"custom_model_data":624},"model":"modelengine:parry_knight/right_forearm"},{"predicate":{"custom_model_data":625},"model":"modelengine:parry_knight/left_pauldron"},{"predicate":{"custom_model_data":626},"model":"modelengine:parry_knight/left_arm"},{"predicate":{"custom_model_data":627},"model":"modelengine:parry_knight/left_hand"},{"predicate":{"custom_model_data":628},"model":"modelengine:parry_knight/left_forearm"},{"predicate":{"custom_model_data":629},"model":"modelengine:parry_knight_dmg/body"},{"predicate":{"custom_model_data":630},"model":"modelengine:parry_knight_dmg/head"},{"predicate":{"custom_model_data":631},"model":"modelengine:parry_knight_dmg/right_leg"},{"predicate":{"custom_model_data":632},"model":"modelengine:parry_knight_dmg/right_foot"},{"predicate":{"custom_model_data":633},"model":"modelengine:parry_knight_dmg/left_leg"},{"predicate":{"custom_model_data":634},"model":"modelengine:parry_knight_dmg/left_foot"},{"predicate":{"custom_model_data":635},"model":"modelengine:parry_knight_dmg/right_pauldron"},{"predicate":{"custom_model_data":636},"model":"modelengine:parry_knight_dmg/right_arm"},{"predicate":{"custom_model_data":637},"model":"modelengine:parry_knight_dmg/right_hand"},{"predicate":{"custom_model_data":638},"model":"modelengine:parry_knight_dmg/right_forearm"},{"predicate":{"custom_model_data":639},"model":"modelengine:parry_knight_dmg/left_pauldron"},{"predicate":{"custom_model_data":640},"model":"modelengine:parry_knight_dmg/left_arm"},{"predicate":{"custom_model_data":641},"model":"modelengine:parry_knight_dmg/left_hand"},{"predicate":{"custom_model_data":642},"model":"modelengine:parry_knight_dmg/left_forearm"},{"predicate":{"custom_model_data":643},"model":"modelengine:parry_knight_dmg/hp_bar"},{"predicate":{"custom_model_data":644},"model":"modelengine:rot_pet/body"},{"predicate":{"custom_model_data":645},"model":"modelengine:rot_pet/head"},{"predicate":{"custom_model_data":646},"model":"modelengine:rot_pet/jaw"},{"predicate":{"custom_model_data":647},"model":"modelengine:rot_pet/front_left_leg"},{"predicate":{"custom_model_data":648},"model":"modelengine:rot_pet/front_left_shin"},{"predicate":{"custom_model_data":649},"model":"modelengine:rot_pet/front_left_foot"},{"predicate":{"custom_model_data":650},"model":"modelengine:rot_pet/front_right_leg"},{"predicate":{"custom_model_data":651},"model":"modelengine:rot_pet/front_right_shin"},{"predicate":{"custom_model_data":652},"model":"modelengine:rot_pet/front_right_foot"},{"predicate":{"custom_model_data":653},"model":"modelengine:rot_pet/back_left_leg"},{"predicate":{"custom_model_data":654},"model":"modelengine:rot_pet/back_left_shin"},{"predicate":{"custom_model_data":655},"model":"modelengine:rot_pet/back_left_foot"},{"predicate":{"custom_model_data":656},"model":"modelengine:rot_pet/back_right_leg"},{"predicate":{"custom_model_data":657},"model":"modelengine:rot_pet/back_right_shin"},{"predicate":{"custom_model_data":658},"model":"modelengine:rot_pet/back_right_foot"},{"predicate":{"custom_model_data":659},"model":"modelengine:rot_pet/tail2"},{"predicate":{"custom_model_data":660},"model":"modelengine:rot_pet/tail1"},{"predicate":{"custom_model_data":661},"model":"modelengine:voras/thorax"},{"predicate":{"custom_model_data":662},"model":"modelengine:voras/abdomen"},{"predicate":{"custom_model_data":663},"model":"modelengine:voras/lantern"},{"predicate":{"custom_model_data":664},"model":"modelengine:voras/head"},{"predicate":{"custom_model_data":665},"model":"modelengine:voras/fang"},{"predicate":{"custom_model_data":666},"model":"modelengine:voras/fang2"},{"predicate":{"custom_model_data":667},"model":"modelengine:voras/pedipalp"},{"predicate":{"custom_model_data":668},"model":"modelengine:voras/pedipalp2"},{"predicate":{"custom_model_data":669},"model":"modelengine:voras/pedipalp3"},{"predicate":{"custom_model_data":670},"model":"modelengine:voras/pedipalp4"},{"predicate":{"custom_model_data":671},"model":"modelengine:voras/pedipalp5"},{"predicate":{"custom_model_data":672},"model":"modelengine:voras/pedipalp6"},{"predicate":{"custom_model_data":673},"model":"modelengine:voras/leg1"},{"predicate":{"custom_model_data":674},"model":"modelengine:voras/leg2"},{"predicate":{"custom_model_data":675},"model":"modelengine:voras/leg3"},{"predicate":{"custom_model_data":676},"model":"modelengine:voras/leg13"},{"predicate":{"custom_model_data":677},"model":"modelengine:voras/leg14"},{"predicate":{"custom_model_data":678},"model":"modelengine:voras/leg15"},{"predicate":{"custom_model_data":679},"model":"modelengine:voras/leg4"},{"predicate":{"custom_model_data":680},"model":"modelengine:voras/leg5"},{"predicate":{"custom_model_data":681},"model":"modelengine:voras/leg6"},{"predicate":{"custom_model_data":682},"model":"modelengine:voras/leg16"},{"predicate":{"custom_model_data":683},"model":"modelengine:voras/leg17"},{"predicate":{"custom_model_data":684},"model":"modelengine:voras/leg18"},{"predicate":{"custom_model_data":685},"model":"modelengine:voras/leg7"},{"predicate":{"custom_model_data":686},"model":"modelengine:voras/leg8"},{"predicate":{"custom_model_data":687},"model":"modelengine:voras/leg9"},{"predicate":{"custom_model_data":688},"model":"modelengine:voras/leg19"},{"predicate":{"custom_model_data":689},"model":"modelengine:voras/leg20"},{"predicate":{"custom_model_data":690},"model":"modelengine:voras/leg21"},{"predicate":{"custom_model_data":691},"model":"modelengine:voras/leg10"},{"predicate":{"custom_model_data":692},"model":"modelengine:voras/leg11"},{"predicate":{"custom_model_data":693},"model":"modelengine:voras/leg12"},{"predicate":{"custom_model_data":694},"model":"modelengine:voras/leg22"},{"predicate":{"custom_model_data":695},"model":"modelengine:voras/leg23"},{"predicate":{"custom_model_data":696},"model":"modelengine:voras/leg24"},{"predicate":{"custom_model_data":697},"model":"modelengine:voras_baby/body"},{"predicate":{"custom_model_data":698},"model":"modelengine:voras_baby/leg"},{"predicate":{"custom_model_data":699},"model":"modelengine:voras_baby/leg2"},{"predicate":{"custom_model_data":700},"model":"modelengine:voras_crate/base"},{"predicate":{"custom_model_data":701},"model":"modelengine:voras_crate/lid"},{"predicate":{"custom_model_data":702},"model":"modelengine:voras_eggsac/base"},{"predicate":{"custom_model_data":703},"model":"modelengine:voras_eggsac/egg"},{"predicate":{"custom_model_data":704},"model":"modelengine:voras_leg/leg2"},{"predicate":{"custom_model_data":705},"model":"modelengine:voras_leg/leg3"},{"predicate":{"custom_model_data":706},"model":"modelengine:voras_parts/leg_broken_right"},{"predicate":{"custom_model_data":707},"model":"modelengine:voras_parts/head"},{"predicate":{"custom_model_data":708},"model":"modelengine:voras_parts/pedipalp"},{"predicate":{"custom_model_data":709},"model":"modelengine:voras_parts/leg_broken_left"},{"predicate":{"custom_model_data":710},"model":"modelengine:voras_pet/body"},{"predicate":{"custom_model_data":711},"model":"modelengine:voras_pet/leg1"},{"predicate":{"custom_model_data":712},"model":"modelengine:voras_pet/leg1_2"},{"predicate":{"custom_model_data":713},"model":"modelengine:voras_pet/leg5"},{"predicate":{"custom_model_data":714},"model":"modelengine:voras_pet/leg1_6"},{"predicate":{"custom_model_data":715},"model":"modelengine:voras_pet/leg2"},{"predicate":{"custom_model_data":716},"model":"modelengine:voras_pet/leg1_3"},{"predicate":{"custom_model_data":717},"model":"modelengine:voras_pet/leg6"},{"predicate":{"custom_model_data":718},"model":"modelengine:voras_pet/leg1_7"},{"predicate":{"custom_model_data":719},"model":"modelengine:voras_pet/leg3"},{"predicate":{"custom_model_data":720},"model":"modelengine:voras_pet/leg1_4"},{"predicate":{"custom_model_data":721},"model":"modelengine:voras_pet/leg7"},{"predicate":{"custom_model_data":722},"model":"modelengine:voras_pet/leg1_8"},{"predicate":{"custom_model_data":723},"model":"modelengine:voras_pet/leg4"},{"predicate":{"custom_model_data":724},"model":"modelengine:voras_pet/leg1_5"},{"predicate":{"custom_model_data":725},"model":"modelengine:voras_pet/leg8"},{"predicate":{"custom_model_data":726},"model":"modelengine:voras_pet/leg1_9"},{"predicate":{"custom_model_data":727},"model":"modelengine:voras_pet/head"},{"predicate":{"custom_model_data":728},"model":"modelengine:voras_pet/fang"},{"predicate":{"custom_model_data":729},"model":"modelengine:voras_pet/fang2"},{"predicate":{"custom_model_data":730},"model":"modelengine:voras_pet/pedipalp"},{"predicate":{"custom_model_data":731},"model":"modelengine:voras_pet/pedipalp2"},{"predicate":{"custom_model_data":732},"model":"modelengine:voras_pet_red/body"},{"predicate":{"custom_model_data":733},"model":"modelengine:voras_pet_red/leg1"},{"predicate":{"custom_model_data":734},"model":"modelengine:voras_pet_red/leg1_2"},{"predicate":{"custom_model_data":735},"model":"modelengine:voras_pet_red/leg5"},{"predicate":{"custom_model_data":736},"model":"modelengine:voras_pet_red/leg1_6"},{"predicate":{"custom_model_data":737},"model":"modelengine:voras_pet_red/leg2"},{"predicate":{"custom_model_data":738},"model":"modelengine:voras_pet_red/leg1_3"},{"predicate":{"custom_model_data":739},"model":"modelengine:voras_pet_red/leg6"},{"predicate":{"custom_model_data":740},"model":"modelengine:voras_pet_red/leg1_7"},{"predicate":{"custom_model_data":741},"model":"modelengine:voras_pet_red/leg3"},{"predicate":{"custom_model_data":742},"model":"modelengine:voras_pet_red/leg1_4"},{"predicate":{"custom_model_data":743},"model":"modelengine:voras_pet_red/leg7"},{"predicate":{"custom_model_data":744},"model":"modelengine:voras_pet_red/leg1_8"},{"predicate":{"custom_model_data":745},"model":"modelengine:voras_pet_red/leg4"},{"predicate":{"custom_model_data":746},"model":"modelengine:voras_pet_red/leg1_5"},{"predicate":{"custom_model_data":747},"model":"modelengine:voras_pet_red/leg8"},{"predicate":{"custom_model_data":748},"model":"modelengine:voras_pet_red/leg1_9"},{"predicate":{"custom_model_data":749},"model":"modelengine:voras_pet_red/head"},{"predicate":{"custom_model_data":750},"model":"modelengine:voras_pet_red/fang"},{"predicate":{"custom_model_data":751},"model":"modelengine:voras_pet_red/fang2"},{"predicate":{"custom_model_data":752},"model":"modelengine:voras_pet_red/pedipalp"},{"predicate":{"custom_model_data":753},"model":"modelengine:voras_pet_red/pedipalp2"},{"predicate":{"custom_model_data":754},"model":"modelengine:voras_pet_teal/body"},{"predicate":{"custom_model_data":755},"model":"modelengine:voras_pet_teal/leg1"},{"predicate":{"custom_model_data":756},"model":"modelengine:voras_pet_teal/leg1_2"},{"predicate":{"custom_model_data":757},"model":"modelengine:voras_pet_teal/leg5"},{"predicate":{"custom_model_data":758},"model":"modelengine:voras_pet_teal/leg1_6"},{"predicate":{"custom_model_data":759},"model":"modelengine:voras_pet_teal/leg2"},{"predicate":{"custom_model_data":760},"model":"modelengine:voras_pet_teal/leg1_3"},{"predicate":{"custom_model_data":761},"model":"modelengine:voras_pet_teal/leg6"},{"predicate":{"custom_model_data":762},"model":"modelengine:voras_pet_teal/leg1_7"},{"predicate":{"custom_model_data":763},"model":"modelengine:voras_pet_teal/leg3"},{"predicate":{"custom_model_data":764},"model":"modelengine:voras_pet_teal/leg1_4"},{"predicate":{"custom_model_data":765},"model":"modelengine:voras_pet_teal/leg7"},{"predicate":{"custom_model_data":766},"model":"modelengine:voras_pet_teal/leg1_8"},{"predicate":{"custom_model_data":767},"model":"modelengine:voras_pet_teal/leg4"},{"predicate":{"custom_model_data":768},"model":"modelengine:voras_pet_teal/leg1_5"},{"predicate":{"custom_model_data":769},"model":"modelengine:voras_pet_teal/leg8"},{"predicate":{"custom_model_data":770},"model":"modelengine:voras_pet_teal/leg1_9"},{"predicate":{"custom_model_data":771},"model":"modelengine:voras_pet_teal/head"},{"predicate":{"custom_model_data":772},"model":"modelengine:voras_pet_teal/fang"},{"predicate":{"custom_model_data":773},"model":"modelengine:voras_pet_teal/fang2"},{"predicate":{"custom_model_data":774},"model":"modelengine:voras_pet_teal/pedipalp"},{"predicate":{"custom_model_data":775},"model":"modelengine:voras_pet_teal/pedipalp2"},{"predicate":{"custom_model_data":776},"model":"modelengine:voras_pet_white/body"},{"predicate":{"custom_model_data":777},"model":"modelengine:voras_pet_white/leg1"},{"predicate":{"custom_model_data":778},"model":"modelengine:voras_pet_white/leg1_2"},{"predicate":{"custom_model_data":779},"model":"modelengine:voras_pet_white/leg5"},{"predicate":{"custom_model_data":780},"model":"modelengine:voras_pet_white/leg1_6"},{"predicate":{"custom_model_data":781},"model":"modelengine:voras_pet_white/leg2"},{"predicate":{"custom_model_data":782},"model":"modelengine:voras_pet_white/leg1_3"},{"predicate":{"custom_model_data":783},"model":"modelengine:voras_pet_white/leg6"},{"predicate":{"custom_model_data":784},"model":"modelengine:voras_pet_white/leg1_7"},{"predicate":{"custom_model_data":785},"model":"modelengine:voras_pet_white/leg3"},{"predicate":{"custom_model_data":786},"model":"modelengine:voras_pet_white/leg1_4"},{"predicate":{"custom_model_data":787},"model":"modelengine:voras_pet_white/leg7"},{"predicate":{"custom_model_data":788},"model":"modelengine:voras_pet_white/leg1_8"},{"predicate":{"custom_model_data":789},"model":"modelengine:voras_pet_white/leg4"},{"predicate":{"custom_model_data":790},"model":"modelengine:voras_pet_white/leg1_5"},{"predicate":{"custom_model_data":791},"model":"modelengine:voras_pet_white/leg8"},{"predicate":{"custom_model_data":792},"model":"modelengine:voras_pet_white/leg1_9"},{"predicate":{"custom_model_data":793},"model":"modelengine:voras_pet_white/head"},{"predicate":{"custom_model_data":794},"model":"modelengine:voras_pet_white/fang"},{"predicate":{"custom_model_data":795},"model":"modelengine:voras_pet_white/fang2"},{"predicate":{"custom_model_data":796},"model":"modelengine:voras_pet_white/pedipalp"},{"predicate":{"custom_model_data":797},"model":"modelengine:voras_pet_white/pedipalp2"},{"predicate":{"custom_model_data":798},"model":"modelengine:voras_tombstone/base"},{"predicate":{"custom_model_data":799},"model":"modelengine:voras_web1/web"},{"predicate":{"custom_model_data":800},"model":"modelengine:voras_web_corpse/base"},{"predicate":{"custom_model_data":801},"model":"modelengine:wendigo/chest"},{"predicate":{"custom_model_data":802},"model":"modelengine:wendigo/neck"},{"predicate":{"custom_model_data":803},"model":"modelengine:wendigo/head"},{"predicate":{"custom_model_data":804},"model":"modelengine:wendigo/jaw"},{"predicate":{"custom_model_data":805},"model":"modelengine:wendigo/right_antler"},{"predicate":{"custom_model_data":806},"model":"modelengine:wendigo/left_antler"},{"predicate":{"custom_model_data":807},"model":"modelengine:wendigo/hair_long_6"},{"predicate":{"custom_model_data":808},"model":"modelengine:wendigo/hair_long_7"},{"predicate":{"custom_model_data":809},"model":"modelengine:wendigo/hair_long_8"},{"predicate":{"custom_model_data":810},"model":"modelengine:wendigo/hair_long_1"},{"predicate":{"custom_model_data":811},"model":"modelengine:wendigo/hair_long_2"},{"predicate":{"custom_model_data":812},"model":"modelengine:wendigo/hair_long_3"},{"predicate":{"custom_model_data":813},"model":"modelengine:wendigo/hair_long_4"},{"predicate":{"custom_model_data":814},"model":"modelengine:wendigo/hair_long_5"},{"predicate":{"custom_model_data":815},"model":"modelengine:wendigo/bone"},{"predicate":{"custom_model_data":816},"model":"modelengine:wendigo/hair_right_2"},{"predicate":{"custom_model_data":817},"model":"modelengine:wendigo/hair_left_2"},{"predicate":{"custom_model_data":818},"model":"modelengine:wendigo/hair_right_1"},{"predicate":{"custom_model_data":819},"model":"modelengine:wendigo/hair_left_1"},{"predicate":{"custom_model_data":820},"model":"modelengine:wendigo/left_bicep"},{"predicate":{"custom_model_data":821},"model":"modelengine:wendigo/left_forearm"},{"predicate":{"custom_model_data":822},"model":"modelengine:wendigo/left_hand"},{"predicate":{"custom_model_data":823},"model":"modelengine:wendigo/left_finger_1"},{"predicate":{"custom_model_data":824},"model":"modelengine:wendigo/left_finger_2"},{"predicate":{"custom_model_data":825},"model":"modelengine:wendigo/left_finger_3"},{"predicate":{"custom_model_data":826},"model":"modelengine:wendigo/left_thumb"},{"predicate":{"custom_model_data":827},"model":"modelengine:wendigo/right_bicep"},{"predicate":{"custom_model_data":828},"model":"modelengine:wendigo/right_forearm"},{"predicate":{"custom_model_data":829},"model":"modelengine:wendigo/right_hand"},{"predicate":{"custom_model_data":830},"model":"modelengine:wendigo/right_finger_1"},{"predicate":{"custom_model_data":831},"model":"modelengine:wendigo/right_finger_2"},{"predicate":{"custom_model_data":832},"model":"modelengine:wendigo/right_finger_3"},{"predicate":{"custom_model_data":833},"model":"modelengine:wendigo/right_thumb"},{"predicate":{"custom_model_data":834},"model":"modelengine:wendigo/torso"},{"predicate":{"custom_model_data":835},"model":"modelengine:wendigo/right_leg"},{"predicate":{"custom_model_data":836},"model":"modelengine:wendigo/right_leg_2"},{"predicate":{"custom_model_data":837},"model":"modelengine:wendigo/right_leg_3"},{"predicate":{"custom_model_data":838},"model":"modelengine:wendigo/left_leg"},{"predicate":{"custom_model_data":839},"model":"modelengine:wendigo/left_leg_2"},{"predicate":{"custom_model_data":840},"model":"modelengine:wendigo/left_leg_3"},{"predicate":{"custom_model_data":841},"model":"modelengine:wendigo/goo_1"},{"predicate":{"custom_model_data":842},"model":"modelengine:wendigo/goo_3"},{"predicate":{"custom_model_data":843},"model":"modelengine:wendigo/goo_2"},{"predicate":{"custom_model_data":844},"model":"modelengine:wendigo/goo_4"},{"predicate":{"custom_model_data":845},"model":"modelengine:wendigo/goo_5"},{"predicate":{"custom_model_data":846},"model":"modelengine:wendigo_cow/body"},{"predicate":{"custom_model_data":847},"model":"modelengine:wendigo_cow/leg1"},{"predicate":{"custom_model_data":848},"model":"modelengine:wendigo_cow/leg2"},{"predicate":{"custom_model_data":849},"model":"modelengine:wendigo_cow/leg3"},{"predicate":{"custom_model_data":850},"model":"modelengine:wendigo_cow/leg4"},{"predicate":{"custom_model_data":851},"model":"modelengine:wendigo_cow/head"},{"predicate":{"custom_model_data":852},"model":"modelengine:wendigo_cow/shadow"},{"predicate":{"custom_model_data":853},"model":"modelengine:wendigo_heart/aorta"},{"predicate":{"custom_model_data":854},"model":"modelengine:wendigo_heart/chamber_2"},{"predicate":{"custom_model_data":855},"model":"modelengine:wendigo_heart/chamber_1"}]}