{
	"credit": "Made with Blockbench",
	"texture_size": [128, 128],
	"textures": {
		"9": "modelengine:entity/gp2_goblin_king"
	},
	"elements": [
		{
			"from": [6.19996, 16.17057, 6.60439],
			"to": [9.19996, 20.97057, 9.60439],
			"rotation": {"angle": -45, "axis": "y", "origin": [7.99996, 18.57057, 8.40439]},
			"faces": {
				"north": {"uv": [8.4925, 10.3825, 7.8825, 11.3675], "rotation": 180, "texture": "#9"},
				"east": {"uv": [1.8825, 10.3825, 2.8675, 10.9925], "rotation": 270, "texture": "#9"},
				"south": {"uv": [7.8675, 11.3675, 7.2575, 10.3825], "texture": "#9"},
				"west": {"uv": [6.2575, 10.3825, 7.2425, 10.9925], "rotation": 90, "texture": "#9"},
				"up": {"uv": [9.2575, 11.5075, 9.8675, 12.1175], "rotation": 180, "texture": "#9"},
				"down": {"uv": [11.6325, 2.6325, 12.2425, 3.2425], "texture": "#9"}
			}
		},
		{
			"from": [6.19996, -6.02943, 6.60439],
			"to": [9.19996, -1.22943, 9.60439],
			"rotation": {"angle": -45, "axis": "y", "origin": [7.99996, -3.62943, 8.40439]},
			"faces": {
				"north": {"uv": [11.2425, 8.0075, 10.6325, 8.9925], "rotation": 180, "texture": "#9"},
				"east": {"uv": [10.6325, 4.5075, 11.6175, 5.1175], "rotation": 270, "texture": "#9"},
				"south": {"uv": [10.6325, 8.9925, 11.2425, 8.0075], "texture": "#9"},
				"west": {"uv": [10.6325, 5.1325, 11.6175, 5.7425], "rotation": 90, "texture": "#9"},
				"up": {"uv": [11.6325, 4.5075, 12.2425, 5.1175], "rotation": 180, "texture": "#9"},
				"down": {"uv": [11.6325, 5.1325, 12.2425, 5.7425], "texture": "#9"}
			}
		},
		{
			"from": [6.79996, -1.22943, 7.20439],
			"to": [8.59996, 16.17057, 9.00439],
			"rotation": {"angle": -45, "axis": "y", "origin": [7.99996, 18.57057, 8.40439]},
			"faces": {
				"north": {"uv": [0.3675, 6.8825, 0.0075, 10.4925], "rotation": 180, "texture": "#9"},
				"east": {"uv": [3.6175, 6.5075, 0.0075, 6.8675], "rotation": 270, "texture": "#9"},
				"south": {"uv": [7.1175, 9.4925, 6.7575, 5.8825], "texture": "#9"},
				"west": {"uv": [0.0075, 6.5075, 3.6175, 6.8675], "rotation": 90, "texture": "#9"},
				"up": {"uv": [13.0075, 2.8825, 13.3675, 3.2425], "rotation": 180, "texture": "#9"},
				"down": {"uv": [13.0075, 5.1325, 13.3675, 5.4925], "texture": "#9"}
			}
		},
		{
			"from": [5.59996, 20.97057, 5.55439],
			"to": [10.39996, 25.77057, 10.35439],
			"rotation": {"angle": 0, "axis": "y", "origin": [7.99996, 23.37057, 7.95439]},
			"faces": {
				"north": {"uv": [9.1175, 2.0075, 8.1325, 2.9925], "rotation": 180, "texture": "#9"},
				"east": {"uv": [1.3825, 8.0075, 2.3675, 8.9925], "rotation": 270, "texture": "#9"},
				"south": {"uv": [8.9925, 4.7425, 8.0075, 3.7575], "texture": "#9"},
				"west": {"uv": [3.3825, 8.0075, 4.3675, 8.9925], "rotation": 90, "texture": "#9"},
				"up": {"uv": [0.3825, 8.0075, 1.3675, 8.9925], "rotation": 180, "texture": "#9"},
				"down": {"uv": [2.3825, 8.0075, 3.3675, 8.9925], "texture": "#9"}
			}
		},
		{
			"from": [7.69996, 22.17057, 10.35439],
			"to": [8.29996, 24.57057, 12.15439],
			"rotation": {"angle": 0, "axis": "y", "origin": [7.98496, 23.37057, 12.99436]},
			"faces": {
				"north": {"uv": [5.7425, 9.5075, 5.6325, 9.9925], "rotation": 180, "texture": "#9"},
				"east": {"uv": [12.8825, 2.0075, 13.3675, 2.3675], "rotation": 270, "texture": "#9"},
				"south": {"uv": [6.3675, 8.8675, 6.2575, 8.3825], "texture": "#9"},
				"west": {"uv": [12.8825, 3.2575, 13.3675, 3.6175], "rotation": 90, "texture": "#9"},
				"up": {"uv": [3.6325, 6.5075, 3.7425, 6.8675], "rotation": 180, "texture": "#9"},
				"down": {"uv": [3.6325, 9.7575, 3.7425, 10.1175], "texture": "#9"}
			}
		},
		{
			"from": [7.09996, 18.95687, 12.02404],
			"to": [8.89996, 24.35687, 15.02404],
			"rotation": {"angle": 22.5, "axis": "x", "origin": [7.98496, 23.37057, 12.99436]},
			"faces": {
				"north": {"uv": [5.8675, 11.1325, 5.5075, 12.2425], "rotation": 180, "texture": "#9"},
				"east": {"uv": [1.8825, 9.7575, 2.9925, 10.3675], "rotation": 270, "texture": "#9"},
				"south": {"uv": [6.7425, 9.4925, 6.3825, 8.3825], "texture": "#9"},
				"west": {"uv": [6.3825, 9.7575, 7.4925, 10.3675], "rotation": 90, "texture": "#9"},
				"up": {"uv": [2.5075, 12.3825, 2.8675, 12.9925], "rotation": 180, "texture": "#9"},
				"down": {"uv": [4.8825, 12.3825, 5.2425, 12.9925], "texture": "#9"}
			}
		},
		{
			"from": [8.92996, 16.90507, 9.24699],
			"to": [8.92996, 29.50507, 15.24699],
			"rotation": {"angle": 0, "axis": "y", "origin": [7.98496, 23.37057, 12.99436]},
			"faces": {
				"north": {"uv": [0.0075, 0.0075, 0.0075, 2.6175], "rotation": 180, "texture": "#9"},
				"east": {"uv": [3.1325, 1.2575, 5.7425, 2.4925], "rotation": 270, "texture": "#9"},
				"south": {"uv": [0.0075, 2.6175, 0.0075, 0.0075], "texture": "#9"},
				"west": {"uv": [3.1325, 2.5075, 5.7425, 3.7425], "rotation": 90, "texture": "#9"},
				"up": {"uv": [0.0075, 0.0075, 0.0075, 1.2425], "rotation": 180, "texture": "#9"},
				"down": {"uv": [0.0075, 0.0075, 0.0075, 1.2425], "texture": "#9"}
			}
		},
		{
			"from": [7.06996, 16.90507, 9.24699],
			"to": [7.06996, 29.50507, 15.24699],
			"rotation": {"angle": 0, "axis": "y", "origin": [7.98496, 23.37057, 12.99436]},
			"faces": {
				"north": {"uv": [0.0075, 0.0075, 0.0075, 2.6175], "rotation": 180, "texture": "#9"},
				"east": {"uv": [0.0075, 3.7575, 2.6175, 4.9925], "rotation": 270, "texture": "#9"},
				"south": {"uv": [0.0075, 2.6175, 0.0075, 0.0075], "texture": "#9"},
				"west": {"uv": [2.6325, 3.7575, 5.2425, 4.9925], "rotation": 90, "texture": "#9"},
				"up": {"uv": [0.0075, 0.0075, 0.0075, 1.2425], "rotation": 180, "texture": "#9"},
				"down": {"uv": [0.0075, 0.0075, 0.0075, 1.2425], "texture": "#9"}
			}
		},
		{
			"from": [7.99996, 20.15687, 15.02404],
			"to": [7.99996, 23.15687, 18.02404],
			"rotation": {"angle": 22.5, "axis": "x", "origin": [7.98496, 23.37057, 12.99436]},
			"faces": {
				"north": {"uv": [0.0075, 0.0075, 0.0075, 0.6175], "rotation": 180, "texture": "#9"},
				"east": {"uv": [11.6325, 6.7575, 12.2425, 7.3675], "rotation": 270, "texture": "#9"},
				"south": {"uv": [0.0075, 0.6175, 0.0075, 0.0075], "texture": "#9"},
				"west": {"uv": [1.0075, 11.7575, 1.6175, 12.3675], "rotation": 90, "texture": "#9"},
				"up": {"uv": [0.0075, 0.0075, 0.0075, 0.6175], "rotation": 180, "texture": "#9"},
				"down": {"uv": [0.0075, 0.0075, 0.0075, 0.6175], "texture": "#9"}
			}
		},
		{
			"from": [7.99936, 15.81441, 7.70861],
			"to": [7.99936, 18.81441, 10.70861],
			"rotation": {"angle": -22.5, "axis": "x", "origin": [7.98496, 23.37057, 12.99436]},
			"faces": {
				"north": {"uv": [0.0075, 0.0075, 0.0075, 0.6175], "rotation": 180, "texture": "#9"},
				"east": {"uv": [2.8675, 11.7575, 2.2575, 12.3675], "rotation": 270, "texture": "#9"},
				"south": {"uv": [0.0075, 0.6175, 0.0075, 0.0075], "texture": "#9"},
				"west": {"uv": [2.2575, 11.7575, 2.8675, 12.3675], "rotation": 90, "texture": "#9"},
				"up": {"uv": [0.0075, 0.0075, 0.0075, 0.6175], "rotation": 180, "texture": "#9"},
				"down": {"uv": [0.0075, 0.0075, 0.0075, 0.6175], "texture": "#9"}
			}
		},
		{
			"from": [7.99936, 27.92672, 7.70861],
			"to": [7.99936, 30.92672, 10.70861],
			"rotation": {"angle": 22.5, "axis": "x", "origin": [7.98496, 23.37057, 12.99436]},
			"faces": {
				"north": {"uv": [0.0075, 0.0075, 0.0075, 0.6175], "rotation": 180, "texture": "#9"},
				"east": {"uv": [4.0075, 11.7575, 4.6175, 12.3675], "rotation": 270, "texture": "#9"},
				"south": {"uv": [0.0075, 0.6175, 0.0075, 0.0075], "texture": "#9"},
				"west": {"uv": [4.6325, 11.7575, 5.2425, 12.3675], "rotation": 90, "texture": "#9"},
				"up": {"uv": [0.0075, 0.0075, 0.0075, 0.6175], "rotation": 180, "texture": "#9"},
				"down": {"uv": [0.0075, 0.0075, 0.0075, 0.6175], "texture": "#9"}
			}
		},
		{
			"from": [7.99996, 23.58426, 15.02404],
			"to": [7.99996, 26.58426, 18.02404],
			"rotation": {"angle": -22.5, "axis": "x", "origin": [7.98496, 23.37057, 12.99436]},
			"faces": {
				"north": {"uv": [0.0075, 0.0075, 0.0075, 0.6175], "rotation": 180, "texture": "#9"},
				"east": {"uv": [6.2575, 11.7575, 6.8675, 12.3675], "rotation": 270, "texture": "#9"},
				"south": {"uv": [0.0075, 0.6175, 0.0075, 0.0075], "texture": "#9"},
				"west": {"uv": [11.7575, 10.7575, 12.3675, 11.3675], "rotation": 90, "texture": "#9"},
				"up": {"uv": [0.0075, 0.0075, 0.0075, 0.6175], "rotation": 180, "texture": "#9"},
				"down": {"uv": [0.0075, 0.0075, 0.0075, 0.6175], "texture": "#9"}
			}
		},
		{
			"from": [7.09996, 18.81441, 6.50861],
			"to": [8.89996, 21.81441, 11.30861],
			"rotation": {"angle": -22.5, "axis": "x", "origin": [7.98496, 23.37057, 12.99436]},
			"faces": {
				"north": {"uv": [12.9925, 7.1325, 12.6325, 7.7425], "rotation": 180, "texture": "#9"},
				"east": {"uv": [4.2575, 10.7575, 4.8675, 11.7425], "rotation": 270, "texture": "#9"},
				"south": {"uv": [12.3675, 13.1175, 12.0075, 12.5075], "texture": "#9"},
				"west": {"uv": [4.8825, 10.7575, 5.4925, 11.7425], "rotation": 90, "texture": "#9"},
				"up": {"uv": [2.8825, 12.0075, 3.2425, 12.9925], "rotation": 180, "texture": "#9"},
				"down": {"uv": [8.3825, 12.0075, 8.7425, 12.9925], "texture": "#9"}
			}
		},
		{
			"from": [7.09996, 22.63279, 12.12699],
			"to": [8.89996, 28.03279, 15.12699],
			"rotation": {"angle": -22.5, "axis": "x", "origin": [7.98496, 23.37057, 12.99436]},
			"faces": {
				"north": {"uv": [3.9925, 11.2575, 3.6325, 12.3675], "rotation": 180, "texture": "#9"},
				"east": {"uv": [7.5075, 9.7575, 8.6175, 10.3675], "rotation": 270, "texture": "#9"},
				"south": {"uv": [6.2425, 12.2425, 5.8825, 11.1325], "texture": "#9"},
				"west": {"uv": [9.8825, 6.1325, 10.9925, 6.7425], "rotation": 90, "texture": "#9"},
				"up": {"uv": [12.6325, 8.7575, 12.9925, 9.3675], "rotation": 180, "texture": "#9"},
				"down": {"uv": [9.2575, 12.6325, 9.6175, 13.2425], "texture": "#9"}
			}
		},
		{
			"from": [7.09996, 25.17525, 7.60567],
			"to": [8.89996, 28.17525, 11.20567],
			"rotation": {"angle": 22.5, "axis": "x", "origin": [7.98496, 23.37057, 12.99436]},
			"faces": {
				"north": {"uv": [1.3675, 12.7575, 1.0075, 13.3675], "rotation": 180, "texture": "#9"},
				"east": {"uv": [6.2575, 11.0075, 6.8675, 11.7425], "rotation": 270, "texture": "#9"},
				"south": {"uv": [12.7425, 13.2425, 12.3825, 12.6325], "texture": "#9"},
				"west": {"uv": [11.0075, 6.7575, 11.6175, 7.4925], "rotation": 90, "texture": "#9"},
				"up": {"uv": [5.8825, 12.2575, 6.2425, 12.9925], "rotation": 180, "texture": "#9"},
				"down": {"uv": [12.2575, 8.7575, 12.6175, 9.4925], "texture": "#9"}
			}
		},
		{
			"from": [7.39996, 22.17057, 3.15439],
			"to": [8.59996, 24.57057, 5.55439],
			"rotation": {"angle": 0, "axis": "y", "origin": [-19.00004, 21.57057, 5.55439]},
			"faces": {
				"north": {"uv": [4.2425, 13.1325, 4.0075, 13.6175], "rotation": 180, "texture": "#9"},
				"east": {"uv": [12.3825, 10.7575, 12.8675, 11.2425], "rotation": 270, "texture": "#9"},
				"south": {"uv": [9.2425, 13.4925, 9.0075, 13.0075], "texture": "#9"},
				"west": {"uv": [12.3825, 12.1325, 12.8675, 12.6175], "rotation": 90, "texture": "#9"},
				"up": {"uv": [4.0075, 11.2575, 4.2425, 11.7425], "rotation": 180, "texture": "#9"},
				"down": {"uv": [5.2575, 11.7575, 5.4925, 12.2425], "texture": "#9"}
			}
		},
		{
			"from": [7.39996, 16.77057, -1.04561],
			"to": [8.59996, 26.97057, 3.15439],
			"rotation": {"angle": 0, "axis": "y", "origin": [-19.00004, 21.57057, 5.55439]},
			"faces": {
				"north": {"uv": [9.2425, 10.8825, 9.0075, 12.9925], "rotation": 180, "texture": "#9"},
				"east": {"uv": [5.3825, 5.0075, 7.4925, 5.8675], "rotation": 270, "texture": "#9"},
				"south": {"uv": [3.6175, 12.9925, 3.3825, 10.8825], "texture": "#9"},
				"west": {"uv": [5.7575, 1.2575, 7.8675, 2.1175], "rotation": 90, "texture": "#9"},
				"up": {"uv": [5.1325, 6.2575, 5.3675, 7.1175], "rotation": 180, "texture": "#9"},
				"down": {"uv": [9.6325, 12.6325, 9.8675, 13.4925], "texture": "#9"}
			}
		},
		{
			"from": [8.62996, 16.77057, -1.04561],
			"to": [8.62996, 31.77057, 4.95439],
			"rotation": {"angle": 0, "axis": "y", "origin": [-19.00004, 21.57057, 5.55439]},
			"faces": {
				"north": {"uv": [0.0075, 0.0075, 0.0075, 3.1175], "rotation": 180, "texture": "#9"},
				"east": {"uv": [0.0075, 0.0075, 3.1175, 1.2425], "rotation": 270, "texture": "#9"},
				"south": {"uv": [0.0075, 3.1175, 0.0075, 0.0075], "texture": "#9"},
				"west": {"uv": [0.0075, 1.2575, 3.1175, 2.4925], "rotation": 90, "texture": "#9"},
				"up": {"uv": [0.0075, 0.0075, 0.0075, 1.2425], "rotation": 180, "texture": "#9"},
				"down": {"uv": [0.0075, 0.0075, 0.0075, 1.2425], "texture": "#9"}
			}
		},
		{
			"from": [7.36996, 16.77057, -1.04561],
			"to": [7.36996, 31.77057, 4.95439],
			"rotation": {"angle": 0, "axis": "y", "origin": [-19.00004, 21.57057, 5.55439]},
			"faces": {
				"north": {"uv": [0.0075, 0.0075, 0.0075, 3.1175], "rotation": 180, "texture": "#9"},
				"east": {"uv": [0.0075, 2.5075, 3.1175, 3.7425], "rotation": 270, "texture": "#9"},
				"south": {"uv": [0.0075, 3.1175, 0.0075, 0.0075], "texture": "#9"},
				"west": {"uv": [3.1325, 0.0075, 6.2425, 1.2425], "rotation": 90, "texture": "#9"},
				"up": {"uv": [0.0075, 0.0075, 0.0075, 1.2425], "rotation": 180, "texture": "#9"},
				"down": {"uv": [0.0075, 0.0075, 0.0075, 1.2425], "texture": "#9"}
			}
		},
		{
			"from": [7.39996, 25.8929, 0.1722],
			"to": [8.59996, 31.2929, 4.3722],
			"rotation": {"angle": 22.5, "axis": "x", "origin": [7.99996, 29.4929, 2.2722]},
			"faces": {
				"north": {"uv": [0.9925, 12.1325, 0.7575, 13.2425], "rotation": 180, "texture": "#9"},
				"east": {"uv": [7.1325, 8.1325, 8.2425, 8.9925], "rotation": 270, "texture": "#9"},
				"south": {"uv": [8.9925, 13.1175, 8.7575, 12.0075], "texture": "#9"},
				"west": {"uv": [8.2575, 8.1325, 9.3675, 8.9925], "rotation": 90, "texture": "#9"},
				"up": {"uv": [2.0075, 12.7575, 2.2425, 13.6175], "rotation": 180, "texture": "#9"},
				"down": {"uv": [2.2575, 12.7575, 2.4925, 13.6175], "texture": "#9"}
			}
		},
		{
			"from": [7.3999, 23.66398, 8.13524],
			"to": [8.5999, 24.86398, 9.33524],
			"rotation": {"angle": 0, "axis": "y", "origin": [7.9999, 24.26398, 8.13524]},
			"faces": {
				"north": {"uv": [0, 0, 0.25, 0.25], "rotation": 180, "texture": "#9"},
				"east": {"uv": [0, 0, 0.25, 0.25], "rotation": 270, "texture": "#9"},
				"south": {"uv": [0, 0, 0.25, 0.25], "texture": "#9"},
				"west": {"uv": [0, 0, 0.25, 0.25], "rotation": 90, "texture": "#9"},
				"up": {"uv": [0, 0, 0.25, 0.25], "rotation": 180, "texture": "#9"},
				"down": {"uv": [0, 0, 0.25, 0.25], "texture": "#9"}
			}
		}
	],
	"gui_light": "front",
	"display": {
		"thirdperson_righthand": {
			"translation": [0, 0, 2.5]
		},
		"thirdperson_lefthand": {
			"translation": [0, 0, 2.5]
		},
		"firstperson_righthand": {
			"rotation": [-1, 11, -12],
			"translation": [4.5, -2, -7]
		},
		"firstperson_lefthand": {
			"rotation": [-1, 11, -12],
			"translation": [4.5, -2, -7]
		},
		"ground": {
			"rotation": [0, 0, 46],
			"translation": [0, 4.5, 0],
			"scale": [0.5, 0.5, 0.5]
		},
		"gui": {
			"rotation": [-105, -44, -99],
			"translation": [-2.25, -2, 0],
			"scale": [0.45, 0.45, 0.45]
		}
	},
	"groups": [
		{
			"name": "weapon",
			"origin": [6.9999, 10.30142, 14.51098],
			"color": 0,
			"children": [
				0,
				1,
				2,
				3,
				4,
				5,
				6,
				7,
				8,
				9,
				10,
				11,
				12,
				13,
				14,
				15,
				16,
				17,
				18,
				19,
				{
					"name": "weapon_hitbox",
					"origin": [7.39994, 6.18085, -4.29341],
					"color": 0,
					"children": [20]
				}
			]
		}
	]
}