{
  "species": "cobblemon:charizard",
  "order": 0,
  "variations": [
    {
      "aspects": [],
      "poser": "cobblemon:charizard",
      "model": "cobblemon:charizard.geo",
      "texture": "cobblemon:textures/pokemon/0006_charizard/charizard.png",
      "layers": [
        {
          "name": "glow",
          "texture": "cobblemon:textures/pokemon/0006_charizard/charizard_emissive.png",
          "emissive": true,
          "translucent": true
        }
      ]
    },
    {
      "aspects": [
        "shiny"
      ],
      "texture": "cobblemon:textures/pokemon/0006_charizard/charizard_shiny.png",
      "layers": [
        {
          "name": "glow",
          "texture": "cobblemon:textures/pokemon/0006_charizard/charizard_emissive.png",
          "emissive": true,
          "translucent": true
        }
      ]
    },
    {
      "aspects": ["mega-x"],
      "model": "cobblemon:charizard_mega_x.geo",
      "texture": "cobblemon:textures/pokemon/0006_charizard/charizard_mega_x.png",
      "layers": [
        {
          "name": "flame",
          "texture": "cobblemon:textures/pokemon/blank.png",
          "emissive": true,
          "translucent": true
        },
        {
          "name": "glow",
          "texture": "cobblemon:textures/pokemon/0006_charizard/x_glow.png",
          "emissive": true,
          "translucent": true
        }
      ]
    },
    {
      "aspects": [ "mega-x", "shiny" ],
      "model": "cobblemon:charizard_mega_x.geo",
      "texture": "cobblemon:textures/pokemon/0006_charizard/charizard_mega_x_shiny.png",
      "layers": [
            {
              "name": "flame",
              "texture": "cobblemon:textures/pokemon/blank.png",
              "emissive": true,
              "translucent": true
            },
            {
              "name": "glow",
              "texture": "cobblemon:textures/pokemon/0006_charizard/x_glow.png",
              "emissive": true,
              "translucent": true
            }
          ]
    },
    {
      "aspects": ["mega-y"],
      "model": "cobblemon:charizard_mega_y.geo",
      "texture": "cobblemon:textures/pokemon/0006_charizard/charizard_mega_y.png",
      "layers": [
        {
          "name": "flame",
          "texture": "cobblemon:textures/pokemon/blank.png",
          "emissive": true,
          "translucent": true
        },
        {
          "name": "glow",
          "texture": "cobblemon:textures/pokemon/0006_charizard/y_glow.png",
          "emissive": true,
          "translucent": true
        }
      ]
    },
    {
      "aspects": [ "mega-y", "shiny" ],
      "model": "cobblemon:charizard_mega_y.geo",
      "texture": "cobblemon:textures/pokemon/0006_charizard/charizard_mega_y_shiny.png",
      "layers": [
        {
          "name": "flame",
          "texture": "cobblemon:textures/pokemon/blank.png",
          "emissive": true,
          "translucent": true
        },
        {
          "name": "glow",
          "texture": "cobblemon:textures/pokemon/0006_charizard/y_glow.png",
          "emissive": true,
          "translucent": true
        }
      ]
    }
  ]
}