{"elements":[{"from":[5.930674,5.7836113,6.285714],"to":[8.216389,9.212183,9.714286],"rotation":{"angle":0.0,"axis":"y","origin":[5.3592453,7.497897,7.142857]},"faces":{"east":{"uv":[0.5,7.625,1.25,8.375],"rotation":0,"texture":"#1","tintindex":0},"south":{"uv":[9.0,2.75,9.5,3.5],"rotation":0,"texture":"#1","tintindex":0},"north":{"uv":[8.75,8.875,9.25,9.625],"rotation":0,"texture":"#1","tintindex":0},"west":{"uv":[7.625,6.125,8.375,6.875],"rotation":0,"texture":"#1","tintindex":0},"up":{"uv":[9.5,4.25,9.0,3.5],"rotation":0,"texture":"#1","tintindex":0},"down":{"uv":[0.875,9.125,0.375,9.875],"rotation":0,"texture":"#1","tintindex":0}}},{"from":[5.930674,3.4978971,6.285714],"to":[7.64496,5.7836113,9.142858],"rotation":{"angle":0.0,"axis":"y","origin":[5.3592453,4.0693254,7.142857]},"faces":{"east":{"uv":[9.5,8.375,10.125,8.875],"rotation":0,"texture":"#1","tintindex":0},"south":{"uv":[5.375,10.125,5.75,10.625],"rotation":0,"texture":"#1","tintindex":0},"north":{"uv":[5.0,10.125,5.375,10.625],"rotation":0,"texture":"#1","tintindex":0},"west":{"uv":[9.625,0.5,10.25,1.0],"rotation":0,"texture":"#1","tintindex":0},"up":{"uv":[6.125,10.375,5.75,9.75],"rotation":0,"texture":"#1","tintindex":0},"down":{"uv":[0.875,9.875,0.5,10.5],"rotation":0,"texture":"#1","tintindex":0}}}],"textures":{"1":"modelengine:entity/rot"},"display":{"head":{"translation":[0.0,-6.4,0.0],"scale":[4.0,4.0,4.0]}}}