{"elements":[{"from":[6.285714,4.0,6.0],"to":[9.714286,7.428571,6.0],"rotation":{"angle":0.0,"axis":"y","origin":[8.0,9.142858,8.0]},"faces":{"east":{"uv":[0.0,0.0,0.0,0.75],"rotation":0,"texture":"#1","tintindex":0},"south":{"uv":[3.25,7.5,2.5,8.25],"rotation":0,"texture":"#1","tintindex":0},"north":{"uv":[2.5,7.5,3.25,8.25],"rotation":0,"texture":"#1","tintindex":0},"west":{"uv":[0.0,0.0,0.0,0.75],"rotation":0,"texture":"#1","tintindex":0},"up":{"uv":[0.75,0.0,0.0,0.0],"rotation":0,"texture":"#1","tintindex":0},"down":{"uv":[0.75,0.0,0.0,0.0],"rotation":0,"texture":"#1","tintindex":0}}},{"from":[6.857143,11.803762,6.284517],"to":[9.142858,14.089477,9.14166],"rotation":{"angle":-22.5,"axis":"x","origin":[6.857143,14.375191,6.8559456]},"faces":{"east":{"uv":[9.5,2.875,10.125,3.375],"rotation":0,"texture":"#1","tintindex":0},"south":{"uv":[9.875,6.5,10.375,7.0],"rotation":0,"texture":"#1","tintindex":0},"north":{"uv":[9.875,0.0,10.375,0.5],"rotation":0,"texture":"#1","tintindex":0},"west":{"uv":[9.5,3.375,10.125,3.875],"rotation":0,"texture":"#1","tintindex":0},"up":{"uv":[6.625,10.125,6.125,9.5],"rotation":0,"texture":"#1","tintindex":0},"down":{"uv":[10.0,7.125,9.5,7.75],"rotation":0,"texture":"#1","tintindex":0}}},{"from":[5.142857,10.17996,6.547285],"to":[10.857143,13.608532,10.547285],"rotation":{"angle":22.5,"axis":"x","origin":[8.0,11.894246,7.975857]},"faces":{"east":{"uv":[6.625,1.0,7.5,1.75],"rotation":0,"texture":"#1","tintindex":0},"south":{"uv":[5.125,2.25,6.375,3.0],"rotation":0,"texture":"#1","tintindex":0},"north":{"uv":[4.25,5.0,5.5,5.75],"rotation":0,"texture":"#1","tintindex":0},"west":{"uv":[2.875,6.75,3.75,7.5],"rotation":0,"texture":"#1","tintindex":0},"up":{"uv":[5.125,3.125,3.875,2.25],"rotation":0,"texture":"#1","tintindex":0},"down":{"uv":[4.25,4.25,3.0,5.125],"rotation":0,"texture":"#1","tintindex":0}}},{"from":[5.142857,13.026231,10.298269],"to":[6.285714,22.740517,11.441126],"rotation":{"angle":22.5,"axis":"x","origin":[8.0,11.894246,7.975857]},"faces":{"east":{"uv":[1.25,7.625,1.5,9.75],"rotation":0,"texture":"#1","tintindex":0},"south":{"uv":[6.75,7.875,7.0,10.0],"rotation":0,"texture":"#1","tintindex":0},"north":{"uv":[5.0,6.5,5.25,8.625],"rotation":0,"texture":"#1","tintindex":0},"west":{"uv":[7.0,7.875,7.25,10.0],"rotation":0,"texture":"#1","tintindex":0},"up":{"uv":[1.5,10.5,1.25,10.25],"rotation":0,"texture":"#1","tintindex":0},"down":{"uv":[1.75,10.25,1.5,10.5],"rotation":0,"texture":"#1","tintindex":0}}},{"from":[9.714286,13.026231,10.298269],"to":[10.857143,25.59766,11.441126],"rotation":{"angle":22.5,"axis":"x","origin":[12.571428,11.894246,7.975857]},"faces":{"east":{"uv":[4.25,6.5,4.5,9.25],"rotation":0,"texture":"#1","tintindex":0},"south":{"uv":[4.5,6.5,4.75,9.25],"rotation":0,"texture":"#1","tintindex":0},"north":{"uv":[5.25,5.75,5.5,8.5],"rotation":0,"texture":"#1","tintindex":0},"west":{"uv":[4.75,6.5,5.0,9.25],"rotation":0,"texture":"#1","tintindex":0},"up":{"uv":[2.5,10.5,2.25,10.25],"rotation":0,"texture":"#1","tintindex":0},"down":{"uv":[10.5,3.875,10.25,4.125],"rotation":0,"texture":"#1","tintindex":0}}},{"from":[11.1789465,18.619152,15.154802],"to":[13.464661,22.047724,15.154802],"rotation":{"angle":-45.0,"axis":"y","origin":[11.714286,17.608532,14.547285]},"faces":{"east":{"uv":[0.0,0.0,0.0,0.75],"rotation":0,"texture":"#1","tintindex":0},"south":{"uv":[5.0,9.25,4.5,10.0],"rotation":0,"texture":"#1","tintindex":0},"north":{"uv":[4.5,9.25,5.0,10.0],"rotation":0,"texture":"#1","tintindex":0},"west":{"uv":[0.0,0.0,0.0,0.75],"rotation":0,"texture":"#1","tintindex":0},"up":{"uv":[0.5,0.0,0.0,0.0],"rotation":0,"texture":"#1","tintindex":0},"down":{"uv":[0.5,0.0,0.0,0.0],"rotation":0,"texture":"#1","tintindex":0}}},{"from":[5.142857,17.02623,10.869698],"to":[9.714286,28.454802,10.869698],"rotation":{"angle":22.5,"axis":"x","origin":[12.571428,11.894246,7.975857]},"faces":{"east":{"uv":[0.0,0.0,0.0,2.5],"rotation":0,"texture":"#1","tintindex":0},"south":{"uv":[1.0,0.0,0.0,2.5],"rotation":0,"texture":"#1","tintindex":0},"north":{"uv":[0.0,0.0,1.0,2.5],"rotation":0,"texture":"#1","tintindex":0},"west":{"uv":[0.0,0.0,0.0,2.5],"rotation":0,"texture":"#1","tintindex":0},"up":{"uv":[1.0,0.0,0.0,0.0],"rotation":0,"texture":"#1","tintindex":0},"down":{"uv":[1.0,0.0,0.0,0.0],"rotation":0,"texture":"#1","tintindex":0}}},{"from":[4.0,19.883373,10.298269],"to":[5.142857,29.59766,11.441126],"rotation":{"angle":22.5,"axis":"x","origin":[8.0,11.894246,7.975857]},"faces":{"east":{"uv":[1.75,8.125,2.0,10.25],"rotation":0,"texture":"#1","tintindex":0},"south":{"uv":[2.0,8.125,2.25,10.25],"rotation":0,"texture":"#1","tintindex":0},"north":{"uv":[8.0,7.75,8.25,9.875],"rotation":0,"texture":"#1","tintindex":0},"west":{"uv":[2.25,8.125,2.5,10.25],"rotation":0,"texture":"#1","tintindex":0},"up":{"uv":[2.0,10.5,1.75,10.25],"rotation":0,"texture":"#1","tintindex":0},"down":{"uv":[2.25,10.25,2.0,10.5],"rotation":0,"texture":"#1","tintindex":0}}},{"from":[4.5714283,11.265675,6.547285],"to":[11.428572,13.551389,11.690143],"rotation":{"angle":-22.5,"axis":"x","origin":[8.0,11.837103,7.975857]},"faces":{"east":{"uv":[7.125,1.75,8.25,2.25],"rotation":0,"texture":"#1","tintindex":0},"south":{"uv":[6.25,3.0,7.75,3.5],"rotation":0,"texture":"#1","tintindex":0},"north":{"uv":[5.625,1.75,7.125,2.25],"rotation":0,"texture":"#1","tintindex":0},"west":{"uv":[7.5,1.0,8.625,1.5],"rotation":0,"texture":"#1","tintindex":0},"up":{"uv":[3.5,1.125,2.0,0.0],"rotation":0,"texture":"#1","tintindex":0},"down":{"uv":[3.5,1.125,2.0,2.25],"rotation":0,"texture":"#1","tintindex":0}}},{"from":[4.5714283,10.444853,11.625514],"to":[11.428572,12.730568,11.625514],"rotation":{"angle":0.0,"axis":"y","origin":[8.0,11.58771,11.625514]},"faces":{"east":{"uv":[0.0,0.0,0.0,0.5],"rotation":0,"texture":"#1","tintindex":0},"south":{"uv":[6.625,0.0,8.125,0.5],"rotation":0,"texture":"#1","tintindex":0},"north":{"uv":[8.125,0.0,6.625,0.5],"rotation":0,"texture":"#1","tintindex":0},"west":{"uv":[0.0,0.0,0.0,0.5],"rotation":0,"texture":"#1","tintindex":0},"up":{"uv":[1.5,0.0,0.0,0.0],"rotation":0,"texture":"#1","tintindex":0},"down":{"uv":[1.5,0.0,0.0,0.0],"rotation":0,"texture":"#1","tintindex":0}}},{"from":[6.285714,6.52315,6.0664353],"to":[9.714286,8.237435,10.066435],"rotation":{"angle":-22.5,"axis":"x","origin":[7.428571,7.666007,8.066435]},"faces":{"east":{"uv":[9.25,9.375,10.125,9.75],"rotation":0,"texture":"#1","tintindex":0},"south":{"uv":[9.75,6.125,10.5,6.5],"rotation":0,"texture":"#1","tintindex":0},"north":{"uv":[9.75,5.75,10.5,6.125],"rotation":0,"texture":"#1","tintindex":0},"west":{"uv":[9.5,2.5,10.375,2.875],"rotation":0,"texture":"#1","tintindex":0},"up":{"uv":[6.625,7.75,5.875,6.875],"rotation":0,"texture":"#1","tintindex":0},"down":{"uv":[7.625,6.125,6.875,7.0],"rotation":0,"texture":"#1","tintindex":0}}},{"from":[5.714286,10.17996,4.261571],"to":[10.285714,12.465674,6.547285],"rotation":{"angle":22.5,"axis":"x","origin":[8.0,11.894246,7.975857]},"faces":{"east":{"uv":[10.0,1.5,10.5,2.0],"rotation":0,"texture":"#1","tintindex":0},"south":{"uv":[8.0,3.625,9.0,4.125],"rotation":0,"texture":"#1","tintindex":0},"north":{"uv":[7.875,2.25,8.875,2.75],"rotation":0,"texture":"#1","tintindex":0},"west":{"uv":[2.5,10.0,3.0,10.5],"rotation":0,"texture":"#1","tintindex":0},"up":{"uv":[9.125,0.5,8.125,0.0],"rotation":0,"texture":"#1","tintindex":0},"down":{"uv":[9.125,6.875,8.125,7.375],"rotation":0,"texture":"#1","tintindex":0}}},{"from":[6.285714,9.446134,5.0311327],"to":[9.714286,11.731848,6.17399],"rotation":{"angle":0.0,"axis":"y","origin":[8.0,11.160419,7.602561]},"faces":{"east":{"uv":[4.0,8.375,4.25,8.875],"rotation":0,"texture":"#1","tintindex":0},"south":{"uv":[8.875,5.375,9.625,5.875],"rotation":0,"texture":"#1","tintindex":0},"north":{"uv":[8.875,4.875,9.625,5.375],"rotation":0,"texture":"#1","tintindex":0},"west":{"uv":[3.25,8.75,3.5,9.25],"rotation":0,"texture":"#1","tintindex":0},"up":{"uv":[8.0,3.875,7.25,3.625],"rotation":0,"texture":"#1","tintindex":0},"down":{"uv":[8.25,1.5,7.5,1.75],"rotation":0,"texture":"#1","tintindex":0}}},{"from":[5.714286,7.428571,6.0],"to":[10.285714,10.857143,10.0],"rotation":{"angle":0.0,"axis":"y","origin":[8.0,9.142858,8.0]},"faces":{"east":{"uv":[0.5,6.875,1.375,7.625],"rotation":0,"texture":"#1","tintindex":0},"south":{"uv":[5.875,6.125,6.875,6.875],"rotation":0,"texture":"#1","tintindex":0},"north":{"uv":[0.5,6.125,1.5,6.875],"rotation":0,"texture":"#1","tintindex":0},"west":{"uv":[6.875,5.375,7.75,6.125],"rotation":0,"texture":"#1","tintindex":0},"up":{"uv":[4.0,6.0,3.0,5.125],"rotation":0,"texture":"#1","tintindex":0},"down":{"uv":[1.5,5.25,0.5,6.125],"rotation":0,"texture":"#1","tintindex":0}}}],"textures":{"1":"modelengine:entity/rot"},"display":{"head":{"translation":[0.0,-6.4,0.0],"scale":[4.0,4.0,4.0]}}}