{"elements":[{"from":[-1.1199179,8.041945,2.3571424],"to":[8.02294,8.613374,16.642857],"rotation":{"angle":0.0,"axis":"y","origin":[-13.119917,8.041945,8.071428]},"faces":{"east":{"uv":[7.75,4.0,10.875,4.125],"rotation":0,"texture":"#0","tintindex":0},"south":{"uv":[7.75,4.625,9.75,4.75],"rotation":0,"texture":"#0","tintindex":0},"north":{"uv":[7.75,4.5,9.75,4.625],"rotation":0,"texture":"#0","tintindex":0},"west":{"uv":[7.75,4.125,10.875,4.25],"rotation":0,"texture":"#0","tintindex":0},"up":{"uv":[2.0,6.25,0.0,3.125],"rotation":0,"texture":"#0","tintindex":0},"down":{"uv":[4.0,3.125,2.0,6.25],"rotation":0,"texture":"#0","tintindex":0}}},{"from":[-0.8589325,8.211145,2.9285712],"to":[7.712496,9.925431,16.07143],"rotation":{"angle":0.0,"axis":"y","origin":[5.141067,8.782575,9.5]},"faces":{"east":{"uv":[7.75,0.75,10.625,1.125],"rotation":0,"texture":"#0","tintindex":0},"south":{"uv":[7.75,2.375,9.625,2.75],"rotation":0,"texture":"#0","tintindex":0},"north":{"uv":[7.75,2.0,9.625,2.375],"rotation":0,"texture":"#0","tintindex":0},"west":{"uv":[7.75,1.125,10.625,1.5],"rotation":0,"texture":"#0","tintindex":0},"up":{"uv":[5.875,8.625,4.0,5.75],"rotation":0,"texture":"#0","tintindex":0},"down":{"uv":[7.75,0.0,5.875,2.875],"rotation":0,"texture":"#0","tintindex":0}}},{"from":[-1.8589325,9.354003,2.9285712],"to":[6.712496,9.354003,16.07143],"rotation":{"angle":-22.5,"axis":"y","origin":[3.4267817,9.068289,9.5]},"faces":{"east":{"uv":[0.0,0.0,2.875,0.0],"rotation":0,"texture":"#0","tintindex":0},"south":{"uv":[0.0,0.0,1.875,0.0],"rotation":0,"texture":"#0","tintindex":0},"north":{"uv":[0.0,0.0,1.875,0.0],"rotation":0,"texture":"#0","tintindex":0},"west":{"uv":[0.0,0.0,2.875,0.0],"rotation":0,"texture":"#0","tintindex":0},"up":{"uv":[7.75,5.75,5.875,2.875],"rotation":0,"texture":"#0","tintindex":0},"down":{"uv":[7.75,5.75,5.875,8.625],"rotation":0,"texture":"#0","tintindex":0}}},{"from":[-1.1199179,7.4705167,2.3571424],"to":[1.1657968,8.041945,4.642857],"rotation":{"angle":0.0,"axis":"y","origin":[-13.119917,8.041945,8.071428]},"faces":{"east":{"uv":[1.25,7.875,1.75,8.0],"rotation":0,"texture":"#0","tintindex":0},"south":{"uv":[1.75,7.875,2.25,8.0],"rotation":0,"texture":"#0","tintindex":0},"north":{"uv":[7.75,7.75,8.25,7.875],"rotation":0,"texture":"#0","tintindex":0},"west":{"uv":[2.25,7.875,2.75,8.0],"rotation":0,"texture":"#0","tintindex":0},"up":{"uv":[3.625,7.75,3.125,7.25],"rotation":0,"texture":"#0","tintindex":0},"down":{"uv":[3.625,7.75,3.125,8.25],"rotation":0,"texture":"#0","tintindex":0}}},{"from":[-1.1199179,7.4705167,14.357143],"to":[1.1657968,8.041945,16.642857],"rotation":{"angle":0.0,"axis":"y","origin":[-13.119917,8.041945,8.071428]},"faces":{"east":{"uv":[1.25,8.125,1.75,8.25],"rotation":0,"texture":"#0","tintindex":0},"south":{"uv":[1.75,8.125,2.25,8.25],"rotation":0,"texture":"#0","tintindex":0},"north":{"uv":[7.75,8.0,8.25,8.125],"rotation":0,"texture":"#0","tintindex":0},"west":{"uv":[2.25,8.125,2.75,8.25],"rotation":0,"texture":"#0","tintindex":0},"up":{"uv":[8.25,6.25,7.75,5.75],"rotation":0,"texture":"#0","tintindex":0},"down":{"uv":[8.25,6.25,7.75,6.75],"rotation":0,"texture":"#0","tintindex":0}}}],"textures":{"0":"modelengine:entity/azriel_book"},"display":{"head":{"translation":[0.0,-6.4,0.0],"scale":[4.0,4.0,4.0]}}}