{"elements":[{"from":[7.428571,5.142857,7.142857],"to":[8.571428,8.0,8.857143],"rotation":{"angle":0.0,"axis":"y","origin":[12.0,9.142858,7.714286]},"faces":{"east":{"uv":[7.0,7.0,7.75,8.25],"rotation":0,"texture":"#0","tintindex":0},"south":{"uv":[1.0,8.0,1.5,9.25],"rotation":0,"texture":"#0","tintindex":0},"north":{"uv":[0.5,8.0,1.0,9.25],"rotation":0,"texture":"#0","tintindex":0},"west":{"uv":[7.75,6.0,8.5,7.25],"rotation":0,"texture":"#0","tintindex":0},"up":{"uv":[3.0,9.5,2.5,8.75],"rotation":0,"texture":"#0","tintindex":0},"down":{"uv":[3.5,8.75,3.0,9.5],"rotation":0,"texture":"#0","tintindex":0}}}],"textures":{"0":"modelengine:entity/bulb_dripleaf"},"display":{"head":{"translation":[0.0,-6.4,0.0],"scale":[4.0,4.0,4.0]}}}