{"elements":[{"from":[5.428571,7.142857,7.142857],"to":[10.571428,8.857143,8.857143],"rotation":{"angle":0.0,"axis":"y","origin":[7.142857,7.142857,12.285715]},"faces":{"east":{"uv":[0.0,13.0,1.5,14.5],"rotation":0,"texture":"#0","tintindex":0},"south":{"uv":[11.5,14.5,16.0,16.0],"rotation":0,"texture":"#0","tintindex":0},"north":{"uv":[11.5,13.0,16.0,14.5],"rotation":0,"texture":"#0","tintindex":0},"west":{"uv":[1.5,13.0,3.0,14.5],"rotation":0,"texture":"#0","tintindex":0},"up":{"uv":[2.5,14.5,7.0,16.0],"rotation":0,"texture":"#0","tintindex":0},"down":{"uv":[7.0,14.5,11.5,16.0],"rotation":0,"texture":"#0","tintindex":0}}},{"from":[4.8571424,7.428571,7.428571],"to":[5.428571,8.571428,8.571428],"rotation":{"angle":0.0,"axis":"y","origin":[7.142857,7.142857,12.285715]},"faces":{"east":{"uv":[13.5,2.5,14.5,3.5],"rotation":0,"texture":"#0","tintindex":0},"south":{"uv":[13.5,3.5,14.0,4.5],"rotation":0,"texture":"#0","tintindex":0},"north":{"uv":[15.5,2.5,16.0,3.5],"rotation":0,"texture":"#0","tintindex":0},"west":{"uv":[14.5,2.5,15.5,3.5],"rotation":0,"texture":"#0","tintindex":0},"up":{"uv":[13.0,3.5,13.5,4.5],"rotation":0,"texture":"#0","tintindex":0},"down":{"uv":[13.0,2.5,13.5,3.5],"rotation":0,"texture":"#0","tintindex":0}}}],"textures":{"0":"modelengine:entity/floppy_ears"},"display":{"head":{"translation":[0.0,-6.4,0.0],"scale":[4.0,4.0,4.0]}}}