{"elements":[{"from":[8.0,4.0,7.142857],"to":[8.571428,8.0,8.857143],"rotation":{"angle":0.0,"axis":"y","origin":[10.857143,3.4285712,8.857143]},"faces":{"east":{"uv":[9.5,4.0,8.0,7.5],"rotation":0,"texture":"#0","tintindex":0},"south":{"uv":[9.5,10.0,9.0,13.5],"rotation":0,"texture":"#0","tintindex":0},"north":{"uv":[9.0,10.0,8.5,13.5],"rotation":0,"texture":"#0","tintindex":0},"west":{"uv":[5.5,8.0,4.0,11.5],"rotation":0,"texture":"#0","tintindex":0},"up":{"uv":[5.0,13.5,5.5,12.0],"rotation":0,"texture":"#0","tintindex":0},"down":{"uv":[12.0,6.0,12.5,7.5],"rotation":0,"texture":"#0","tintindex":0}}}],"textures":{"0":"modelengine:entity/floppy_ears"},"display":{"head":{"translation":[0.0,-6.4,0.0],"scale":[4.0,4.0,4.0]}}}