{"elements":[{"from":[7.428571,7.428571,7.428571],"to":[8.571428,8.571428,8.571428],"rotation":{"angle":0.0,"axis":"y","origin":[9.142858,8.0,7.428571]},"faces":{"east":{"uv":[11.0,5.0,12.0,6.0],"rotation":0,"texture":"#0","tintindex":0},"south":{"uv":[11.0,6.0,12.0,7.0],"rotation":0,"texture":"#0","tintindex":0},"north":{"uv":[11.0,4.0,12.0,5.0],"rotation":0,"texture":"#0","tintindex":0},"west":{"uv":[11.0,7.0,12.0,8.0],"rotation":0,"texture":"#0","tintindex":0},"up":{"uv":[10.5,12.0,9.5,11.0],"rotation":0,"texture":"#0","tintindex":0},"down":{"uv":[11.5,11.0,10.5,12.0],"rotation":0,"texture":"#0","tintindex":0}}}],"textures":{"0":"modelengine:entity/floppy_ears"},"display":{"head":{"translation":[0.0,-6.4,0.0],"scale":[4.0,4.0,4.0]}}}