{"elements":[{"from":[7.428571,7.428571,7.428571],"to":[8.571428,8.571428,8.571428],"rotation":{"angle":0.0,"axis":"y","origin":[6.857143,8.0,7.428571]},"faces":{"east":{"uv":[0.0,12.0,1.0,13.0],"rotation":0,"texture":"#0","tintindex":0},"south":{"uv":[12.0,0.0,13.0,1.0],"rotation":0,"texture":"#0","tintindex":0},"north":{"uv":[11.5,11.0,12.5,12.0],"rotation":0,"texture":"#0","tintindex":0},"west":{"uv":[1.0,12.0,2.0,13.0],"rotation":0,"texture":"#0","tintindex":0},"up":{"uv":[13.0,2.0,12.0,1.0],"rotation":0,"texture":"#0","tintindex":0},"down":{"uv":[3.0,12.0,2.0,13.0],"rotation":0,"texture":"#0","tintindex":0}}}],"textures":{"0":"modelengine:entity/floppy_ears"},"display":{"head":{"translation":[0.0,-6.4,0.0],"scale":[4.0,4.0,4.0]}}}