{"elements":[{"from":[6.857143,6.857143,8.0],"to":[9.142858,9.142858,9.714286],"rotation":{"angle":0.0,"axis":"y","origin":[8.0,6.285714,5.714286]},"faces":{"east":{"uv":[9.5,4.0,11.0,6.0],"rotation":0,"texture":"#0","tintindex":0},"south":{"uv":[7.5,8.0,9.5,10.0],"rotation":0,"texture":"#0","tintindex":0},"north":{"uv":[5.5,8.0,7.5,10.0],"rotation":0,"texture":"#0","tintindex":0},"west":{"uv":[9.5,6.0,11.0,8.0],"rotation":0,"texture":"#0","tintindex":0},"up":{"uv":[11.5,9.5,9.5,8.0],"rotation":0,"texture":"#0","tintindex":0},"down":{"uv":[11.5,9.5,9.5,11.0],"rotation":0,"texture":"#0","tintindex":0}}}],"textures":{"0":"modelengine:entity/floppy_ears"},"display":{"head":{"translation":[0.0,-6.4,0.0],"scale":[4.0,4.0,4.0]}}}