{"elements":[{"from":[5.714286,6.214286,5.0714283],"to":[10.285714,10.785714,9.642858],"rotation":{"angle":0.0,"axis":"y","origin":[8.0,6.214286,7.357143]},"faces":{"east":{"uv":[0.0,4.0,4.0,8.0],"rotation":0,"texture":"#0","tintindex":0},"south":{"uv":[4.0,0.0,8.0,4.0],"rotation":0,"texture":"#0","tintindex":0},"north":{"uv":[0.0,0.0,4.0,4.0],"rotation":0,"texture":"#0","tintindex":0},"west":{"uv":[4.0,4.0,0.0,8.0],"rotation":0,"texture":"#0","tintindex":0},"up":{"uv":[4.0,12.0,0.0,8.0],"rotation":0,"texture":"#0","tintindex":0},"down":{"uv":[12.0,0.0,8.0,4.0],"rotation":0,"texture":"#0","tintindex":0}}},{"from":[7.142857,7.357143,4.5],"to":[8.857143,9.071428,5.0714283],"rotation":{"angle":0.0,"axis":"y","origin":[8.0,6.214286,7.357143]},"faces":{"east":{"uv":[9.5,12.0,10.0,13.5],"rotation":0,"texture":"#0","tintindex":0},"south":{"uv":[7.0,10.0,8.5,11.5],"rotation":0,"texture":"#0","tintindex":0},"north":{"uv":[5.5,10.0,7.0,11.5],"rotation":0,"texture":"#0","tintindex":0},"west":{"uv":[10.0,12.0,10.5,13.5],"rotation":0,"texture":"#0","tintindex":0},"up":{"uv":[13.5,8.0,12.0,7.5],"rotation":0,"texture":"#0","tintindex":0},"down":{"uv":[12.0,12.0,10.5,12.5],"rotation":0,"texture":"#0","tintindex":0}}}],"textures":{"0":"modelengine:entity/floppy_ears"},"display":{"head":{"translation":[0.0,-6.4,0.0],"scale":[4.0,4.0,4.0]}}}