{"elements":[{"from":[7.428571,5.285714,7.428571],"to":[8.571428,8.142858,8.0],"rotation":{"angle":0.0,"axis":"y","origin":[7.5714283,10.571428,9.142858]},"faces":{"east":{"uv":[4.0,10.0,4.5,12.5],"rotation":0,"texture":"#0","tintindex":0},"south":{"uv":[9.0,9.0,10.0,11.5],"rotation":0,"texture":"#0","tintindex":0},"north":{"uv":[9.0,6.5,10.0,9.0],"rotation":0,"texture":"#0","tintindex":0},"west":{"uv":[10.0,9.5,10.5,12.0],"rotation":0,"texture":"#0","tintindex":0},"up":{"uv":[11.5,4.5,10.5,4.0],"rotation":0,"texture":"#0","tintindex":0},"down":{"uv":[12.5,6.0,11.5,6.5],"rotation":0,"texture":"#0","tintindex":0}}},{"from":[8.714286,8.285714,8.142858],"to":[7.285714,5.142857,7.285714],"rotation":{"angle":0.0,"axis":"y","origin":[7.5714283,10.571428,9.142858]},"faces":{"east":{"uv":[15.5,15.5,16.0,16.0],"rotation":0,"texture":"#0","tintindex":0},"south":{"uv":[15.5,15.5,16.0,16.0],"rotation":0,"texture":"#0","tintindex":0},"north":{"uv":[15.5,15.5,16.0,16.0],"rotation":0,"texture":"#0","tintindex":0},"west":{"uv":[15.5,15.5,16.0,16.0],"rotation":0,"texture":"#0","tintindex":0},"up":{"uv":[15.5,15.5,16.0,16.0],"rotation":0,"texture":"#0","tintindex":0},"down":{"uv":[15.5,15.5,16.0,16.0],"rotation":0,"texture":"#0","tintindex":0}}},{"from":[7.714286,8.142858,7.428571],"to":[8.285714,9.857143,8.571428],"rotation":{"angle":45.0,"axis":"x","origin":[8.285714,8.142858,7.428571]},"faces":{"east":{"uv":[10.0,6.5,11.0,8.0],"rotation":0,"texture":"#0","tintindex":0},"south":{"uv":[10.5,11.5,11.0,13.0],"rotation":0,"texture":"#0","tintindex":0},"north":{"uv":[9.5,11.5,10.0,13.0],"rotation":0,"texture":"#0","tintindex":0},"west":{"uv":[10.0,8.0,11.0,9.5],"rotation":0,"texture":"#0","tintindex":0},"up":{"uv":[0.5,13.0,0.0,12.0],"rotation":0,"texture":"#0","tintindex":0},"down":{"uv":[1.0,12.0,0.5,13.0],"rotation":0,"texture":"#0","tintindex":0}}},{"from":[8.428572,10.0,8.714286],"to":[7.5714283,8.0,7.285714],"rotation":{"angle":45.0,"axis":"x","origin":[8.285714,8.142858,7.428571]},"faces":{"east":{"uv":[15.5,15.5,16.0,16.0],"rotation":0,"texture":"#0","tintindex":0},"south":{"uv":[15.5,15.5,16.0,16.0],"rotation":0,"texture":"#0","tintindex":0},"north":{"uv":[15.5,15.5,16.0,16.0],"rotation":0,"texture":"#0","tintindex":0},"west":{"uv":[15.5,15.5,16.0,16.0],"rotation":0,"texture":"#0","tintindex":0},"up":{"uv":[15.5,15.0,16.0,15.5],"rotation":0,"texture":"#0","tintindex":0},"down":{"uv":[15.5,15.5,16.0,16.0],"rotation":0,"texture":"#0","tintindex":0}}}],"textures":{"0":"modelengine:entity/cracko"},"display":{"head":{"translation":[0.0,-6.4,0.0],"scale":[4.0,4.0,4.0]}}}