{
   "littleroom.astralarchon.constellation_cast":{
		 "sounds": [
			"littleroom/astralarchon/constellation_cast"
		 ]
   },
   "littleroom.astralarchon.constellation_fall":{
		 "sounds": [
			"littleroom/astralarchon/constellation_fall"
		 ]
   },
   "littleroom.astralarchon.constellation_form":{
		 "sounds": [
			"littleroom/astralarchon/constellation_form"
		 ]
   },
   "littleroom.astralarchon.death_fx":{
		 "sounds": [
			"littleroom/astralarchon/death_fx"
		 ]
   },
   "littleroom.astralarchon.double_shot":{
		 "sounds": [
			"littleroom/astralarchon/double_shot_1",
			"littleroom/astralarchon/double_shot_2"
		 ]
   },
   "littleroom.astralarchon.double_shot_projectile":{
		 "sounds": [
			"littleroom/astralarchon/double_shot_projectile"
		 ]
   },
   "littleroom.astralarchon.double_slash_loop":{
		 "sounds": [
			"littleroom/astralarchon/double_slash_loop"
		 ]
   },
   "littleroom.astralarchon.double_slash_swing":{
		 "sounds": [
			"littleroom/astralarchon/double_slash_swing"
			]
   },
   "littleroom.astralarchon.movement":{
		 "sounds": [
			"littleroom/astralarchon/movement_1",
			"littleroom/astralarchon/movement_2",
			"littleroom/astralarchon/movement_3",
			"littleroom/astralarchon/movement_4",
			"littleroom/astralarchon/movement_5"
		 ]
   },
   "littleroom.astralarchon.spin_slash":{
		 "sounds": [
			"littleroom/astralarchon/spin_slash_1",
			"littleroom/astralarchon/spin_slash_2",
			"littleroom/astralarchon/spin_slash_3"
		 ]
   },
   "littleroom.astralarchon.stun":{
		 "sounds": [
			"littleroom/astralarchon/stun"
		 ]
   },
   "littleroom.astralarchon.vibrant":{
		 "sounds": [
			"littleroom/astralarchon/vibrant"
		 ]
   }
}
