{"elements":[{"from":[5.714286,4.0,8.0],"to":[10.285714,8.0,8.0],"rotation":{"angle":0.0,"axis":"y","origin":[9.142858,10.571428,8.857143]},"faces":{"east":{"uv":[0.0,0.0,0.0,1.75],"rotation":0,"texture":"#1","tintindex":0},"south":{"uv":[6.0,0.0,4.0,1.75],"rotation":0,"texture":"#1","tintindex":0},"north":{"uv":[4.0,0.0,6.0,1.75],"rotation":0,"texture":"#1","tintindex":0},"west":{"uv":[0.0,0.0,0.0,1.75],"rotation":0,"texture":"#1","tintindex":0},"up":{"uv":[2.0,0.0,0.0,0.0],"rotation":0,"texture":"#1","tintindex":0},"down":{"uv":[2.0,0.0,0.0,0.0],"rotation":0,"texture":"#1","tintindex":0}}}],"textures":{"1":"modelengine:entity/azriel_follower"},"display":{"head":{"translation":[0.0,-6.4,0.0],"scale":[4.0,4.0,4.0]}}}