{"elements":[{"from":[6.5,5.428571,8.0],"to":[9.5,8.0,8.0],"rotation":{"angle":0.0,"axis":"y","origin":[8.0,-1.8571434,10.142858]},"faces":{"east":{"uv":[0.0,0.0,0.0,0.375],"rotation":0,"texture":"#0","tintindex":0},"south":{"uv":[8.1875,4.875,8.625,5.25],"rotation":0,"texture":"#0","tintindex":0},"north":{"uv":[3.25,8.1875,3.6875,8.5625],"rotation":0,"texture":"#0","tintindex":0},"west":{"uv":[0.0,0.0,0.0,0.375],"rotation":0,"texture":"#0","tintindex":0},"up":{"uv":[0.4375,0.0,0.0,0.0],"rotation":0,"texture":"#0","tintindex":0},"down":{"uv":[0.4375,0.0,0.0,0.0],"rotation":0,"texture":"#0","tintindex":0}}}],"textures":{"0":"modelengine:entity/dragon_sentinel_full"},"display":{"head":{"translation":[0.0,-6.4,0.0],"scale":[4.0,4.0,4.0]}}}