{"elements":[{"from":[7.5714283,5.642857,7.357143],"to":[8.428572,8.214286,8.642858],"rotation":{"angle":0.0,"axis":"y","origin":[7.5714283,7.357143,7.785714]},"faces":{"east":{"uv":[8.9375,9.25,9.125,9.625],"rotation":0,"texture":"#0","tintindex":0},"south":{"uv":[9.375,2.4375,9.5,2.8125],"rotation":0,"texture":"#0","tintindex":0},"north":{"uv":[6.375,8.4375,6.5,8.8125],"rotation":0,"texture":"#0","tintindex":0},"west":{"uv":[9.3125,1.0625,9.5,1.4375],"rotation":0,"texture":"#0","tintindex":0},"up":{"uv":[6.25,1.375,6.125,1.1875],"rotation":0,"texture":"#0","tintindex":0},"down":{"uv":[4.8125,6.1875,4.6875,6.375],"rotation":0,"texture":"#0","tintindex":0}}},{"from":[7.142857,2.642857,6.928571],"to":[8.857143,5.642857,9.071428],"rotation":{"angle":0.0,"axis":"y","origin":[7.5714283,4.785714,7.785714]},"faces":{"east":{"uv":[3.25,8.5625,3.5625,9.0],"rotation":0,"texture":"#0","tintindex":0},"south":{"uv":[5.3125,8.8125,5.5625,9.25],"rotation":0,"texture":"#0","tintindex":0},"north":{"uv":[5.25,6.8125,5.5,7.25],"rotation":0,"texture":"#0","tintindex":0},"west":{"uv":[4.1875,8.5625,4.5,9.0],"rotation":0,"texture":"#0","tintindex":0},"up":{"uv":[1.5625,9.5625,1.3125,9.25],"rotation":0,"texture":"#0","tintindex":0},"down":{"uv":[3.0,9.25,2.75,9.5625],"rotation":0,"texture":"#0","tintindex":0}}},{"from":[8.428572,0.49999952,6.928571],"to":[8.428572,2.642857,9.071428],"rotation":{"angle":45.0,"axis":"y","origin":[8.0,1.5714283,8.0]},"faces":{"east":{"uv":[2.9375,8.9375,3.25,9.25],"rotation":0,"texture":"#0","tintindex":0},"south":{"uv":[0.0,0.0,0.0,0.3125],"rotation":0,"texture":"#0","tintindex":0},"north":{"uv":[0.0,0.0,0.0,0.3125],"rotation":0,"texture":"#0","tintindex":0},"west":{"uv":[8.5,8.9375,8.8125,9.25],"rotation":0,"texture":"#0","tintindex":0},"up":{"uv":[0.0,0.3125,0.0,0.0],"rotation":0,"texture":"#0","tintindex":0},"down":{"uv":[0.0,0.0,0.0,0.3125],"rotation":0,"texture":"#0","tintindex":0}}}],"textures":{"0":"modelengine:entity/dragon_sentinel_full"},"display":{"head":{"translation":[0.0,-6.4,0.0],"scale":[4.0,4.0,4.0]}}}