{"elements":[{"from":[-6.1428576,1.7857141,8.0],"to":[8.0,21.07143,8.0],"rotation":{"angle":0.0,"axis":"y","origin":[3.5,6.285714,8.0]},"faces":{"east":{"uv":[0.0,0.0,0.0,2.8125],"rotation":0,"texture":"#0","tintindex":0},"south":{"uv":[4.125,0.0,2.0625,2.8125],"rotation":0,"texture":"#0","tintindex":0},"north":{"uv":[2.0625,0.0,0.0,2.8125],"rotation":0,"texture":"#0","tintindex":0},"west":{"uv":[0.0,0.0,0.0,2.8125],"rotation":0,"texture":"#0","tintindex":0},"up":{"uv":[0.0,0.0,2.0625,0.0],"rotation":0,"texture":"#0","tintindex":0},"down":{"uv":[0.0,0.0,2.0625,0.0],"rotation":0,"texture":"#0","tintindex":0}}}],"textures":{"0":"modelengine:entity/dragon_sentinel_full"},"display":{"head":{"translation":[0.0,-6.4,0.0],"scale":[4.0,4.0,4.0]}}}