{"elements":[{"from":[3.5,8.0,6.928571],"to":[8.642858,9.714286,9.071428],"rotation":{"angle":0.0,"axis":"y","origin":[1.9999995,7.357143,8.642858]},"faces":{"east":{"uv":[6.375,7.75,6.0625,8.0],"rotation":0,"texture":"#0","tintindex":0},"south":{"uv":[8.625,0.875,7.875,1.125],"rotation":0,"texture":"#0","tintindex":0},"north":{"uv":[7.1875,3.375,6.4375,3.625],"rotation":0,"texture":"#0","tintindex":0},"west":{"uv":[7.6875,1.4375,7.375,1.6875],"rotation":0,"texture":"#0","tintindex":0},"up":{"uv":[7.625,6.6875,8.375,6.375],"rotation":0,"texture":"#0","tintindex":0},"down":{"uv":[7.6875,1.8125,8.4375,2.125],"rotation":0,"texture":"#0","tintindex":0}}}],"textures":{"0":"modelengine:entity/dragon_sentinel_full"},"display":{"head":{"translation":[0.0,-6.4,0.0],"scale":[4.0,4.0,4.0]}}}