{"elements":[{"from":[1.3876004,7.91124,8.0],"to":[3.1018858,9.625525,8.0],"rotation":{"angle":45.0,"axis":"z","origin":[8.0304575,7.6969543,10.142858]},"faces":{"east":{"uv":[0.0,0.0,0.0,0.25],"rotation":0,"texture":"#0","tintindex":0},"south":{"uv":[9.5625,5.75,9.3125,6.0],"rotation":0,"texture":"#0","tintindex":0},"north":{"uv":[6.9375,7.125,6.6875,7.375],"rotation":0,"texture":"#0","tintindex":0},"west":{"uv":[0.0,0.0,0.0,0.25],"rotation":0,"texture":"#0","tintindex":0},"up":{"uv":[0.0,0.0,0.25,0.0],"rotation":0,"texture":"#0","tintindex":0},"down":{"uv":[0.0,0.0,0.25,0.0],"rotation":0,"texture":"#0","tintindex":0}}},{"from":[3.1018858,7.91124,7.357143],"to":[6.1018863,9.625525,8.642858],"rotation":{"angle":45.0,"axis":"z","origin":[8.0304575,7.6969543,10.357143]},"faces":{"east":{"uv":[3.875,9.4375,3.6875,9.6875],"rotation":0,"texture":"#0","tintindex":0},"south":{"uv":[1.125,8.9375,0.6875,9.1875],"rotation":0,"texture":"#0","tintindex":0},"north":{"uv":[9.375,0.5,8.9375,0.75],"rotation":0,"texture":"#0","tintindex":0},"west":{"uv":[3.6875,9.4375,3.5,9.6875],"rotation":0,"texture":"#0","tintindex":0},"up":{"uv":[6.375,5.125,6.8125,4.9375],"rotation":0,"texture":"#0","tintindex":0},"down":{"uv":[9.0,6.0625,9.4375,6.25],"rotation":0,"texture":"#0","tintindex":0}}},{"from":[5.0,5.8571424,7.142857],"to":[8.0,8.0,8.857143],"rotation":{"angle":0.0,"axis":"y","origin":[9.928572,5.642857,10.142858]},"faces":{"east":{"uv":[9.5,4.9375,9.25,5.25],"rotation":0,"texture":"#0","tintindex":0},"south":{"uv":[9.0625,5.4375,8.625,5.75],"rotation":0,"texture":"#0","tintindex":0},"north":{"uv":[9.0625,4.75,8.625,5.0625],"rotation":0,"texture":"#0","tintindex":0},"west":{"uv":[4.6875,9.25,4.4375,9.5625],"rotation":0,"texture":"#0","tintindex":0},"up":{"uv":[8.9375,0.25,9.375,0.0],"rotation":0,"texture":"#0","tintindex":0},"down":{"uv":[8.9375,0.25,9.375,0.5],"rotation":0,"texture":"#0","tintindex":0}}},{"from":[5.0,8.0,8.0],"to":[8.0,9.285714,8.0],"rotation":{"angle":0.0,"axis":"y","origin":[9.928572,5.642857,10.142858]},"faces":{"east":{"uv":[0.0,0.0,0.0,0.1875],"rotation":0,"texture":"#0","tintindex":0},"south":{"uv":[9.5,4.1875,9.0625,4.375],"rotation":0,"texture":"#0","tintindex":0},"north":{"uv":[9.5,2.8125,9.0625,3.0],"rotation":0,"texture":"#0","tintindex":0},"west":{"uv":[0.0,0.0,0.0,0.1875],"rotation":0,"texture":"#0","tintindex":0},"up":{"uv":[0.0,0.0,0.4375,0.0],"rotation":0,"texture":"#0","tintindex":0},"down":{"uv":[0.0,0.0,0.4375,0.0],"rotation":0,"texture":"#0","tintindex":0}}}],"textures":{"0":"modelengine:entity/dragon_sentinel_full"},"display":{"head":{"translation":[0.0,-6.4,0.0],"scale":[4.0,4.0,4.0]}}}