{"elements":[{"from":[1.3876004,7.91124,8.0],"to":[3.1018858,9.625525,8.0],"rotation":{"angle":45.0,"axis":"z","origin":[8.0304575,7.6969543,10.142858]},"faces":{"east":{"uv":[0.0,0.0,0.0,0.25],"rotation":0,"texture":"#0","tintindex":0},"south":{"uv":[8.375,9.3125,8.125,9.5625],"rotation":0,"texture":"#0","tintindex":0},"north":{"uv":[8.125,9.3125,7.875,9.5625],"rotation":0,"texture":"#0","tintindex":0},"west":{"uv":[0.0,0.0,0.0,0.25],"rotation":0,"texture":"#0","tintindex":0},"up":{"uv":[0.0,0.0,0.25,0.0],"rotation":0,"texture":"#0","tintindex":0},"down":{"uv":[0.0,0.0,0.25,0.0],"rotation":0,"texture":"#0","tintindex":0}}},{"from":[3.1018858,7.91124,7.357143],"to":[6.1018863,9.625525,8.642858],"rotation":{"angle":45.0,"axis":"z","origin":[8.0304575,7.6969543,10.357143]},"faces":{"east":{"uv":[5.125,9.4375,4.9375,9.6875],"rotation":0,"texture":"#0","tintindex":0},"south":{"uv":[2.5,8.9375,2.0625,9.1875],"rotation":0,"texture":"#0","tintindex":0},"north":{"uv":[2.0625,8.9375,1.625,9.1875],"rotation":0,"texture":"#0","tintindex":0},"west":{"uv":[4.0625,9.4375,3.875,9.6875],"rotation":0,"texture":"#0","tintindex":0},"up":{"uv":[9.125,3.875,9.5625,3.6875],"rotation":0,"texture":"#0","tintindex":0},"down":{"uv":[9.125,8.1875,9.5625,8.375],"rotation":0,"texture":"#0","tintindex":0}}},{"from":[5.0,5.8571424,7.142857],"to":[8.0,8.0,8.857143],"rotation":{"angle":0.0,"axis":"y","origin":[9.928572,5.642857,10.142858]},"faces":{"east":{"uv":[8.6875,9.25,8.4375,9.5625],"rotation":0,"texture":"#0","tintindex":0},"south":{"uv":[9.125,3.5625,8.6875,3.875],"rotation":0,"texture":"#0","tintindex":0},"north":{"uv":[8.9375,8.625,8.5,8.9375],"rotation":0,"texture":"#0","tintindex":0},"west":{"uv":[5.5625,9.25,5.3125,9.5625],"rotation":0,"texture":"#0","tintindex":0},"up":{"uv":[2.5,9.1875,2.9375,8.9375],"rotation":0,"texture":"#0","tintindex":0},"down":{"uv":[8.9375,3.1875,9.375,3.4375],"rotation":0,"texture":"#0","tintindex":0}}},{"from":[5.0,8.0,8.0],"to":[8.0,9.285714,8.0],"rotation":{"angle":0.0,"axis":"y","origin":[9.928572,5.642857,10.142858]},"faces":{"east":{"uv":[0.0,0.0,0.0,0.1875],"rotation":0,"texture":"#0","tintindex":0},"south":{"uv":[9.625,1.8125,9.1875,2.0],"rotation":0,"texture":"#0","tintindex":0},"north":{"uv":[9.625,1.625,9.1875,1.8125],"rotation":0,"texture":"#0","tintindex":0},"west":{"uv":[0.0,0.0,0.0,0.1875],"rotation":0,"texture":"#0","tintindex":0},"up":{"uv":[0.0,0.0,0.4375,0.0],"rotation":0,"texture":"#0","tintindex":0},"down":{"uv":[0.0,0.0,0.4375,0.0],"rotation":0,"texture":"#0","tintindex":0}}}],"textures":{"0":"modelengine:entity/dragon_sentinel_full"},"display":{"head":{"translation":[0.0,-6.4,0.0],"scale":[4.0,4.0,4.0]}}}