{"elements":[{"from":[6.0714283,5.0,8.857143],"to":[6.0714283,8.0,11.428572],"rotation":{"angle":-45.0,"axis":"y","origin":[6.0714283,6.5,10.142858]},"faces":{"east":{"uv":[8.625,0.0,8.25,0.4375],"rotation":0,"texture":"#0","tintindex":0},"south":{"uv":[0.0,0.0,0.0,0.4375],"rotation":0,"texture":"#0","tintindex":0},"north":{"uv":[0.0,0.0,0.0,0.4375],"rotation":0,"texture":"#0","tintindex":0},"west":{"uv":[0.375,8.125,0.0,8.5625],"rotation":0,"texture":"#0","tintindex":0},"up":{"uv":[0.0,0.375,0.0,0.0],"rotation":0,"texture":"#0","tintindex":0},"down":{"uv":[0.0,0.0,0.0,0.375],"rotation":0,"texture":"#0","tintindex":0}}},{"from":[10.031954,5.0,8.857143],"to":[10.031954,8.0,11.428572],"rotation":{"angle":45.0,"axis":"y","origin":[10.031954,6.5,10.142858]},"faces":{"east":{"uv":[8.625,7.5,8.25,7.9375],"rotation":0,"texture":"#0","tintindex":0},"south":{"uv":[0.0,0.0,0.0,0.4375],"rotation":0,"texture":"#0","tintindex":0},"north":{"uv":[0.0,0.0,0.0,0.4375],"rotation":0,"texture":"#0","tintindex":0},"west":{"uv":[8.625,7.0625,8.25,7.5],"rotation":0,"texture":"#0","tintindex":0},"up":{"uv":[0.0,0.375,0.0,0.0],"rotation":0,"texture":"#0","tintindex":0},"down":{"uv":[0.0,0.0,0.0,0.375],"rotation":0,"texture":"#0","tintindex":0}}},{"from":[6.9802628,5.0,7.9477024],"to":[9.12312,8.0,10.519131],"rotation":{"angle":0.0,"axis":"y","origin":[9.551691,2.4285712,9.661988]},"faces":{"east":{"uv":[6.0,8.25,5.625,8.6875],"rotation":0,"texture":"#0","tintindex":0},"south":{"uv":[8.9375,0.0,8.625,0.4375],"rotation":0,"texture":"#0","tintindex":0},"north":{"uv":[8.875,7.9375,8.5625,8.375],"rotation":0,"texture":"#0","tintindex":0},"west":{"uv":[8.625,5.5625,8.25,6.0],"rotation":0,"texture":"#0","tintindex":0},"up":{"uv":[4.5,9.25,4.8125,8.875],"rotation":0,"texture":"#0","tintindex":0},"down":{"uv":[8.875,6.25,9.1875,6.625],"rotation":0,"texture":"#0","tintindex":0}}},{"from":[6.12312,6.5837936,7.2916737],"to":[9.980263,11.2980795,7.2916737],"rotation":{"angle":-22.5,"axis":"x","origin":[8.051691,9.583794,7.2916737]},"faces":{"east":{"uv":[0.0,0.0,0.0,0.6875],"rotation":0,"texture":"#0","tintindex":0},"south":{"uv":[3.1875,6.3125,2.625,7.0],"rotation":0,"texture":"#0","tintindex":0},"north":{"uv":[2.625,6.3125,2.0625,7.0],"rotation":0,"texture":"#0","tintindex":0},"west":{"uv":[0.0,0.0,0.0,0.6875],"rotation":0,"texture":"#0","tintindex":0},"up":{"uv":[0.0,0.0,0.5625,0.0],"rotation":0,"texture":"#0","tintindex":0},"down":{"uv":[0.0,0.0,0.5625,0.0],"rotation":0,"texture":"#0","tintindex":0}}},{"from":[7.1945486,0.28571415,8.376274],"to":[8.908834,5.0,10.947702],"rotation":{"angle":0.0,"axis":"y","origin":[9.765977,-0.57142925,10.09056]},"faces":{"east":{"uv":[0.375,7.4375,0.0,8.125],"rotation":0,"texture":"#0","tintindex":0},"south":{"uv":[5.1875,8.0625,4.9375,8.75],"rotation":0,"texture":"#0","tintindex":0},"north":{"uv":[1.4375,8.0625,1.1875,8.75],"rotation":0,"texture":"#0","tintindex":0},"west":{"uv":[7.4375,7.375,7.0625,8.0625],"rotation":0,"texture":"#0","tintindex":0},"up":{"uv":[5.875,9.4375,6.125,9.0625],"rotation":0,"texture":"#0","tintindex":0},"down":{"uv":[6.125,9.0625,6.375,9.4375],"rotation":0,"texture":"#0","tintindex":0}}},{"from":[6.285714,1.9999995,9.285714],"to":[6.285714,5.0,11.0],"rotation":{"angle":-45.0,"axis":"y","origin":[6.285714,3.5,10.571428]},"faces":{"east":{"uv":[8.0625,8.875,7.8125,9.3125],"rotation":0,"texture":"#0","tintindex":0},"south":{"uv":[0.0,0.0,0.0,0.4375],"rotation":0,"texture":"#0","tintindex":0},"north":{"uv":[0.0,0.0,0.0,0.4375],"rotation":0,"texture":"#0","tintindex":0},"west":{"uv":[7.8125,8.875,7.5625,9.3125],"rotation":0,"texture":"#0","tintindex":0},"up":{"uv":[0.0,0.25,0.0,0.0],"rotation":0,"texture":"#0","tintindex":0},"down":{"uv":[0.0,0.0,0.0,0.25],"rotation":0,"texture":"#0","tintindex":0}}},{"from":[9.817669,1.9999995,9.285714],"to":[9.817669,5.0,11.0],"rotation":{"angle":45.0,"axis":"y","origin":[9.817669,3.5,10.571428]},"faces":{"east":{"uv":[0.25,8.9375,0.0,9.375],"rotation":0,"texture":"#0","tintindex":0},"south":{"uv":[0.0,0.0,0.0,0.4375],"rotation":0,"texture":"#0","tintindex":0},"north":{"uv":[0.0,0.0,0.0,0.4375],"rotation":0,"texture":"#0","tintindex":0},"west":{"uv":[9.125,7.9375,8.875,8.375],"rotation":0,"texture":"#0","tintindex":0},"up":{"uv":[0.0,0.25,0.0,0.0],"rotation":0,"texture":"#0","tintindex":0},"down":{"uv":[0.0,0.0,0.0,0.25],"rotation":0,"texture":"#0","tintindex":0}}}],"textures":{"0":"modelengine:entity/dragon_sentinel_full"},"display":{"head":{"translation":[0.0,-6.4,0.0],"scale":[4.0,4.0,4.0]}}}