{"elements":[{"from":[7.0215845,3.2857141,7.4974084],"to":[8.307299,8.0,12.211695],"rotation":{"angle":-22.5,"axis":"y","origin":[7.2358704,5.642857,9.211695]},"faces":{"east":{"uv":[3.375,5.625,4.0625,6.3125],"rotation":0,"texture":"#0","tintindex":0},"south":{"uv":[3.9375,8.75,4.125,9.4375],"rotation":0,"texture":"#0","tintindex":0},"north":{"uv":[3.75,8.75,3.9375,9.4375],"rotation":0,"texture":"#0","tintindex":0},"west":{"uv":[4.8125,5.6875,5.5,6.375],"rotation":0,"texture":"#0","tintindex":0},"up":{"uv":[5.125,9.4375,4.9375,8.75],"rotation":0,"texture":"#0","tintindex":0},"down":{"uv":[5.3125,8.8125,5.125,9.5],"rotation":0,"texture":"#0","tintindex":0}}},{"from":[7.450156,0.28571415,7.721286],"to":[8.307299,3.2857141,8.578429],"rotation":{"angle":22.5,"axis":"y","origin":[7.2358704,5.642857,6.8641434]},"faces":{"east":{"uv":[2.5625,9.375,2.6875,9.8125],"rotation":0,"texture":"#0","tintindex":0},"south":{"uv":[9.375,4.375,9.5,4.8125],"rotation":0,"texture":"#0","tintindex":0},"north":{"uv":[2.4375,9.375,2.5625,9.8125],"rotation":0,"texture":"#0","tintindex":0},"west":{"uv":[9.375,5.25,9.5,5.6875],"rotation":0,"texture":"#0","tintindex":0},"up":{"uv":[6.875,6.375,6.75,6.25],"rotation":0,"texture":"#0","tintindex":0},"down":{"uv":[3.1875,7.0,3.0625,7.125],"rotation":0,"texture":"#0","tintindex":0}}},{"from":[7.450156,0.28571415,7.4974084],"to":[8.307299,3.2857141,8.354551],"rotation":{"angle":-22.5,"axis":"y","origin":[7.2358704,5.642857,9.211695]},"faces":{"east":{"uv":[5.75,9.3125,5.875,9.75],"rotation":0,"texture":"#0","tintindex":0},"south":{"uv":[9.375,2.0,9.5,2.4375],"rotation":0,"texture":"#0","tintindex":0},"north":{"uv":[1.9375,7.25,2.0625,7.6875],"rotation":0,"texture":"#0","tintindex":0},"west":{"uv":[2.3125,9.375,2.4375,9.8125],"rotation":0,"texture":"#0","tintindex":0},"up":{"uv":[6.0625,5.6875,5.9375,5.5625],"rotation":0,"texture":"#0","tintindex":0},"down":{"uv":[4.0,6.75,3.875,6.875],"rotation":0,"texture":"#0","tintindex":0}}},{"from":[7.0215845,-1.4285717,7.4974084],"to":[7.8787274,3.2857141,11.783123],"rotation":{"angle":-22.5,"axis":"y","origin":[6.807299,0.9285712,9.211695]},"faces":{"east":{"uv":[6.125,5.75,6.75,6.4375],"rotation":0,"texture":"#0","tintindex":0},"south":{"uv":[0.25,8.9375,0.375,9.625],"rotation":0,"texture":"#0","tintindex":0},"north":{"uv":[4.8125,8.875,4.9375,9.5625],"rotation":0,"texture":"#0","tintindex":0},"west":{"uv":[4.0625,6.1875,4.6875,6.875],"rotation":0,"texture":"#0","tintindex":0},"up":{"uv":[7.0625,9.8125,6.9375,9.1875],"rotation":0,"texture":"#0","tintindex":0},"down":{"uv":[3.125,9.25,3.0,9.875],"rotation":0,"texture":"#0","tintindex":0}}},{"from":[7.8787274,-2.7142859,7.4974084],"to":[7.8787274,-1.4285717,11.783123],"rotation":{"angle":-22.5,"axis":"y","origin":[6.807299,0.9285712,9.211695]},"faces":{"east":{"uv":[8.625,3.0,9.25,3.1875],"rotation":0,"texture":"#0","tintindex":0},"south":{"uv":[0.0,0.0,0.0,0.1875],"rotation":0,"texture":"#0","tintindex":0},"north":{"uv":[0.0,0.0,0.0,0.1875],"rotation":0,"texture":"#0","tintindex":0},"west":{"uv":[8.625,5.0625,9.25,5.25],"rotation":0,"texture":"#0","tintindex":0},"up":{"uv":[0.0,0.625,0.0,0.0],"rotation":0,"texture":"#0","tintindex":0},"down":{"uv":[0.0,0.0,0.0,0.625],"rotation":0,"texture":"#0","tintindex":0}}},{"from":[7.0215845,-1.4285717,6.0070004],"to":[7.8787274,3.2857141,8.578429],"rotation":{"angle":22.5,"axis":"y","origin":[6.807299,0.9285712,6.8641434]},"faces":{"east":{"uv":[3.75,7.3125,4.125,8.0],"rotation":0,"texture":"#0","tintindex":0},"south":{"uv":[2.0,9.1875,2.125,9.875],"rotation":0,"texture":"#0","tintindex":0},"north":{"uv":[6.375,9.0625,6.5,9.75],"rotation":0,"texture":"#0","tintindex":0},"west":{"uv":[4.125,7.3125,4.5,8.0],"rotation":0,"texture":"#0","tintindex":0},"up":{"uv":[9.5,7.0,9.375,6.625],"rotation":0,"texture":"#0","tintindex":0},"down":{"uv":[6.875,9.375,6.75,9.75],"rotation":0,"texture":"#0","tintindex":0}}},{"from":[7.8787274,-2.7142859,6.0070004],"to":[7.8787274,-1.4285717,8.578429],"rotation":{"angle":22.5,"axis":"y","origin":[6.807299,0.9285712,6.8641434]},"faces":{"east":{"uv":[1.625,6.125,2.0,6.3125],"rotation":0,"texture":"#0","tintindex":0},"south":{"uv":[0.0,0.0,0.0,0.1875],"rotation":0,"texture":"#0","tintindex":0},"north":{"uv":[0.0,0.0,0.0,0.1875],"rotation":0,"texture":"#0","tintindex":0},"west":{"uv":[9.25,3.0,9.625,3.1875],"rotation":0,"texture":"#0","tintindex":0},"up":{"uv":[0.0,0.375,0.0,0.0],"rotation":0,"texture":"#0","tintindex":0},"down":{"uv":[0.0,0.0,0.0,0.375],"rotation":0,"texture":"#0","tintindex":0}}},{"from":[7.0215845,3.2857141,5.5784287],"to":[8.307299,8.0,8.578429],"rotation":{"angle":22.5,"axis":"y","origin":[7.2358704,5.642857,6.8641434]},"faces":{"east":{"uv":[6.9375,6.6875,7.375,7.375],"rotation":0,"texture":"#0","tintindex":0},"south":{"uv":[3.5625,8.75,3.75,9.4375],"rotation":0,"texture":"#0","tintindex":0},"north":{"uv":[1.125,8.75,1.3125,9.4375],"rotation":0,"texture":"#0","tintindex":0},"west":{"uv":[2.0625,7.0,2.5,7.6875],"rotation":0,"texture":"#0","tintindex":0},"up":{"uv":[6.125,5.5625,5.9375,5.125],"rotation":0,"texture":"#0","tintindex":0},"down":{"uv":[2.3125,9.1875,2.125,9.625],"rotation":0,"texture":"#0","tintindex":0}}},{"from":[7.357143,3.2857141,4.3571424],"to":[9.928572,8.0,4.3571424],"rotation":{"angle":45.0,"axis":"y","origin":[8.642858,5.642857,4.3571424]},"faces":{"east":{"uv":[0.0,0.0,0.0,0.6875],"rotation":0,"texture":"#0","tintindex":0},"south":{"uv":[4.875,7.375,5.25,8.0625],"rotation":0,"texture":"#0","tintindex":0},"north":{"uv":[4.5,7.375,4.875,8.0625],"rotation":0,"texture":"#0","tintindex":0},"west":{"uv":[0.0,0.0,0.0,0.6875],"rotation":0,"texture":"#0","tintindex":0},"up":{"uv":[0.375,0.0,0.0,0.0],"rotation":0,"texture":"#0","tintindex":0},"down":{"uv":[0.375,0.0,0.0,0.0],"rotation":0,"texture":"#0","tintindex":0}}}],"textures":{"0":"modelengine:entity/dragon_sentinel_full"},"display":{"head":{"translation":[0.0,-6.4,0.0],"scale":[4.0,4.0,4.0]}}}