{"elements":[{"from":[7.357143,8.0,6.928571],"to":[12.5,9.714286,9.071428],"rotation":{"angle":0.0,"axis":"y","origin":[14.0,7.357143,8.642858]},"faces":{"east":{"uv":[7.375,1.4375,7.6875,1.6875],"rotation":0,"texture":"#0","tintindex":0},"south":{"uv":[7.875,0.875,8.625,1.125],"rotation":0,"texture":"#0","tintindex":0},"north":{"uv":[6.4375,3.375,7.1875,3.625],"rotation":0,"texture":"#0","tintindex":0},"west":{"uv":[6.0625,7.75,6.375,8.0],"rotation":0,"texture":"#0","tintindex":0},"up":{"uv":[8.375,6.6875,7.625,6.375],"rotation":0,"texture":"#0","tintindex":0},"down":{"uv":[8.4375,1.8125,7.6875,2.125],"rotation":0,"texture":"#0","tintindex":0}}}],"textures":{"0":"modelengine:entity/dragon_sentinel_full"},"display":{"head":{"translation":[0.0,-6.4,0.0],"scale":[4.0,4.0,4.0]}}}