{"elements":[{"from":[8.0,6.782672,5.4237757],"to":[10.142858,9.782672,8.423776],"rotation":{"angle":0.0,"axis":"y","origin":[8.214286,6.568386,7.5666327]},"faces":{"east":{"uv":[6.0625,8.0,6.5,8.4375],"rotation":0,"texture":"#0","tintindex":0},"south":{"uv":[8.625,7.0625,8.9375,7.5],"rotation":0,"texture":"#0","tintindex":0},"north":{"uv":[8.625,6.625,8.9375,7.0625],"rotation":0,"texture":"#0","tintindex":0},"west":{"uv":[0.375,8.0625,0.8125,8.5],"rotation":0,"texture":"#0","tintindex":0},"up":{"uv":[8.9375,7.9375,8.625,7.5],"rotation":0,"texture":"#0","tintindex":0},"down":{"uv":[8.5,8.625,8.1875,9.0625],"rotation":0,"texture":"#0","tintindex":0}}},{"from":[10.142858,6.782672,4.5666323],"to":[16.142857,8.9255295,9.280918],"rotation":{"angle":0.0,"axis":"y","origin":[14.214286,6.568386,7.5666327]},"faces":{"east":{"uv":[7.6875,2.125,8.375,2.4375],"rotation":0,"texture":"#0","tintindex":0},"south":{"uv":[7.1875,4.1875,8.0625,4.5],"rotation":0,"texture":"#0","tintindex":0},"north":{"uv":[6.875,5.375,7.75,5.6875],"rotation":0,"texture":"#0","tintindex":0},"west":{"uv":[7.75,5.25,8.4375,5.5625],"rotation":0,"texture":"#0","tintindex":0},"up":{"uv":[5.75,4.4375,4.875,3.75],"rotation":0,"texture":"#0","tintindex":0},"down":{"uv":[5.75,4.4375,4.875,5.125],"rotation":0,"texture":"#0","tintindex":0}}},{"from":[9.714286,8.214286,4.045306],"to":[16.57143,10.357143,7.4738774],"rotation":{"angle":-22.5,"axis":"x","origin":[14.214286,9.285714,5.7595916]},"faces":{"east":{"uv":[8.375,6.3125,8.875,6.625],"rotation":0,"texture":"#0","tintindex":0},"south":{"uv":[6.875,0.5,7.875,0.8125],"rotation":0,"texture":"#0","tintindex":0},"north":{"uv":[6.6875,1.6875,7.6875,2.0],"rotation":0,"texture":"#0","tintindex":0},"west":{"uv":[8.4375,0.4375,8.9375,0.75],"rotation":0,"texture":"#0","tintindex":0},"up":{"uv":[6.4375,3.125,5.4375,2.625],"rotation":0,"texture":"#0","tintindex":0},"down":{"uv":[6.4375,3.125,5.4375,3.625],"rotation":0,"texture":"#0","tintindex":0}}},{"from":[6.714286,10.931614,6.9333673],"to":[15.714286,14.360186,6.9333673],"rotation":{"angle":0.0,"axis":"y","origin":[14.214286,12.003042,5.2190814]},"faces":{"east":{"uv":[0.0,0.0,0.0,0.5],"rotation":0,"texture":"#0","tintindex":0},"south":{"uv":[4.125,3.25,5.4375,3.75],"rotation":0,"texture":"#0","tintindex":0},"north":{"uv":[4.125,2.75,5.4375,3.25],"rotation":0,"texture":"#0","tintindex":0},"west":{"uv":[0.0,0.0,0.0,0.5],"rotation":0,"texture":"#0","tintindex":0},"up":{"uv":[1.3125,0.0,0.0,0.0],"rotation":0,"texture":"#0","tintindex":0},"down":{"uv":[1.3125,0.0,0.0,0.0],"rotation":0,"texture":"#0","tintindex":0}}},{"from":[6.714286,10.357143,4.045306],"to":[9.714286,10.357143,7.4738774],"rotation":{"angle":-22.5,"axis":"x","origin":[14.214286,9.285714,5.7595916]},"faces":{"east":{"uv":[0.0,0.0,0.5,0.0],"rotation":0,"texture":"#0","tintindex":0},"south":{"uv":[0.0,0.0,0.4375,0.0],"rotation":0,"texture":"#0","tintindex":0},"north":{"uv":[0.0,0.0,0.4375,0.0],"rotation":0,"texture":"#0","tintindex":0},"west":{"uv":[0.0,0.0,0.5,0.0],"rotation":0,"texture":"#0","tintindex":0},"up":{"uv":[8.1875,7.1875,7.75,6.6875],"rotation":0,"texture":"#0","tintindex":0},"down":{"uv":[8.25,0.0,7.8125,0.5],"rotation":0,"texture":"#0","tintindex":0}}},{"from":[6.714286,10.357143,6.392857],"to":[9.714286,10.357143,9.821428],"rotation":{"angle":22.5,"axis":"x","origin":[14.214286,9.285714,8.107142]},"faces":{"east":{"uv":[0.0,0.0,0.5,0.0],"rotation":0,"texture":"#0","tintindex":0},"south":{"uv":[0.0,0.0,0.4375,0.0],"rotation":0,"texture":"#0","tintindex":0},"north":{"uv":[0.0,0.0,0.4375,0.0],"rotation":0,"texture":"#0","tintindex":0},"west":{"uv":[0.0,0.0,0.5,0.0],"rotation":0,"texture":"#0","tintindex":0},"up":{"uv":[8.25,7.6875,7.8125,7.1875],"rotation":0,"texture":"#0","tintindex":0},"down":{"uv":[8.25,7.6875,7.8125,8.1875],"rotation":0,"texture":"#0","tintindex":0}}},{"from":[9.714286,8.214286,6.392857],"to":[16.57143,10.357143,9.821428],"rotation":{"angle":22.5,"axis":"x","origin":[14.214286,9.285714,8.107142]},"faces":{"east":{"uv":[3.6875,8.4375,4.1875,8.75],"rotation":0,"texture":"#0","tintindex":0},"south":{"uv":[6.875,2.5625,7.875,2.875],"rotation":0,"texture":"#0","tintindex":0},"north":{"uv":[6.875,0.8125,7.875,1.125],"rotation":0,"texture":"#0","tintindex":0},"west":{"uv":[8.4375,4.4375,8.9375,4.75],"rotation":0,"texture":"#0","tintindex":0},"up":{"uv":[1.0,6.125,0.0,5.625],"rotation":0,"texture":"#0","tintindex":0},"down":{"uv":[2.0,5.625,1.0,6.125],"rotation":0,"texture":"#0","tintindex":0}}}],"textures":{"0":"modelengine:entity/dragon_sentinel_full"},"display":{"head":{"translation":[0.0,-6.4,0.0],"scale":[4.0,4.0,4.0]}}}