{"elements":[{"from":[9.928572,5.0,8.857143],"to":[9.928572,8.0,11.428572],"rotation":{"angle":45.0,"axis":"y","origin":[9.928572,6.5,10.142858]},"faces":{"east":{"uv":[0.0,8.125,0.375,8.5625],"rotation":0,"texture":"#0","tintindex":0},"south":{"uv":[0.0,0.0,0.0,0.4375],"rotation":0,"texture":"#0","tintindex":0},"north":{"uv":[0.0,0.0,0.0,0.4375],"rotation":0,"texture":"#0","tintindex":0},"west":{"uv":[8.25,0.0,8.625,0.4375],"rotation":0,"texture":"#0","tintindex":0},"up":{"uv":[0.0,0.375,0.0,0.0],"rotation":0,"texture":"#0","tintindex":0},"down":{"uv":[0.0,0.0,0.0,0.375],"rotation":0,"texture":"#0","tintindex":0}}},{"from":[5.9680457,5.0,8.857143],"to":[5.9680457,8.0,11.428572],"rotation":{"angle":-45.0,"axis":"y","origin":[5.9680457,6.5,10.142858]},"faces":{"east":{"uv":[8.25,7.0625,8.625,7.5],"rotation":0,"texture":"#0","tintindex":0},"south":{"uv":[0.0,0.0,0.0,0.4375],"rotation":0,"texture":"#0","tintindex":0},"north":{"uv":[0.0,0.0,0.0,0.4375],"rotation":0,"texture":"#0","tintindex":0},"west":{"uv":[8.25,7.5,8.625,7.9375],"rotation":0,"texture":"#0","tintindex":0},"up":{"uv":[0.0,0.375,0.0,0.0],"rotation":0,"texture":"#0","tintindex":0},"down":{"uv":[0.0,0.0,0.0,0.375],"rotation":0,"texture":"#0","tintindex":0}}},{"from":[6.8768797,5.0,7.9477024],"to":[9.019737,8.0,10.519131],"rotation":{"angle":0.0,"axis":"y","origin":[6.4483085,2.4285712,9.661988]},"faces":{"east":{"uv":[8.25,5.5625,8.625,6.0],"rotation":0,"texture":"#0","tintindex":0},"south":{"uv":[8.625,0.0,8.9375,0.4375],"rotation":0,"texture":"#0","tintindex":0},"north":{"uv":[8.5625,7.9375,8.875,8.375],"rotation":0,"texture":"#0","tintindex":0},"west":{"uv":[5.625,8.25,6.0,8.6875],"rotation":0,"texture":"#0","tintindex":0},"up":{"uv":[4.8125,9.25,4.5,8.875],"rotation":0,"texture":"#0","tintindex":0},"down":{"uv":[9.1875,6.25,8.875,6.625],"rotation":0,"texture":"#0","tintindex":0}}},{"from":[6.0197372,6.5837936,7.2916737],"to":[9.876881,11.2980795,7.2916737],"rotation":{"angle":-22.5,"axis":"x","origin":[7.9483085,9.583794,7.2916737]},"faces":{"east":{"uv":[0.0,0.0,0.0,0.6875],"rotation":0,"texture":"#0","tintindex":0},"south":{"uv":[2.625,6.3125,3.1875,7.0],"rotation":0,"texture":"#0","tintindex":0},"north":{"uv":[2.0625,6.3125,2.625,7.0],"rotation":0,"texture":"#0","tintindex":0},"west":{"uv":[0.0,0.0,0.0,0.6875],"rotation":0,"texture":"#0","tintindex":0},"up":{"uv":[0.5625,0.0,0.0,0.0],"rotation":0,"texture":"#0","tintindex":0},"down":{"uv":[0.5625,0.0,0.0,0.0],"rotation":0,"texture":"#0","tintindex":0}}},{"from":[7.0911655,0.28571415,8.376274],"to":[8.805451,5.0,10.947702],"rotation":{"angle":0.0,"axis":"y","origin":[6.234023,-0.57142925,10.09056]},"faces":{"east":{"uv":[7.0625,7.375,7.4375,8.0625],"rotation":0,"texture":"#0","tintindex":0},"south":{"uv":[4.9375,8.0625,5.1875,8.75],"rotation":0,"texture":"#0","tintindex":0},"north":{"uv":[1.1875,8.0625,1.4375,8.75],"rotation":0,"texture":"#0","tintindex":0},"west":{"uv":[0.0,7.4375,0.375,8.125],"rotation":0,"texture":"#0","tintindex":0},"up":{"uv":[6.125,9.4375,5.875,9.0625],"rotation":0,"texture":"#0","tintindex":0},"down":{"uv":[6.375,9.0625,6.125,9.4375],"rotation":0,"texture":"#0","tintindex":0}}},{"from":[9.714286,1.9999995,9.285714],"to":[9.714286,5.0,11.0],"rotation":{"angle":45.0,"axis":"y","origin":[9.714286,3.5,10.571428]},"faces":{"east":{"uv":[7.5625,8.875,7.8125,9.3125],"rotation":0,"texture":"#0","tintindex":0},"south":{"uv":[0.0,0.0,0.0,0.4375],"rotation":0,"texture":"#0","tintindex":0},"north":{"uv":[0.0,0.0,0.0,0.4375],"rotation":0,"texture":"#0","tintindex":0},"west":{"uv":[7.8125,8.875,8.0625,9.3125],"rotation":0,"texture":"#0","tintindex":0},"up":{"uv":[0.0,0.25,0.0,0.0],"rotation":0,"texture":"#0","tintindex":0},"down":{"uv":[0.0,0.0,0.0,0.25],"rotation":0,"texture":"#0","tintindex":0}}},{"from":[6.1823316,1.9999995,9.285714],"to":[6.1823316,5.0,11.0],"rotation":{"angle":-45.0,"axis":"y","origin":[6.1823316,3.5,10.571428]},"faces":{"east":{"uv":[8.875,7.9375,9.125,8.375],"rotation":0,"texture":"#0","tintindex":0},"south":{"uv":[0.0,0.0,0.0,0.4375],"rotation":0,"texture":"#0","tintindex":0},"north":{"uv":[0.0,0.0,0.0,0.4375],"rotation":0,"texture":"#0","tintindex":0},"west":{"uv":[0.0,8.9375,0.25,9.375],"rotation":0,"texture":"#0","tintindex":0},"up":{"uv":[0.0,0.25,0.0,0.0],"rotation":0,"texture":"#0","tintindex":0},"down":{"uv":[0.0,0.0,0.0,0.25],"rotation":0,"texture":"#0","tintindex":0}}}],"textures":{"0":"modelengine:entity/dragon_sentinel_full"},"display":{"head":{"translation":[0.0,-6.4,0.0],"scale":[4.0,4.0,4.0]}}}