{"elements":[{"from":[8.75,8.0,6.0714283],"to":[11.321428,10.571428,8.642858],"rotation":{"angle":45.0,"axis":"y","origin":[10.678572,8.428572,8.0]},"faces":{"east":{"uv":[1.75,8.5625,2.125,8.9375],"rotation":0,"texture":"#0","tintindex":0},"south":{"uv":[2.125,8.5625,2.5,8.9375],"rotation":0,"texture":"#0","tintindex":0},"north":{"uv":[0.75,8.5625,1.125,8.9375],"rotation":0,"texture":"#0","tintindex":0},"west":{"uv":[2.5,8.5625,2.875,8.9375],"rotation":0,"texture":"#0","tintindex":0},"up":{"uv":[3.25,8.9375,2.875,8.5625],"rotation":0,"texture":"#0","tintindex":0},"down":{"uv":[8.9375,3.1875,8.5625,3.5625],"rotation":0,"texture":"#0","tintindex":0}}},{"from":[7.464286,7.142857,5.642857],"to":[12.607143,8.857143,9.928572],"rotation":{"angle":22.5,"axis":"z","origin":[7.464286,8.0,7.785714]},"faces":{"east":{"uv":[8.375,2.1875,9.0,2.4375],"rotation":0,"texture":"#0","tintindex":0},"south":{"uv":[6.5,8.0625,7.25,8.3125],"rotation":0,"texture":"#0","tintindex":0},"north":{"uv":[8.0625,4.1875,8.8125,4.4375],"rotation":0,"texture":"#0","tintindex":0},"west":{"uv":[8.4375,2.4375,9.0625,2.6875],"rotation":0,"texture":"#0","tintindex":0},"up":{"uv":[6.875,1.1875,6.125,0.5625],"rotation":0,"texture":"#0","tintindex":0},"down":{"uv":[6.875,5.125,6.125,5.75],"rotation":0,"texture":"#0","tintindex":0}}},{"from":[11.765229,7.142857,8.0],"to":[14.336658,11.857143,8.0],"rotation":{"angle":0.0,"axis":"y","origin":[13.6938,9.714286,6.0714283]},"faces":{"east":{"uv":[0.0,0.0,0.0,0.6875],"rotation":0,"texture":"#0","tintindex":0},"south":{"uv":[2.5,7.5,2.875,8.1875],"rotation":0,"texture":"#0","tintindex":0},"north":{"uv":[7.4375,7.375,7.8125,8.0625],"rotation":0,"texture":"#0","tintindex":0},"west":{"uv":[0.0,0.0,0.0,0.6875],"rotation":0,"texture":"#0","tintindex":0},"up":{"uv":[0.375,0.0,0.0,0.0],"rotation":0,"texture":"#0","tintindex":0},"down":{"uv":[0.375,0.0,0.0,0.0],"rotation":0,"texture":"#0","tintindex":0}}},{"from":[8.321428,6.714286,6.0714283],"to":[12.178572,8.0,9.928572],"rotation":{"angle":45.0,"axis":"y","origin":[10.25,7.5714283,8.0]},"faces":{"east":{"uv":[8.9375,7.375,9.5,7.5625],"rotation":0,"texture":"#0","tintindex":0},"south":{"uv":[8.9375,7.5625,9.5,7.75],"rotation":0,"texture":"#0","tintindex":0},"north":{"uv":[8.75,2.0,9.3125,2.1875],"rotation":0,"texture":"#0","tintindex":0},"west":{"uv":[8.9375,7.75,9.5,7.9375],"rotation":0,"texture":"#0","tintindex":0},"up":{"uv":[5.25,7.375,4.6875,6.8125],"rotation":0,"texture":"#0","tintindex":0},"down":{"uv":[0.5625,6.875,0.0,7.4375],"rotation":0,"texture":"#0","tintindex":0}}}],"textures":{"0":"modelengine:entity/dragon_sentinel_full"},"display":{"head":{"translation":[0.0,-6.4,0.0],"scale":[4.0,4.0,4.0]}}}