{"elements":[{"from":[5.642857,6.1943884,6.7032585],"to":[10.357143,7.9086742,9.7032585],"rotation":{"angle":-22.5,"axis":"x","origin":[8.0,7.2658167,8.2032585]},"faces":{"east":{"uv":[8.875,1.0625,9.3125,1.3125],"rotation":0,"texture":"#0","tintindex":0},"south":{"uv":[8.1875,1.125,8.875,1.375],"rotation":0,"texture":"#0","tintindex":0},"north":{"uv":[8.125,3.9375,8.8125,4.1875],"rotation":0,"texture":"#0","tintindex":0},"west":{"uv":[7.125,8.875,7.5625,9.125],"rotation":0,"texture":"#0","tintindex":0},"up":{"uv":[7.5625,5.375,6.875,4.9375],"rotation":0,"texture":"#0","tintindex":0},"down":{"uv":[7.625,6.25,6.9375,6.6875],"rotation":0,"texture":"#0","tintindex":0}}},{"from":[6.928571,6.0,5.714286],"to":[9.071428,8.142858,6.5714283],"rotation":{"angle":-45.0,"axis":"z","origin":[8.0,7.0714283,6.142857]},"faces":{"east":{"uv":[1.1875,9.4375,1.3125,9.75],"rotation":0,"texture":"#0","tintindex":0},"south":{"uv":[9.0,5.75,9.3125,6.0625],"rotation":0,"texture":"#0","tintindex":0},"north":{"uv":[5.5625,9.0,5.875,9.3125],"rotation":0,"texture":"#0","tintindex":0},"west":{"uv":[6.0625,9.4375,6.1875,9.75],"rotation":0,"texture":"#0","tintindex":0},"up":{"uv":[8.0625,5.6875,7.75,5.5625],"rotation":0,"texture":"#0","tintindex":0},"down":{"uv":[9.625,1.4375,9.3125,1.5625],"rotation":0,"texture":"#0","tintindex":0}}},{"from":[5.642857,7.285714,6.5714283],"to":[10.357143,12.857143,9.571428],"rotation":{"angle":0.0,"axis":"y","origin":[8.0,12.0,7.428571]},"faces":{"east":{"uv":[6.4375,2.5625,6.875,3.375],"rotation":0,"texture":"#0","tintindex":0},"south":{"uv":[5.4375,0.5625,6.125,1.375],"rotation":0,"texture":"#0","tintindex":0},"north":{"uv":[4.125,5.375,4.8125,6.1875],"rotation":0,"texture":"#0","tintindex":0},"west":{"uv":[5.5,6.4375,5.9375,7.25],"rotation":0,"texture":"#0","tintindex":0},"up":{"uv":[7.5625,3.3125,6.875,2.875],"rotation":0,"texture":"#0","tintindex":0},"down":{"uv":[4.5625,6.875,3.875,7.3125],"rotation":0,"texture":"#0","tintindex":0}}}],"textures":{"0":"modelengine:entity/dragon_sentinel_full"},"display":{"head":{"translation":[0.0,-6.4,0.0],"scale":[4.0,4.0,4.0]}}}