{
	"credit": "Made with Blockbench",
	"texture_size": [64, 64],
	"textures": {
		"0": "littleroom_zahar:zahar_guts",
		"particle": "littleroom_zahar:zahar_guts"
	},
	"elements": [
		{
			"from": [6, 3, 1],
			"to": [14, 11, 10],
			"rotation": {"angle": 0, "axis": "y", "origin": [-4, 3, 0]},
			"faces": {
				"north": {"uv": [0, 4.5, 2, 6.5], "texture": "#0"},
				"east": {"uv": [2.25, 0, 4.5, 2], "texture": "#0"},
				"south": {"uv": [4.5, 0, 6.5, 2], "texture": "#0"},
				"west": {"uv": [2.25, 2, 4.5, 4], "texture": "#0"},
				"up": {"uv": [4.25, 6.25, 2.25, 4], "texture": "#0"},
				"down": {"uv": [6.25, 4, 4.25, 6.25], "texture": "#0"}
			}
		},
		{
			"from": [2, 2, 3],
			"to": [8, 8, 12],
			"rotation": {"angle": 22.5, "axis": "z", "origin": [3.5, 6, 5.5]},
			"faces": {
				"north": {"uv": [5.75, 6.25, 7.25, 7.75], "texture": "#0"},
				"east": {"uv": [4.5, 2, 6.75, 3.5], "texture": "#0"},
				"south": {"uv": [0, 6.5, 1.5, 8], "texture": "#0"},
				"west": {"uv": [2, 6.25, 4.25, 7.75], "texture": "#0"},
				"up": {"uv": [7.75, 5.75, 6.25, 3.5], "texture": "#0"},
				"down": {"uv": [5.75, 6.25, 4.25, 8.5], "texture": "#0"}
			}
		},
		{
			"from": [6, 2, 8],
			"to": [12, 8, 13],
			"faces": {
				"north": {"uv": [6.5, 0, 8, 1.5], "texture": "#0"},
				"east": {"uv": [7.25, 5.75, 8.5, 7.25], "texture": "#0"},
				"south": {"uv": [6.75, 1.5, 8.25, 3], "texture": "#0"},
				"west": {"uv": [7.25, 7.25, 8.5, 8.75], "texture": "#0"},
				"up": {"uv": [3, 9, 1.5, 7.75], "texture": "#0"},
				"down": {"uv": [9.25, 3, 7.75, 4.25], "texture": "#0"}
			}
		},
		{
			"from": [5, 7, 10],
			"to": [14, 7, 19],
			"rotation": {"angle": -22.5, "axis": "z", "origin": [9.5, 7, 14.5]},
			"faces": {
				"north": {"uv": [0, 0, 2.25, 0], "texture": "#0"},
				"east": {"uv": [0, 0, 2.25, 0], "texture": "#0"},
				"south": {"uv": [0, 0, 2.25, 0], "texture": "#0"},
				"west": {"uv": [0, 0, 2.25, 0], "texture": "#0"},
				"up": {"uv": [2.25, 2.25, 0, 0], "texture": "#0"},
				"down": {"uv": [0, 0, 2.25, 2.25], "texture": "#0"}
			}
		}
	],
	"display": {
		"head": {
			"translation": [0, 2.5, -3.75],
			"scale": [2, 2, 2]
		}
	}
}