{"elements":[{"from":[7.428571,6.285714,7.428571],"to":[8.571428,8.0,9.142858],"rotation":{"angle":0.0,"axis":"y","origin":[9.714286,11.428572,8.0]},"faces":{"east":{"uv":[2.75,10.5,3.5,11.25],"rotation":0,"texture":"#0","tintindex":0},"south":{"uv":[1.0,11.0,1.5,11.75],"rotation":0,"texture":"#0","tintindex":0},"north":{"uv":[0.5,11.0,1.0,11.75],"rotation":0,"texture":"#0","tintindex":0},"west":{"uv":[10.5,7.0,11.25,7.75],"rotation":0,"texture":"#0","tintindex":0},"up":{"uv":[2.0,11.75,1.5,11.0],"rotation":0,"texture":"#0","tintindex":0},"down":{"uv":[11.5,1.5,11.0,2.25],"rotation":0,"texture":"#0","tintindex":0}}}],"textures":{"0":"modelengine:entity/bulb_crimsonspore"},"display":{"head":{"translation":[0.0,-6.4,0.0],"scale":[4.0,4.0,4.0]}}}