{"elements":[{"from":[8.0,-6.285715,5.714286],"to":[11.428572,4.5714283,9.714286],"rotation":{"angle":0.0,"axis":"y","origin":[11.428572,3.4285712,5.714286]},"faces":{"east":{"uv":[5.375,8.0625,4.9375,9.25],"rotation":0,"texture":"#2","tintindex":0},"south":{"uv":[8.3125,8.4375,7.9375,9.625],"rotation":0,"texture":"#2","tintindex":0},"north":{"uv":[7.25,8.0625,6.875,9.25],"rotation":0,"texture":"#2","tintindex":0},"west":{"uv":[4.9375,8.0625,4.5,9.25],"rotation":0,"texture":"#2","tintindex":0},"up":{"uv":[2.25,5.6875,2.625,5.25],"rotation":0,"texture":"#2","tintindex":0},"down":{"uv":[7.5625,9.25,7.9375,9.6875],"rotation":0,"texture":"#2","tintindex":0}}},{"from":[8.0,4.5714283,5.142857],"to":[12.0,10.285714,10.285714],"rotation":{"angle":0.0,"axis":"y","origin":[11.428572,9.142858,5.714286]},"faces":{"east":{"uv":[9.3125,8.4375,8.75,9.0625],"rotation":0,"texture":"#2","tintindex":0},"south":{"uv":[9.1875,9.0625,8.75,9.6875],"rotation":0,"texture":"#2","tintindex":0},"north":{"uv":[9.5,5.1875,9.0625,5.8125],"rotation":0,"texture":"#2","tintindex":0},"west":{"uv":[6.5625,8.75,6.0,9.375],"rotation":0,"texture":"#2","tintindex":0},"up":{"uv":[1.0,9.6875,1.4375,9.125],"rotation":0,"texture":"#2","tintindex":0},"down":{"uv":[9.1875,1.375,9.625,1.9375],"rotation":0,"texture":"#2","tintindex":0}}},{"from":[11.428572,0.0,9.714286],"to":[11.428572,10.285714,15.428572],"rotation":{"angle":0.0,"axis":"y","origin":[11.428572,3.4285712,5.714286]},"faces":{"east":{"uv":[7.875,6.375,7.25,7.5],"rotation":0,"texture":"#2","tintindex":0},"south":{"uv":[0.0,0.0,0.0,1.125],"rotation":0,"texture":"#2","tintindex":0},"north":{"uv":[0.0,0.0,0.0,1.125],"rotation":0,"texture":"#2","tintindex":0},"west":{"uv":[7.25,6.375,7.875,7.5],"rotation":0,"texture":"#2","tintindex":0},"up":{"uv":[0.0,0.625,0.0,0.0],"rotation":0,"texture":"#2","tintindex":0},"down":{"uv":[0.0,0.0,0.0,0.625],"rotation":0,"texture":"#2","tintindex":0}}}],"textures":{"2":"modelengine:entity/azriel"},"display":{"head":{"translation":[0.0,-6.4,0.0],"scale":[4.0,4.0,4.0]}}}