{"elements":[{"from":[7.714286,7.5714283,7.285714],"to":[8.285714,8.142858,7.857143],"rotation":{"angle":0.0,"axis":"y","origin":[8.0,7.5714283,7.857143]},"faces":{"east":{"uv":[4.0,4.0,5.0,5.0],"rotation":0,"texture":"#0","tintindex":0},"south":{"uv":[2.0,5.0,3.0,6.0],"rotation":0,"texture":"#0","tintindex":0},"north":{"uv":[4.0,3.0,5.0,4.0],"rotation":0,"texture":"#0","tintindex":0},"west":{"uv":[3.0,5.0,4.0,6.0],"rotation":0,"texture":"#0","tintindex":0},"up":{"uv":[6.0,4.0,5.0,3.0],"rotation":0,"texture":"#0","tintindex":0},"down":{"uv":[5.0,5.0,4.0,6.0],"rotation":0,"texture":"#0","tintindex":0}}},{"from":[7.428571,7.5714283,7.857143],"to":[8.571428,8.714286,9.0],"rotation":{"angle":0.0,"axis":"y","origin":[8.0,7.5714283,7.857143]},"faces":{"east":{"uv":[0.0,2.0,2.0,4.0],"rotation":0,"texture":"#0","tintindex":0},"south":{"uv":[2.0,0.0,4.0,2.0],"rotation":0,"texture":"#0","tintindex":0},"north":{"uv":[0.0,0.0,2.0,2.0],"rotation":0,"texture":"#0","tintindex":0},"west":{"uv":[2.0,2.0,4.0,4.0],"rotation":0,"texture":"#0","tintindex":0},"up":{"uv":[2.0,6.0,0.0,4.0],"rotation":0,"texture":"#0","tintindex":0},"down":{"uv":[6.0,0.0,4.0,2.0],"rotation":0,"texture":"#0","tintindex":0}}}],"textures":{"0":"modelengine:entity/voras_baby"},"display":{"head":{"translation":[0.0,-6.4,0.0],"scale":[4.0,4.0,4.0]}}}