{"elements":[{"from":[6.5277123,7.0138636,7.714286],"to":[6.5277123,7.5852923,8.285714],"rotation":{"angle":-22.5,"axis":"z","origin":[8.241999,7.5852923,8.285714]},"faces":{"east":{"uv":[5.0,4.0,6.0,5.0],"rotation":0,"texture":"#0","tintindex":0},"south":{"uv":[0.0,0.0,0.0,1.0],"rotation":0,"texture":"#0","tintindex":0},"north":{"uv":[0.0,0.0,0.0,1.0],"rotation":0,"texture":"#0","tintindex":0},"west":{"uv":[5.0,5.0,6.0,6.0],"rotation":0,"texture":"#0","tintindex":0},"up":{"uv":[0.0,1.0,0.0,0.0],"rotation":0,"texture":"#0","tintindex":0},"down":{"uv":[0.0,0.0,0.0,1.0],"rotation":0,"texture":"#0","tintindex":0}}},{"from":[6.5277123,7.5852923,7.714286],"to":[7.6705694,7.5852923,8.285714],"rotation":{"angle":-22.5,"axis":"z","origin":[8.241999,7.5852923,8.285714]},"faces":{"east":{"uv":[0.0,0.0,1.0,0.0],"rotation":0,"texture":"#0","tintindex":0},"south":{"uv":[0.0,0.0,2.0,0.0],"rotation":0,"texture":"#0","tintindex":0},"north":{"uv":[0.0,0.0,2.0,0.0],"rotation":0,"texture":"#0","tintindex":0},"west":{"uv":[0.0,0.0,1.0,0.0],"rotation":0,"texture":"#0","tintindex":0},"up":{"uv":[4.0,5.0,2.0,4.0],"rotation":0,"texture":"#0","tintindex":0},"down":{"uv":[6.0,2.0,4.0,3.0],"rotation":0,"texture":"#0","tintindex":0}}},{"from":[9.472287,7.0138636,7.714286],"to":[9.472287,7.5852923,8.285714],"rotation":{"angle":22.5,"axis":"z","origin":[7.758002,7.5852923,8.285714]},"faces":{"east":{"uv":[6.0,5.0,5.0,6.0],"rotation":0,"texture":"#0","tintindex":0},"south":{"uv":[0.0,0.0,0.0,1.0],"rotation":0,"texture":"#0","tintindex":0},"north":{"uv":[0.0,0.0,0.0,1.0],"rotation":0,"texture":"#0","tintindex":0},"west":{"uv":[6.0,4.0,5.0,5.0],"rotation":0,"texture":"#0","tintindex":0},"up":{"uv":[0.0,1.0,0.0,0.0],"rotation":0,"texture":"#0","tintindex":0},"down":{"uv":[0.0,0.0,0.0,1.0],"rotation":0,"texture":"#0","tintindex":0}}},{"from":[8.329431,7.5852923,7.714286],"to":[9.472287,7.5852923,8.285714],"rotation":{"angle":22.5,"axis":"z","origin":[7.758002,7.5852923,8.285714]},"faces":{"east":{"uv":[1.0,0.0,0.0,0.0],"rotation":0,"texture":"#0","tintindex":0},"south":{"uv":[2.0,0.0,0.0,0.0],"rotation":0,"texture":"#0","tintindex":0},"north":{"uv":[2.0,0.0,0.0,0.0],"rotation":0,"texture":"#0","tintindex":0},"west":{"uv":[1.0,0.0,0.0,0.0],"rotation":0,"texture":"#0","tintindex":0},"up":{"uv":[2.0,5.0,4.0,4.0],"rotation":0,"texture":"#0","tintindex":0},"down":{"uv":[4.0,2.0,6.0,3.0],"rotation":0,"texture":"#0","tintindex":0}}}],"textures":{"0":"modelengine:entity/voras_baby"},"display":{"head":{"translation":[0.0,-6.4,0.0],"scale":[4.0,4.0,4.0]}}}