{
	"credit": "Made with Blockbench",
	"texture_size": [32, 32],
	"textures": {
		"1": "modelengine:entity/gp2_decor_weapon_rack"
	},
	"elements": [
		{
			"from": [16.4, -0.6, 8],
			"to": [17.6, 7.8, 9.2],
			"rotation": {"angle": -22.5, "axis": "x", "origin": [11.9, 5.4, 8]},
			"faces": {
				"north": {"uv": [4, 5, 5, 12], "texture": "#1"},
				"east": {"uv": [5, 5, 6, 12], "texture": "#1"},
				"south": {"uv": [6, 5, 7, 12], "texture": "#1"},
				"west": {"uv": [7, 5, 8, 12], "texture": "#1"},
				"up": {"uv": [11.5, 11, 10.5, 10], "texture": "#1"},
				"down": {"uv": [9, 11, 8, 12], "texture": "#1"}
			}
		},
		{
			"from": [0.8, 7.8, 7.4],
			"to": [15.2, 9, 9.2],
			"rotation": {"angle": 22.5, "axis": "x", "origin": [11.9, 7.2, 8]},
			"faces": {
				"north": {"uv": [0, 3, 12, 4], "texture": "#1"},
				"east": {"uv": [10, 5, 11.5, 6], "texture": "#1"},
				"south": {"uv": [0, 4, 12, 5], "texture": "#1"},
				"west": {"uv": [10, 6, 11.5, 7], "texture": "#1"},
				"up": {"uv": [12, 1.5, 0, 0], "texture": "#1"},
				"down": {"uv": [12, 1.5, 0, 3], "texture": "#1"}
			}
		},
		{
			"from": [14, 6.6, 6.2],
			"to": [14.6, 10.2, 8.6],
			"rotation": {"angle": 22.5, "axis": "x", "origin": [14.9, 7.2, 8]},
			"faces": {
				"north": {"uv": [10, 7, 10.5, 10], "texture": "#1"},
				"east": {"uv": [8, 5, 10, 8], "texture": "#1"},
				"south": {"uv": [10, 10, 10.5, 13], "texture": "#1"},
				"west": {"uv": [8, 8, 10, 11], "texture": "#1"},
				"up": {"uv": [9.5, 13, 9, 11], "texture": "#1"},
				"down": {"uv": [10, 11, 9.5, 13], "texture": "#1"}
			}
		},
		{
			"from": [15.2, -0.6, 8],
			"to": [16.4, 12, 9.2],
			"rotation": {"angle": 22.5, "axis": "x", "origin": [11.9, 7.2, 8]},
			"faces": {
				"north": {"uv": [0, 5, 1, 15.5], "texture": "#1"},
				"east": {"uv": [1, 5, 2, 15.5], "texture": "#1"},
				"south": {"uv": [2, 5, 3, 15.5], "texture": "#1"},
				"west": {"uv": [3, 5, 4, 15.5], "texture": "#1"},
				"up": {"uv": [11.5, 12, 10.5, 11], "texture": "#1"},
				"down": {"uv": [12.5, 5, 11.5, 6], "texture": "#1"}
			}
		},
		{
			"from": [15.2, 12, 8],
			"to": [15.2, 13.8, 9.2],
			"rotation": {"angle": 22.5, "axis": "x", "origin": [11.9, 7.2, 8]},
			"faces": {
				"north": {"uv": [0, 0, 0, 1.5], "texture": "#1"},
				"east": {"uv": [10.5, 7, 11.5, 8.5], "texture": "#1"},
				"south": {"uv": [0, 0, 0, 1.5], "texture": "#1"},
				"west": {"uv": [11.5, 7, 10.5, 8.5], "texture": "#1"},
				"up": {"uv": [0, 1, 0, 0], "texture": "#1"},
				"down": {"uv": [0, 0, 0, 1], "texture": "#1"}
			}
		},
		{
			"from": [9.8, 6.6, 6.2],
			"to": [10.4, 10.2, 8.6],
			"rotation": {"angle": 22.5, "axis": "x", "origin": [10.7, 7.2, 8]},
			"faces": {
				"north": {"uv": [10, 7, 10.5, 10], "texture": "#1"},
				"east": {"uv": [8, 5, 10, 8], "texture": "#1"},
				"south": {"uv": [10, 10, 10.5, 13], "texture": "#1"},
				"west": {"uv": [8, 8, 10, 11], "texture": "#1"},
				"up": {"uv": [9.5, 13, 9, 11], "texture": "#1"},
				"down": {"uv": [10, 11, 9.5, 13], "texture": "#1"}
			}
		},
		{
			"from": [1.4, 6.6, 6.2],
			"to": [2, 10.2, 8.6],
			"rotation": {"angle": 22.5, "axis": "x", "origin": [2.3, 7.2, 8]},
			"faces": {
				"north": {"uv": [10, 7, 10.5, 10], "texture": "#1"},
				"east": {"uv": [8, 5, 10, 8], "texture": "#1"},
				"south": {"uv": [10, 10, 10.5, 13], "texture": "#1"},
				"west": {"uv": [8, 8, 10, 11], "texture": "#1"},
				"up": {"uv": [9.5, 13, 9, 11], "texture": "#1"},
				"down": {"uv": [10, 11, 9.5, 13], "texture": "#1"}
			}
		},
		{
			"from": [5, 6.73827, 6.70489],
			"to": [5.6, 10.33827, 9.10489],
			"rotation": {"angle": 22.5, "axis": "z", "origin": [5.3, 8.53827, 7.90489]},
			"faces": {
				"north": {"uv": [10.5, 7, 10, 10], "texture": "#1"},
				"east": {"uv": [10, 8, 8, 11], "texture": "#1"},
				"south": {"uv": [10.5, 10, 10, 13], "texture": "#1"},
				"west": {"uv": [10, 5, 8, 8], "texture": "#1"},
				"up": {"uv": [9, 13, 9.5, 11], "texture": "#1"},
				"down": {"uv": [9.5, 11, 10, 13], "texture": "#1"}
			}
		},
		{
			"from": [-1.6, -0.6, 8],
			"to": [-0.4, 7.8, 9.2],
			"rotation": {"angle": -22.5, "axis": "x", "origin": [4.1, 5.4, 8]},
			"faces": {
				"north": {"uv": [5, 5, 4, 12], "texture": "#1"},
				"east": {"uv": [8, 5, 7, 12], "texture": "#1"},
				"south": {"uv": [7, 5, 6, 12], "texture": "#1"},
				"west": {"uv": [6, 5, 5, 12], "texture": "#1"},
				"up": {"uv": [10.5, 11, 11.5, 10], "texture": "#1"},
				"down": {"uv": [8, 11, 9, 12], "texture": "#1"}
			}
		},
		{
			"from": [-0.4, -0.6, 8],
			"to": [0.8, 12, 9.2],
			"rotation": {"angle": 22.5, "axis": "x", "origin": [4.1, 7.2, 8]},
			"faces": {
				"north": {"uv": [1, 5, 0, 15.5], "texture": "#1"},
				"east": {"uv": [4, 5, 3, 15.5], "texture": "#1"},
				"south": {"uv": [3, 5, 2, 15.5], "texture": "#1"},
				"west": {"uv": [2, 5, 1, 15.5], "texture": "#1"},
				"up": {"uv": [10.5, 12, 11.5, 11], "texture": "#1"},
				"down": {"uv": [11.5, 5, 12.5, 6], "texture": "#1"}
			}
		},
		{
			"from": [0.8, 0.6, 7.4],
			"to": [15.2, 1.8, 9.2],
			"rotation": {"angle": 22.5, "axis": "x", "origin": [11.9, 7.2, 8]},
			"faces": {
				"north": {"uv": [0, 3, 12, 4], "texture": "#1"},
				"east": {"uv": [10, 5, 11.5, 6], "texture": "#1"},
				"south": {"uv": [0, 4, 12, 5], "texture": "#1"},
				"west": {"uv": [10, 6, 11.5, 7], "texture": "#1"},
				"up": {"uv": [12, 1.5, 0, 0], "texture": "#1"},
				"down": {"uv": [12, 1.5, 0, 3], "texture": "#1"}
			}
		}
	],
	"gui_light": "front",
	"display": {
		"thirdperson_righthand": {
			"rotation": [0, 28, 0],
			"translation": [0, 3.25, 0],
			"scale": [0.5, 0.5, 0.5]
		},
		"thirdperson_lefthand": {
			"rotation": [0, 28, 0],
			"translation": [0, 3.25, 0],
			"scale": [0.5, 0.5, 0.5]
		},
		"firstperson_righthand": {
			"rotation": [0, 95, 0],
			"translation": [1.5, 3, -1.25]
		},
		"firstperson_lefthand": {
			"rotation": [0, 95, 0],
			"translation": [1.5, 3, -1.25]
		},
		"ground": {
			"rotation": [28, 0, 0],
			"translation": [0, 3, 0],
			"scale": [0.65, 0.65, 0.65]
		},
		"gui": {
			"rotation": [35, 142, 0],
			"translation": [0, 0.25, 0],
			"scale": [0.65, 0.65, 0.65]
		}
	},
	"groups": [
		{
			"name": "weapon_rack",
			"origin": [8.3, 0, 8.6],
			"color": 0,
			"children": [
				0,
				1,
				2,
				3,
				4,
				5,
				6,
				7,
				8,
				9,
				10,
				{
					"name": "ir_weapon_1",
					"origin": [12.2, 8.4, 6.2],
					"color": 0,
					"children": []
				},
				{
					"name": "il_weapon_2",
					"origin": [3.2, 8.4, 6.2],
					"color": 0,
					"children": []
				}
			]
		}
	]
}