{"elements":[{"from":[6.0,7.6,5.942857],"to":[10.0,11.028572,9.3714285],"rotation":{"angle":0.0,"axis":"y","origin":[9.428572,4.742857,8.8]},"faces":{"east":{"uv":[6.0,0.0,6.75,0.75],"rotation":0,"texture":"#0","tintindex":0},"south":{"uv":[4.875,2.0,5.75,2.75],"rotation":0,"texture":"#0","tintindex":0},"north":{"uv":[4.875,1.125,5.75,1.875],"rotation":0,"texture":"#0","tintindex":0},"west":{"uv":[1.0,6.125,1.75,6.875],"rotation":0,"texture":"#0","tintindex":0},"up":{"uv":[5.75,3.625,4.875,2.875],"rotation":0,"texture":"#0","tintindex":0},"down":{"uv":[2.0,5.25,1.125,6.0],"rotation":0,"texture":"#0","tintindex":0}}},{"from":[6.0,7.6,5.8285713],"to":[10.0,11.028572,5.8285713],"rotation":{"angle":0.0,"axis":"y","origin":[9.428572,4.742857,8.8]},"faces":{"east":{"uv":[6.125,7.625,6.125,8.375],"rotation":0,"texture":"#0","tintindex":0},"south":{"uv":[2.125,5.625,3.0,6.375],"rotation":0,"texture":"#0","tintindex":0},"north":{"uv":[0.0,5.5,0.875,6.25],"rotation":0,"texture":"#0","tintindex":0},"west":{"uv":[6.25,7.625,6.25,8.375],"rotation":0,"texture":"#0","tintindex":0},"up":{"uv":[8.5,7.625,7.625,7.625],"rotation":0,"texture":"#0","tintindex":0},"down":{"uv":[0.875,7.75,0.0,7.75],"rotation":0,"texture":"#0","tintindex":0}}},{"from":[5.985714,7.6,5.8285713],"to":[5.985714,11.028572,9.828571],"rotation":{"angle":0.0,"axis":"y","origin":[5.985714,9.314285,7.8285713]},"faces":{"east":{"uv":[3.125,5.625,4.0,6.375],"rotation":0,"texture":"#0","tintindex":0},"south":{"uv":[6.5,7.625,6.5,8.375],"rotation":0,"texture":"#0","tintindex":0},"north":{"uv":[6.375,7.625,6.375,8.375],"rotation":0,"texture":"#0","tintindex":0},"west":{"uv":[4.125,5.625,5.0,6.375],"rotation":0,"texture":"#0","tintindex":0},"up":{"uv":[6.625,8.5,6.625,7.625],"rotation":0,"texture":"#0","tintindex":0},"down":{"uv":[7.75,0.0,7.75,0.875],"rotation":0,"texture":"#0","tintindex":0}}},{"from":[10.014286,7.6,5.8285713],"to":[10.014286,11.028572,9.828571],"rotation":{"angle":0.0,"axis":"y","origin":[10.014286,9.314285,7.8285713]},"faces":{"east":{"uv":[5.125,5.625,6.0,6.375],"rotation":0,"texture":"#0","tintindex":0},"south":{"uv":[1.125,7.75,1.125,8.5],"rotation":0,"texture":"#0","tintindex":0},"north":{"uv":[1.0,7.75,1.0,8.5],"rotation":0,"texture":"#0","tintindex":0},"west":{"uv":[5.875,1.125,6.75,1.875],"rotation":0,"texture":"#0","tintindex":0},"up":{"uv":[1.25,8.625,1.25,7.75],"rotation":0,"texture":"#0","tintindex":0},"down":{"uv":[1.375,7.75,1.375,8.625],"rotation":0,"texture":"#0","tintindex":0}}},{"from":[7.142857,8.285714,5.714286],"to":[8.857143,10.0,5.714286],"rotation":{"angle":45.0,"axis":"z","origin":[8.0,9.142858,5.714286]},"faces":{"east":{"uv":[7.75,1.0,7.75,1.375],"rotation":0,"texture":"#0","tintindex":0},"south":{"uv":[7.5,2.5,7.875,2.875],"rotation":0,"texture":"#0","tintindex":0},"north":{"uv":[2.5,7.5,2.875,7.875],"rotation":0,"texture":"#0","tintindex":0},"west":{"uv":[7.75,2.0,7.75,2.375],"rotation":0,"texture":"#0","tintindex":0},"up":{"uv":[7.0,5.25,6.625,5.25],"rotation":0,"texture":"#0","tintindex":0},"down":{"uv":[8.125,1.5,7.75,1.5],"rotation":0,"texture":"#0","tintindex":0}}}],"textures":{"0":"modelengine:entity/nocsy_toom_old"},"display":{"head":{"translation":[0.0,-6.4,0.0],"scale":[4.0,4.0,4.0]}}}