{"elements":[{"from":[7.239126,5.210742,6.5585346],"to":[8.953412,8.067884,8.27282],"rotation":{"angle":0.0,"axis":"y","origin":[11.981983,2.0107417,8.844249]},"faces":{"east":{"uv":[0.0,7.0,0.375,7.625],"rotation":0,"texture":"#0","tintindex":0},"south":{"uv":[0.5,7.0,0.875,7.625],"rotation":0,"texture":"#0","tintindex":0},"north":{"uv":[6.875,0.75,7.25,1.375],"rotation":0,"texture":"#0","tintindex":0},"west":{"uv":[1.0,7.0,1.375,7.625],"rotation":0,"texture":"#0","tintindex":0},"up":{"uv":[1.875,7.875,1.5,7.5],"rotation":0,"texture":"#0","tintindex":0},"down":{"uv":[2.375,7.5,2.0,7.875],"rotation":0,"texture":"#0","tintindex":0}}}],"textures":{"0":"modelengine:entity/nocsy_toom_old"},"display":{"head":{"translation":[0.0,-6.4,0.0],"scale":[4.0,4.0,4.0]}}}