{"elements":[{"from":[6.3339577,6.5714283,4.4561768],"to":[9.191101,8.285714,9.027606],"rotation":{"angle":0.0,"axis":"y","origin":[7.714286,5.428571,8.571428]},"faces":{"east":{"uv":[4.0,6.5,3.0,6.875],"rotation":0,"texture":"#0","tintindex":0},"south":{"uv":[7.5,1.5,6.875,1.875],"rotation":0,"texture":"#0","tintindex":0},"north":{"uv":[7.25,4.75,6.625,5.125],"rotation":0,"texture":"#0","tintindex":0},"west":{"uv":[2.875,6.5,1.875,6.875],"rotation":0,"texture":"#0","tintindex":0},"up":{"uv":[1.375,4.0,2.0,3.0],"rotation":0,"texture":"#0","tintindex":0},"down":{"uv":[5.875,2.0,6.5,3.0],"rotation":0,"texture":"#0","tintindex":0}}}],"textures":{"0":"modelengine:entity/nocsy_toom_old"},"display":{"head":{"translation":[0.0,-6.4,0.0],"scale":[4.0,4.0,4.0]}}}