{"elements":[{"from":[5.935149,4.7818475,6.0264997],"to":[9.363721,8.781848,8.883643],"rotation":{"angle":0.0,"axis":"y","origin":[5.3637204,5.9247046,16.883644]},"faces":{"east":{"uv":[8.5,7.875,9.125,8.75],"rotation":0,"texture":"#3","tintindex":0},"south":{"uv":[1.125,8.375,1.875,9.25],"rotation":0,"texture":"#3","tintindex":0},"north":{"uv":[5.0,8.125,5.75,9.0],"rotation":0,"texture":"#3","tintindex":0},"west":{"uv":[6.0,8.75,6.625,9.625],"rotation":0,"texture":"#3","tintindex":0},"up":{"uv":[0.75,9.5,0.0,8.875],"rotation":0,"texture":"#3","tintindex":0},"down":{"uv":[9.625,8.75,8.875,9.375],"rotation":0,"texture":"#3","tintindex":0}}},{"from":[7.6494346,3.0675611,6.5979285],"to":[7.6494346,6.496133,10.597929],"rotation":{"angle":0.0,"axis":"y","origin":[5.3637204,5.9247046,16.883644]},"faces":{"east":{"uv":[1.875,8.375,2.75,9.125],"rotation":0,"texture":"#3","tintindex":0},"south":{"uv":[0.0,0.0,0.0,0.75],"rotation":0,"texture":"#3","tintindex":0},"north":{"uv":[0.0,0.0,0.0,0.75],"rotation":0,"texture":"#3","tintindex":0},"west":{"uv":[2.75,8.375,1.875,9.125],"rotation":0,"texture":"#3","tintindex":0},"up":{"uv":[0.0,0.875,0.0,0.0],"rotation":0,"texture":"#3","tintindex":0},"down":{"uv":[0.0,0.0,0.0,0.875],"rotation":0,"texture":"#3","tintindex":0}}},{"from":[9.280037,4.7818475,5.8244696],"to":[9.851465,8.781848,5.8244696],"rotation":{"angle":45.0,"axis":"y","origin":[9.565751,6.7818475,5.8244696]},"faces":{"east":{"uv":[0.0,0.0,0.0,0.875],"rotation":0,"texture":"#3","tintindex":0},"south":{"uv":[5.625,9.0,5.75,9.875],"rotation":0,"texture":"#3","tintindex":0},"north":{"uv":[5.5,9.0,5.625,9.875],"rotation":0,"texture":"#3","tintindex":0},"west":{"uv":[0.0,0.0,0.0,0.875],"rotation":0,"texture":"#3","tintindex":0},"up":{"uv":[0.125,0.0,0.0,0.0],"rotation":0,"texture":"#3","tintindex":0},"down":{"uv":[0.125,0.0,0.0,0.0],"rotation":0,"texture":"#3","tintindex":0}}}],"textures":{"3":"modelengine:entity/voras_pet_white"},"display":{"head":{"translation":[0.0,-6.4,0.0],"scale":[4.0,4.0,4.0]}}}