{"elements":[{"from":[8.0,5.714286,6.857143],"to":[14.857143,8.0,9.142858],"rotation":{"angle":0.0,"axis":"y","origin":[-4.000001,5.714286,13.142858]},"faces":{"east":{"uv":[4.0,9.75,4.5,10.25],"rotation":0,"texture":"#3","tintindex":0},"south":{"uv":[8.25,5.5,9.75,6.0],"rotation":0,"texture":"#3","tintindex":0},"north":{"uv":[8.25,5.0,9.75,5.5],"rotation":0,"texture":"#3","tintindex":0},"west":{"uv":[9.75,4.375,10.25,4.875],"rotation":0,"texture":"#3","tintindex":0},"up":{"uv":[9.75,6.5,8.25,6.0],"rotation":0,"texture":"#3","tintindex":0},"down":{"uv":[9.75,6.5,8.25,7.0],"rotation":0,"texture":"#3","tintindex":0}}},{"from":[7.428571,8.0,6.857143],"to":[10.285714,9.142858,9.142858],"rotation":{"angle":0.0,"axis":"y","origin":[-4.000001,5.714286,13.142858]},"faces":{"east":{"uv":[9.125,8.5,9.625,8.75],"rotation":0,"texture":"#3","tintindex":0},"south":{"uv":[9.5,2.0,10.125,2.25],"rotation":0,"texture":"#3","tintindex":0},"north":{"uv":[1.5,7.125,2.125,7.375],"rotation":0,"texture":"#3","tintindex":0},"west":{"uv":[9.25,4.375,9.75,4.625],"rotation":0,"texture":"#3","tintindex":0},"up":{"uv":[8.75,9.75,8.125,9.25],"rotation":0,"texture":"#3","tintindex":0},"down":{"uv":[9.375,9.375,8.75,9.875],"rotation":0,"texture":"#3","tintindex":0}}},{"from":[13.142858,3.4285712,7.142857],"to":[14.857143,5.714286,8.857143],"rotation":{"angle":0.0,"axis":"y","origin":[-4.000001,5.714286,13.142858]},"faces":{"east":{"uv":[9.75,6.0,10.125,6.5],"rotation":0,"texture":"#3","tintindex":0},"south":{"uv":[9.75,6.5,10.125,7.0],"rotation":0,"texture":"#3","tintindex":0},"north":{"uv":[9.75,5.5,10.125,6.0],"rotation":0,"texture":"#3","tintindex":0},"west":{"uv":[6.875,9.75,7.25,10.25],"rotation":0,"texture":"#3","tintindex":0},"up":{"uv":[8.375,10.125,8.0,9.75],"rotation":0,"texture":"#3","tintindex":0},"down":{"uv":[8.75,9.75,8.375,10.125],"rotation":0,"texture":"#3","tintindex":0}}},{"from":[13.142858,1.1428566,7.142857],"to":[17.714287,3.4285712,8.857143],"rotation":{"angle":0.0,"axis":"y","origin":[-4.000001,5.714286,13.142858]},"faces":{"east":{"uv":[7.25,9.75,7.625,10.25],"rotation":0,"texture":"#3","tintindex":0},"south":{"uv":[7.875,8.75,8.875,9.25],"rotation":0,"texture":"#3","tintindex":0},"north":{"uv":[6.875,8.75,7.875,9.25],"rotation":0,"texture":"#3","tintindex":0},"west":{"uv":[7.625,9.75,8.0,10.25],"rotation":0,"texture":"#3","tintindex":0},"up":{"uv":[10.0,1.625,9.0,1.25],"rotation":0,"texture":"#3","tintindex":0},"down":{"uv":[10.25,2.25,9.25,2.625],"rotation":0,"texture":"#3","tintindex":0}}},{"from":[13.142858,-2.285715,8.0],"to":[18.857143,3.4285712,8.0],"rotation":{"angle":0.0,"axis":"y","origin":[-4.000001,5.714286,13.142858]},"faces":{"east":{"uv":[0.0,0.0,0.0,1.25],"rotation":0,"texture":"#3","tintindex":0},"south":{"uv":[8.0,0.0,6.75,1.25],"rotation":0,"texture":"#3","tintindex":0},"north":{"uv":[6.75,0.0,8.0,1.25],"rotation":0,"texture":"#3","tintindex":0},"west":{"uv":[0.0,0.0,0.0,1.25],"rotation":0,"texture":"#3","tintindex":0},"up":{"uv":[1.25,0.0,0.0,0.0],"rotation":0,"texture":"#3","tintindex":0},"down":{"uv":[1.25,0.0,0.0,0.0],"rotation":0,"texture":"#3","tintindex":0}}}],"textures":{"3":"modelengine:entity/voras_pet_white"},"display":{"head":{"translation":[0.0,-6.4,0.0],"scale":[4.0,4.0,4.0]}}}