{"elements":[{"from":[1.1428566,5.714286,6.857143],"to":[8.0,8.0,9.142858],"rotation":{"angle":0.0,"axis":"y","origin":[20.0,5.714286,13.142858]},"faces":{"east":{"uv":[10.25,4.375,9.75,4.875],"rotation":0,"texture":"#3","tintindex":0},"south":{"uv":[9.75,5.5,8.25,6.0],"rotation":0,"texture":"#3","tintindex":0},"north":{"uv":[9.75,5.0,8.25,5.5],"rotation":0,"texture":"#3","tintindex":0},"west":{"uv":[4.5,9.75,4.0,10.25],"rotation":0,"texture":"#3","tintindex":0},"up":{"uv":[8.25,6.5,9.75,6.0],"rotation":0,"texture":"#3","tintindex":0},"down":{"uv":[8.25,6.5,9.75,7.0],"rotation":0,"texture":"#3","tintindex":0}}},{"from":[5.714286,8.0,6.857143],"to":[8.571428,9.142858,9.142858],"rotation":{"angle":0.0,"axis":"y","origin":[20.0,5.714286,13.142858]},"faces":{"east":{"uv":[9.75,4.375,9.25,4.625],"rotation":0,"texture":"#3","tintindex":0},"south":{"uv":[10.125,2.0,9.5,2.25],"rotation":0,"texture":"#3","tintindex":0},"north":{"uv":[2.125,7.125,1.5,7.375],"rotation":0,"texture":"#3","tintindex":0},"west":{"uv":[9.625,8.5,9.125,8.75],"rotation":0,"texture":"#3","tintindex":0},"up":{"uv":[8.125,9.75,8.75,9.25],"rotation":0,"texture":"#3","tintindex":0},"down":{"uv":[8.75,9.375,9.375,9.875],"rotation":0,"texture":"#3","tintindex":0}}},{"from":[1.1428566,3.4285712,7.142857],"to":[2.8571424,5.714286,8.857143],"rotation":{"angle":0.0,"axis":"y","origin":[20.0,5.714286,13.142858]},"faces":{"east":{"uv":[7.25,9.75,6.875,10.25],"rotation":0,"texture":"#3","tintindex":0},"south":{"uv":[10.125,6.5,9.75,7.0],"rotation":0,"texture":"#3","tintindex":0},"north":{"uv":[10.125,5.5,9.75,6.0],"rotation":0,"texture":"#3","tintindex":0},"west":{"uv":[10.125,6.0,9.75,6.5],"rotation":0,"texture":"#3","tintindex":0},"up":{"uv":[8.0,10.125,8.375,9.75],"rotation":0,"texture":"#3","tintindex":0},"down":{"uv":[8.375,9.75,8.75,10.125],"rotation":0,"texture":"#3","tintindex":0}}},{"from":[-1.7142859,1.1428566,7.142857],"to":[2.8571424,3.4285712,8.857143],"rotation":{"angle":0.0,"axis":"y","origin":[20.0,5.714286,13.142858]},"faces":{"east":{"uv":[8.0,9.75,7.625,10.25],"rotation":0,"texture":"#3","tintindex":0},"south":{"uv":[8.875,8.75,7.875,9.25],"rotation":0,"texture":"#3","tintindex":0},"north":{"uv":[7.875,8.75,6.875,9.25],"rotation":0,"texture":"#3","tintindex":0},"west":{"uv":[7.625,9.75,7.25,10.25],"rotation":0,"texture":"#3","tintindex":0},"up":{"uv":[9.0,1.625,10.0,1.25],"rotation":0,"texture":"#3","tintindex":0},"down":{"uv":[9.25,2.25,10.25,2.625],"rotation":0,"texture":"#3","tintindex":0}}},{"from":[-2.8571434,-2.285715,8.0],"to":[2.8571424,3.4285712,8.0],"rotation":{"angle":0.0,"axis":"y","origin":[20.0,5.714286,13.142858]},"faces":{"east":{"uv":[0.0,0.0,0.0,1.25],"rotation":0,"texture":"#3","tintindex":0},"south":{"uv":[6.75,0.0,8.0,1.25],"rotation":0,"texture":"#3","tintindex":0},"north":{"uv":[8.0,0.0,6.75,1.25],"rotation":0,"texture":"#3","tintindex":0},"west":{"uv":[0.0,0.0,0.0,1.25],"rotation":0,"texture":"#3","tintindex":0},"up":{"uv":[0.0,0.0,1.25,0.0],"rotation":0,"texture":"#3","tintindex":0},"down":{"uv":[0.0,0.0,1.25,0.0],"rotation":0,"texture":"#3","tintindex":0}}}],"textures":{"3":"modelengine:entity/voras_pet_white"},"display":{"head":{"translation":[0.0,-6.4,0.0],"scale":[4.0,4.0,4.0]}}}