{"elements":[{"from":[2.2857141,2.5714283,8.0],"to":[7.428571,6.5714283,8.0],"rotation":{"angle":0.0,"axis":"y","origin":[10.857143,6.857143,15.428572]},"faces":{"east":{"uv":[0.0,0.0,0.0,0.875],"rotation":0,"texture":"#3","tintindex":0},"south":{"uv":[0.0,8.0,1.125,8.875],"rotation":0,"texture":"#3","tintindex":0},"north":{"uv":[1.125,8.0,0.0,8.875],"rotation":0,"texture":"#3","tintindex":0},"west":{"uv":[0.0,0.0,0.0,0.875],"rotation":0,"texture":"#3","tintindex":0},"up":{"uv":[0.0,0.0,1.125,0.0],"rotation":0,"texture":"#3","tintindex":0},"down":{"uv":[0.0,0.0,1.125,0.0],"rotation":0,"texture":"#3","tintindex":0}}},{"from":[5.714286,6.857143,6.857143],"to":[8.0,9.142858,9.142858],"rotation":{"angle":0.0,"axis":"y","origin":[10.857143,6.857143,15.428572]},"faces":{"east":{"uv":[10.125,8.5,9.625,9.0],"rotation":0,"texture":"#3","tintindex":0},"south":{"uv":[10.125,7.0,9.625,7.5],"rotation":0,"texture":"#3","tintindex":0},"north":{"uv":[6.5,7.25,6.0,7.75],"rotation":0,"texture":"#3","tintindex":0},"west":{"uv":[6.5,9.625,6.0,10.125],"rotation":0,"texture":"#3","tintindex":0},"up":{"uv":[9.75,0.5,10.25,0.0],"rotation":0,"texture":"#3","tintindex":0},"down":{"uv":[1.0,9.75,1.5,10.25],"rotation":0,"texture":"#3","tintindex":0}}},{"from":[2.2857141,7.142857,7.142857],"to":[5.714286,8.857143,8.857143],"rotation":{"angle":0.0,"axis":"y","origin":[10.857143,6.857143,15.428572]},"faces":{"east":{"uv":[10.0,9.0,9.625,9.375],"rotation":0,"texture":"#3","tintindex":0},"south":{"uv":[10.125,9.375,9.375,9.75],"rotation":0,"texture":"#3","tintindex":0},"north":{"uv":[10.0,2.625,9.25,3.0],"rotation":0,"texture":"#3","tintindex":0},"west":{"uv":[1.5,8.0,1.125,8.375],"rotation":0,"texture":"#3","tintindex":0},"up":{"uv":[0.0,9.875,0.75,9.5],"rotation":0,"texture":"#3","tintindex":0},"down":{"uv":[9.5,1.625,10.25,2.0],"rotation":0,"texture":"#3","tintindex":0}}},{"from":[2.2857141,8.857143,7.714286],"to":[5.714286,9.428572,7.714286],"rotation":{"angle":0.0,"axis":"y","origin":[10.857143,6.857143,15.428572]},"faces":{"east":{"uv":[0.0,0.0,0.0,0.125],"rotation":0,"texture":"#3","tintindex":0},"south":{"uv":[8.25,3.875,7.5,4.0],"rotation":0,"texture":"#3","tintindex":0},"north":{"uv":[7.5,3.875,6.75,4.0],"rotation":0,"texture":"#3","tintindex":0},"west":{"uv":[0.0,0.0,0.0,0.125],"rotation":0,"texture":"#3","tintindex":0},"up":{"uv":[0.0,0.0,0.75,0.0],"rotation":0,"texture":"#3","tintindex":0},"down":{"uv":[0.0,0.0,0.75,0.0],"rotation":0,"texture":"#3","tintindex":0}}},{"from":[2.2857141,4.285714,7.142857],"to":[4.0,7.142857,8.857143],"rotation":{"angle":0.0,"axis":"y","origin":[10.857143,6.857143,15.428572]},"faces":{"east":{"uv":[10.125,4.875,9.75,5.5],"rotation":0,"texture":"#3","tintindex":0},"south":{"uv":[5.25,9.75,4.875,10.375],"rotation":0,"texture":"#3","tintindex":0},"north":{"uv":[1.875,9.75,1.5,10.375],"rotation":0,"texture":"#3","tintindex":0},"west":{"uv":[4.875,9.75,4.5,10.375],"rotation":0,"texture":"#3","tintindex":0},"up":{"uv":[9.75,0.875,10.125,0.5],"rotation":0,"texture":"#3","tintindex":0},"down":{"uv":[9.75,7.875,10.125,8.25],"rotation":0,"texture":"#3","tintindex":0}}}],"textures":{"3":"modelengine:entity/voras_pet_white"},"display":{"head":{"translation":[0.0,-6.4,0.0],"scale":[4.0,4.0,4.0]}}}