{"elements":[{"from":[8.0,-16.0,-8.0],"to":[8.0,24.000002,32.0],"rotation":{"angle":0.0,"axis":"y","origin":[8.0,6.800002,-4.0]},"faces":{"east":{"uv":[0.0,0.0,16.0,16.0],"rotation":90,"texture":"#1","tintindex":0},"south":{"uv":[0.0,0.0,16.0,0.0],"rotation":270,"texture":"#0","tintindex":0},"north":{"uv":[0.0,0.0,16.0,0.0],"rotation":270,"texture":"#0","tintindex":0},"west":{"uv":[16.0,0.0,0.0,16.0],"rotation":270,"texture":"#1","tintindex":0},"up":{"uv":[0.0,0.0,0.0,16.0],"rotation":0,"texture":"#0","tintindex":0},"down":{"uv":[0.0,0.0,0.0,16.0],"rotation":180,"texture":"#0","tintindex":0}}},{"from":[-12.0,4.000002,-8.0],"to":[28.0,4.000002,32.0],"rotation":{"angle":0.0,"axis":"y","origin":[8.0,6.800002,-4.0]},"faces":{"east":{"uv":[0.0,0.0,0.0,16.0],"rotation":90,"texture":"#0","tintindex":0},"south":{"uv":[0.0,0.0,16.0,0.0],"rotation":180,"texture":"#0","tintindex":0},"north":{"uv":[0.0,0.0,16.0,0.0],"rotation":0,"texture":"#0","tintindex":0},"west":{"uv":[0.0,0.0,0.0,16.0],"rotation":270,"texture":"#0","tintindex":0},"up":{"uv":[0.0,0.0,16.0,16.0],"rotation":0,"texture":"#1","tintindex":0},"down":{"uv":[16.0,0.0,0.0,16.0],"rotation":180,"texture":"#1","tintindex":0}}}],"textures":{"0":"modelengine:entity/em_nothingness","1":"modelengine:entity/cppuker_pukeball"},"display":{"head":{"translation":[0.0,-52.80001,48.0],"scale":[4.0,4.0,4.0]}}}