{"elements":[{"from":[1.9999995,6.0,5.428571],"to":[14.0,11.142858,11.142858],"rotation":{"angle":0.0,"axis":"y","origin":[8.285714,6.5714283,0.85714245]},"faces":{"east":{"uv":[9.5,7.6875,8.875,8.25],"rotation":0,"texture":"#5","tintindex":0},"south":{"uv":[7.25,5.8125,8.5625,6.375],"rotation":0,"texture":"#5","tintindex":0},"north":{"uv":[7.25,5.25,8.5625,5.8125],"rotation":0,"texture":"#5","tintindex":0},"west":{"uv":[8.875,7.6875,9.5,8.25],"rotation":0,"texture":"#5","tintindex":0},"up":{"uv":[8.3125,4.625,7.0,4.0],"rotation":0,"texture":"#5","tintindex":0},"down":{"uv":[8.3125,4.625,7.0,5.25],"rotation":0,"texture":"#5","tintindex":0}}},{"from":[3.7142854,-1.217658,4.3369904],"to":[12.285715,7.353771,9.479847],"rotation":{"angle":22.5,"axis":"x","origin":[8.0,2.4966283,6.9084187]},"faces":{"east":{"uv":[8.4375,6.375,7.875,7.3125],"rotation":0,"texture":"#5","tintindex":0},"south":{"uv":[6.75,2.0,7.6875,2.9375],"rotation":0,"texture":"#5","tintindex":0},"north":{"uv":[6.75,1.0625,7.6875,2.0],"rotation":0,"texture":"#5","tintindex":0},"west":{"uv":[7.875,6.375,8.4375,7.3125],"rotation":0,"texture":"#5","tintindex":0},"up":{"uv":[8.875,7.875,7.9375,7.3125],"rotation":0,"texture":"#5","tintindex":0},"down":{"uv":[8.875,7.875,7.9375,8.4375],"rotation":0,"texture":"#5","tintindex":0}}}],"textures":{"5":"modelengine:entity/azriel_parts"},"display":{"head":{"translation":[0.0,-6.4,0.0],"scale":[4.0,4.0,4.0]}}}