{"elements":[{"from":[5.714286,8.0,3.4285712],"to":[6.857143,9.142858,4.0],"rotation":{"angle":0.0,"axis":"y","origin":[8.0,-1.1428576,4.0]},"faces":{"east":{"uv":[1.375,2.5,1.5,2.75],"rotation":0,"texture":"#0","tintindex":0},"south":{"uv":[7.875,9.375,8.125,9.625],"rotation":0,"texture":"#0","tintindex":0},"north":{"uv":[9.375,7.625,9.625,7.875],"rotation":0,"texture":"#0","tintindex":0},"west":{"uv":[1.375,2.75,1.5,3.0],"rotation":0,"texture":"#0","tintindex":0},"up":{"uv":[4.25,2.25,4.0,2.125],"rotation":0,"texture":"#0","tintindex":0},"down":{"uv":[4.5,2.125,4.25,2.25],"rotation":0,"texture":"#0","tintindex":0}}},{"from":[5.428571,8.0,4.0],"to":[5.428571,8.571428,8.0],"rotation":{"angle":0.0,"axis":"y","origin":[8.0,-1.1428576,4.0]},"faces":{"east":{"uv":[9.25,4.625,10.125,4.75],"rotation":0,"texture":"#0","tintindex":0},"south":{"uv":[0.0,0.0,0.0,0.125],"rotation":0,"texture":"#0","tintindex":0},"north":{"uv":[0.0,0.0,0.0,0.125],"rotation":0,"texture":"#0","tintindex":0},"west":{"uv":[9.25,8.5,10.125,8.625],"rotation":0,"texture":"#0","tintindex":0},"up":{"uv":[0.0,0.875,0.0,0.0],"rotation":0,"texture":"#0","tintindex":0},"down":{"uv":[0.0,0.0,0.0,0.875],"rotation":0,"texture":"#0","tintindex":0}}},{"from":[10.0,8.0,4.0],"to":[10.0,8.571428,8.0],"rotation":{"angle":0.0,"axis":"y","origin":[8.0,-1.1428576,4.0]},"faces":{"east":{"uv":[9.25,8.625,10.125,8.75],"rotation":0,"texture":"#0","tintindex":0},"south":{"uv":[0.0,0.0,0.0,0.125],"rotation":0,"texture":"#0","tintindex":0},"north":{"uv":[0.0,0.0,0.0,0.125],"rotation":0,"texture":"#0","tintindex":0},"west":{"uv":[9.25,8.75,10.125,8.875],"rotation":0,"texture":"#0","tintindex":0},"up":{"uv":[0.0,0.875,0.0,0.0],"rotation":0,"texture":"#0","tintindex":0},"down":{"uv":[0.0,0.0,0.0,0.875],"rotation":0,"texture":"#0","tintindex":0}}},{"from":[5.142857,6.285714,3.4285712],"to":[10.285714,8.0,8.0],"rotation":{"angle":0.0,"axis":"y","origin":[8.0,-1.1428576,4.0]},"faces":{"east":{"uv":[8.0,4.875,9.0,5.25],"rotation":0,"texture":"#0","tintindex":0},"south":{"uv":[7.875,1.0,9.0,1.375],"rotation":0,"texture":"#0","tintindex":0},"north":{"uv":[7.5,4.5,8.625,4.875],"rotation":0,"texture":"#0","tintindex":0},"west":{"uv":[8.0,5.25,9.0,5.625],"rotation":0,"texture":"#0","tintindex":0},"up":{"uv":[1.125,4.5,0.0,3.5],"rotation":0,"texture":"#0","tintindex":0},"down":{"uv":[4.75,2.25,3.625,3.25],"rotation":0,"texture":"#0","tintindex":0}}},{"from":[5.142857,3.3592453,2.2163877],"to":[10.285714,6.787817,2.2163877],"rotation":{"angle":45.0,"axis":"x","origin":[7.714286,5.073531,2.2163877]},"faces":{"east":{"uv":[0.0,0.0,0.0,0.75],"rotation":0,"texture":"#0","tintindex":0},"south":{"uv":[0.875,6.375,2.0,7.125],"rotation":0,"texture":"#0","tintindex":0},"north":{"uv":[6.25,0.0,7.375,0.75],"rotation":0,"texture":"#0","tintindex":0},"west":{"uv":[0.0,0.0,0.0,0.75],"rotation":0,"texture":"#0","tintindex":0},"up":{"uv":[1.125,0.0,0.0,0.0],"rotation":0,"texture":"#0","tintindex":0},"down":{"uv":[1.125,0.0,0.0,0.0],"rotation":0,"texture":"#0","tintindex":0}}},{"from":[5.428571,8.0,3.7142854],"to":[10.0,8.571428,3.7142854],"rotation":{"angle":0.0,"axis":"y","origin":[8.0,-1.1428576,4.0]},"faces":{"east":{"uv":[0.0,0.0,0.0,0.125],"rotation":0,"texture":"#0","tintindex":0},"south":{"uv":[9.25,4.5,10.25,4.625],"rotation":0,"texture":"#0","tintindex":0},"north":{"uv":[9.25,0.875,10.25,1.0],"rotation":0,"texture":"#0","tintindex":0},"west":{"uv":[0.0,0.0,0.0,0.125],"rotation":0,"texture":"#0","tintindex":0},"up":{"uv":[1.0,0.0,0.0,0.0],"rotation":0,"texture":"#0","tintindex":0},"down":{"uv":[1.0,0.0,0.0,0.0],"rotation":0,"texture":"#0","tintindex":0}}}],"textures":{"0":"modelengine:entity/gp2_goblin_shaman"},"display":{"head":{"translation":[0.0,-6.4,0.0],"scale":[4.0,4.0,4.0]}}}