{"elements":[{"from":[6.0,7.5252433,7.065242],"to":[10.0,10.9538145,9.922385],"rotation":{"angle":0.0,"axis":"y","origin":[8.0,9.525244,8.208099]},"faces":{"east":{"uv":[3.0,7.375,3.625,8.125],"rotation":0,"texture":"#0","tintindex":0},"south":{"uv":[2.25,6.625,3.125,7.375],"rotation":0,"texture":"#0","tintindex":0},"north":{"uv":[6.375,3.125,7.25,3.875],"rotation":0,"texture":"#0","tintindex":0},"west":{"uv":[7.5,3.75,8.125,4.5],"rotation":0,"texture":"#0","tintindex":0},"up":{"uv":[8.0,5.5,7.125,4.875],"rotation":0,"texture":"#0","tintindex":0},"down":{"uv":[8.0,5.5,7.125,6.125],"rotation":0,"texture":"#0","tintindex":0}}},{"from":[4.8571424,10.057362,6.558465],"to":[11.142858,12.914504,9.987037],"rotation":{"angle":-22.5,"axis":"x","origin":[8.0,10.343076,7.701322]},"faces":{"east":{"uv":[4.0,1.5,4.75,2.125],"rotation":0,"texture":"#0","tintindex":0},"south":{"uv":[5.875,1.0,7.25,1.625],"rotation":0,"texture":"#0","tintindex":0},"north":{"uv":[5.5,4.25,6.875,4.875],"rotation":0,"texture":"#0","tintindex":0},"west":{"uv":[2.25,7.375,3.0,8.0],"rotation":0,"texture":"#0","tintindex":0},"up":{"uv":[5.0,4.0,3.625,3.25],"rotation":0,"texture":"#0","tintindex":0},"down":{"uv":[3.5,3.75,2.125,4.5],"rotation":0,"texture":"#0","tintindex":0}}},{"from":[4.8571424,7.7099843,5.6614165],"to":[11.142858,12.281413,5.6614165],"rotation":{"angle":0.0,"axis":"y","origin":[8.0,9.709985,6.8042736]},"faces":{"east":{"uv":[0.0,0.0,0.0,1.0],"rotation":0,"texture":"#0","tintindex":0},"south":{"uv":[0.0,2.5,1.375,3.5],"rotation":0,"texture":"#0","tintindex":0},"north":{"uv":[1.5,2.25,2.875,3.25],"rotation":0,"texture":"#0","tintindex":0},"west":{"uv":[0.0,0.0,0.0,1.0],"rotation":0,"texture":"#0","tintindex":0},"up":{"uv":[1.375,0.0,0.0,0.0],"rotation":0,"texture":"#0","tintindex":0},"down":{"uv":[1.375,0.0,0.0,0.0],"rotation":0,"texture":"#0","tintindex":0}}}],"textures":{"0":"modelengine:entity/gp2_goblin_shaman"},"display":{"head":{"translation":[0.0,-6.4,0.0],"scale":[4.0,4.0,4.0]}}}