{"elements":[{"from":[6.285714,6.285714,6.285714],"to":[9.714286,9.714286,9.714286],"rotation":{"angle":0.0,"axis":"y","origin":[6.857143,5.714286,9.142858]},"faces":{"east":{"uv":[3.0,4.0,6.0,7.0],"rotation":0,"texture":"#0","tintindex":0},"south":{"uv":[6.0,0.0,9.0,3.0],"rotation":0,"texture":"#0","tintindex":0},"north":{"uv":[0.0,4.0,3.0,7.0],"rotation":0,"texture":"#0","tintindex":0},"west":{"uv":[6.0,3.0,9.0,6.0],"rotation":0,"texture":"#0","tintindex":0},"up":{"uv":[9.0,9.0,6.0,6.0],"rotation":0,"texture":"#0","tintindex":0},"down":{"uv":[3.0,7.0,0.0,10.0],"rotation":0,"texture":"#0","tintindex":0}}}],"textures":{"0":"modelengine:entity/wendigo_heart"},"display":{"head":{"translation":[0.0,-6.4,0.0],"scale":[4.0,4.0,4.0]}}}