{
	"credit": "Made with Blockbench",
	"texture_size": [64, 64],
	"textures": {
		"0": "modelengine:entity/lr_snowman"
	},
	"elements": [
		{
			"from": [4, 7, 4],
			"to": [12, 8, 12],
			"rotation": {"angle": 0, "axis": "y", "origin": [8, 2, 8]},
			"faces": {
				"north": {"uv": [1.5, 10.5, 3.5, 10.75], "texture": "#0"},
				"east": {"uv": [10.5, 6.25, 12.5, 6.5], "texture": "#0"},
				"south": {"uv": [10.5, 6.5, 12.5, 6.75], "texture": "#0"},
				"west": {"uv": [10.5, 6.75, 12.5, 7], "texture": "#0"},
				"up": {"uv": [11.5, 4.25, 9.5, 2.25], "texture": "#0"},
				"down": {"uv": [11.5, 4.25, 9.5, 6.25], "texture": "#0"}
			}
		},
		{
			"from": [6, 8, 6],
			"to": [10, 13, 10],
			"rotation": {"angle": 0, "axis": "y", "origin": [8, 2, 8]},
			"faces": {
				"north": {"uv": [6, 9, 7, 10.25], "texture": "#0"},
				"east": {"uv": [9.5, 6.25, 10.5, 7.5], "texture": "#0"},
				"south": {"uv": [7, 9.5, 8, 10.75], "texture": "#0"},
				"west": {"uv": [9.5, 7.5, 10.5, 8.75], "texture": "#0"},
				"up": {"uv": [9, 10.5, 8, 9.5], "texture": "#0"},
				"down": {"uv": [10.5, 8.75, 9.5, 9.75], "texture": "#0"}
			}
		}
	],
	"gui_light": "front",
	"display": {
		"thirdperson_righthand": {
			"rotation": [0, 19, -5],
			"translation": [0, 1, 0]
		},
		"thirdperson_lefthand": {
			"rotation": [0, 19, -5],
			"translation": [0, 1, 0]
		},
		"firstperson_righthand": {
			"rotation": [-1, 77, 9],
			"translation": [1.75, 0, 0]
		},
		"firstperson_lefthand": {
			"rotation": [-1, 77, 9],
			"translation": [1.75, 0, 0]
		},
		"ground": {
			"rotation": [23, 0, 0]
		},
		"gui": {
			"rotation": [32, 21, 0],
			"translation": [0, -1.25, 0],
			"scale": [1.4, 1.4, 1.4]
		},
		"head": {
			"translation": [0, 7.25, 0]
		},
		"fixed": {
			"rotation": [-90, 0, 0],
			"translation": [0, 0, -2],
			"scale": [2, 2, 2]
		}
	},
	"groups": [
		{
			"name": "hat",
			"origin": [8, 0, 8],
			"color": 0,
			"children": [0, 1]
		}
	]
}