{"elements":[{"from":[6.285714,-3.4285717,4.5714283],"to":[9.714286,8.0,9.142858],"rotation":{"angle":0.0,"axis":"y","origin":[8.0,2.2857141,6.857143]},"faces":{"east":{"uv":[0.3125,4.0625,0.8125,5.3125],"rotation":0,"texture":"#2","tintindex":0},"south":{"uv":[5.3125,3.3125,5.6875,4.5625],"rotation":0,"texture":"#2","tintindex":0},"north":{"uv":[5.3125,2.0625,5.6875,3.3125],"rotation":0,"texture":"#2","tintindex":0},"west":{"uv":[0.8125,4.0625,1.3125,5.3125],"rotation":0,"texture":"#2","tintindex":0},"up":{"uv":[7.1875,5.625,6.8125,5.125],"rotation":0,"texture":"#2","tintindex":0},"down":{"uv":[2.125,6.875,1.75,7.375],"rotation":0,"texture":"#2","tintindex":0}}}],"textures":{"2":"modelengine:entity/astral_archon_damaged"},"display":{"head":{"translation":[0.0,-6.4,0.0],"scale":[4.0,4.0,4.0]}}}