{"elements":[{"from":[6.5714283,-10.857143,8.0],"to":[8.857143,8.0,10.857143],"rotation":{"angle":0.0,"axis":"y","origin":[14.285715,21.142857,9.714286]},"faces":{"east":{"uv":[2.9375,3.4375,3.25,5.5],"rotation":0,"texture":"#2","tintindex":0},"south":{"uv":[0.3125,5.3125,0.5625,7.375],"rotation":0,"texture":"#2","tintindex":0},"north":{"uv":[5.25,0.0,5.5,2.0625],"rotation":0,"texture":"#2","tintindex":0},"west":{"uv":[0.0,4.0625,0.3125,6.125],"rotation":0,"texture":"#2","tintindex":0},"up":{"uv":[4.375,7.1875,4.125,6.875],"rotation":0,"texture":"#2","tintindex":0},"down":{"uv":[7.8125,3.0625,7.5625,3.375],"rotation":0,"texture":"#2","tintindex":0}}},{"from":[6.5714283,6.3968363,6.272933],"to":[8.857143,14.968266,8.558647],"rotation":{"angle":-22.5,"axis":"x","origin":[7.714286,12.396836,7.4157906]},"faces":{"east":{"uv":[6.5,6.0,6.75,6.9375],"rotation":0,"texture":"#2","tintindex":0},"south":{"uv":[2.8125,6.5625,3.0625,7.5],"rotation":0,"texture":"#2","tintindex":0},"north":{"uv":[2.5625,6.375,2.8125,7.3125],"rotation":0,"texture":"#2","tintindex":0},"west":{"uv":[4.875,6.5625,5.125,7.5],"rotation":0,"texture":"#2","tintindex":0},"up":{"uv":[5.5625,4.8125,5.3125,4.5625],"rotation":0,"texture":"#2","tintindex":0},"down":{"uv":[1.1875,7.625,0.9375,7.875],"rotation":0,"texture":"#2","tintindex":0}}}],"textures":{"2":"modelengine:entity/astral_archon_damaged"},"display":{"head":{"translation":[0.0,-6.4,0.0],"scale":[4.0,4.0,4.0]}}}