{"elements":[{"from":[4.5714283,2.7142854,7.428571],"to":[8.0,3.8571424,8.571428],"rotation":{"angle":22.5,"axis":"z","origin":[6.285714,3.2857141,8.0]},"faces":{"east":{"uv":[3.25,5.5,3.125,5.625],"rotation":0,"texture":"#2","tintindex":0},"south":{"uv":[4.4375,7.625,4.0625,7.75],"rotation":0,"texture":"#2","tintindex":0},"north":{"uv":[8.0,2.1875,7.625,2.3125],"rotation":0,"texture":"#2","tintindex":0},"west":{"uv":[3.375,4.1875,3.25,4.3125],"rotation":0,"texture":"#2","tintindex":0},"up":{"uv":[4.4375,7.75,4.8125,7.625],"rotation":0,"texture":"#2","tintindex":0},"down":{"uv":[5.4375,7.625,5.8125,7.75],"rotation":0,"texture":"#2","tintindex":0}}},{"from":[6.3738985,3.4138117,7.428571],"to":[8.088184,7.9852405,8.571428],"rotation":{"angle":0.0,"axis":"y","origin":[6.945327,19.98524,8.0]},"faces":{"east":{"uv":[0.3125,7.625,0.1875,8.125],"rotation":0,"texture":"#2","tintindex":0},"south":{"uv":[0.1875,7.625,0.0,8.125],"rotation":0,"texture":"#2","tintindex":0},"north":{"uv":[7.75,6.1875,7.5625,6.6875],"rotation":0,"texture":"#2","tintindex":0},"west":{"uv":[4.875,6.75,4.75,7.25],"rotation":0,"texture":"#2","tintindex":0},"up":{"uv":[5.5625,6.6875,5.75,6.5625],"rotation":0,"texture":"#2","tintindex":0},"down":{"uv":[1.0,6.625,1.1875,6.75],"rotation":0,"texture":"#2","tintindex":0}}}],"textures":{"2":"modelengine:entity/astral_archon_damaged"},"display":{"head":{"translation":[0.0,-6.4,0.0],"scale":[4.0,4.0,4.0]}}}