{"elements":[{"from":[1.1492448,7.447389,4.5714283],"to":[8.006388,10.87596,11.428572],"rotation":{"angle":-45.0,"axis":"y","origin":[4.577816,8.590246,8.0]},"faces":{"east":{"uv":[6.1875,3.75,6.9375,4.125],"rotation":0,"texture":"#2","tintindex":0},"south":{"uv":[6.1875,4.125,6.9375,4.5],"rotation":0,"texture":"#2","tintindex":0},"north":{"uv":[5.75,6.125,6.5,6.5],"rotation":0,"texture":"#2","tintindex":0},"west":{"uv":[6.1875,4.5,6.9375,4.875],"rotation":0,"texture":"#2","tintindex":0},"up":{"uv":[2.0625,4.8125,1.3125,4.0625],"rotation":0,"texture":"#2","tintindex":0},"down":{"uv":[4.875,1.0,4.125,1.75],"rotation":0,"texture":"#2","tintindex":0}}},{"from":[0.8224635,3.5919108,4.0],"to":[8.822464,6.449054,12.0],"rotation":{"angle":45.0,"axis":"y","origin":[4.822464,5.020482,8.0]},"faces":{"east":{"uv":[6.3125,2.0625,7.1875,2.375],"rotation":0,"texture":"#2","tintindex":0},"south":{"uv":[6.3125,2.375,7.1875,2.6875],"rotation":0,"texture":"#2","tintindex":0},"north":{"uv":[6.3125,1.75,7.1875,2.0625],"rotation":0,"texture":"#2","tintindex":0},"west":{"uv":[6.3125,2.6875,7.1875,3.0],"rotation":0,"texture":"#2","tintindex":0},"up":{"uv":[4.125,0.875,3.25,0.0],"rotation":0,"texture":"#2","tintindex":0},"down":{"uv":[4.125,0.875,3.25,1.75],"rotation":0,"texture":"#2","tintindex":0}}}],"textures":{"2":"modelengine:entity/astral_archon_damaged"},"display":{"head":{"translation":[0.0,-6.4,0.0],"scale":[4.0,4.0,4.0]}}}