{"elements":[{"from":[8.0,7.428571,8.571428],"to":[8.571428,8.571428,10.285714],"rotation":{"angle":0.0,"axis":"y","origin":[6.5714283,4.5714283,8.0]},"faces":{"east":{"uv":[7.5,12.5,6.0,13.5],"rotation":0,"texture":"#0","tintindex":0},"south":{"uv":[1.0,13.5,0.5,14.5],"rotation":0,"texture":"#0","tintindex":0},"north":{"uv":[14.0,0.0,13.5,1.0],"rotation":0,"texture":"#0","tintindex":0},"west":{"uv":[14.0,5.5,12.5,6.5],"rotation":0,"texture":"#0","tintindex":0},"up":{"uv":[12.5,14.5,13.0,13.0],"rotation":0,"texture":"#0","tintindex":0},"down":{"uv":[13.0,13.0,13.5,14.5],"rotation":0,"texture":"#0","tintindex":0}}},{"from":[7.428571,7.428571,7.428571],"to":[8.571428,9.142858,8.571428],"rotation":{"angle":0.0,"axis":"y","origin":[6.5714283,4.5714283,8.0]},"faces":{"east":{"uv":[8.5,12.0,7.5,13.5],"rotation":0,"texture":"#0","tintindex":0},"south":{"uv":[13.0,4.0,12.0,5.5],"rotation":0,"texture":"#0","tintindex":0},"north":{"uv":[12.5,5.5,11.5,7.0],"rotation":0,"texture":"#0","tintindex":0},"west":{"uv":[12.5,7.0,11.5,8.5],"rotation":0,"texture":"#0","tintindex":0},"up":{"uv":[12.5,7.5,13.5,6.5],"rotation":0,"texture":"#0","tintindex":0},"down":{"uv":[12.5,7.5,13.5,8.5],"rotation":0,"texture":"#0","tintindex":0}}}],"textures":{"0":"modelengine:entity/chameleon"},"display":{"head":{"translation":[0.0,-6.4,0.0],"scale":[4.0,4.0,4.0]}}}