{
	"credit": "Made with Blockbench",
	"texture_size": [64, 64],
	"textures": {
		"0": "littleroom_wendigo:parka_helmet",
		"particle": "littleroom_wendigo:parka_helmet"
	},
	"elements": [
		{
			"from": [3, 3, 4],
			"to": [13, 13, 13],
			"faces": {
				"north": {"uv": [0, 0, 2.5, 2.5], "texture": "#0"},
				"east": {"uv": [2.5, 0, 4.75, 2.5], "texture": "#0"},
				"south": {"uv": [0, 2.5, 2.5, 5], "texture": "#0"},
				"west": {"uv": [2.5, 2.5, 4.75, 5], "texture": "#0"},
				"up": {"uv": [7.25, 2.25, 4.75, 0], "texture": "#0"},
				"down": {"uv": [7.25, 2.25, 4.75, 4.5], "texture": "#0"}
			}
		},
		{
			"from": [5, 11, 3],
			"to": [11, 14, 6],
			"faces": {
				"north": {"uv": [8.75, 6, 10.25, 6.75], "texture": "#0"},
				"east": {"uv": [6.75, 8.5, 7.5, 9.25], "texture": "#0"},
				"south": {"uv": [8.75, 6.75, 10.25, 7.5], "texture": "#0"},
				"west": {"uv": [2.25, 10, 3, 10.75], "texture": "#0"},
				"up": {"uv": [10.25, 8.25, 8.75, 7.5], "texture": "#0"},
				"down": {"uv": [10.25, 8.25, 8.75, 9], "texture": "#0"}
			}
		},
		{
			"from": [2, 14, 6],
			"to": [14, 15, 6],
			"rotation": {"angle": 45, "axis": "x", "origin": [8, 14, 6]},
			"faces": {
				"north": {"uv": [10.25, 3, 13.25, 3.25], "texture": "#0"},
				"east": {"uv": [0, 0, 0, 0.25], "texture": "#0"},
				"south": {"uv": [10.25, 3, 13.25, 3.25], "texture": "#0"},
				"west": {"uv": [0, 0, 0, 0.25], "texture": "#0"},
				"up": {"uv": [3, 0, 0, 0], "texture": "#0"},
				"down": {"uv": [3, 0, 0, 0], "texture": "#0"}
			}
		},
		{
			"from": [2, 14, 3],
			"to": [14, 15, 3],
			"rotation": {"angle": -45, "axis": "x", "origin": [8, 14, 3]},
			"faces": {
				"north": {"uv": [10.25, 3.25, 13.25, 3.5], "texture": "#0"},
				"east": {"uv": [0, 0, 0, 0.25], "texture": "#0"},
				"south": {"uv": [10.25, 3, 13.25, 3.25], "texture": "#0"},
				"west": {"uv": [0, 0, 0, 0.25], "texture": "#0"},
				"up": {"uv": [3, 0, 0, 0], "texture": "#0"},
				"down": {"uv": [3, 0, 0, 0], "texture": "#0"}
			}
		},
		{
			"from": [2, 1, 3],
			"to": [14, 2, 3],
			"rotation": {"angle": 45, "axis": "x", "origin": [8, 2, 3]},
			"faces": {
				"north": {"uv": [13.25, 3.5, 10.25, 3.25], "texture": "#0"},
				"east": {"uv": [0, 0.25, 0, 0], "texture": "#0"},
				"south": {"uv": [13.25, 3.25, 10.25, 3], "texture": "#0"},
				"west": {"uv": [0, 0.25, 0, 0], "texture": "#0"},
				"up": {"uv": [0, 0, 3, 0], "texture": "#0"},
				"down": {"uv": [0, 0, 3, 0], "texture": "#0"}
			}
		},
		{
			"from": [2, 1, 6],
			"to": [14, 2, 6],
			"rotation": {"angle": -45, "axis": "x", "origin": [8, 2, 6]},
			"faces": {
				"north": {"uv": [13.25, 3.25, 10.25, 3], "texture": "#0"},
				"east": {"uv": [0, 0.25, 0, 0], "texture": "#0"},
				"south": {"uv": [13.25, 3.25, 10.25, 3], "texture": "#0"},
				"west": {"uv": [0, 0.25, 0, 0], "texture": "#0"},
				"up": {"uv": [0, 0, 3, 0], "texture": "#0"},
				"down": {"uv": [0, 0, 3, 0], "texture": "#0"}
			}
		},
		{
			"from": [1, 2, 3],
			"to": [2, 14, 3],
			"rotation": {"angle": -45, "axis": "y", "origin": [2, 8, 3]},
			"faces": {
				"north": {"uv": [10.25, 3.25, 13.25, 3.5], "rotation": 90, "texture": "#0"},
				"east": {"uv": [3, 0, 0, 0], "rotation": 270, "texture": "#0"},
				"south": {"uv": [10.25, 3, 13.25, 3.25], "rotation": 270, "texture": "#0"},
				"west": {"uv": [3, 0, 0, 0], "rotation": 270, "texture": "#0"},
				"up": {"uv": [0, 0, 0, 0.25], "rotation": 270, "texture": "#0"},
				"down": {"uv": [0, 0, 0, 0.25], "rotation": 270, "texture": "#0"}
			}
		},
		{
			"from": [1, 2, 6],
			"to": [2, 14, 6],
			"rotation": {"angle": 45, "axis": "y", "origin": [2, 8, 6]},
			"faces": {
				"north": {"uv": [10.25, 3, 13.25, 3.25], "rotation": 90, "texture": "#0"},
				"east": {"uv": [3, 0, 0, 0], "rotation": 270, "texture": "#0"},
				"south": {"uv": [10.25, 3, 13.25, 3.25], "rotation": 270, "texture": "#0"},
				"west": {"uv": [3, 0, 0, 0], "rotation": 270, "texture": "#0"},
				"up": {"uv": [0, 0, 0, 0.25], "rotation": 270, "texture": "#0"},
				"down": {"uv": [0, 0, 0, 0.25], "rotation": 270, "texture": "#0"}
			}
		},
		{
			"from": [14, 2, 3],
			"to": [15, 14, 3],
			"rotation": {"angle": 45, "axis": "y", "origin": [14, 8, 3]},
			"faces": {
				"north": {"uv": [13.25, 3.5, 10.25, 3.25], "rotation": 90, "texture": "#0"},
				"east": {"uv": [0, 0, 3, 0], "rotation": 270, "texture": "#0"},
				"south": {"uv": [13.25, 3.25, 10.25, 3], "rotation": 270, "texture": "#0"},
				"west": {"uv": [0, 0, 3, 0], "rotation": 270, "texture": "#0"},
				"up": {"uv": [0, 0.25, 0, 0], "rotation": 270, "texture": "#0"},
				"down": {"uv": [0, 0.25, 0, 0], "rotation": 270, "texture": "#0"}
			}
		},
		{
			"from": [14, 2, 6],
			"to": [15, 14, 6],
			"rotation": {"angle": -45, "axis": "y", "origin": [14, 8, 6]},
			"faces": {
				"north": {"uv": [13.25, 3.25, 10.25, 3], "rotation": 90, "texture": "#0"},
				"east": {"uv": [0, 0, 3, 0], "rotation": 270, "texture": "#0"},
				"south": {"uv": [13.25, 3.25, 10.25, 3], "rotation": 270, "texture": "#0"},
				"west": {"uv": [0, 0, 3, 0], "rotation": 270, "texture": "#0"},
				"up": {"uv": [0, 0.25, 0, 0], "rotation": 270, "texture": "#0"},
				"down": {"uv": [0, 0.25, 0, 0], "rotation": 270, "texture": "#0"}
			}
		},
		{
			"from": [1.9, 14.1, 2.9],
			"to": [14.1, 14.1, 6.1],
			"faces": {
				"north": {"uv": [0, 0, 3, 0], "texture": "#0"},
				"east": {"uv": [0, 0, 0.75, 0], "texture": "#0"},
				"south": {"uv": [0, 0, 3, 0], "texture": "#0"},
				"west": {"uv": [0, 0, 0.75, 0], "texture": "#0"},
				"up": {"uv": [10.25, 3.75, 7.25, 3], "texture": "#0"},
				"down": {"uv": [10.25, 3.75, 7.25, 4.5], "texture": "#0"}
			}
		},
		{
			"from": [1.9, 1.9, 2.9],
			"to": [14.1, 1.9, 6.1],
			"faces": {
				"north": {"uv": [0, 0, 3, 0], "texture": "#0"},
				"east": {"uv": [0, 0, 0.75, 0], "texture": "#0"},
				"south": {"uv": [0, 0, 3, 0], "texture": "#0"},
				"west": {"uv": [0, 0, 0.75, 0], "texture": "#0"},
				"up": {"uv": [11.75, 0.75, 8.75, 0], "texture": "#0"},
				"down": {"uv": [11.75, 0.75, 8.75, 1.5], "texture": "#0"}
			}
		},
		{
			"from": [1.9, 1.9, 2.9],
			"to": [14.1, 5.1, 2.9],
			"faces": {
				"north": {"uv": [8.75, 1.5, 11.75, 2.25], "texture": "#0"},
				"east": {"uv": [0, 0, 0, 0.75], "texture": "#0"},
				"south": {"uv": [8.75, 2.25, 11.75, 3], "texture": "#0"},
				"west": {"uv": [0, 0, 0, 0.75], "texture": "#0"},
				"up": {"uv": [3, 0, 0, 0], "texture": "#0"},
				"down": {"uv": [3, 0, 0, 0], "texture": "#0"}
			}
		},
		{
			"from": [1.9, 10.9, 2.9],
			"to": [14.1, 14.1, 2.9],
			"faces": {
				"north": {"uv": [8.75, 4.5, 11.75, 5.25], "texture": "#0"},
				"east": {"uv": [0, 0, 0, 0.75], "texture": "#0"},
				"south": {"uv": [8.75, 5.25, 11.75, 6], "texture": "#0"},
				"west": {"uv": [0, 0, 0, 0.75], "texture": "#0"},
				"up": {"uv": [3, 0, 0, 0], "texture": "#0"},
				"down": {"uv": [3, 0, 0, 0], "texture": "#0"}
			}
		},
		{
			"from": [10.9, 5.1, 2.9],
			"to": [14.1, 10.9, 2.9],
			"faces": {
				"north": {"uv": [4, 5, 4.75, 6.5], "texture": "#0"},
				"east": {"uv": [0, 0, 0, 1.5], "texture": "#0"},
				"south": {"uv": [0, 10, 0.75, 11.5], "texture": "#0"},
				"west": {"uv": [0, 0, 0, 1.5], "texture": "#0"},
				"up": {"uv": [0.75, 0, 0, 0], "texture": "#0"},
				"down": {"uv": [0.75, 0, 0, 0], "texture": "#0"}
			}
		},
		{
			"from": [10.9, 5.1, 2.9],
			"to": [10.9, 10.9, 4],
			"faces": {
				"north": {"uv": [0, 0, 0, 1.5], "texture": "#0"},
				"east": {"uv": [3.75, 7, 4, 8.5], "texture": "#0"},
				"south": {"uv": [0, 0, 0, 1.5], "texture": "#0"},
				"west": {"uv": [10.25, 7.5, 10.5, 9], "texture": "#0"},
				"up": {"uv": [0, 0.25, 0, 0], "texture": "#0"},
				"down": {"uv": [0, 0, 0, 0.25], "texture": "#0"}
			}
		},
		{
			"from": [5.1, 5.1, 2.9],
			"to": [5.1, 10.9, 4],
			"faces": {
				"north": {"uv": [0, 0, 0, 1.5], "texture": "#0"},
				"east": {"uv": [10.5, 7.5, 10.75, 9], "texture": "#0"},
				"south": {"uv": [0, 0, 0, 1.5], "texture": "#0"},
				"west": {"uv": [8.25, 10.5, 8.5, 12], "texture": "#0"},
				"up": {"uv": [0, 0.25, 0, 0], "texture": "#0"},
				"down": {"uv": [0, 0, 0, 0.25], "texture": "#0"}
			}
		},
		{
			"from": [5.1, 5.1, 2.9],
			"to": [10.9, 5.1, 4],
			"faces": {
				"north": {"uv": [0, 0, 1.5, 0], "texture": "#0"},
				"east": {"uv": [0, 0, 0.25, 0], "texture": "#0"},
				"south": {"uv": [0, 0, 1.5, 0], "texture": "#0"},
				"west": {"uv": [0, 0, 0.25, 0], "texture": "#0"},
				"up": {"uv": [11.75, 4.5, 10.25, 4.25], "texture": "#0"},
				"down": {"uv": [11.75, 9, 10.25, 9.25], "texture": "#0"}
			}
		},
		{
			"from": [5.1, 10.9, 2.9],
			"to": [10.9, 10.9, 4],
			"faces": {
				"north": {"uv": [0, 0, 1.5, 0], "texture": "#0"},
				"east": {"uv": [0, 0, 0.25, 0], "texture": "#0"},
				"south": {"uv": [0, 0, 1.5, 0], "texture": "#0"},
				"west": {"uv": [0, 0, 0.25, 0], "texture": "#0"},
				"up": {"uv": [11.75, 9.5, 10.25, 9.25], "texture": "#0"},
				"down": {"uv": [11.75, 9.5, 10.25, 9.75], "texture": "#0"}
			}
		},
		{
			"from": [1.9, 5.1, 2.9],
			"to": [5.1, 10.9, 2.9],
			"faces": {
				"north": {"uv": [0.75, 10, 1.5, 11.5], "texture": "#0"},
				"east": {"uv": [0, 0, 0, 1.5], "texture": "#0"},
				"south": {"uv": [1.5, 10, 2.25, 11.5], "texture": "#0"},
				"west": {"uv": [0, 0, 0, 1.5], "texture": "#0"},
				"up": {"uv": [0.75, 0, 0, 0], "texture": "#0"},
				"down": {"uv": [0.75, 0, 0, 0], "texture": "#0"}
			}
		},
		{
			"from": [1.9, 1.9, 2.9],
			"to": [1.9, 14.1, 6.1],
			"faces": {
				"north": {"uv": [0, 0, 0, 3], "texture": "#0"},
				"east": {"uv": [3.75, 8.5, 4.5, 11.5], "texture": "#0"},
				"south": {"uv": [0, 0, 0, 3], "texture": "#0"},
				"west": {"uv": [4.5, 8.5, 5.25, 11.5], "texture": "#0"},
				"up": {"uv": [0, 0.75, 0, 0], "texture": "#0"},
				"down": {"uv": [0, 0, 0, 0.75], "texture": "#0"}
			}
		},
		{
			"from": [14.1, 1.9, 2.9],
			"to": [14.1, 14.1, 6.1],
			"faces": {
				"north": {"uv": [0, 0, 0, 3], "texture": "#0"},
				"east": {"uv": [5.25, 8.5, 6, 11.5], "texture": "#0"},
				"south": {"uv": [0, 0, 0, 3], "texture": "#0"},
				"west": {"uv": [6, 8.5, 6.75, 11.5], "texture": "#0"},
				"up": {"uv": [0, 0.75, 0, 0], "texture": "#0"},
				"down": {"uv": [0, 0, 0, 0.75], "texture": "#0"}
			}
		},
		{
			"from": [5, 2, 3],
			"to": [11, 5, 6],
			"faces": {
				"north": {"uv": [8.75, 9, 10.25, 9.75], "texture": "#0"},
				"east": {"uv": [10.25, 6, 11, 6.75], "texture": "#0"},
				"south": {"uv": [6.75, 9.5, 8.25, 10.25], "texture": "#0"},
				"west": {"uv": [6.75, 10.25, 7.5, 11], "texture": "#0"},
				"up": {"uv": [9.75, 10.5, 8.25, 9.75], "texture": "#0"},
				"down": {"uv": [11.25, 9.75, 9.75, 10.5], "texture": "#0"}
			}
		},
		{
			"from": [11, 2, 3],
			"to": [14, 14, 6],
			"faces": {
				"north": {"uv": [0, 7, 0.75, 10], "texture": "#0"},
				"east": {"uv": [0.75, 7, 1.5, 10], "texture": "#0"},
				"south": {"uv": [1.5, 7, 2.25, 10], "texture": "#0"},
				"west": {"uv": [2.25, 7, 3, 10], "texture": "#0"},
				"up": {"uv": [3.75, 10.75, 3, 10], "texture": "#0"},
				"down": {"uv": [11, 3.5, 10.25, 4.25], "texture": "#0"}
			}
		},
		{
			"from": [5, 5, 6],
			"to": [11, 11, 6],
			"faces": {
				"north": {"uv": [14.5, 0, 16, 1.5], "texture": "#0"},
				"east": {"uv": [0.75, 7, 0.75, 8.5], "texture": "#0"},
				"south": {"uv": [14.5, 0, 16, 1.5], "texture": "#0"},
				"west": {"uv": [2.25, 7, 2.25, 8.5], "texture": "#0"},
				"up": {"uv": [4.5, 10, 3, 10], "texture": "#0"},
				"down": {"uv": [11.75, 3.5, 10.25, 3.5], "texture": "#0"}
			}
		},
		{
			"from": [2, 2, 3],
			"to": [5, 14, 6],
			"faces": {
				"north": {"uv": [3, 7, 3.75, 10], "texture": "#0"},
				"east": {"uv": [7.25, 0, 8, 3], "texture": "#0"},
				"south": {"uv": [8, 0, 8.75, 3], "texture": "#0"},
				"west": {"uv": [8, 6.5, 8.75, 9.5], "texture": "#0"},
				"up": {"uv": [11, 7.5, 10.25, 6.75], "texture": "#0"},
				"down": {"uv": [8.25, 10.25, 7.5, 11], "texture": "#0"}
			}
		}
	],
	"gui_light": "front",
	"display": {
		"thirdperson_righthand": {
			"rotation": [26, 37, 0],
			"translation": [0, 2.25, 0],
			"scale": [0.5, 0.5, 0.5]
		},
		"thirdperson_lefthand": {
			"rotation": [26, 37, 0],
			"translation": [0, 2.25, 0],
			"scale": [0.5, 0.5, 0.5]
		},
		"firstperson_righthand": {
			"rotation": [1, 99, -21],
			"translation": [0, 2, 0],
			"scale": [0.5, 0.5, 0.5]
		},
		"firstperson_lefthand": {
			"rotation": [1, 99, -21],
			"translation": [0, 2, 0],
			"scale": [0.5, 0.5, 0.5]
		},
		"ground": {
			"rotation": [38, 0, 0],
			"translation": [0, 0.75, 0],
			"scale": [0.5, 0.5, 0.5]
		},
		"gui": {
			"rotation": [26, -146, 0],
			"scale": [0.8, 0.8, 0.8]
		},
		"head": {
			"translation": [0, 0.5, -0.5],
			"scale": [1.5, 1.5, 1.5]
		},
		"fixed": {
			"translation": [0, 0, -3.25]
		}
	}
}