{"elements":[{"from":[5.714286,4.3714285,9.142858],"to":[10.285714,15.228571,13.714286],"rotation":{"angle":0.0,"axis":"y","origin":[8.0,-4.200001,10.857143]},"faces":{"east":{"uv":[1.0,0.0,2.0,2.375],"rotation":0,"texture":"#0","tintindex":0},"south":{"uv":[2.0,0.0,3.0,2.375],"rotation":0,"texture":"#0","tintindex":0},"north":{"uv":[0.0,0.0,1.0,2.375],"rotation":0,"texture":"#0","tintindex":0},"west":{"uv":[0.0,2.375,1.0,4.75],"rotation":0,"texture":"#0","tintindex":0},"up":{"uv":[4.75,6.5,3.75,5.5],"rotation":0,"texture":"#0","tintindex":0},"down":{"uv":[5.75,5.5,4.75,6.5],"rotation":0,"texture":"#0","tintindex":0}}},{"from":[5.714286,15.228571,9.142858],"to":[10.285714,18.657143,13.714286],"rotation":{"angle":0.0,"axis":"y","origin":[8.0,6.6571426,10.857143]},"faces":{"east":{"uv":[10.0,0.0,11.0,0.75],"rotation":0,"texture":"#0","tintindex":0},"south":{"uv":[10.0,0.75,11.0,1.5],"rotation":0,"texture":"#0","tintindex":0},"north":{"uv":[9.875,9.375,10.875,10.125],"rotation":0,"texture":"#0","tintindex":0},"west":{"uv":[9.875,10.125,10.875,10.875],"rotation":0,"texture":"#0","tintindex":0},"up":{"uv":[7.25,3.25,6.25,2.25],"rotation":0,"texture":"#0","tintindex":0},"down":{"uv":[7.25,3.25,6.25,4.25],"rotation":0,"texture":"#0","tintindex":0}}},{"from":[5.714286,3.228571,9.142858],"to":[10.285714,4.3714285,13.714286],"rotation":{"angle":0.0,"axis":"y","origin":[8.0,4.942857,11.428572]},"faces":{"east":{"uv":[12.125,8.0,13.125,8.25],"rotation":0,"texture":"#0","tintindex":0},"south":{"uv":[12.125,8.25,13.125,8.5],"rotation":0,"texture":"#0","tintindex":0},"north":{"uv":[12.0,3.625,13.0,3.875],"rotation":0,"texture":"#0","tintindex":0},"west":{"uv":[12.125,8.5,13.125,8.75],"rotation":0,"texture":"#0","tintindex":0},"up":{"uv":[2.0,7.875,1.0,6.875],"rotation":0,"texture":"#0","tintindex":0},"down":{"uv":[3.0,6.875,2.0,7.875],"rotation":0,"texture":"#0","tintindex":0}}},{"from":[10.285714,18.657143,13.714286],"to":[5.714286,15.228571,9.142858],"rotation":{"angle":0.0,"axis":"y","origin":[8.0,6.6571426,10.857143]},"faces":{"east":{"uv":[10.25,2.25,11.25,3.0],"rotation":0,"texture":"#0","tintindex":0},"south":{"uv":[0.0,10.5,1.0,11.25],"rotation":0,"texture":"#0","tintindex":0},"north":{"uv":[10.25,1.5,11.25,2.25],"rotation":0,"texture":"#0","tintindex":0},"west":{"uv":[1.0,10.5,2.0,11.25],"rotation":0,"texture":"#0","tintindex":0},"up":{"uv":[7.75,7.25,6.75,6.25],"rotation":0,"texture":"#0","tintindex":0},"down":{"uv":[1.0,6.875,0.0,7.875],"rotation":0,"texture":"#0","tintindex":0}}},{"from":[4.5714283,6.6571426,6.285714],"to":[11.428572,12.942858,9.714286],"rotation":{"angle":0.0,"axis":"y","origin":[8.0,-3.0571432,8.0]},"faces":{"east":{"uv":[2.25,5.5,3.0,6.875],"rotation":0,"texture":"#0","tintindex":0},"south":{"uv":[4.0,1.375,5.5,2.75],"rotation":0,"texture":"#0","tintindex":0},"north":{"uv":[4.0,0.0,5.5,1.375],"rotation":0,"texture":"#0","tintindex":0},"west":{"uv":[5.5,2.25,6.25,3.625],"rotation":0,"texture":"#0","tintindex":0},"up":{"uv":[3.75,5.5,2.25,4.75],"rotation":0,"texture":"#0","tintindex":0},"down":{"uv":[7.0,0.0,5.5,0.75],"rotation":0,"texture":"#0","tintindex":0}}},{"from":[8.571428,11.8,6.857143],"to":[10.285714,13.514286,9.142858],"rotation":{"angle":45.0,"axis":"z","origin":[9.428572,12.657143,8.0]},"faces":{"east":{"uv":[12.5,12.0,13.0,12.375],"rotation":0,"texture":"#0","tintindex":0},"south":{"uv":[10.75,13.375,11.125,13.75],"rotation":0,"texture":"#0","tintindex":0},"north":{"uv":[13.375,9.0,13.75,9.375],"rotation":0,"texture":"#0","tintindex":0},"west":{"uv":[12.625,0.5,13.125,0.875],"rotation":0,"texture":"#0","tintindex":0},"up":{"uv":[4.625,13.125,4.25,12.625],"rotation":0,"texture":"#0","tintindex":0},"down":{"uv":[5.625,12.625,5.25,13.125],"rotation":0,"texture":"#0","tintindex":0}}},{"from":[6.285714,12.257143,6.285714],"to":[9.714286,16.257143,9.714286],"rotation":{"angle":-22.5,"axis":"x","origin":[8.0,11.971429,8.0]},"faces":{"east":{"uv":[7.0,10.625,7.75,11.5],"rotation":0,"texture":"#0","tintindex":0},"south":{"uv":[10.625,7.625,11.375,8.5],"rotation":0,"texture":"#0","tintindex":0},"north":{"uv":[10.625,6.75,11.375,7.625],"rotation":0,"texture":"#0","tintindex":0},"west":{"uv":[7.75,10.625,8.5,11.5],"rotation":0,"texture":"#0","tintindex":0},"up":{"uv":[11.625,10.125,10.875,9.375],"rotation":0,"texture":"#0","tintindex":0},"down":{"uv":[10.5,10.875,9.75,11.625],"rotation":0,"texture":"#0","tintindex":0}}},{"from":[3.6,12.942858,7.428571],"to":[6.457143,14.085714,8.571428],"rotation":{"angle":22.5,"axis":"y","origin":[6.742857,13.514286,8.0]},"faces":{"east":{"uv":[5.5,5.0,5.75,5.25],"rotation":0,"texture":"#0","tintindex":0},"south":{"uv":[12.625,7.75,13.25,8.0],"rotation":0,"texture":"#0","tintindex":0},"north":{"uv":[6.0,10.25,6.625,10.5],"rotation":0,"texture":"#0","tintindex":0},"west":{"uv":[5.5,5.25,5.75,5.5],"rotation":0,"texture":"#0","tintindex":0},"up":{"uv":[13.375,4.625,12.75,4.375],"rotation":0,"texture":"#0","tintindex":0},"down":{"uv":[5.25,12.75,4.625,13.0],"rotation":0,"texture":"#0","tintindex":0}}},{"from":[1.0285711,13.0,8.857143],"to":[3.885714,13.571428,9.428572],"rotation":{"angle":-22.5,"axis":"z","origin":[4.1714287,13.0,8.857143]},"faces":{"east":{"uv":[11.5,9.25,11.625,9.375],"rotation":0,"texture":"#0","tintindex":0},"south":{"uv":[13.5,3.5,14.125,3.625],"rotation":0,"texture":"#0","tintindex":0},"north":{"uv":[13.5,3.375,14.125,3.5],"rotation":0,"texture":"#0","tintindex":0},"west":{"uv":[9.625,11.5,9.75,11.625],"rotation":0,"texture":"#0","tintindex":0},"up":{"uv":[14.25,3.75,13.625,3.625],"rotation":0,"texture":"#0","tintindex":0},"down":{"uv":[14.25,3.75,13.625,3.875],"rotation":0,"texture":"#0","tintindex":0}}},{"from":[3.795617,14.657143,11.010462],"to":[6.6527605,15.8,12.153318],"rotation":{"angle":-22.5,"axis":"z","origin":[5.7896748,15.232143,11.299228]},"faces":{"east":{"uv":[9.0,1.625,9.25,1.875],"rotation":0,"texture":"#0","tintindex":0},"south":{"uv":[12.75,9.0,13.375,9.25],"rotation":0,"texture":"#0","tintindex":0},"north":{"uv":[12.75,6.125,13.375,6.375],"rotation":0,"texture":"#0","tintindex":0},"west":{"uv":[9.0,9.5,9.25,9.75],"rotation":0,"texture":"#0","tintindex":0},"up":{"uv":[13.375,9.5,12.75,9.25],"rotation":0,"texture":"#0","tintindex":0},"down":{"uv":[10.25,12.75,9.625,13.0],"rotation":0,"texture":"#0","tintindex":0}}},{"from":[1.6445127,15.807143,12.01404],"to":[4.5016556,16.378572,12.585468],"rotation":{"angle":-22.5,"axis":"y","origin":[5.7896748,16.089287,11.299228]},"faces":{"east":{"uv":[0.5,12.75,0.625,12.875],"rotation":0,"texture":"#0","tintindex":0},"south":{"uv":[13.875,1.5,14.5,1.625],"rotation":0,"texture":"#0","tintindex":0},"north":{"uv":[1.5,13.875,2.125,14.0],"rotation":0,"texture":"#0","tintindex":0},"west":{"uv":[0.625,12.75,0.75,12.875],"rotation":0,"texture":"#0","tintindex":0},"up":{"uv":[14.5,1.75,13.875,1.625],"rotation":0,"texture":"#0","tintindex":0},"down":{"uv":[14.5,1.75,13.875,1.875],"rotation":0,"texture":"#0","tintindex":0}}},{"from":[7.43121,15.228571,13.118673],"to":[8.574067,16.37143,15.975816],"rotation":{"angle":-45.0,"axis":"x","origin":[7.35659,16.002855,13.756586]},"faces":{"east":{"uv":[12.75,5.625,13.375,5.875],"rotation":0,"texture":"#0","tintindex":0},"south":{"uv":[7.0,2.0,7.25,2.25],"rotation":0,"texture":"#0","tintindex":0},"north":{"uv":[6.5,4.75,6.75,5.0],"rotation":0,"texture":"#0","tintindex":0},"west":{"uv":[12.75,5.875,13.375,6.125],"rotation":0,"texture":"#0","tintindex":0},"up":{"uv":[4.0,5.375,3.75,4.75],"rotation":0,"texture":"#0","tintindex":0},"down":{"uv":[2.25,5.875,2.0,6.5],"rotation":0,"texture":"#0","tintindex":0}}},{"from":[7.3571467,17.134567,15.226774],"to":[7.9285755,19.42028,15.798203],"rotation":{"angle":22.5,"axis":"z","origin":[7.6428614,18.277424,15.512489]},"faces":{"east":{"uv":[8.625,9.0,8.75,9.5],"rotation":0,"texture":"#0","tintindex":0},"south":{"uv":[11.0,1.0,11.125,1.5],"rotation":0,"texture":"#0","tintindex":0},"north":{"uv":[8.5,9.0,8.625,9.5],"rotation":0,"texture":"#0","tintindex":0},"west":{"uv":[11.125,1.0,11.25,1.5],"rotation":0,"texture":"#0","tintindex":0},"up":{"uv":[4.75,12.75,4.625,12.625],"rotation":0,"texture":"#0","tintindex":0},"down":{"uv":[4.875,12.625,4.75,12.75],"rotation":0,"texture":"#0","tintindex":0}}},{"from":[5.714286,11.8,6.857143],"to":[7.428571,13.514286,9.142858],"rotation":{"angle":-45.0,"axis":"z","origin":[6.5714283,12.657143,8.0]},"faces":{"east":{"uv":[11.125,12.5,11.625,12.875],"rotation":0,"texture":"#0","tintindex":0},"south":{"uv":[13.375,5.875,13.75,6.25],"rotation":0,"texture":"#0","tintindex":0},"north":{"uv":[13.375,5.5,13.75,5.875],"rotation":0,"texture":"#0","tintindex":0},"west":{"uv":[12.5,11.625,13.0,12.0],"rotation":0,"texture":"#0","tintindex":0},"up":{"uv":[11.625,3.0,11.25,2.5],"rotation":0,"texture":"#0","tintindex":0},"down":{"uv":[13.0,0.0,12.625,0.5],"rotation":0,"texture":"#0","tintindex":0}}},{"from":[9.714286,12.942858,7.6571426],"to":[12.571428,14.085714,8.8],"rotation":{"angle":-22.5,"axis":"y","origin":[9.428572,13.514286,8.228572]},"faces":{"east":{"uv":[6.25,4.75,6.5,5.0],"rotation":0,"texture":"#0","tintindex":0},"south":{"uv":[12.75,4.875,13.375,5.125],"rotation":0,"texture":"#0","tintindex":0},"north":{"uv":[12.75,4.625,13.375,4.875],"rotation":0,"texture":"#0","tintindex":0},"west":{"uv":[2.0,6.5,2.25,6.75],"rotation":0,"texture":"#0","tintindex":0},"up":{"uv":[13.375,5.375,12.75,5.125],"rotation":0,"texture":"#0","tintindex":0},"down":{"uv":[13.375,5.375,12.75,5.625],"rotation":0,"texture":"#0","tintindex":0}}},{"from":[12.285715,13.114286,9.142858],"to":[15.142858,13.685715,9.714286],"rotation":{"angle":22.5,"axis":"z","origin":[12.0,13.114286,9.142858]},"faces":{"east":{"uv":[11.5,11.125,11.625,11.25],"rotation":0,"texture":"#0","tintindex":0},"south":{"uv":[13.75,7.5,14.375,7.625],"rotation":0,"texture":"#0","tintindex":0},"north":{"uv":[13.75,7.375,14.375,7.5],"rotation":0,"texture":"#0","tintindex":0},"west":{"uv":[5.25,11.625,5.375,11.75],"rotation":0,"texture":"#0","tintindex":0},"up":{"uv":[14.375,12.5,13.75,12.375],"rotation":0,"texture":"#0","tintindex":0},"down":{"uv":[14.375,12.5,13.75,12.625],"rotation":0,"texture":"#0","tintindex":0}}},{"from":[-1.6490393,12.371429,9.185158],"to":[2.3509603,16.37143,9.185158],"rotation":{"angle":0.0,"axis":"y","origin":[1.4938173,14.3714285,9.185158]},"faces":{"east":{"uv":[0.0,0.0,0.0,0.875],"rotation":0,"texture":"#0","tintindex":0},"south":{"uv":[9.75,4.125,10.625,5.0],"rotation":0,"texture":"#0","tintindex":0},"north":{"uv":[9.75,3.25,10.625,4.125],"rotation":0,"texture":"#0","tintindex":0},"west":{"uv":[0.0,0.0,0.0,0.875],"rotation":0,"texture":"#0","tintindex":0},"up":{"uv":[0.875,0.0,0.0,0.0],"rotation":0,"texture":"#0","tintindex":0},"down":{"uv":[0.875,0.0,0.0,0.0],"rotation":0,"texture":"#0","tintindex":0}}},{"from":[-1.9347534,13.3714285,5.3280144],"to":[0.35095978,15.657143,5.3280144],"rotation":{"angle":0.0,"axis":"y","origin":[-1.2204685,17.514286,9.185158]},"faces":{"east":{"uv":[0.0,0.0,0.0,0.5],"rotation":0,"texture":"#0","tintindex":0},"south":{"uv":[5.0,7.5,5.5,8.0],"rotation":0,"texture":"#0","tintindex":0},"north":{"uv":[6.25,4.25,6.75,4.75],"rotation":0,"texture":"#0","tintindex":0},"west":{"uv":[0.0,0.0,0.0,0.5],"rotation":0,"texture":"#0","tintindex":0},"up":{"uv":[0.5,0.0,0.0,0.0],"rotation":0,"texture":"#0","tintindex":0},"down":{"uv":[0.5,0.0,0.0,0.0],"rotation":0,"texture":"#0","tintindex":0}}},{"from":[8.734754,14.657143,5.185157],"to":[10.449039,16.37143,5.185157],"rotation":{"angle":22.5,"axis":"z","origin":[9.591897,16.085714,5.185157]},"faces":{"east":{"uv":[0.0,0.0,0.0,0.375],"rotation":0,"texture":"#0","tintindex":0},"south":{"uv":[11.5,13.375,11.875,13.75],"rotation":0,"texture":"#0","tintindex":0},"north":{"uv":[11.125,13.375,11.5,13.75],"rotation":0,"texture":"#0","tintindex":0},"west":{"uv":[0.0,0.0,0.0,0.375],"rotation":0,"texture":"#0","tintindex":0},"up":{"uv":[0.375,0.0,0.0,0.0],"rotation":0,"texture":"#0","tintindex":0},"down":{"uv":[0.375,0.0,0.0,0.0],"rotation":0,"texture":"#0","tintindex":0}}},{"from":[14.2204685,12.142858,9.528014],"to":[18.791897,16.714287,9.528014],"rotation":{"angle":0.0,"axis":"y","origin":[15.077612,14.485715,9.528014]},"faces":{"east":{"uv":[0.0,0.0,0.0,1.0],"rotation":0,"texture":"#0","tintindex":0},"south":{"uv":[0.0,5.875,1.0,6.875],"rotation":0,"texture":"#0","tintindex":0},"north":{"uv":[5.75,5.0,6.75,6.0],"rotation":0,"texture":"#0","tintindex":0},"west":{"uv":[0.0,0.0,0.0,1.0],"rotation":0,"texture":"#0","tintindex":0},"up":{"uv":[1.0,0.0,0.0,0.0],"rotation":0,"texture":"#0","tintindex":0},"down":{"uv":[1.0,0.0,0.0,0.0],"rotation":0,"texture":"#0","tintindex":0}}},{"from":[4.2938175,20.942858,15.899443],"to":[8.865246,25.514286,15.899443],"rotation":{"angle":0.0,"axis":"y","origin":[6.636675,21.8,15.899443]},"faces":{"east":{"uv":[0.0,0.0,0.0,1.0],"rotation":0,"texture":"#0","tintindex":0},"south":{"uv":[6.75,5.25,7.75,6.25],"rotation":0,"texture":"#0","tintindex":0},"north":{"uv":[6.75,4.25,7.75,5.25],"rotation":0,"texture":"#0","tintindex":0},"west":{"uv":[0.0,0.0,0.0,1.0],"rotation":0,"texture":"#0","tintindex":0},"up":{"uv":[1.0,0.0,0.0,0.0],"rotation":0,"texture":"#0","tintindex":0},"down":{"uv":[1.0,0.0,0.0,0.0],"rotation":0,"texture":"#0","tintindex":0}}},{"from":[9.714286,4.3714285,11.657143],"to":[12.571428,5.5142856,12.8],"rotation":{"angle":-22.5,"axis":"z","origin":[9.428572,4.942857,12.228572]},"faces":{"east":{"uv":[11.375,10.875,11.625,11.125],"rotation":0,"texture":"#0","tintindex":0},"south":{"uv":[12.875,1.875,13.5,2.125],"rotation":0,"texture":"#0","tintindex":0},"north":{"uv":[12.875,1.625,13.5,1.875],"rotation":0,"texture":"#0","tintindex":0},"west":{"uv":[8.25,12.125,8.5,12.375],"rotation":0,"texture":"#0","tintindex":0},"up":{"uv":[13.5,2.375,12.875,2.125],"rotation":0,"texture":"#0","tintindex":0},"down":{"uv":[13.5,2.375,12.875,2.625],"rotation":0,"texture":"#0","tintindex":0}}},{"from":[12.285715,3.2857141,11.942858],"to":[15.142858,3.8571424,12.514286],"rotation":{"angle":22.5,"axis":"z","origin":[12.0,3.2857141,11.942858]},"faces":{"east":{"uv":[13.375,9.375,13.5,9.5],"rotation":0,"texture":"#0","tintindex":0},"south":{"uv":[13.875,2.375,14.5,2.5],"rotation":0,"texture":"#0","tintindex":0},"north":{"uv":[13.875,2.25,14.5,2.375],"rotation":0,"texture":"#0","tintindex":0},"west":{"uv":[13.5,6.25,13.625,6.375],"rotation":0,"texture":"#0","tintindex":0},"up":{"uv":[14.5,2.625,13.875,2.5],"rotation":0,"texture":"#0","tintindex":0},"down":{"uv":[14.5,2.625,13.875,2.75],"rotation":0,"texture":"#0","tintindex":0}}},{"from":[14.2204685,2.3142858,12.328014],"to":[18.791897,6.885714,12.328014],"rotation":{"angle":0.0,"axis":"y","origin":[15.077612,4.6571426,12.328014]},"faces":{"east":{"uv":[0.0,0.0,0.0,1.0],"rotation":0,"texture":"#0","tintindex":0},"south":{"uv":[5.75,6.0,6.75,7.0],"rotation":0,"texture":"#0","tintindex":0},"north":{"uv":[1.0,5.875,2.0,6.875],"rotation":0,"texture":"#0","tintindex":0},"west":{"uv":[0.0,0.0,0.0,1.0],"rotation":0,"texture":"#0","tintindex":0},"up":{"uv":[1.0,0.0,0.0,0.0],"rotation":0,"texture":"#0","tintindex":0},"down":{"uv":[1.0,0.0,0.0,0.0],"rotation":0,"texture":"#0","tintindex":0}}},{"from":[-1.0776119,1.1714282,14.6137295],"to":[3.4938173,5.742857,14.6137295],"rotation":{"angle":45.0,"axis":"y","origin":[2.6366744,3.5142856,14.6137295]},"faces":{"east":{"uv":[0.0,0.0,0.0,1.0],"rotation":0,"texture":"#0","tintindex":0},"south":{"uv":[7.0,1.0,8.0,2.0],"rotation":0,"texture":"#0","tintindex":0},"north":{"uv":[7.0,0.0,8.0,1.0],"rotation":0,"texture":"#0","tintindex":0},"west":{"uv":[0.0,0.0,0.0,1.0],"rotation":0,"texture":"#0","tintindex":0},"up":{"uv":[1.0,0.0,0.0,0.0],"rotation":0,"texture":"#0","tintindex":0},"down":{"uv":[1.0,0.0,0.0,0.0],"rotation":0,"texture":"#0","tintindex":0}}},{"from":[9.619803,14.452131,11.657143],"to":[12.476947,15.594988,12.8],"rotation":{"angle":22.5,"axis":"z","origin":[10.902131,15.088569,12.278294]},"faces":{"east":{"uv":[8.25,12.375,8.5,12.625],"rotation":0,"texture":"#0","tintindex":0},"south":{"uv":[12.875,2.875,13.5,3.125],"rotation":0,"texture":"#0","tintindex":0},"north":{"uv":[12.875,2.625,13.5,2.875],"rotation":0,"texture":"#0","tintindex":0},"west":{"uv":[13.875,9.125,14.125,9.375],"rotation":0,"texture":"#0","tintindex":0},"up":{"uv":[13.5,3.375,12.875,3.125],"rotation":0,"texture":"#0","tintindex":0},"down":{"uv":[13.5,3.375,12.875,3.625],"rotation":0,"texture":"#0","tintindex":0}}},{"from":[14.2204685,13.057143,12.328014],"to":[18.791897,17.628572,12.328014],"rotation":{"angle":45.0,"axis":"z","origin":[10.902131,15.145712,12.278294]},"faces":{"east":{"uv":[0.0,0.0,0.0,1.0],"rotation":0,"texture":"#0","tintindex":0},"south":{"uv":[4.75,6.5,5.75,7.5],"rotation":0,"texture":"#0","tintindex":0},"north":{"uv":[3.75,6.5,4.75,7.5],"rotation":0,"texture":"#0","tintindex":0},"west":{"uv":[0.0,0.0,0.0,1.0],"rotation":0,"texture":"#0","tintindex":0},"up":{"uv":[1.0,0.0,0.0,0.0],"rotation":0,"texture":"#0","tintindex":0},"down":{"uv":[1.0,0.0,0.0,0.0],"rotation":0,"texture":"#0","tintindex":0}}},{"from":[11.782942,15.961071,11.942858],"to":[12.35437,18.818214,12.514286],"rotation":{"angle":-22.5,"axis":"z","origin":[10.902131,15.088569,12.278294]},"faces":{"east":{"uv":[2.75,13.875,2.875,14.5],"rotation":0,"texture":"#0","tintindex":0},"south":{"uv":[13.875,2.75,14.0,3.375],"rotation":0,"texture":"#0","tintindex":0},"north":{"uv":[3.625,6.875,3.75,7.5],"rotation":0,"texture":"#0","tintindex":0},"west":{"uv":[2.875,13.875,3.0,14.5],"rotation":0,"texture":"#0","tintindex":0},"up":{"uv":[13.625,9.5,13.5,9.375],"rotation":0,"texture":"#0","tintindex":0},"down":{"uv":[13.75,12.25,13.625,12.375],"rotation":0,"texture":"#0","tintindex":0}}},{"from":[7.43121,4.3714285,12.832958],"to":[8.574067,5.5142856,15.690102],"rotation":{"angle":45.0,"axis":"x","origin":[7.35659,5.145711,13.470872]},"faces":{"east":{"uv":[12.875,1.125,13.5,1.375],"rotation":0,"texture":"#0","tintindex":0},"south":{"uv":[11.375,9.0,11.625,9.25],"rotation":0,"texture":"#0","tintindex":0},"north":{"uv":[5.25,11.375,5.5,11.625],"rotation":0,"texture":"#0","tintindex":0},"west":{"uv":[12.875,1.375,13.5,1.625],"rotation":0,"texture":"#0","tintindex":0},"up":{"uv":[7.75,8.875,7.5,8.25],"rotation":0,"texture":"#0","tintindex":0},"down":{"uv":[8.5,11.5,8.25,12.125],"rotation":0,"texture":"#0","tintindex":0}}},{"from":[8.385718,2.9488516,14.169632],"to":[8.957147,3.5202808,16.455345],"rotation":{"angle":-22.5,"axis":"y","origin":[7.285161,4.174283,12.799443]},"faces":{"east":{"uv":[13.25,7.875,13.75,8.0],"rotation":0,"texture":"#0","tintindex":0},"south":{"uv":[13.375,6.25,13.5,6.375],"rotation":0,"texture":"#0","tintindex":0},"north":{"uv":[5.125,13.25,5.25,13.375],"rotation":0,"texture":"#0","tintindex":0},"west":{"uv":[13.875,9.0,14.375,9.125],"rotation":0,"texture":"#0","tintindex":0},"up":{"uv":[4.5,12.125,4.375,11.625],"rotation":0,"texture":"#0","tintindex":0},"down":{"uv":[11.5,12.0,11.375,12.5],"rotation":0,"texture":"#0","tintindex":0}}},{"from":[3.9039245,4.3714285,11.699525],"to":[6.7610674,5.5142856,12.842382],"rotation":{"angle":45.0,"axis":"z","origin":[6.2137327,5.145711,12.899443]},"faces":{"east":{"uv":[10.25,3.0,10.5,3.25],"rotation":0,"texture":"#0","tintindex":0},"south":{"uv":[12.625,12.75,13.25,13.0],"rotation":0,"texture":"#0","tintindex":0},"north":{"uv":[12.0,12.75,12.625,13.0],"rotation":0,"texture":"#0","tintindex":0},"west":{"uv":[6.75,11.25,7.0,11.5],"rotation":0,"texture":"#0","tintindex":0},"up":{"uv":[1.125,13.125,0.5,12.875],"rotation":0,"texture":"#0","tintindex":0},"down":{"uv":[13.5,0.875,12.875,1.125],"rotation":0,"texture":"#0","tintindex":0}}},{"from":[2.5978537,2.973855,12.85],"to":[5.454997,3.5452833,13.421429],"rotation":{"angle":45.0,"axis":"y","origin":[4.0264254,3.2595692,13.135715]},"faces":{"east":{"uv":[13.125,7.625,13.25,7.75],"rotation":0,"texture":"#0","tintindex":0},"south":{"uv":[13.875,2.0,14.5,2.125],"rotation":0,"texture":"#0","tintindex":0},"north":{"uv":[13.875,1.875,14.5,2.0],"rotation":0,"texture":"#0","tintindex":0},"west":{"uv":[13.125,12.625,13.25,12.75],"rotation":0,"texture":"#0","tintindex":0},"up":{"uv":[2.75,14.0,2.125,13.875],"rotation":0,"texture":"#0","tintindex":0},"down":{"uv":[14.5,2.125,13.875,2.25],"rotation":0,"texture":"#0","tintindex":0}}},{"from":[4.6366744,18.657143,15.470872],"to":[8.636675,22.657143,15.470872],"rotation":{"angle":0.0,"axis":"y","origin":[7.779532,20.657143,15.470872]},"faces":{"east":{"uv":[0.0,0.0,0.0,0.875],"rotation":0,"texture":"#0","tintindex":0},"south":{"uv":[9.75,5.875,10.625,6.75],"rotation":0,"texture":"#0","tintindex":0},"north":{"uv":[9.75,5.0,10.625,5.875],"rotation":0,"texture":"#0","tintindex":0},"west":{"uv":[0.0,0.0,0.0,0.875],"rotation":0,"texture":"#0","tintindex":0},"up":{"uv":[0.875,0.0,0.0,0.0],"rotation":0,"texture":"#0","tintindex":0},"down":{"uv":[0.875,0.0,0.0,0.0],"rotation":0,"texture":"#0","tintindex":0}}},{"from":[0.21235609,14.942858,12.437923],"to":[2.4980707,17.228573,12.437923],"rotation":{"angle":-22.5,"axis":"y","origin":[5.7896748,16.089287,11.299228]},"faces":{"east":{"uv":[0.0,0.0,0.0,0.5],"rotation":0,"texture":"#0","tintindex":0},"south":{"uv":[11.625,9.625,12.125,10.125],"rotation":0,"texture":"#0","tintindex":0},"north":{"uv":[4.5,10.125,5.0,10.625],"rotation":0,"texture":"#0","tintindex":0},"west":{"uv":[0.0,0.0,0.0,0.5],"rotation":0,"texture":"#0","tintindex":0},"up":{"uv":[0.5,0.0,0.0,0.0],"rotation":0,"texture":"#0","tintindex":0},"down":{"uv":[0.5,0.0,0.0,0.0],"rotation":0,"texture":"#0","tintindex":0}}}],"textures":{"0":"modelengine:entity/em_dyerftum5"},"display":{"head":{"translation":[0.0,-6.4,0.0],"scale":[4.0,4.0,4.0]}}}