{"elements":[{"from":[5.714286,4.3714285,9.142858],"to":[10.285714,15.228571,13.714286],"rotation":{"angle":0.0,"axis":"y","origin":[8.0,-4.200001,10.857143]},"faces":{"east":{"uv":[2.0,2.375,3.0,4.75],"rotation":0,"texture":"#0","tintindex":0},"south":{"uv":[3.0,0.0,4.0,2.375],"rotation":0,"texture":"#0","tintindex":0},"north":{"uv":[1.0,2.375,2.0,4.75],"rotation":0,"texture":"#0","tintindex":0},"west":{"uv":[3.0,2.375,4.0,4.75],"rotation":0,"texture":"#0","tintindex":0},"up":{"uv":[6.75,8.0,5.75,7.0],"rotation":0,"texture":"#0","tintindex":0},"down":{"uv":[8.25,2.0,7.25,3.0],"rotation":0,"texture":"#0","tintindex":0}}},{"from":[5.714286,15.228571,9.142858],"to":[10.285714,18.657143,13.714286],"rotation":{"angle":0.0,"axis":"y","origin":[8.0,6.6571426,10.857143]},"faces":{"east":{"uv":[6.0,10.5,7.0,11.25],"rotation":0,"texture":"#0","tintindex":0},"south":{"uv":[10.625,3.0,11.625,3.75],"rotation":0,"texture":"#0","tintindex":0},"north":{"uv":[2.0,10.5,3.0,11.25],"rotation":0,"texture":"#0","tintindex":0},"west":{"uv":[10.625,3.75,11.625,4.5],"rotation":0,"texture":"#0","tintindex":0},"up":{"uv":[8.25,4.0,7.25,3.0],"rotation":0,"texture":"#0","tintindex":0},"down":{"uv":[7.75,7.25,6.75,8.25],"rotation":0,"texture":"#0","tintindex":0}}},{"from":[5.714286,3.228571,9.142858],"to":[10.285714,4.3714285,13.714286],"rotation":{"angle":0.0,"axis":"y","origin":[8.0,4.942857,11.428572]},"faces":{"east":{"uv":[12.125,10.625,13.125,10.875],"rotation":0,"texture":"#0","tintindex":0},"south":{"uv":[12.25,3.875,13.25,4.125],"rotation":0,"texture":"#0","tintindex":0},"north":{"uv":[12.125,8.75,13.125,9.0],"rotation":0,"texture":"#0","tintindex":0},"west":{"uv":[12.25,4.125,13.25,4.375],"rotation":0,"texture":"#0","tintindex":0},"up":{"uv":[4.0,8.5,3.0,7.5],"rotation":0,"texture":"#0","tintindex":0},"down":{"uv":[5.0,7.5,4.0,8.5],"rotation":0,"texture":"#0","tintindex":0}}},{"from":[10.285714,18.657143,13.714286],"to":[5.714286,15.228571,9.142858],"rotation":{"angle":0.0,"axis":"y","origin":[8.0,6.6571426,10.857143]},"faces":{"east":{"uv":[10.625,4.5,11.625,5.25],"rotation":0,"texture":"#0","tintindex":0},"south":{"uv":[10.625,5.25,11.625,6.0],"rotation":0,"texture":"#0","tintindex":0},"north":{"uv":[4.5,10.625,5.5,11.375],"rotation":0,"texture":"#0","tintindex":0},"west":{"uv":[10.625,6.0,11.625,6.75],"rotation":0,"texture":"#0","tintindex":0},"up":{"uv":[8.75,5.0,7.75,4.0],"rotation":0,"texture":"#0","tintindex":0},"down":{"uv":[8.75,5.0,7.75,6.0],"rotation":0,"texture":"#0","tintindex":0}}},{"from":[4.5714283,6.6571426,6.285714],"to":[11.428572,12.942858,9.714286],"rotation":{"angle":0.0,"axis":"y","origin":[8.0,-3.0571432,8.0]},"faces":{"east":{"uv":[3.0,5.5,3.75,6.875],"rotation":0,"texture":"#0","tintindex":0},"south":{"uv":[4.0,4.125,5.5,5.5],"rotation":0,"texture":"#0","tintindex":0},"north":{"uv":[4.0,2.75,5.5,4.125],"rotation":0,"texture":"#0","tintindex":0},"west":{"uv":[5.5,3.625,6.25,5.0],"rotation":0,"texture":"#0","tintindex":0},"up":{"uv":[7.0,1.5,5.5,0.75],"rotation":0,"texture":"#0","tintindex":0},"down":{"uv":[7.0,1.5,5.5,2.25],"rotation":0,"texture":"#0","tintindex":0}}},{"from":[8.571428,11.8,6.857143],"to":[10.285714,13.514286,9.142858],"rotation":{"angle":45.0,"axis":"z","origin":[9.428572,12.657143,8.0]},"faces":{"east":{"uv":[12.625,7.375,13.125,7.75],"rotation":0,"texture":"#0","tintindex":0},"south":{"uv":[2.125,13.5,2.5,13.875],"rotation":0,"texture":"#0","tintindex":0},"north":{"uv":[13.5,1.875,13.875,2.25],"rotation":0,"texture":"#0","tintindex":0},"west":{"uv":[8.25,12.625,8.75,13.0],"rotation":0,"texture":"#0","tintindex":0},"up":{"uv":[13.0,10.0,12.625,9.5],"rotation":0,"texture":"#0","tintindex":0},"down":{"uv":[13.0,10.0,12.625,10.5],"rotation":0,"texture":"#0","tintindex":0}}},{"from":[6.285714,12.257143,6.285714],"to":[9.714286,16.257143,9.714286],"rotation":{"angle":-22.5,"axis":"x","origin":[8.0,11.971429,8.0]},"faces":{"east":{"uv":[9.0,10.625,9.75,11.5],"rotation":0,"texture":"#0","tintindex":0},"south":{"uv":[3.0,10.75,3.75,11.625],"rotation":0,"texture":"#0","tintindex":0},"north":{"uv":[10.625,8.5,11.375,9.375],"rotation":0,"texture":"#0","tintindex":0},"west":{"uv":[3.75,10.75,4.5,11.625],"rotation":0,"texture":"#0","tintindex":0},"up":{"uv":[11.625,12.0,10.875,11.25],"rotation":0,"texture":"#0","tintindex":0},"down":{"uv":[5.25,11.375,4.5,12.125],"rotation":0,"texture":"#0","tintindex":0}}},{"from":[9.542857,12.942858,7.428571],"to":[12.4,14.085714,8.571428],"rotation":{"angle":-22.5,"axis":"y","origin":[9.257143,13.514286,8.0]},"faces":{"east":{"uv":[6.875,14.0,6.625,14.25],"rotation":0,"texture":"#0","tintindex":0},"south":{"uv":[13.625,11.625,13.0,11.875],"rotation":0,"texture":"#0","tintindex":0},"north":{"uv":[13.625,10.25,13.0,10.5],"rotation":0,"texture":"#0","tintindex":0},"west":{"uv":[6.625,14.0,6.375,14.25],"rotation":0,"texture":"#0","tintindex":0},"up":{"uv":[13.0,12.125,13.625,11.875],"rotation":0,"texture":"#0","tintindex":0},"down":{"uv":[12.0,13.0,12.625,13.25],"rotation":0,"texture":"#0","tintindex":0}}},{"from":[12.114286,13.0,8.857143],"to":[14.971429,13.571428,9.428572],"rotation":{"angle":22.5,"axis":"z","origin":[11.828571,13.0,8.857143]},"faces":{"east":{"uv":[14.625,4.375,14.5,4.5],"rotation":0,"texture":"#0","tintindex":0},"south":{"uv":[14.5,6.0,13.875,6.125],"rotation":0,"texture":"#0","tintindex":0},"north":{"uv":[14.5,5.875,13.875,6.0],"rotation":0,"texture":"#0","tintindex":0},"west":{"uv":[14.625,4.25,14.5,4.375],"rotation":0,"texture":"#0","tintindex":0},"up":{"uv":[13.875,6.25,14.5,6.125],"rotation":0,"texture":"#0","tintindex":0},"down":{"uv":[13.875,6.25,14.5,6.375],"rotation":0,"texture":"#0","tintindex":0}}},{"from":[9.3472395,14.657143,11.010462],"to":[12.204383,15.8,12.153318],"rotation":{"angle":22.5,"axis":"z","origin":[10.210325,15.232143,11.299228]},"faces":{"east":{"uv":[14.25,10.375,14.0,10.625],"rotation":0,"texture":"#0","tintindex":0},"south":{"uv":[13.25,13.0,12.625,13.25],"rotation":0,"texture":"#0","tintindex":0},"north":{"uv":[13.625,12.125,13.0,12.375],"rotation":0,"texture":"#0","tintindex":0},"west":{"uv":[10.5,14.0,10.25,14.25],"rotation":0,"texture":"#0","tintindex":0},"up":{"uv":[0.0,13.375,0.625,13.125],"rotation":0,"texture":"#0","tintindex":0},"down":{"uv":[13.125,0.5,13.75,0.75],"rotation":0,"texture":"#0","tintindex":0}}},{"from":[11.498344,15.807143,12.01404],"to":[14.355488,16.378572,12.585468],"rotation":{"angle":22.5,"axis":"y","origin":[10.210325,16.089287,11.299228]},"faces":{"east":{"uv":[4.75,14.5,4.625,14.625],"rotation":0,"texture":"#0","tintindex":0},"south":{"uv":[14.5,6.375,13.875,6.5],"rotation":0,"texture":"#0","tintindex":0},"north":{"uv":[7.0,13.875,6.375,14.0],"rotation":0,"texture":"#0","tintindex":0},"west":{"uv":[4.625,14.5,4.5,14.625],"rotation":0,"texture":"#0","tintindex":0},"up":{"uv":[13.875,6.625,14.5,6.5],"rotation":0,"texture":"#0","tintindex":0},"down":{"uv":[13.875,6.625,14.5,6.75],"rotation":0,"texture":"#0","tintindex":0}}},{"from":[7.43121,15.228571,13.118673],"to":[8.574067,16.37143,15.975816],"rotation":{"angle":-45.0,"axis":"x","origin":[7.35659,16.002855,13.756586]},"faces":{"east":{"uv":[3.875,13.125,4.5,13.375],"rotation":0,"texture":"#0","tintindex":0},"south":{"uv":[14.0,10.625,14.25,10.875],"rotation":0,"texture":"#0","tintindex":0},"north":{"uv":[10.5,14.0,10.75,14.25],"rotation":0,"texture":"#0","tintindex":0},"west":{"uv":[5.25,13.125,5.875,13.375],"rotation":0,"texture":"#0","tintindex":0},"up":{"uv":[10.5,12.25,10.25,11.625],"rotation":0,"texture":"#0","tintindex":0},"down":{"uv":[6.25,12.875,6.0,13.5],"rotation":0,"texture":"#0","tintindex":0}}},{"from":[8.0714245,17.134567,15.226774],"to":[8.642853,19.42028,15.798203],"rotation":{"angle":-22.5,"axis":"z","origin":[8.357139,18.277424,15.512489]},"faces":{"east":{"uv":[14.25,0.0,14.125,0.5],"rotation":0,"texture":"#0","tintindex":0},"south":{"uv":[14.125,13.625,14.0,14.125],"rotation":0,"texture":"#0","tintindex":0},"north":{"uv":[7.0,14.0,6.875,14.5],"rotation":0,"texture":"#0","tintindex":0},"west":{"uv":[14.125,13.125,14.0,13.625],"rotation":0,"texture":"#0","tintindex":0},"up":{"uv":[14.5,4.75,14.625,4.625],"rotation":0,"texture":"#0","tintindex":0},"down":{"uv":[4.75,14.5,4.875,14.625],"rotation":0,"texture":"#0","tintindex":0}}},{"from":[5.714286,11.8,6.857143],"to":[7.428571,13.514286,9.142858],"rotation":{"angle":-45.0,"axis":"z","origin":[6.5714283,12.657143,8.0]},"faces":{"east":{"uv":[12.625,12.375,13.125,12.75],"rotation":0,"texture":"#0","tintindex":0},"south":{"uv":[2.5,13.5,2.875,13.875],"rotation":0,"texture":"#0","tintindex":0},"north":{"uv":[13.5,2.25,13.875,2.625],"rotation":0,"texture":"#0","tintindex":0},"west":{"uv":[0.0,12.75,0.5,13.125],"rotation":0,"texture":"#0","tintindex":0},"up":{"uv":[12.0,13.125,11.625,12.625],"rotation":0,"texture":"#0","tintindex":0},"down":{"uv":[1.875,12.75,1.5,13.25],"rotation":0,"texture":"#0","tintindex":0}}},{"from":[3.4285712,12.942858,7.6571426],"to":[6.285714,14.085714,8.8],"rotation":{"angle":22.5,"axis":"y","origin":[6.5714283,13.514286,8.228572]},"faces":{"east":{"uv":[14.375,0.75,14.125,1.0],"rotation":0,"texture":"#0","tintindex":0},"south":{"uv":[13.75,8.0,13.125,8.25],"rotation":0,"texture":"#0","tintindex":0},"north":{"uv":[13.75,7.375,13.125,7.625],"rotation":0,"texture":"#0","tintindex":0},"west":{"uv":[14.375,0.5,14.125,0.75],"rotation":0,"texture":"#0","tintindex":0},"up":{"uv":[13.125,8.5,13.75,8.25],"rotation":0,"texture":"#0","tintindex":0},"down":{"uv":[13.125,8.5,13.75,8.75],"rotation":0,"texture":"#0","tintindex":0}}},{"from":[0.85714245,13.114286,9.142858],"to":[3.7142854,13.685715,9.714286],"rotation":{"angle":-22.5,"axis":"z","origin":[4.0,13.114286,9.142858]},"faces":{"east":{"uv":[5.0,14.5,4.875,14.625],"rotation":0,"texture":"#0","tintindex":0},"south":{"uv":[14.5,6.875,13.875,7.0],"rotation":0,"texture":"#0","tintindex":0},"north":{"uv":[14.5,6.75,13.875,6.875],"rotation":0,"texture":"#0","tintindex":0},"west":{"uv":[14.625,4.75,14.5,4.875],"rotation":0,"texture":"#0","tintindex":0},"up":{"uv":[13.875,7.125,14.5,7.0],"rotation":0,"texture":"#0","tintindex":0},"down":{"uv":[13.875,7.125,14.5,7.25],"rotation":0,"texture":"#0","tintindex":0}}},{"from":[13.64904,12.371429,9.185158],"to":[17.64904,16.37143,9.185158],"rotation":{"angle":0.0,"axis":"y","origin":[14.506183,14.3714285,9.185158]},"faces":{"east":{"uv":[0.0,0.0,0.0,0.875],"rotation":0,"texture":"#0","tintindex":0},"south":{"uv":[10.625,7.625,9.75,8.5],"rotation":0,"texture":"#0","tintindex":0},"north":{"uv":[10.625,6.75,9.75,7.625],"rotation":0,"texture":"#0","tintindex":0},"west":{"uv":[0.0,0.0,0.0,0.875],"rotation":0,"texture":"#0","tintindex":0},"up":{"uv":[0.0,0.0,0.875,0.0],"rotation":0,"texture":"#0","tintindex":0},"down":{"uv":[0.0,0.0,0.875,0.0],"rotation":0,"texture":"#0","tintindex":0}}},{"from":[-1.9347534,13.3714285,5.3280144],"to":[0.35095978,15.657143,5.3280144],"rotation":{"angle":0.0,"axis":"y","origin":[-1.2204685,17.514286,9.185158]},"faces":{"east":{"uv":[0.0,0.0,0.0,0.5],"rotation":0,"texture":"#0","tintindex":0},"south":{"uv":[12.25,4.375,12.75,4.875],"rotation":0,"texture":"#0","tintindex":0},"north":{"uv":[3.375,12.25,3.875,12.75],"rotation":0,"texture":"#0","tintindex":0},"west":{"uv":[0.0,0.0,0.0,0.5],"rotation":0,"texture":"#0","tintindex":0},"up":{"uv":[0.5,0.0,0.0,0.0],"rotation":0,"texture":"#0","tintindex":0},"down":{"uv":[0.5,0.0,0.0,0.0],"rotation":0,"texture":"#0","tintindex":0}}},{"from":[-2.7918968,12.142858,9.528014],"to":[1.7795315,16.714287,9.528014],"rotation":{"angle":0.0,"axis":"y","origin":[0.92238855,14.485715,9.528014]},"faces":{"east":{"uv":[0.0,0.0,0.0,1.0],"rotation":0,"texture":"#0","tintindex":0},"south":{"uv":[8.75,7.0,7.75,8.0],"rotation":0,"texture":"#0","tintindex":0},"north":{"uv":[8.75,6.0,7.75,7.0],"rotation":0,"texture":"#0","tintindex":0},"west":{"uv":[0.0,0.0,0.0,1.0],"rotation":0,"texture":"#0","tintindex":0},"up":{"uv":[0.0,0.0,1.0,0.0],"rotation":0,"texture":"#0","tintindex":0},"down":{"uv":[0.0,0.0,1.0,0.0],"rotation":0,"texture":"#0","tintindex":0}}},{"from":[4.2938175,20.942858,15.899443],"to":[8.865246,25.514286,15.899443],"rotation":{"angle":0.0,"axis":"y","origin":[6.636675,21.8,15.899443]},"faces":{"east":{"uv":[0.0,0.0,0.0,1.0],"rotation":0,"texture":"#0","tintindex":0},"south":{"uv":[1.0,7.875,2.0,8.875],"rotation":0,"texture":"#0","tintindex":0},"north":{"uv":[0.0,7.875,1.0,8.875],"rotation":0,"texture":"#0","tintindex":0},"west":{"uv":[0.0,0.0,0.0,1.0],"rotation":0,"texture":"#0","tintindex":0},"up":{"uv":[1.0,0.0,0.0,0.0],"rotation":0,"texture":"#0","tintindex":0},"down":{"uv":[1.0,0.0,0.0,0.0],"rotation":0,"texture":"#0","tintindex":0}}},{"from":[3.4285712,4.3714285,11.657143],"to":[6.285714,5.5142856,12.8],"rotation":{"angle":22.5,"axis":"z","origin":[6.5714283,4.942857,12.228572]},"faces":{"east":{"uv":[1.75,14.125,1.5,14.375],"rotation":0,"texture":"#0","tintindex":0},"south":{"uv":[13.75,10.5,13.125,10.75],"rotation":0,"texture":"#0","tintindex":0},"north":{"uv":[13.75,8.75,13.125,9.0],"rotation":0,"texture":"#0","tintindex":0},"west":{"uv":[1.375,14.125,1.125,14.375],"rotation":0,"texture":"#0","tintindex":0},"up":{"uv":[10.75,13.375,11.375,13.125],"rotation":0,"texture":"#0","tintindex":0},"down":{"uv":[13.125,10.75,13.75,11.0],"rotation":0,"texture":"#0","tintindex":0}}},{"from":[0.85714245,3.2857141,11.942858],"to":[3.7142854,3.8571424,12.514286],"rotation":{"angle":-22.5,"axis":"z","origin":[4.0,3.2857141,11.942858]},"faces":{"east":{"uv":[14.625,5.0,14.5,5.125],"rotation":0,"texture":"#0","tintindex":0},"south":{"uv":[14.5,7.625,13.875,7.75],"rotation":0,"texture":"#0","tintindex":0},"north":{"uv":[14.5,7.25,13.875,7.375],"rotation":0,"texture":"#0","tintindex":0},"west":{"uv":[5.125,14.5,5.0,14.625],"rotation":0,"texture":"#0","tintindex":0},"up":{"uv":[13.875,7.875,14.5,7.75],"rotation":0,"texture":"#0","tintindex":0},"down":{"uv":[13.875,7.875,14.5,8.0],"rotation":0,"texture":"#0","tintindex":0}}},{"from":[-2.7918968,2.3142858,12.328014],"to":[1.7795315,6.885714,12.328014],"rotation":{"angle":0.0,"axis":"y","origin":[0.92238855,4.6571426,12.328014]},"faces":{"east":{"uv":[0.0,0.0,0.0,1.0],"rotation":0,"texture":"#0","tintindex":0},"south":{"uv":[9.0,0.0,8.0,1.0],"rotation":0,"texture":"#0","tintindex":0},"north":{"uv":[3.0,7.875,2.0,8.875],"rotation":0,"texture":"#0","tintindex":0},"west":{"uv":[0.0,0.0,0.0,1.0],"rotation":0,"texture":"#0","tintindex":0},"up":{"uv":[0.0,0.0,1.0,0.0],"rotation":0,"texture":"#0","tintindex":0},"down":{"uv":[0.0,0.0,1.0,0.0],"rotation":0,"texture":"#0","tintindex":0}}},{"from":[12.506183,1.1714282,14.6137295],"to":[17.077612,5.742857,14.6137295],"rotation":{"angle":-45.0,"axis":"y","origin":[13.363325,3.5142856,14.6137295]},"faces":{"east":{"uv":[0.0,0.0,0.0,1.0],"rotation":0,"texture":"#0","tintindex":0},"south":{"uv":[6.0,8.0,5.0,9.0],"rotation":0,"texture":"#0","tintindex":0},"north":{"uv":[9.0,1.0,8.0,2.0],"rotation":0,"texture":"#0","tintindex":0},"west":{"uv":[0.0,0.0,0.0,1.0],"rotation":0,"texture":"#0","tintindex":0},"up":{"uv":[0.0,0.0,1.0,0.0],"rotation":0,"texture":"#0","tintindex":0},"down":{"uv":[0.0,0.0,1.0,0.0],"rotation":0,"texture":"#0","tintindex":0}}},{"from":[3.5230532,14.452131,11.657143],"to":[6.3801966,15.594988,12.8],"rotation":{"angle":-22.5,"axis":"z","origin":[5.097869,15.088569,12.278294]},"faces":{"east":{"uv":[2.25,14.125,2.0,14.375],"rotation":0,"texture":"#0","tintindex":0},"south":{"uv":[13.75,11.25,13.125,11.5],"rotation":0,"texture":"#0","tintindex":0},"north":{"uv":[13.75,11.0,13.125,11.25],"rotation":0,"texture":"#0","tintindex":0},"west":{"uv":[2.0,14.125,1.75,14.375],"rotation":0,"texture":"#0","tintindex":0},"up":{"uv":[11.375,13.375,12.0,13.125],"rotation":0,"texture":"#0","tintindex":0},"down":{"uv":[13.125,12.375,13.75,12.625],"rotation":0,"texture":"#0","tintindex":0}}},{"from":[-2.7918968,13.057143,12.328014],"to":[1.7795315,17.628572,12.328014],"rotation":{"angle":-45.0,"axis":"z","origin":[5.097869,15.145712,12.278294]},"faces":{"east":{"uv":[0.0,0.0,0.0,1.0],"rotation":0,"texture":"#0","tintindex":0},"south":{"uv":[9.25,2.0,8.25,3.0],"rotation":0,"texture":"#0","tintindex":0},"north":{"uv":[8.75,8.0,7.75,9.0],"rotation":0,"texture":"#0","tintindex":0},"west":{"uv":[0.0,0.0,0.0,1.0],"rotation":0,"texture":"#0","tintindex":0},"up":{"uv":[0.0,0.0,1.0,0.0],"rotation":0,"texture":"#0","tintindex":0},"down":{"uv":[0.0,0.0,1.0,0.0],"rotation":0,"texture":"#0","tintindex":0}}},{"from":[3.64563,15.961071,11.942858],"to":[4.2170587,18.818214,12.514286],"rotation":{"angle":22.5,"axis":"z","origin":[5.097869,15.088569,12.278294]},"faces":{"east":{"uv":[7.125,13.875,7.0,14.5],"rotation":0,"texture":"#0","tintindex":0},"south":{"uv":[4.875,13.875,4.75,14.5],"rotation":0,"texture":"#0","tintindex":0},"north":{"uv":[4.625,13.875,4.5,14.5],"rotation":0,"texture":"#0","tintindex":0},"west":{"uv":[4.75,13.875,4.625,14.5],"rotation":0,"texture":"#0","tintindex":0},"up":{"uv":[5.125,14.625,5.25,14.5],"rotation":0,"texture":"#0","tintindex":0},"down":{"uv":[14.5,5.125,14.625,5.25],"rotation":0,"texture":"#0","tintindex":0}}},{"from":[7.43121,4.3714285,12.832958],"to":[8.574067,5.5142856,15.690102],"rotation":{"angle":45.0,"axis":"x","origin":[7.35659,5.145711,13.470872]},"faces":{"east":{"uv":[1.375,13.25,2.0,13.5],"rotation":0,"texture":"#0","tintindex":0},"south":{"uv":[14.125,3.375,14.375,3.625],"rotation":0,"texture":"#0","tintindex":0},"north":{"uv":[2.25,14.125,2.5,14.375],"rotation":0,"texture":"#0","tintindex":0},"west":{"uv":[2.0,13.25,2.625,13.5],"rotation":0,"texture":"#0","tintindex":0},"up":{"uv":[0.875,13.75,0.625,13.125],"rotation":0,"texture":"#0","tintindex":0},"down":{"uv":[1.125,13.125,0.875,13.75],"rotation":0,"texture":"#0","tintindex":0}}},{"from":[8.385718,2.9488516,14.169632],"to":[8.957147,3.5202808,16.455345],"rotation":{"angle":-22.5,"axis":"y","origin":[7.285161,4.174283,12.799443]},"faces":{"east":{"uv":[14.0,5.0,14.5,5.125],"rotation":0,"texture":"#0","tintindex":0},"south":{"uv":[14.5,5.25,14.625,5.375],"rotation":0,"texture":"#0","tintindex":0},"north":{"uv":[5.25,14.5,5.375,14.625],"rotation":0,"texture":"#0","tintindex":0},"west":{"uv":[14.125,4.5,14.625,4.625],"rotation":0,"texture":"#0","tintindex":0},"up":{"uv":[6.375,14.625,6.25,14.125],"rotation":0,"texture":"#0","tintindex":0},"down":{"uv":[14.25,9.125,14.125,9.625],"rotation":0,"texture":"#0","tintindex":0}}},{"from":[9.238933,4.3714285,11.699525],"to":[12.096075,5.5142856,12.842382],"rotation":{"angle":-45.0,"axis":"z","origin":[9.786267,5.145711,12.899443]},"faces":{"east":{"uv":[14.375,9.625,14.125,9.875],"rotation":0,"texture":"#0","tintindex":0},"south":{"uv":[13.875,3.875,13.25,4.125],"rotation":0,"texture":"#0","tintindex":0},"north":{"uv":[3.25,13.25,2.625,13.5],"rotation":0,"texture":"#0","tintindex":0},"west":{"uv":[14.375,4.625,14.125,4.875],"rotation":0,"texture":"#0","tintindex":0},"up":{"uv":[13.25,4.375,13.875,4.125],"rotation":0,"texture":"#0","tintindex":0},"down":{"uv":[4.5,13.25,5.125,13.5],"rotation":0,"texture":"#0","tintindex":0}}},{"from":[10.545003,2.973855,12.85],"to":[13.402146,3.5452833,13.421429],"rotation":{"angle":-45.0,"axis":"y","origin":[11.973575,3.2595692,13.135715]},"faces":{"east":{"uv":[14.625,5.375,14.5,5.5],"rotation":0,"texture":"#0","tintindex":0},"south":{"uv":[14.5,8.125,13.875,8.25],"rotation":0,"texture":"#0","tintindex":0},"north":{"uv":[14.5,8.0,13.875,8.125],"rotation":0,"texture":"#0","tintindex":0},"west":{"uv":[5.5,14.5,5.375,14.625],"rotation":0,"texture":"#0","tintindex":0},"up":{"uv":[13.875,8.375,14.5,8.25],"rotation":0,"texture":"#0","tintindex":0},"down":{"uv":[13.875,8.375,14.5,8.5],"rotation":0,"texture":"#0","tintindex":0}}},{"from":[7.363325,18.657143,15.470872],"to":[11.363325,22.657143,15.470872],"rotation":{"angle":0.0,"axis":"y","origin":[8.2204685,20.657143,15.470872]},"faces":{"east":{"uv":[0.0,0.0,0.0,0.875],"rotation":0,"texture":"#0","tintindex":0},"south":{"uv":[9.875,9.75,9.0,10.625],"rotation":0,"texture":"#0","tintindex":0},"north":{"uv":[10.625,8.5,9.75,9.375],"rotation":0,"texture":"#0","tintindex":0},"west":{"uv":[0.0,0.0,0.0,0.875],"rotation":0,"texture":"#0","tintindex":0},"up":{"uv":[0.0,0.0,0.875,0.0],"rotation":0,"texture":"#0","tintindex":0},"down":{"uv":[0.0,0.0,0.875,0.0],"rotation":0,"texture":"#0","tintindex":0}}},{"from":[13.501929,14.942858,12.437923],"to":[15.787643,17.228573,12.437923],"rotation":{"angle":22.5,"axis":"y","origin":[10.210325,16.089287,11.299228]},"faces":{"east":{"uv":[0.0,0.0,0.0,0.5],"rotation":0,"texture":"#0","tintindex":0},"south":{"uv":[12.75,5.375,12.25,5.875],"rotation":0,"texture":"#0","tintindex":0},"north":{"uv":[12.75,4.875,12.25,5.375],"rotation":0,"texture":"#0","tintindex":0},"west":{"uv":[0.0,0.0,0.0,0.5],"rotation":0,"texture":"#0","tintindex":0},"up":{"uv":[0.0,0.0,0.5,0.0],"rotation":0,"texture":"#0","tintindex":0},"down":{"uv":[0.0,0.0,0.5,0.0],"rotation":0,"texture":"#0","tintindex":0}}}],"textures":{"0":"modelengine:entity/em_dyerftum5"},"display":{"head":{"translation":[0.0,-6.4,0.0],"scale":[4.0,4.0,4.0]}}}