{"elements":[{"from":[7.142857,1.4714284,6.285714],"to":[8.857143,5.4714284,6.285714],"rotation":{"angle":0.0,"axis":"y","origin":[8.857143,4.6142855,6.285714]},"faces":{"east":{"uv":[0.0,0.0,0.0,0.875],"rotation":0,"texture":"#0","tintindex":0},"south":{"uv":[4.0,11.625,4.375,12.5],"rotation":0,"texture":"#0","tintindex":0},"north":{"uv":[8.25,3.0,8.625,3.875],"rotation":0,"texture":"#0","tintindex":0},"west":{"uv":[0.0,0.0,0.0,0.875],"rotation":0,"texture":"#0","tintindex":0},"up":{"uv":[0.375,0.0,0.0,0.0],"rotation":0,"texture":"#0","tintindex":0},"down":{"uv":[0.375,0.0,0.0,0.0],"rotation":0,"texture":"#0","tintindex":0}}},{"from":[6.8148427,3.7571425,6.220468],"to":[6.8148427,7.757143,7.934754],"rotation":{"angle":-22.5,"axis":"y","origin":[6.8148427,5.757143,7.077611]},"faces":{"east":{"uv":[5.625,11.75,6.0,12.625],"rotation":0,"texture":"#0","tintindex":0},"south":{"uv":[0.0,0.0,0.0,0.875],"rotation":0,"texture":"#0","tintindex":0},"north":{"uv":[0.0,0.0,0.0,0.875],"rotation":0,"texture":"#0","tintindex":0},"west":{"uv":[11.625,11.75,12.0,12.625],"rotation":0,"texture":"#0","tintindex":0},"up":{"uv":[0.0,0.375,0.0,0.0],"rotation":0,"texture":"#0","tintindex":0},"down":{"uv":[0.0,0.0,0.0,0.375],"rotation":0,"texture":"#0","tintindex":0}}},{"from":[8.857143,3.7571425,6.285714],"to":[8.857143,7.757143,8.0],"rotation":{"angle":22.5,"axis":"y","origin":[8.857143,6.9,6.285714]},"faces":{"east":{"uv":[11.625,10.875,12.0,11.75],"rotation":0,"texture":"#0","tintindex":0},"south":{"uv":[0.0,0.0,0.0,0.875],"rotation":0,"texture":"#0","tintindex":0},"north":{"uv":[0.0,0.0,0.0,0.875],"rotation":0,"texture":"#0","tintindex":0},"west":{"uv":[5.25,11.75,5.625,12.625],"rotation":0,"texture":"#0","tintindex":0},"up":{"uv":[0.0,0.375,0.0,0.0],"rotation":0,"texture":"#0","tintindex":0},"down":{"uv":[0.0,0.0,0.0,0.375],"rotation":0,"texture":"#0","tintindex":0}}},{"from":[6.5714283,7.757143,6.285714],"to":[9.428572,10.614285,8.0],"rotation":{"angle":0.0,"axis":"y","origin":[8.0,-8.242857,8.0]},"faces":{"east":{"uv":[6.375,12.0,6.75,12.625],"rotation":0,"texture":"#0","tintindex":0},"south":{"uv":[3.375,11.625,4.0,12.25],"rotation":0,"texture":"#0","tintindex":0},"north":{"uv":[3.0,6.875,3.625,7.5],"rotation":0,"texture":"#0","tintindex":0},"west":{"uv":[4.875,12.125,5.25,12.75],"rotation":0,"texture":"#0","tintindex":0},"up":{"uv":[10.75,12.75,10.125,12.375],"rotation":0,"texture":"#0","tintindex":0},"down":{"uv":[12.625,12.375,12.0,12.75],"rotation":0,"texture":"#0","tintindex":0}}},{"from":[7.142857,5.4714284,6.285714],"to":[8.857143,7.757143,8.0],"rotation":{"angle":0.0,"axis":"y","origin":[8.0,-11.671429,8.0]},"faces":{"east":{"uv":[6.375,12.625,6.75,13.125],"rotation":0,"texture":"#0","tintindex":0},"south":{"uv":[12.625,6.375,13.0,6.875],"rotation":0,"texture":"#0","tintindex":0},"north":{"uv":[5.625,12.625,6.0,13.125],"rotation":0,"texture":"#0","tintindex":0},"west":{"uv":[12.625,6.875,13.0,7.375],"rotation":0,"texture":"#0","tintindex":0},"up":{"uv":[13.625,13.75,13.25,13.375],"rotation":0,"texture":"#0","tintindex":0},"down":{"uv":[13.875,0.75,13.5,1.125],"rotation":0,"texture":"#0","tintindex":0}}},{"from":[9.775616,13.730959,6.742857],"to":[11.947044,14.188101,7.2],"rotation":{"angle":0.0,"axis":"y","origin":[12.857143,11.957143,7.257143]},"faces":{"east":{"uv":[14.5,1.0,14.625,1.125],"rotation":0,"texture":"#0","tintindex":0},"south":{"uv":[14.0,1.125,14.5,1.25],"rotation":0,"texture":"#0","tintindex":0},"north":{"uv":[14.0,1.0,14.5,1.125],"rotation":0,"texture":"#0","tintindex":0},"west":{"uv":[14.5,1.125,14.625,1.25],"rotation":0,"texture":"#0","tintindex":0},"up":{"uv":[14.5,1.375,14.0,1.25],"rotation":0,"texture":"#0","tintindex":0},"down":{"uv":[14.5,1.375,14.0,1.5],"rotation":0,"texture":"#0","tintindex":0}}},{"from":[12.857143,11.671429,6.6857142],"to":[13.428572,15.671429,7.257143],"rotation":{"angle":22.5,"axis":"z","origin":[13.428572,11.385715,7.257143]},"faces":{"east":{"uv":[12.0,13.5,12.125,14.375],"rotation":0,"texture":"#0","tintindex":0},"south":{"uv":[12.125,13.5,12.25,14.375],"rotation":0,"texture":"#0","tintindex":0},"north":{"uv":[10.0,13.5,10.125,14.375],"rotation":0,"texture":"#0","tintindex":0},"west":{"uv":[12.25,13.5,12.375,14.375],"rotation":0,"texture":"#0","tintindex":0},"up":{"uv":[1.0,14.625,0.875,14.5],"rotation":0,"texture":"#0","tintindex":0},"down":{"uv":[1.125,14.5,1.0,14.625],"rotation":0,"texture":"#0","tintindex":0}}},{"from":[13.529985,16.550388,6.76],"to":[13.952843,18.687532,7.182857],"rotation":{"angle":-22.5,"axis":"z","origin":[13.741414,16.761818,6.9714284]},"faces":{"east":{"uv":[13.875,13.625,14.0,14.125],"rotation":0,"texture":"#0","tintindex":0},"south":{"uv":[14.0,0.0,14.125,0.5],"rotation":0,"texture":"#0","tintindex":0},"north":{"uv":[13.875,13.125,14.0,13.625],"rotation":0,"texture":"#0","tintindex":0},"west":{"uv":[14.0,0.5,14.125,1.0],"rotation":0,"texture":"#0","tintindex":0},"up":{"uv":[0.875,14.625,0.75,14.5],"rotation":0,"texture":"#0","tintindex":0},"down":{"uv":[14.625,0.75,14.5,0.875],"rotation":0,"texture":"#0","tintindex":0}}},{"from":[14.725025,15.092492,6.742857],"to":[15.182168,18.978207,7.2],"rotation":{"angle":45.0,"axis":"z","origin":[14.953596,15.321063,6.9714284]},"faces":{"east":{"uv":[9.625,13.5,9.75,14.375],"rotation":0,"texture":"#0","tintindex":0},"south":{"uv":[9.75,13.5,9.875,14.375],"rotation":0,"texture":"#0","tintindex":0},"north":{"uv":[9.5,13.5,9.625,14.375],"rotation":0,"texture":"#0","tintindex":0},"west":{"uv":[9.875,13.5,10.0,14.375],"rotation":0,"texture":"#0","tintindex":0},"up":{"uv":[0.75,14.625,0.625,14.5],"rotation":0,"texture":"#0","tintindex":0},"down":{"uv":[14.625,0.625,14.5,0.75],"rotation":0,"texture":"#0","tintindex":0}}},{"from":[14.176077,12.6700115,6.742857],"to":[16.918934,13.127154,7.2],"rotation":{"angle":0.0,"axis":"y","origin":[15.261791,12.898583,6.9714284]},"faces":{"east":{"uv":[0.5,14.5,0.625,14.625],"rotation":0,"texture":"#0","tintindex":0},"south":{"uv":[13.875,4.0,14.5,4.125],"rotation":0,"texture":"#0","tintindex":0},"north":{"uv":[13.875,3.875,14.5,4.0],"rotation":0,"texture":"#0","tintindex":0},"west":{"uv":[14.5,0.5,14.625,0.625],"rotation":0,"texture":"#0","tintindex":0},"up":{"uv":[14.5,4.25,13.875,4.125],"rotation":0,"texture":"#0","tintindex":0},"down":{"uv":[14.5,4.25,13.875,4.375],"rotation":0,"texture":"#0","tintindex":0}}},{"from":[13.428572,11.671429,6.6857142],"to":[14.0,17.385715,7.257143],"rotation":{"angle":-22.5,"axis":"z","origin":[14.0,11.385715,7.257143]},"faces":{"east":{"uv":[10.625,12.75,10.75,14.0],"rotation":0,"texture":"#0","tintindex":0},"south":{"uv":[1.125,12.875,1.25,14.125],"rotation":0,"texture":"#0","tintindex":0},"north":{"uv":[10.5,12.75,10.625,14.0],"rotation":0,"texture":"#0","tintindex":0},"west":{"uv":[1.25,12.875,1.375,14.125],"rotation":0,"texture":"#0","tintindex":0},"up":{"uv":[0.375,14.625,0.25,14.5],"rotation":0,"texture":"#0","tintindex":0},"down":{"uv":[0.5,14.5,0.375,14.625],"rotation":0,"texture":"#0","tintindex":0}}},{"from":[12.057143,9.092857,6.4142857],"to":[14.8,10.1214285,7.4428573],"rotation":{"angle":45.0,"axis":"z","origin":[11.714286,9.607143,6.928571]},"faces":{"east":{"uv":[13.875,12.625,14.125,12.875],"rotation":0,"texture":"#0","tintindex":0},"south":{"uv":[13.0,9.5,13.625,9.75],"rotation":0,"texture":"#0","tintindex":0},"north":{"uv":[9.5,13.0,10.125,13.25],"rotation":0,"texture":"#0","tintindex":0},"west":{"uv":[13.875,12.875,14.125,13.125],"rotation":0,"texture":"#0","tintindex":0},"up":{"uv":[13.625,10.0,13.0,9.75],"rotation":0,"texture":"#0","tintindex":0},"down":{"uv":[13.625,10.0,13.0,10.25],"rotation":0,"texture":"#0","tintindex":0}}},{"from":[9.714286,9.035714,7.4857144],"to":[12.571428,10.178572,8.6285715],"rotation":{"angle":22.5,"axis":"y","origin":[9.428572,9.607143,8.057143]},"faces":{"east":{"uv":[13.875,11.875,14.125,12.125],"rotation":0,"texture":"#0","tintindex":0},"south":{"uv":[7.375,13.0,8.0,13.25],"rotation":0,"texture":"#0","tintindex":0},"north":{"uv":[13.0,7.125,13.625,7.375],"rotation":0,"texture":"#0","tintindex":0},"west":{"uv":[13.875,12.125,14.125,12.375],"rotation":0,"texture":"#0","tintindex":0},"up":{"uv":[8.625,13.25,8.0,13.0],"rotation":0,"texture":"#0","tintindex":0},"down":{"uv":[9.5,13.0,8.875,13.25],"rotation":0,"texture":"#0","tintindex":0}}},{"from":[-0.34750557,12.098583,6.742857],"to":[1.8239231,12.555726,7.2],"rotation":{"angle":22.5,"axis":"z","origin":[0.7382088,12.327154,6.9714284]},"faces":{"east":{"uv":[0.0,14.5,0.125,14.625],"rotation":0,"texture":"#0","tintindex":0},"south":{"uv":[13.875,11.5,14.375,11.625],"rotation":0,"texture":"#0","tintindex":0},"north":{"uv":[13.875,11.375,14.375,11.5],"rotation":0,"texture":"#0","tintindex":0},"west":{"uv":[0.125,14.5,0.25,14.625],"rotation":0,"texture":"#0","tintindex":0},"up":{"uv":[14.375,11.75,13.875,11.625],"rotation":0,"texture":"#0","tintindex":0},"down":{"uv":[14.375,11.75,13.875,11.875],"rotation":0,"texture":"#0","tintindex":0}}},{"from":[4.052956,13.730959,6.742857],"to":[6.224385,14.188101,7.2],"rotation":{"angle":0.0,"axis":"y","origin":[3.142857,11.957143,7.257143]},"faces":{"east":{"uv":[14.375,14.25,14.5,14.375],"rotation":0,"texture":"#0","tintindex":0},"south":{"uv":[13.875,11.0,14.375,11.125],"rotation":0,"texture":"#0","tintindex":0},"north":{"uv":[13.875,10.875,14.375,11.0],"rotation":0,"texture":"#0","tintindex":0},"west":{"uv":[14.375,14.375,14.5,14.5],"rotation":0,"texture":"#0","tintindex":0},"up":{"uv":[14.375,11.25,13.875,11.125],"rotation":0,"texture":"#0","tintindex":0},"down":{"uv":[14.375,11.25,13.875,11.375],"rotation":0,"texture":"#0","tintindex":0}}},{"from":[2.5714283,11.671429,6.6857142],"to":[3.142857,15.671429,7.257143],"rotation":{"angle":-22.5,"axis":"z","origin":[2.5714283,11.385715,7.257143]},"faces":{"east":{"uv":[9.125,13.5,9.25,14.375],"rotation":0,"texture":"#0","tintindex":0},"south":{"uv":[9.25,13.5,9.375,14.375],"rotation":0,"texture":"#0","tintindex":0},"north":{"uv":[9.0,13.5,9.125,14.375],"rotation":0,"texture":"#0","tintindex":0},"west":{"uv":[9.375,13.5,9.5,14.375],"rotation":0,"texture":"#0","tintindex":0},"up":{"uv":[13.125,14.5,13.0,14.375],"rotation":0,"texture":"#0","tintindex":0},"down":{"uv":[13.25,14.375,13.125,14.5],"rotation":0,"texture":"#0","tintindex":0}}},{"from":[0.93211746,15.035349,6.742857],"to":[1.3892603,17.206778,7.2],"rotation":{"angle":-45.0,"axis":"z","origin":[1.1606889,15.26392,6.9714284]},"faces":{"east":{"uv":[13.625,0.0,13.75,0.5],"rotation":0,"texture":"#0","tintindex":0},"south":{"uv":[8.75,13.875,8.875,14.375],"rotation":0,"texture":"#0","tintindex":0},"north":{"uv":[11.5,12.0,11.625,12.5],"rotation":0,"texture":"#0","tintindex":0},"west":{"uv":[13.875,10.375,14.0,10.875],"rotation":0,"texture":"#0","tintindex":0},"up":{"uv":[12.875,14.5,12.75,14.375],"rotation":0,"texture":"#0","tintindex":0},"down":{"uv":[13.0,14.375,12.875,14.5],"rotation":0,"texture":"#0","tintindex":0}}},{"from":[1.9999995,11.671429,6.6857142],"to":[2.5714283,17.385715,7.257143],"rotation":{"angle":22.5,"axis":"z","origin":[1.9999995,11.385715,7.257143]},"faces":{"east":{"uv":[3.75,12.75,3.875,14.0],"rotation":0,"texture":"#0","tintindex":0},"south":{"uv":[10.25,12.75,10.375,14.0],"rotation":0,"texture":"#0","tintindex":0},"north":{"uv":[8.75,12.625,8.875,13.875],"rotation":0,"texture":"#0","tintindex":0},"west":{"uv":[10.375,12.75,10.5,14.0],"rotation":0,"texture":"#0","tintindex":0},"up":{"uv":[14.5,9.125,14.375,9.0],"rotation":0,"texture":"#0","tintindex":0},"down":{"uv":[12.75,14.375,12.625,14.5],"rotation":0,"texture":"#0","tintindex":0}}},{"from":[1.1999998,9.092857,6.4142857],"to":[3.9428568,10.1214285,7.4428573],"rotation":{"angle":-45.0,"axis":"z","origin":[4.285714,9.607143,6.928571]},"faces":{"east":{"uv":[13.875,9.875,14.125,10.125],"rotation":0,"texture":"#0","tintindex":0},"south":{"uv":[13.0,6.625,13.625,6.875],"rotation":0,"texture":"#0","tintindex":0},"north":{"uv":[13.0,6.375,13.625,6.625],"rotation":0,"texture":"#0","tintindex":0},"west":{"uv":[13.875,10.125,14.125,10.375],"rotation":0,"texture":"#0","tintindex":0},"up":{"uv":[7.375,13.25,6.75,13.0],"rotation":0,"texture":"#0","tintindex":0},"down":{"uv":[13.625,6.875,13.0,7.125],"rotation":0,"texture":"#0","tintindex":0}}},{"from":[3.4285712,9.035714,7.4857144],"to":[6.285714,10.178572,8.6285715],"rotation":{"angle":-22.5,"axis":"y","origin":[6.5714283,9.607143,8.057143]},"faces":{"east":{"uv":[13.875,9.375,14.125,9.625],"rotation":0,"texture":"#0","tintindex":0},"south":{"uv":[13.0,0.25,13.625,0.5],"rotation":0,"texture":"#0","tintindex":0},"north":{"uv":[13.0,0.0,13.625,0.25],"rotation":0,"texture":"#0","tintindex":0},"west":{"uv":[13.875,9.625,14.125,9.875],"rotation":0,"texture":"#0","tintindex":0},"up":{"uv":[13.625,3.875,13.0,3.625],"rotation":0,"texture":"#0","tintindex":0},"down":{"uv":[5.25,13.0,4.625,13.25],"rotation":0,"texture":"#0","tintindex":0}}}],"textures":{"0":"modelengine:entity/em_dyerftum5"},"display":{"head":{"translation":[0.0,-6.4,0.0],"scale":[4.0,4.0,4.0]}}}