{"elements":[{"from":[7.142857,0.8999996,6.285714],"to":[8.857143,5.4714284,6.285714],"rotation":{"angle":0.0,"axis":"y","origin":[8.857143,4.6142855,6.285714]},"faces":{"east":{"uv":[0.0,0.0,0.0,0.875],"rotation":0,"texture":"#0","tintindex":0},"south":{"uv":[12.0,1.0,12.375,1.875],"rotation":0,"texture":"#0","tintindex":0},"north":{"uv":[0.75,12.0,1.125,12.875],"rotation":0,"texture":"#0","tintindex":0},"west":{"uv":[0.0,0.0,0.0,0.875],"rotation":0,"texture":"#0","tintindex":0},"up":{"uv":[0.375,0.0,0.0,0.0],"rotation":0,"texture":"#0","tintindex":0},"down":{"uv":[0.375,0.0,0.0,0.0],"rotation":0,"texture":"#0","tintindex":0}}},{"from":[6.8148427,3.1857138,6.220468],"to":[6.8148427,7.757143,7.934754],"rotation":{"angle":-22.5,"axis":"y","origin":[6.8148427,5.757143,7.077611]},"faces":{"east":{"uv":[1.125,12.0,1.5,12.875],"rotation":0,"texture":"#0","tintindex":0},"south":{"uv":[0.0,0.0,0.0,0.875],"rotation":0,"texture":"#0","tintindex":0},"north":{"uv":[0.0,0.0,0.0,0.875],"rotation":0,"texture":"#0","tintindex":0},"west":{"uv":[12.0,1.875,12.375,2.75],"rotation":0,"texture":"#0","tintindex":0},"up":{"uv":[0.0,0.375,0.0,0.0],"rotation":0,"texture":"#0","tintindex":0},"down":{"uv":[0.0,0.0,0.0,0.375],"rotation":0,"texture":"#0","tintindex":0}}},{"from":[8.857143,3.1857138,6.285714],"to":[8.857143,7.757143,8.0],"rotation":{"angle":22.5,"axis":"y","origin":[8.857143,6.9,6.285714]},"faces":{"east":{"uv":[12.0,2.75,12.375,3.625],"rotation":0,"texture":"#0","tintindex":0},"south":{"uv":[0.0,0.0,0.0,0.875],"rotation":0,"texture":"#0","tintindex":0},"north":{"uv":[0.0,0.0,0.0,0.875],"rotation":0,"texture":"#0","tintindex":0},"west":{"uv":[6.0,12.0,6.375,12.875],"rotation":0,"texture":"#0","tintindex":0},"up":{"uv":[0.0,0.375,0.0,0.0],"rotation":0,"texture":"#0","tintindex":0},"down":{"uv":[0.0,0.0,0.0,0.375],"rotation":0,"texture":"#0","tintindex":0}}},{"from":[6.5714283,7.757143,6.285714],"to":[9.428572,10.614285,8.0],"rotation":{"angle":0.0,"axis":"y","origin":[8.0,-8.242857,8.0]},"faces":{"east":{"uv":[3.875,12.5,4.25,13.125],"rotation":0,"texture":"#0","tintindex":0},"south":{"uv":[9.625,11.625,10.25,12.25],"rotation":0,"texture":"#0","tintindex":0},"north":{"uv":[11.625,9.0,12.25,9.625],"rotation":0,"texture":"#0","tintindex":0},"west":{"uv":[10.75,12.5,11.125,13.125],"rotation":0,"texture":"#0","tintindex":0},"up":{"uv":[13.125,11.25,12.5,10.875],"rotation":0,"texture":"#0","tintindex":0},"down":{"uv":[13.125,11.25,12.5,11.625],"rotation":0,"texture":"#0","tintindex":0}}},{"from":[7.142857,5.4714284,6.285714],"to":[8.857143,7.757143,8.0],"rotation":{"angle":0.0,"axis":"y","origin":[8.0,-11.671429,8.0]},"faces":{"east":{"uv":[2.25,12.75,2.625,13.25],"rotation":0,"texture":"#0","tintindex":0},"south":{"uv":[2.625,12.75,3.0,13.25],"rotation":0,"texture":"#0","tintindex":0},"north":{"uv":[1.875,12.75,2.25,13.25],"rotation":0,"texture":"#0","tintindex":0},"west":{"uv":[3.375,12.75,3.75,13.25],"rotation":0,"texture":"#0","tintindex":0},"up":{"uv":[6.75,13.875,6.375,13.5],"rotation":0,"texture":"#0","tintindex":0},"down":{"uv":[7.125,13.5,6.75,13.875],"rotation":0,"texture":"#0","tintindex":0}}},{"from":[9.775616,13.730959,6.742857],"to":[11.947044,14.188101,7.2],"rotation":{"angle":0.0,"axis":"y","origin":[12.857143,11.957143,7.257143]},"faces":{"east":{"uv":[7.875,14.5,8.0,14.625],"rotation":0,"texture":"#0","tintindex":0},"south":{"uv":[14.25,0.0,14.75,0.125],"rotation":0,"texture":"#0","tintindex":0},"north":{"uv":[14.125,14.125,14.625,14.25],"rotation":0,"texture":"#0","tintindex":0},"west":{"uv":[14.5,7.875,14.625,8.0],"rotation":0,"texture":"#0","tintindex":0},"up":{"uv":[14.75,0.25,14.25,0.125],"rotation":0,"texture":"#0","tintindex":0},"down":{"uv":[14.75,0.25,14.25,0.375],"rotation":0,"texture":"#0","tintindex":0}}},{"from":[12.857143,11.671429,6.6857142],"to":[13.428572,15.671429,7.257143],"rotation":{"angle":22.5,"axis":"z","origin":[13.428572,11.385715,7.257143]},"faces":{"east":{"uv":[12.5,13.5,12.625,14.375],"rotation":0,"texture":"#0","tintindex":0},"south":{"uv":[12.625,13.5,12.75,14.375],"rotation":0,"texture":"#0","tintindex":0},"north":{"uv":[12.375,13.5,12.5,14.375],"rotation":0,"texture":"#0","tintindex":0},"west":{"uv":[12.75,13.5,12.875,14.375],"rotation":0,"texture":"#0","tintindex":0},"up":{"uv":[8.125,14.625,8.0,14.5],"rotation":0,"texture":"#0","tintindex":0},"down":{"uv":[14.625,8.0,14.5,8.125],"rotation":0,"texture":"#0","tintindex":0}}},{"from":[13.529985,16.550388,6.76],"to":[13.952843,18.687532,7.182857],"rotation":{"angle":-22.5,"axis":"z","origin":[13.741414,16.761818,6.9714284]},"faces":{"east":{"uv":[6.5,14.25,6.625,14.75],"rotation":0,"texture":"#0","tintindex":0},"south":{"uv":[6.625,14.25,6.75,14.75],"rotation":0,"texture":"#0","tintindex":0},"north":{"uv":[6.375,14.25,6.5,14.75],"rotation":0,"texture":"#0","tintindex":0},"west":{"uv":[6.75,14.25,6.875,14.75],"rotation":0,"texture":"#0","tintindex":0},"up":{"uv":[8.25,14.625,8.125,14.5],"rotation":0,"texture":"#0","tintindex":0},"down":{"uv":[14.625,8.125,14.5,8.25],"rotation":0,"texture":"#0","tintindex":0}}},{"from":[14.725025,15.092492,6.742857],"to":[15.182168,18.978207,7.2],"rotation":{"angle":45.0,"axis":"z","origin":[14.953596,15.321063,6.9714284]},"faces":{"east":{"uv":[13.0,13.5,13.125,14.375],"rotation":0,"texture":"#0","tintindex":0},"south":{"uv":[13.125,13.5,13.25,14.375],"rotation":0,"texture":"#0","tintindex":0},"north":{"uv":[12.875,13.5,13.0,14.375],"rotation":0,"texture":"#0","tintindex":0},"west":{"uv":[0.0,13.625,0.125,14.5],"rotation":0,"texture":"#0","tintindex":0},"up":{"uv":[14.625,8.375,14.5,8.25],"rotation":0,"texture":"#0","tintindex":0},"down":{"uv":[14.625,8.375,14.5,8.5],"rotation":0,"texture":"#0","tintindex":0}}},{"from":[14.176077,12.6700115,6.742857],"to":[16.918934,13.127154,7.2],"rotation":{"angle":0.0,"axis":"y","origin":[15.261791,12.898583,6.9714284]},"faces":{"east":{"uv":[14.5,8.5,14.625,8.625],"rotation":0,"texture":"#0","tintindex":0},"south":{"uv":[13.875,8.625,14.5,8.75],"rotation":0,"texture":"#0","tintindex":0},"north":{"uv":[13.875,8.5,14.5,8.625],"rotation":0,"texture":"#0","tintindex":0},"west":{"uv":[14.5,8.625,14.625,8.75],"rotation":0,"texture":"#0","tintindex":0},"up":{"uv":[14.5,8.875,13.875,8.75],"rotation":0,"texture":"#0","tintindex":0},"down":{"uv":[14.5,8.875,13.875,9.0],"rotation":0,"texture":"#0","tintindex":0}}},{"from":[13.428572,11.671429,6.6857142],"to":[14.0,17.385715,7.257143],"rotation":{"angle":-22.5,"axis":"z","origin":[14.0,11.385715,7.257143]},"faces":{"east":{"uv":[8.625,13.0,8.75,14.25],"rotation":0,"texture":"#0","tintindex":0},"south":{"uv":[10.125,13.0,10.25,14.25],"rotation":0,"texture":"#0","tintindex":0},"north":{"uv":[6.25,12.875,6.375,14.125],"rotation":0,"texture":"#0","tintindex":0},"west":{"uv":[3.25,13.125,3.375,14.375],"rotation":0,"texture":"#0","tintindex":0},"up":{"uv":[14.625,8.875,14.5,8.75],"rotation":0,"texture":"#0","tintindex":0},"down":{"uv":[9.0,14.5,8.875,14.625],"rotation":0,"texture":"#0","tintindex":0}}},{"from":[12.057143,9.092857,6.4142857],"to":[14.8,10.1214285,7.4428573],"rotation":{"angle":45.0,"axis":"z","origin":[11.714286,9.607143,6.928571]},"faces":{"east":{"uv":[14.25,3.625,14.5,3.875],"rotation":0,"texture":"#0","tintindex":0},"south":{"uv":[7.0,13.25,7.625,13.5],"rotation":0,"texture":"#0","tintindex":0},"north":{"uv":[6.375,13.25,7.0,13.5],"rotation":0,"texture":"#0","tintindex":0},"west":{"uv":[14.25,9.125,14.5,9.375],"rotation":0,"texture":"#0","tintindex":0},"up":{"uv":[8.25,13.5,7.625,13.25],"rotation":0,"texture":"#0","tintindex":0},"down":{"uv":[13.875,7.625,13.25,7.875],"rotation":0,"texture":"#0","tintindex":0}}},{"from":[9.714286,9.035714,7.4857144],"to":[12.571428,10.178572,8.6285715],"rotation":{"angle":22.5,"axis":"y","origin":[9.428572,9.607143,8.057143]},"faces":{"east":{"uv":[14.25,9.375,14.5,9.625],"rotation":0,"texture":"#0","tintindex":0},"south":{"uv":[9.5,13.25,10.125,13.5],"rotation":0,"texture":"#0","tintindex":0},"north":{"uv":[8.875,13.25,9.5,13.5],"rotation":0,"texture":"#0","tintindex":0},"west":{"uv":[10.125,14.25,10.375,14.5],"rotation":0,"texture":"#0","tintindex":0},"up":{"uv":[12.625,13.5,12.0,13.25],"rotation":0,"texture":"#0","tintindex":0},"down":{"uv":[13.25,13.25,12.625,13.5],"rotation":0,"texture":"#0","tintindex":0}}},{"from":[-0.34750557,12.098583,6.742857],"to":[1.8239231,12.555726,7.2],"rotation":{"angle":22.5,"axis":"z","origin":[0.7382088,12.327154,6.9714284]},"faces":{"east":{"uv":[14.5,8.875,14.625,9.0],"rotation":0,"texture":"#0","tintindex":0},"south":{"uv":[14.25,10.375,14.75,10.5],"rotation":0,"texture":"#0","tintindex":0},"north":{"uv":[14.25,0.375,14.75,0.5],"rotation":0,"texture":"#0","tintindex":0},"west":{"uv":[14.5,9.0,14.625,9.125],"rotation":0,"texture":"#0","tintindex":0},"up":{"uv":[14.75,10.625,14.25,10.5],"rotation":0,"texture":"#0","tintindex":0},"down":{"uv":[14.75,10.625,14.25,10.75],"rotation":0,"texture":"#0","tintindex":0}}},{"from":[4.052956,13.730959,6.742857],"to":[6.224385,14.188101,7.2],"rotation":{"angle":0.0,"axis":"y","origin":[3.142857,11.957143,7.257143]},"faces":{"east":{"uv":[14.5,9.125,14.625,9.25],"rotation":0,"texture":"#0","tintindex":0},"south":{"uv":[14.25,11.875,14.75,12.0],"rotation":0,"texture":"#0","tintindex":0},"north":{"uv":[14.25,10.75,14.75,10.875],"rotation":0,"texture":"#0","tintindex":0},"west":{"uv":[14.5,9.25,14.625,9.375],"rotation":0,"texture":"#0","tintindex":0},"up":{"uv":[14.75,12.125,14.25,12.0],"rotation":0,"texture":"#0","tintindex":0},"down":{"uv":[14.75,12.125,14.25,12.25],"rotation":0,"texture":"#0","tintindex":0}}},{"from":[2.5714283,11.671429,6.6857142],"to":[3.142857,15.671429,7.257143],"rotation":{"angle":-22.5,"axis":"z","origin":[2.5714283,11.385715,7.257143]},"faces":{"east":{"uv":[0.25,13.625,0.375,14.5],"rotation":0,"texture":"#0","tintindex":0},"south":{"uv":[0.375,13.625,0.5,14.5],"rotation":0,"texture":"#0","tintindex":0},"north":{"uv":[0.125,13.625,0.25,14.5],"rotation":0,"texture":"#0","tintindex":0},"west":{"uv":[0.5,13.625,0.625,14.5],"rotation":0,"texture":"#0","tintindex":0},"up":{"uv":[14.625,9.5,14.5,9.375],"rotation":0,"texture":"#0","tintindex":0},"down":{"uv":[14.625,9.5,14.5,9.625],"rotation":0,"texture":"#0","tintindex":0}}},{"from":[0.93211746,15.035349,6.742857],"to":[1.3892603,17.206778,7.2],"rotation":{"angle":-45.0,"axis":"z","origin":[1.1606889,15.26392,6.9714284]},"faces":{"east":{"uv":[10.375,14.25,10.5,14.75],"rotation":0,"texture":"#0","tintindex":0},"south":{"uv":[10.5,14.25,10.625,14.75],"rotation":0,"texture":"#0","tintindex":0},"north":{"uv":[8.625,14.25,8.75,14.75],"rotation":0,"texture":"#0","tintindex":0},"west":{"uv":[10.625,14.25,10.75,14.75],"rotation":0,"texture":"#0","tintindex":0},"up":{"uv":[14.625,9.75,14.5,9.625],"rotation":0,"texture":"#0","tintindex":0},"down":{"uv":[14.625,9.75,14.5,9.875],"rotation":0,"texture":"#0","tintindex":0}}},{"from":[1.9999995,11.671429,6.6857142],"to":[2.5714283,17.385715,7.257143],"rotation":{"angle":22.5,"axis":"z","origin":[1.9999995,11.385715,7.257143]},"faces":{"east":{"uv":[3.375,13.25,3.5,14.5],"rotation":0,"texture":"#0","tintindex":0},"south":{"uv":[3.5,13.25,3.625,14.5],"rotation":0,"texture":"#0","tintindex":0},"north":{"uv":[5.875,13.125,6.0,14.375],"rotation":0,"texture":"#0","tintindex":0},"west":{"uv":[3.625,13.25,3.75,14.5],"rotation":0,"texture":"#0","tintindex":0},"up":{"uv":[10.25,14.625,10.125,14.5],"rotation":0,"texture":"#0","tintindex":0},"down":{"uv":[10.375,14.5,10.25,14.625],"rotation":0,"texture":"#0","tintindex":0}}},{"from":[1.1999998,9.092857,6.4142857],"to":[3.9428568,10.1214285,7.4428573],"rotation":{"angle":-45.0,"axis":"z","origin":[4.285714,9.607143,6.928571]},"faces":{"east":{"uv":[14.25,12.625,14.5,12.875],"rotation":0,"texture":"#0","tintindex":0},"south":{"uv":[13.25,12.875,13.875,13.125],"rotation":0,"texture":"#0","tintindex":0},"north":{"uv":[13.25,12.625,13.875,12.875],"rotation":0,"texture":"#0","tintindex":0},"west":{"uv":[14.25,12.875,14.5,13.125],"rotation":0,"texture":"#0","tintindex":0},"up":{"uv":[13.875,13.375,13.25,13.125],"rotation":0,"texture":"#0","tintindex":0},"down":{"uv":[0.625,13.375,0.0,13.625],"rotation":0,"texture":"#0","tintindex":0}}},{"from":[3.4285712,9.035714,7.4857144],"to":[6.285714,10.178572,8.6285715],"rotation":{"angle":-22.5,"axis":"y","origin":[6.5714283,9.607143,8.057143]},"faces":{"east":{"uv":[13.625,14.25,13.875,14.5],"rotation":0,"texture":"#0","tintindex":0},"south":{"uv":[13.375,4.375,14.0,4.625],"rotation":0,"texture":"#0","tintindex":0},"north":{"uv":[3.875,13.375,4.5,13.625],"rotation":0,"texture":"#0","tintindex":0},"west":{"uv":[13.875,14.25,14.125,14.5],"rotation":0,"texture":"#0","tintindex":0},"up":{"uv":[14.0,4.875,13.375,4.625],"rotation":0,"texture":"#0","tintindex":0},"down":{"uv":[14.0,4.875,13.375,5.125],"rotation":0,"texture":"#0","tintindex":0}}}],"textures":{"0":"modelengine:entity/em_dyerftum5"},"display":{"head":{"translation":[0.0,-6.4,0.0],"scale":[4.0,4.0,4.0]}}}