{"elements":[{"from":[5.428571,7.8095236,6.857143],"to":[10.571428,12.952381,9.142858],"rotation":{"angle":0.0,"axis":"y","origin":[8.0,0.38095236,8.0]},"faces":{"east":{"uv":[5.5,10.625,6.0,11.75],"rotation":0,"texture":"#0","tintindex":0},"south":{"uv":[1.125,4.75,2.25,5.875],"rotation":0,"texture":"#0","tintindex":0},"north":{"uv":[0.0,4.75,1.125,5.875],"rotation":0,"texture":"#0","tintindex":0},"west":{"uv":[10.875,10.125,11.375,11.25],"rotation":0,"texture":"#0","tintindex":0},"up":{"uv":[12.125,0.5,11.0,0.0],"rotation":0,"texture":"#0","tintindex":0},"down":{"uv":[12.125,0.5,11.0,1.0],"rotation":0,"texture":"#0","tintindex":0}}}],"textures":{"0":"modelengine:entity/em_dyerftum5"},"display":{"head":{"translation":[0.0,-6.4,0.0],"scale":[4.0,4.0,4.0]}}}