{"elements":[{"from":[6.84,1.1257143,6.9542856],"to":[9.16,8.588572,9.274286],"rotation":{"angle":0.0,"axis":"y","origin":[9.428572,0.5714283,8.4]},"faces":{"east":{"uv":[8.75,3.0,9.25,4.625],"rotation":0,"texture":"#0","tintindex":0},"south":{"uv":[8.75,4.625,9.25,6.25],"rotation":0,"texture":"#0","tintindex":0},"north":{"uv":[4.5,8.5,5.0,10.125],"rotation":0,"texture":"#0","tintindex":0},"west":{"uv":[8.75,6.25,9.25,7.875],"rotation":0,"texture":"#0","tintindex":0},"up":{"uv":[11.375,12.5,10.875,12.0],"rotation":0,"texture":"#0","tintindex":0},"down":{"uv":[12.5,10.875,12.0,11.375],"rotation":0,"texture":"#0","tintindex":0}}}],"textures":{"0":"modelengine:entity/em_dyerftum5"},"display":{"head":{"translation":[0.0,-6.4,0.0],"scale":[4.0,4.0,4.0]}}}