{"elements":[{"from":[6.2576923,2.1461034,6.88841],"to":[8.5434065,9.574675,9.174125],"rotation":{"angle":0.0,"axis":"y","origin":[5.971978,0.43181753,8.316981]},"faces":{"east":{"uv":[5.5,9.0,6.0,10.625],"rotation":0,"texture":"#0","tintindex":0},"south":{"uv":[7.5,9.0,8.0,10.625],"rotation":0,"texture":"#0","tintindex":0},"north":{"uv":[5.0,9.0,5.5,10.625],"rotation":0,"texture":"#0","tintindex":0},"west":{"uv":[8.0,9.0,8.5,10.625],"rotation":0,"texture":"#0","tintindex":0},"up":{"uv":[12.625,7.5,12.125,7.0],"rotation":0,"texture":"#0","tintindex":0},"down":{"uv":[12.625,7.5,12.125,8.0],"rotation":0,"texture":"#0","tintindex":0}}},{"from":[6.1338043,6.203246,8.057107],"to":[6.7052326,6.774675,10.342821],"rotation":{"angle":-22.5,"axis":"y","origin":[5.647984,6.603246,8.753922]},"faces":{"east":{"uv":[14.0,3.25,14.5,3.375],"rotation":0,"texture":"#0","tintindex":0},"south":{"uv":[14.5,4.125,14.625,4.25],"rotation":0,"texture":"#0","tintindex":0},"north":{"uv":[14.5,4.0,14.625,4.125],"rotation":0,"texture":"#0","tintindex":0},"west":{"uv":[14.0,4.375,14.5,4.5],"rotation":0,"texture":"#0","tintindex":0},"up":{"uv":[3.875,14.5,3.75,14.0],"rotation":0,"texture":"#0","tintindex":0},"down":{"uv":[14.125,4.5,14.0,5.0],"rotation":0,"texture":"#0","tintindex":0}}},{"from":[6.492694,5.0032463,9.826082],"to":[6.492694,8.431818,13.254654],"rotation":{"angle":-22.5,"axis":"y","origin":[5.647984,6.603246,8.753922]},"faces":{"east":{"uv":[11.25,1.75,12.0,2.5],"rotation":0,"texture":"#0","tintindex":0},"south":{"uv":[0.0,0.0,0.0,0.75],"rotation":0,"texture":"#0","tintindex":0},"north":{"uv":[0.0,0.0,0.0,0.75],"rotation":0,"texture":"#0","tintindex":0},"west":{"uv":[6.0,11.25,6.75,12.0],"rotation":0,"texture":"#0","tintindex":0},"up":{"uv":[0.0,0.75,0.0,0.0],"rotation":0,"texture":"#0","tintindex":0},"down":{"uv":[0.0,0.0,0.0,0.75],"rotation":0,"texture":"#0","tintindex":0}}},{"from":[2.95151,7.4318175,8.302139],"to":[5.237224,9.717532,8.302139],"rotation":{"angle":0.0,"axis":"y","origin":[4.094367,8.574675,8.302139]},"faces":{"east":{"uv":[0.0,0.0,0.0,0.5],"rotation":0,"texture":"#0","tintindex":0},"south":{"uv":[12.125,10.125,12.625,10.625],"rotation":0,"texture":"#0","tintindex":0},"north":{"uv":[12.125,9.625,12.625,10.125],"rotation":0,"texture":"#0","tintindex":0},"west":{"uv":[0.0,0.0,0.0,0.5],"rotation":0,"texture":"#0","tintindex":0},"up":{"uv":[0.5,0.0,0.0,0.0],"rotation":0,"texture":"#0","tintindex":0},"down":{"uv":[0.5,0.0,0.0,0.0],"rotation":0,"texture":"#0","tintindex":0}}},{"from":[4.2576923,7.3461037,7.9169817],"to":[6.543407,7.917532,8.48841],"rotation":{"angle":-22.5,"axis":"z","origin":[6.829121,7.3461037,7.9169817]},"faces":{"east":{"uv":[14.5,3.75,14.625,3.875],"rotation":0,"texture":"#0","tintindex":0},"south":{"uv":[14.0,2.875,14.5,3.0],"rotation":0,"texture":"#0","tintindex":0},"north":{"uv":[14.0,2.75,14.5,2.875],"rotation":0,"texture":"#0","tintindex":0},"west":{"uv":[14.5,3.875,14.625,4.0],"rotation":0,"texture":"#0","tintindex":0},"up":{"uv":[14.5,3.125,14.0,3.0],"rotation":0,"texture":"#0","tintindex":0},"down":{"uv":[14.5,3.125,14.0,3.25],"rotation":0,"texture":"#0","tintindex":0}}}],"textures":{"0":"modelengine:entity/em_dyerftum5"},"display":{"head":{"translation":[0.0,-6.4,0.0],"scale":[4.0,4.0,4.0]}}}