{"elements":[{"from":[6.84,1.1257143,6.9542856],"to":[9.16,8.588572,9.274286],"rotation":{"angle":0.0,"axis":"y","origin":[6.5714283,0.5714283,8.4]},"faces":{"east":{"uv":[0.0,8.875,0.5,10.5],"rotation":0,"texture":"#0","tintindex":0},"south":{"uv":[0.5,8.875,1.0,10.5],"rotation":0,"texture":"#0","tintindex":0},"north":{"uv":[8.75,7.875,9.25,9.5],"rotation":0,"texture":"#0","tintindex":0},"west":{"uv":[1.0,8.875,1.5,10.5],"rotation":0,"texture":"#0","tintindex":0},"up":{"uv":[12.5,11.875,12.0,11.375],"rotation":0,"texture":"#0","tintindex":0},"down":{"uv":[12.5,11.875,12.0,12.375],"rotation":0,"texture":"#0","tintindex":0}}}],"textures":{"0":"modelengine:entity/em_dyerftum5"},"display":{"head":{"translation":[0.0,-6.4,0.0],"scale":[4.0,4.0,4.0]}}}