{"elements":[{"from":[8.0,8.0,8.0],"to":[8.571428,8.571428,8.571428],"rotation":{"angle":0.0,"axis":"y","origin":[8.0,8.0,8.0]},"faces":{"east":{"uv":[8.25,1.25,9.75,2.75],"rotation":0,"texture":"#2","tintindex":0},"south":{"uv":[8.25,1.25,9.75,2.75],"rotation":0,"texture":"#2","tintindex":0},"north":{"uv":[8.25,1.25,9.75,2.75],"rotation":0,"texture":"#2","tintindex":0},"west":{"uv":[8.25,1.25,9.75,2.75],"rotation":0,"texture":"#2","tintindex":0},"up":{"uv":[8.25,1.25,9.75,2.75],"rotation":0,"texture":"#2","tintindex":0},"down":{"uv":[8.25,1.25,9.75,2.75],"rotation":0,"texture":"#2","tintindex":0}}}],"textures":{"2":"modelengine:entity/kobold_dagger"},"display":{"head":{"translation":[0.0,-6.4,0.0],"scale":[4.0,4.0,4.0]}}}