{"elements":[{"from":[4.5714283,6.285714,-14.857143],"to":[10.857143,9.142858,7.428571],"rotation":{"angle":0.0,"axis":"y","origin":[7.428571,6.285714,33.714287]},"faces":{"east":{"uv":[16.0,12.25,11.125,12.875],"rotation":0,"texture":"#1","tintindex":0},"south":{"uv":[12.875,15.375,14.25,16.0],"rotation":0,"texture":"#1","tintindex":0},"north":{"uv":[12.875,14.75,14.25,15.375],"rotation":0,"texture":"#1","tintindex":0},"west":{"uv":[11.125,12.25,16.0,12.875],"rotation":0,"texture":"#1","tintindex":0},"up":{"uv":[16.0,8.125,14.625,3.25],"rotation":0,"texture":"#1","tintindex":0},"down":{"uv":[16.0,3.25,14.625,8.125],"rotation":0,"texture":"#1","tintindex":0}}}],"textures":{"1":"modelengine:entity/bufo_bufo_tongue"},"display":{"head":{"translation":[0.0,-6.4,0.0],"scale":[4.0,4.0,4.0]}}}