{"elements":[{"from":[8.0,2.285716,5.714286],"to":[8.0,8.000002,10.285714],"rotation":{"angle":0.0,"axis":"y","origin":[8.0,-16.0,8.0]},"faces":{"east":{"uv":[8.5,0.0,10.5,2.5],"rotation":0,"texture":"#0","tintindex":0},"south":{"uv":[0.0,0.0,0.0,2.5],"rotation":0,"texture":"#0","tintindex":0},"north":{"uv":[0.0,0.0,0.0,2.5],"rotation":0,"texture":"#0","tintindex":0},"west":{"uv":[10.5,0.0,8.5,2.5],"rotation":0,"texture":"#0","tintindex":0},"up":{"uv":[0.0,2.0,0.0,0.0],"rotation":0,"texture":"#0","tintindex":0},"down":{"uv":[0.0,0.0,0.0,2.0],"rotation":0,"texture":"#0","tintindex":0}}},{"from":[4.5714283,-9.142857,6.285714],"to":[11.428572,1.9073486E-6,9.714286],"rotation":{"angle":0.0,"axis":"y","origin":[4.5714283,-16.0,4.5714283]},"faces":{"east":{"uv":[6.0,6.0,7.5,10.0],"rotation":0,"texture":"#0","tintindex":0},"south":{"uv":[3.0,5.0,6.0,9.0],"rotation":0,"texture":"#0","tintindex":0},"north":{"uv":[0.0,5.0,3.0,9.0],"rotation":0,"texture":"#0","tintindex":0},"west":{"uv":[7.5,6.0,9.0,10.0],"rotation":0,"texture":"#0","tintindex":0},"up":{"uv":[3.0,10.5,0.0,9.0],"rotation":0,"texture":"#0","tintindex":0},"down":{"uv":[6.0,9.0,3.0,10.5],"rotation":0,"texture":"#0","tintindex":0}}},{"from":[5.142857,-16.0,6.285714],"to":[10.857143,-9.142857,9.714286],"rotation":{"angle":0.0,"axis":"y","origin":[4.5714283,-27.42857,4.5714283]},"faces":{"east":{"uv":[9.0,5.0,10.5,8.0],"rotation":0,"texture":"#0","tintindex":0},"south":{"uv":[6.0,3.0,8.5,6.0],"rotation":0,"texture":"#0","tintindex":0},"north":{"uv":[6.0,0.0,8.5,3.0],"rotation":0,"texture":"#0","tintindex":0},"west":{"uv":[9.0,8.0,10.5,11.0],"rotation":0,"texture":"#0","tintindex":0},"up":{"uv":[13.0,5.5,10.5,4.0],"rotation":0,"texture":"#0","tintindex":0},"down":{"uv":[13.0,5.5,10.5,7.0],"rotation":0,"texture":"#0","tintindex":0}}},{"from":[5.714286,-2.2857132,5.714286],"to":[10.285714,2.285716,10.285714],"rotation":{"angle":0.0,"axis":"y","origin":[4.5714283,-13.714285,4.5714283]},"faces":{"east":{"uv":[0.0,10.5,2.0,12.5],"rotation":0,"texture":"#0","tintindex":0},"south":{"uv":[10.5,0.0,12.5,2.0],"rotation":0,"texture":"#0","tintindex":0},"north":{"uv":[6.0,10.0,8.0,12.0],"rotation":0,"texture":"#0","tintindex":0},"west":{"uv":[2.0,10.5,4.0,12.5],"rotation":0,"texture":"#0","tintindex":0},"up":{"uv":[12.5,4.0,10.5,2.0],"rotation":0,"texture":"#0","tintindex":0},"down":{"uv":[6.0,10.5,4.0,12.5],"rotation":0,"texture":"#0","tintindex":0}}},{"from":[4.5714283,1.9073486E-6,8.0],"to":[11.428572,11.428574,8.0],"rotation":{"angle":0.0,"axis":"y","origin":[8.0,2.285716,8.0]},"faces":{"east":{"uv":[0.0,0.0,0.0,5.0],"rotation":0,"texture":"#0","tintindex":0},"south":{"uv":[3.0,0.0,0.0,5.0],"rotation":0,"texture":"#0","tintindex":0},"north":{"uv":[0.0,0.0,3.0,5.0],"rotation":0,"texture":"#0","tintindex":0},"west":{"uv":[0.0,0.0,0.0,5.0],"rotation":0,"texture":"#0","tintindex":0},"up":{"uv":[3.0,0.0,0.0,0.0],"rotation":0,"texture":"#0","tintindex":0},"down":{"uv":[3.0,0.0,0.0,0.0],"rotation":0,"texture":"#0","tintindex":0}}}],"textures":{"0":"modelengine:entity/voras_web_corpse"},"display":{"head":{"translation":[0.0,-20.114294,0.0],"scale":[4.0,4.0,4.0]}}}