{"elements":[{"from":[4.0,3.4285712,8.0],"to":[12.0,11.428572,8.0],"rotation":{"angle":0.0,"axis":"y","origin":[8.0,3.4285712,8.0]},"faces":{"east":{"uv":[0.0,0.0,0.0,3.5],"rotation":0,"texture":"#0","tintindex":0},"south":{"uv":[12.5,0.0,16.0,3.5],"rotation":0,"texture":"#0","tintindex":0},"north":{"uv":[12.5,0.0,16.0,3.5],"rotation":0,"texture":"#0","tintindex":0},"west":{"uv":[0.0,0.0,0.0,3.5],"rotation":0,"texture":"#0","tintindex":0},"up":{"uv":[0.0,0.0,3.5,0.0],"rotation":0,"texture":"#0","tintindex":0},"down":{"uv":[0.0,0.0,3.5,0.0],"rotation":0,"texture":"#0","tintindex":0}}}],"textures":{"0":"modelengine:entity/anubis_dark_pet"},"display":{"head":{"translation":[0.0,-6.4,0.0],"scale":[4.0,4.0,4.0]}}}