{"elements":[{"from":[6.5714283,7.428571,5.714286],"to":[9.428572,10.285714,8.0],"rotation":{"angle":0.0,"axis":"y","origin":[7.142857,-0.57142925,10.857143]},"faces":{"east":{"uv":[3.25,7.5,4.25,8.75],"rotation":0,"texture":"#0","tintindex":0},"south":{"uv":[6.75,1.0,8.0,2.25],"rotation":0,"texture":"#0","tintindex":0},"north":{"uv":[0.0,6.75,1.25,8.0],"rotation":0,"texture":"#0","tintindex":0},"west":{"uv":[7.75,2.25,8.75,3.5],"rotation":0,"texture":"#0","tintindex":0},"up":{"uv":[1.25,9.0,0.0,8.0],"rotation":0,"texture":"#0","tintindex":0},"down":{"uv":[9.25,1.0,8.0,2.0],"rotation":0,"texture":"#0","tintindex":0}}},{"from":[6.285714,7.142857,8.0],"to":[9.714286,10.571428,9.142858],"rotation":{"angle":0.0,"axis":"y","origin":[7.142857,-0.57142925,11.428572]},"faces":{"east":{"uv":[1.75,4.5,2.25,6.0],"rotation":0,"texture":"#0","tintindex":0},"south":{"uv":[3.25,2.5,4.75,4.0],"rotation":0,"texture":"#0","tintindex":0},"north":{"uv":[3.25,1.0,4.75,2.5],"rotation":0,"texture":"#0","tintindex":0},"west":{"uv":[9.5,4.5,10.0,6.0],"rotation":0,"texture":"#0","tintindex":0},"up":{"uv":[11.0,6.5,9.5,6.0],"rotation":0,"texture":"#0","tintindex":0},"down":{"uv":[11.0,6.5,9.5,7.0],"rotation":0,"texture":"#0","tintindex":0}}},{"from":[5.714286,8.857143,8.571428],"to":[6.285714,10.0,11.428572],"rotation":{"angle":-22.5,"axis":"x","origin":[6.0,9.428572,8.714286]},"faces":{"east":{"uv":[10.0,3.5,11.25,4.0],"rotation":0,"texture":"#0","tintindex":0},"south":{"uv":[6.0,11.0,6.25,11.5],"rotation":0,"texture":"#0","tintindex":0},"north":{"uv":[10.25,4.0,10.5,4.5],"rotation":0,"texture":"#0","tintindex":0},"west":{"uv":[10.0,8.75,11.25,9.25],"rotation":0,"texture":"#0","tintindex":0},"up":{"uv":[2.25,10.75,2.0,9.5],"rotation":0,"texture":"#0","tintindex":0},"down":{"uv":[4.75,11.0,4.5,12.25],"rotation":0,"texture":"#0","tintindex":0}}},{"from":[5.714286,7.714286,8.571428],"to":[6.285714,8.857143,10.285714],"rotation":{"angle":0.0,"axis":"y","origin":[6.0,9.428572,8.714286]},"faces":{"east":{"uv":[11.0,5.75,11.75,6.25],"rotation":0,"texture":"#0","tintindex":0},"south":{"uv":[6.25,11.25,6.5,11.75],"rotation":0,"texture":"#0","tintindex":0},"north":{"uv":[5.25,11.25,5.5,11.75],"rotation":0,"texture":"#0","tintindex":0},"west":{"uv":[11.0,6.25,11.75,6.75],"rotation":0,"texture":"#0","tintindex":0},"up":{"uv":[7.75,3.0,7.5,2.25],"rotation":0,"texture":"#0","tintindex":0},"down":{"uv":[8.75,9.25,8.5,10.0],"rotation":0,"texture":"#0","tintindex":0}}},{"from":[5.714286,10.0,10.285714],"to":[6.285714,10.571428,11.428572],"rotation":{"angle":-22.5,"axis":"x","origin":[6.0,9.428572,8.714286]},"faces":{"east":{"uv":[10.0,5.75,10.5,6.0],"rotation":0,"texture":"#0","tintindex":0},"south":{"uv":[7.75,8.0,8.0,8.25],"rotation":0,"texture":"#0","tintindex":0},"north":{"uv":[3.0,6.0,3.25,6.25],"rotation":0,"texture":"#0","tintindex":0},"west":{"uv":[11.25,3.75,11.75,4.0],"rotation":0,"texture":"#0","tintindex":0},"up":{"uv":[6.75,11.75,6.5,11.25],"rotation":0,"texture":"#0","tintindex":0},"down":{"uv":[8.0,11.25,7.75,11.75],"rotation":0,"texture":"#0","tintindex":0}}},{"from":[9.714286,7.714286,8.571428],"to":[10.285714,8.857143,10.285714],"rotation":{"angle":0.0,"axis":"y","origin":[10.0,9.428572,8.714286]},"faces":{"east":{"uv":[11.75,6.25,11.0,6.75],"rotation":0,"texture":"#0","tintindex":0},"south":{"uv":[6.5,11.25,6.25,11.75],"rotation":0,"texture":"#0","tintindex":0},"north":{"uv":[5.5,11.25,5.25,11.75],"rotation":0,"texture":"#0","tintindex":0},"west":{"uv":[11.75,5.75,11.0,6.25],"rotation":0,"texture":"#0","tintindex":0},"up":{"uv":[7.5,3.0,7.75,2.25],"rotation":0,"texture":"#0","tintindex":0},"down":{"uv":[8.5,9.25,8.75,10.0],"rotation":0,"texture":"#0","tintindex":0}}},{"from":[9.714286,8.857143,8.571428],"to":[10.285714,10.0,11.428572],"rotation":{"angle":-22.5,"axis":"x","origin":[10.0,9.428572,8.714286]},"faces":{"east":{"uv":[11.25,8.75,10.0,9.25],"rotation":0,"texture":"#0","tintindex":0},"south":{"uv":[6.25,11.0,6.0,11.5],"rotation":0,"texture":"#0","tintindex":0},"north":{"uv":[10.5,4.0,10.25,4.5],"rotation":0,"texture":"#0","tintindex":0},"west":{"uv":[11.25,3.5,10.0,4.0],"rotation":0,"texture":"#0","tintindex":0},"up":{"uv":[2.0,10.75,2.25,9.5],"rotation":0,"texture":"#0","tintindex":0},"down":{"uv":[4.5,11.0,4.75,12.25],"rotation":0,"texture":"#0","tintindex":0}}},{"from":[9.714286,10.0,10.285714],"to":[10.285714,10.571428,11.428572],"rotation":{"angle":-22.5,"axis":"x","origin":[10.0,9.428572,8.714286]},"faces":{"east":{"uv":[11.75,3.75,11.25,4.0],"rotation":0,"texture":"#0","tintindex":0},"south":{"uv":[8.0,8.0,7.75,8.25],"rotation":0,"texture":"#0","tintindex":0},"north":{"uv":[3.25,6.0,3.0,6.25],"rotation":0,"texture":"#0","tintindex":0},"west":{"uv":[10.5,5.75,10.0,6.0],"rotation":0,"texture":"#0","tintindex":0},"up":{"uv":[6.5,11.75,6.75,11.25],"rotation":0,"texture":"#0","tintindex":0},"down":{"uv":[7.75,11.25,8.0,11.75],"rotation":0,"texture":"#0","tintindex":0}}},{"from":[6.857143,10.0,6.285714],"to":[9.142858,10.571428,8.0],"rotation":{"angle":0.0,"axis":"y","origin":[7.142857,-0.57142925,10.857143]},"faces":{"east":{"uv":[9.5,8.0,10.25,8.25],"rotation":0,"texture":"#0","tintindex":0},"south":{"uv":[10.25,0.75,11.25,1.0],"rotation":0,"texture":"#0","tintindex":0},"north":{"uv":[8.5,6.5,9.5,6.75],"rotation":0,"texture":"#0","tintindex":0},"west":{"uv":[11.25,1.75,12.0,2.0],"rotation":0,"texture":"#0","tintindex":0},"up":{"uv":[4.25,9.5,3.25,8.75],"rotation":0,"texture":"#0","tintindex":0},"down":{"uv":[5.75,8.75,4.75,9.5],"rotation":0,"texture":"#0","tintindex":0}}},{"from":[6.285714,7.142857,6.285714],"to":[9.714286,8.857143,8.0],"rotation":{"angle":0.0,"axis":"y","origin":[7.142857,-0.57142925,10.857143]},"faces":{"east":{"uv":[5.5,10.25,6.25,11.0],"rotation":0,"texture":"#0","tintindex":0},"south":{"uv":[6.25,8.0,7.75,8.75],"rotation":0,"texture":"#0","tintindex":0},"north":{"uv":[4.75,8.0,6.25,8.75],"rotation":0,"texture":"#0","tintindex":0},"west":{"uv":[10.25,7.0,11.0,7.75],"rotation":0,"texture":"#0","tintindex":0},"up":{"uv":[9.5,7.5,8.0,6.75],"rotation":0,"texture":"#0","tintindex":0},"down":{"uv":[9.5,7.5,8.0,8.25],"rotation":0,"texture":"#0","tintindex":0}}},{"from":[5.428571,8.571428,7.714286],"to":[10.571428,13.714286,7.714286],"rotation":{"angle":0.0,"axis":"y","origin":[7.142857,-0.57142925,10.857143]},"faces":{"east":{"uv":[0.0,0.0,0.0,2.25],"rotation":0,"texture":"#0","tintindex":0},"south":{"uv":[2.25,0.0,0.0,2.25],"rotation":0,"texture":"#0","tintindex":0},"north":{"uv":[0.0,0.0,2.25,2.25],"rotation":0,"texture":"#0","tintindex":0},"west":{"uv":[0.0,0.0,0.0,2.25],"rotation":0,"texture":"#0","tintindex":0},"up":{"uv":[2.25,0.0,0.0,0.0],"rotation":0,"texture":"#0","tintindex":0},"down":{"uv":[2.25,0.0,0.0,0.0],"rotation":0,"texture":"#0","tintindex":0}}},{"from":[7.142857,7.428571,3.4285712],"to":[8.857143,9.714286,5.714286],"rotation":{"angle":0.0,"axis":"y","origin":[7.142857,-0.57142925,10.857143]},"faces":{"east":{"uv":[5.75,8.75,6.75,9.75],"rotation":0,"texture":"#0","tintindex":0},"south":{"uv":[9.75,2.0,10.5,3.0],"rotation":0,"texture":"#0","tintindex":0},"north":{"uv":[9.5,7.0,10.25,8.0],"rotation":0,"texture":"#0","tintindex":0},"west":{"uv":[6.75,8.75,7.75,9.75],"rotation":0,"texture":"#0","tintindex":0},"up":{"uv":[4.0,10.75,3.25,9.75],"rotation":0,"texture":"#0","tintindex":0},"down":{"uv":[5.5,9.75,4.75,10.75],"rotation":0,"texture":"#0","tintindex":0}}}],"textures":{"0":"modelengine:entity/anubis_dark_pet"},"display":{"head":{"translation":[0.0,-6.4,0.0],"scale":[4.0,4.0,4.0]}}}