{"elements":[{"from":[6.0,6.857143,6.857143],"to":[8.285714,9.142858,9.714286],"rotation":{"angle":0.0,"axis":"y","origin":[5.428571,1.7142854,11.428572]},"faces":{"east":{"uv":[6.75,7.0,8.0,8.0],"rotation":0,"texture":"#0","tintindex":0},"south":{"uv":[8.75,2.0,9.75,3.0],"rotation":0,"texture":"#0","tintindex":0},"north":{"uv":[8.5,5.5,9.5,6.5],"rotation":0,"texture":"#0","tintindex":0},"west":{"uv":[7.25,0.0,8.5,1.0],"rotation":0,"texture":"#0","tintindex":0},"up":{"uv":[2.25,8.5,1.25,7.25],"rotation":0,"texture":"#0","tintindex":0},"down":{"uv":[3.25,7.5,2.25,8.75],"rotation":0,"texture":"#0","tintindex":0}}},{"from":[5.428571,8.0,8.0],"to":[7.142857,9.142858,8.571428],"rotation":{"angle":-22.5,"axis":"z","origin":[6.857143,8.571428,8.285714]},"faces":{"east":{"uv":[4.0,9.75,4.25,10.25],"rotation":0,"texture":"#0","tintindex":0},"south":{"uv":[2.0,10.75,2.75,11.25],"rotation":0,"texture":"#0","tintindex":0},"north":{"uv":[10.5,3.0,11.25,3.5],"rotation":0,"texture":"#0","tintindex":0},"west":{"uv":[1.0,10.0,1.25,10.5],"rotation":0,"texture":"#0","tintindex":0},"up":{"uv":[3.0,7.5,2.25,7.25],"rotation":0,"texture":"#0","tintindex":0},"down":{"uv":[8.75,2.0,8.0,2.25],"rotation":0,"texture":"#0","tintindex":0}}},{"from":[6.5714283,5.714286,7.428571],"to":[7.714286,6.857143,9.142858],"rotation":{"angle":0.0,"axis":"y","origin":[5.428571,1.7142854,11.428572]},"faces":{"east":{"uv":[2.75,10.75,3.5,11.25],"rotation":0,"texture":"#0","tintindex":0},"south":{"uv":[11.0,6.75,11.5,7.25],"rotation":0,"texture":"#0","tintindex":0},"north":{"uv":[6.75,11.0,7.25,11.5],"rotation":0,"texture":"#0","tintindex":0},"west":{"uv":[4.75,10.75,5.5,11.25],"rotation":0,"texture":"#0","tintindex":0},"up":{"uv":[0.5,11.5,0.0,10.75],"rotation":0,"texture":"#0","tintindex":0},"down":{"uv":[4.0,10.75,3.5,11.5],"rotation":0,"texture":"#0","tintindex":0}}}],"textures":{"0":"modelengine:entity/anubis_dark_pet"},"display":{"head":{"translation":[0.0,-6.4,0.0],"scale":[4.0,4.0,4.0]}}}