{"elements":[{"from":[6.857143,7.428571,3.7142854],"to":[8.0,8.571428,15.142858],"rotation":{"angle":0.0,"axis":"y","origin":[8.0,8.0,8.0]},"faces":{"east":{"uv":[7.25,0.0,2.25,0.5],"rotation":0,"texture":"#0","tintindex":0},"south":{"uv":[11.5,8.25,11.0,8.75],"rotation":0,"texture":"#0","tintindex":0},"north":{"uv":[11.5,7.75,11.0,8.25],"rotation":0,"texture":"#0","tintindex":0},"west":{"uv":[7.25,0.0,2.25,0.5],"rotation":0,"texture":"#0","tintindex":0},"up":{"uv":[2.25,6.0,2.75,1.0],"rotation":0,"texture":"#0","tintindex":0},"down":{"uv":[2.75,1.0,3.25,6.0],"rotation":0,"texture":"#0","tintindex":0}}},{"from":[6.857143,6.857143,-0.8571434],"to":[8.0,9.142858,3.7142854],"rotation":{"angle":0.0,"axis":"y","origin":[8.0,8.0,8.0]},"faces":{"east":{"uv":[4.75,1.0,6.75,2.0],"rotation":0,"texture":"#0","tintindex":0},"south":{"uv":[10.75,10.25,10.25,11.25],"rotation":0,"texture":"#0","tintindex":0},"north":{"uv":[10.25,10.25,9.75,11.25],"rotation":0,"texture":"#0","tintindex":0},"west":{"uv":[6.75,1.0,4.75,2.0],"rotation":0,"texture":"#0","tintindex":0},"up":{"uv":[2.25,10.75,2.75,8.75],"rotation":0,"texture":"#0","tintindex":0},"down":{"uv":[2.75,8.75,3.25,10.75],"rotation":0,"texture":"#0","tintindex":0}}},{"from":[6.857143,9.142858,-0.8571434],"to":[8.0,11.428572,0.28571415],"rotation":{"angle":0.0,"axis":"y","origin":[8.0,8.0,8.0]},"faces":{"east":{"uv":[2.0,10.5,1.5,11.5],"rotation":0,"texture":"#0","tintindex":0},"south":{"uv":[11.0,2.0,10.5,3.0],"rotation":0,"texture":"#0","tintindex":0},"north":{"uv":[1.5,10.5,1.0,11.5],"rotation":0,"texture":"#0","tintindex":0},"west":{"uv":[2.0,10.5,1.5,11.5],"rotation":0,"texture":"#0","tintindex":0},"up":{"uv":[11.0,9.75,11.5,9.25],"rotation":0,"texture":"#0","tintindex":0},"down":{"uv":[11.0,9.75,11.5,10.25],"rotation":0,"texture":"#0","tintindex":0}}},{"from":[7.142857,6.4282193,-1.8748283],"to":[7.714286,7.5710764,0.9823141],"rotation":{"angle":45.0,"axis":"x","origin":[7.5222216,9.434531,1.9598927]},"faces":{"east":{"uv":[5.5,9.75,6.75,10.25],"rotation":0,"texture":"#0","tintindex":0},"south":{"uv":[0.75,11.25,0.5,11.75],"rotation":0,"texture":"#0","tintindex":0},"north":{"uv":[11.0,11.0,10.75,11.5],"rotation":0,"texture":"#0","tintindex":0},"west":{"uv":[6.75,9.75,5.5,10.25],"rotation":0,"texture":"#0","tintindex":0},"up":{"uv":[6.75,11.0,7.0,9.75],"rotation":0,"texture":"#0","tintindex":0},"down":{"uv":[7.25,9.75,7.5,11.0],"rotation":0,"texture":"#0","tintindex":0}}},{"from":[7.142857,14.099781,-5.0539694],"to":[7.714286,15.242639,0.088887215],"rotation":{"angle":-45.0,"axis":"x","origin":[7.3301573,9.85891,2.958654]},"faces":{"east":{"uv":[7.75,3.5,10.0,4.0],"rotation":0,"texture":"#0","tintindex":0},"south":{"uv":[11.5,1.25,11.25,1.75],"rotation":0,"texture":"#0","tintindex":0},"north":{"uv":[11.5,0.75,11.25,1.25],"rotation":0,"texture":"#0","tintindex":0},"west":{"uv":[10.0,3.5,7.75,4.0],"rotation":0,"texture":"#0","tintindex":0},"up":{"uv":[4.25,10.25,4.5,8.0],"rotation":0,"texture":"#0","tintindex":0},"down":{"uv":[8.0,4.5,8.25,6.75],"rotation":0,"texture":"#0","tintindex":0}}},{"from":[7.142857,0.7811651,-3.8536463],"to":[7.714286,1.9240222,0.1463542],"rotation":{"angle":45.0,"axis":"x","origin":[7.3301573,6.2223606,2.958654]},"faces":{"east":{"uv":[8.75,3.0,10.5,3.5],"rotation":0,"texture":"#0","tintindex":0},"south":{"uv":[2.75,11.25,2.5,11.75],"rotation":0,"texture":"#0","tintindex":0},"north":{"uv":[2.25,11.25,2.0,11.75],"rotation":0,"texture":"#0","tintindex":0},"west":{"uv":[10.5,3.0,8.75,3.5],"rotation":0,"texture":"#0","tintindex":0},"up":{"uv":[8.75,10.5,9.0,8.75],"rotation":0,"texture":"#0","tintindex":0},"down":{"uv":[0.0,9.0,0.25,10.75],"rotation":0,"texture":"#0","tintindex":0}}},{"from":[7.142857,8.440825,-1.9035625],"to":[7.714286,9.583683,0.95358086],"rotation":{"angle":-45.0,"axis":"x","origin":[7.5222216,6.606104,1.9598927]},"faces":{"east":{"uv":[10.0,1.0,11.25,1.5],"rotation":0,"texture":"#0","tintindex":0},"south":{"uv":[3.25,11.25,3.0,11.75],"rotation":0,"texture":"#0","tintindex":0},"north":{"uv":[11.5,2.75,11.25,3.25],"rotation":0,"texture":"#0","tintindex":0},"west":{"uv":[11.25,1.0,10.0,1.5],"rotation":0,"texture":"#0","tintindex":0},"up":{"uv":[0.5,11.25,0.75,10.0],"rotation":0,"texture":"#0","tintindex":0},"down":{"uv":[10.0,4.5,10.25,5.75],"rotation":0,"texture":"#0","tintindex":0}}},{"from":[6.857143,4.5714283,-0.8571434],"to":[8.0,6.857143,0.28571415],"rotation":{"angle":0.0,"axis":"y","origin":[8.0,8.0,8.0]},"faces":{"east":{"uv":[11.0,7.75,10.5,8.75],"rotation":0,"texture":"#0","tintindex":0},"south":{"uv":[9.25,10.5,8.75,11.5],"rotation":0,"texture":"#0","tintindex":0},"north":{"uv":[11.0,5.0,10.5,6.0],"rotation":0,"texture":"#0","tintindex":0},"west":{"uv":[11.0,7.75,10.5,8.75],"rotation":0,"texture":"#0","tintindex":0},"up":{"uv":[11.25,3.75,11.75,3.25],"rotation":0,"texture":"#0","tintindex":0},"down":{"uv":[4.75,11.25,5.25,11.75],"rotation":0,"texture":"#0","tintindex":0}}}],"textures":{"0":"modelengine:entity/anubis_dark_pet"},"display":{"head":{"translation":[0.0,-6.4,0.0],"scale":[4.0,4.0,4.0]}}}