{"elements":[{"from":[6.0,8.571428,6.857143],"to":[10.0,10.857143,9.714286],"rotation":{"angle":0.0,"axis":"y","origin":[7.142857,3.4285712,11.428572]},"faces":{"east":{"uv":[6.5,3.0,7.75,4.0],"rotation":0,"texture":"#0","tintindex":0},"south":{"uv":[5.0,4.0,6.75,5.0],"rotation":0,"texture":"#0","tintindex":0},"north":{"uv":[4.75,3.0,6.5,4.0],"rotation":0,"texture":"#0","tintindex":0},"west":{"uv":[6.75,4.0,8.0,5.0],"rotation":0,"texture":"#0","tintindex":0},"up":{"uv":[5.0,5.25,3.25,4.0],"rotation":0,"texture":"#0","tintindex":0},"down":{"uv":[1.75,4.5,0.0,5.75],"rotation":0,"texture":"#0","tintindex":0}}},{"from":[6.5714283,7.14346,6.0047812],"to":[9.428572,9.429174,8.290496],"rotation":{"angle":22.5,"axis":"x","origin":[8.0,6.286317,7.1476383]},"faces":{"east":{"uv":[7.75,8.25,8.75,9.25],"rotation":0,"texture":"#0","tintindex":0},"south":{"uv":[6.75,6.0,8.0,7.0],"rotation":0,"texture":"#0","tintindex":0},"north":{"uv":[6.75,5.0,8.0,6.0],"rotation":0,"texture":"#0","tintindex":0},"west":{"uv":[8.5,0.0,9.5,1.0],"rotation":0,"texture":"#0","tintindex":0},"up":{"uv":[5.5,8.0,4.25,7.0],"rotation":0,"texture":"#0","tintindex":0},"down":{"uv":[6.75,7.0,5.5,8.0],"rotation":0,"texture":"#0","tintindex":0}}},{"from":[7.142857,5.2298517,6.4197903],"to":[8.857143,7.5155663,6.4197903],"rotation":{"angle":0.0,"axis":"y","origin":[8.0,4.372709,7.5626473]},"faces":{"east":{"uv":[0.0,0.0,0.0,1.0],"rotation":0,"texture":"#0","tintindex":0},"south":{"uv":[0.5,9.0,1.25,10.0],"rotation":0,"texture":"#0","tintindex":0},"north":{"uv":[0.5,9.0,1.25,10.0],"rotation":0,"texture":"#0","tintindex":0},"west":{"uv":[0.0,0.0,0.0,1.0],"rotation":0,"texture":"#0","tintindex":0},"up":{"uv":[0.75,0.0,0.0,0.0],"rotation":0,"texture":"#0","tintindex":0},"down":{"uv":[0.75,0.0,0.0,0.0],"rotation":0,"texture":"#0","tintindex":0}}},{"from":[6.5714283,8.108525,10.260448],"to":[9.428572,10.965668,10.260448],"rotation":{"angle":-22.5,"axis":"x","origin":[8.0,9.537096,10.260448]},"faces":{"east":{"uv":[0.0,0.0,0.0,1.25],"rotation":0,"texture":"#0","tintindex":0},"south":{"uv":[3.0,6.25,4.25,7.5],"rotation":0,"texture":"#0","tintindex":0},"north":{"uv":[3.0,6.25,4.25,7.5],"rotation":0,"texture":"#0","tintindex":0},"west":{"uv":[0.0,0.0,0.0,1.25],"rotation":0,"texture":"#0","tintindex":0},"up":{"uv":[1.25,0.0,0.0,0.0],"rotation":0,"texture":"#0","tintindex":0},"down":{"uv":[1.25,0.0,0.0,0.0],"rotation":0,"texture":"#0","tintindex":0}}},{"from":[6.0,10.857143,7.428571],"to":[10.0,13.142858,9.714286],"rotation":{"angle":0.0,"axis":"y","origin":[7.142857,3.4285712,11.428572]},"faces":{"east":{"uv":[1.25,8.5,2.25,9.5],"rotation":0,"texture":"#0","tintindex":0},"south":{"uv":[3.25,5.25,5.0,6.25],"rotation":0,"texture":"#0","tintindex":0},"north":{"uv":[5.0,5.0,6.75,6.0],"rotation":0,"texture":"#0","tintindex":0},"west":{"uv":[8.5,4.5,9.5,5.5],"rotation":0,"texture":"#0","tintindex":0},"up":{"uv":[1.75,6.75,0.0,5.75],"rotation":0,"texture":"#0","tintindex":0},"down":{"uv":[6.75,6.0,5.0,7.0],"rotation":0,"texture":"#0","tintindex":0}}}],"textures":{"0":"modelengine:entity/anubis_dark_pet"},"display":{"head":{"translation":[0.0,-6.4,0.0],"scale":[4.0,4.0,4.0]}}}