{"elements":[{"from":[6.042857,8.114285,5.714286],"to":[10.0,12.285715,10.1],"rotation":{"angle":0.0,"axis":"y","origin":[8.0,7.714286,8.0]},"faces":{"east":{"uv":[2.629,1.129,3.621,2.121],"rotation":0,"texture":"#1","tintindex":0},"south":{"uv":[2.629,2.254,3.621,3.246],"rotation":0,"texture":"#1","tintindex":0},"north":{"uv":[8.029,0.0,16.0,8.0],"rotation":0,"texture":"#1","tintindex":0},"west":{"uv":[2.629,3.379,3.621,4.371],"rotation":0,"texture":"#1","tintindex":0},"up":{"uv":[0.996,4.496,0.004,3.504],"rotation":0,"texture":"#1","tintindex":0},"down":{"uv":[2.121,3.504,1.129,4.496],"rotation":0,"texture":"#1","tintindex":0}}},{"from":[7.8,17.714287,5.714286],"to":[8.228572,18.285715,8.0],"rotation":{"angle":0.0,"axis":"y","origin":[8.0,-6.8571434,8.0]},"faces":{"east":{"uv":[0.0,1.0,4.0,0.0],"rotation":180,"texture":"#2","tintindex":0},"south":{"uv":[3.0,0.0,4.0,1.0],"rotation":0,"texture":"#2","tintindex":0},"north":{"uv":[0.0,0.0,1.0,1.0],"rotation":0,"texture":"#2","tintindex":0},"west":{"uv":[0.0,0.0,4.0,1.0],"rotation":0,"texture":"#2","tintindex":0},"up":{"uv":[4.0,0.0,0.0,1.0],"rotation":270,"texture":"#2","tintindex":0},"down":{"uv":[0.0,0.0,4.0,1.0],"rotation":270,"texture":"#2","tintindex":0}}},{"from":[7.8,14.285715,8.571428],"to":[8.228572,18.285715,10.285714],"rotation":{"angle":0.0,"axis":"y","origin":[8.0,-6.8571434,8.0]},"faces":{"east":{"uv":[5.0,7.0,8.0,0.0],"rotation":180,"texture":"#2","tintindex":0},"south":{"uv":[7.0,0.0,8.0,7.0],"rotation":0,"texture":"#2","tintindex":0},"north":{"uv":[5.0,0.0,6.0,7.0],"rotation":0,"texture":"#2","tintindex":0},"west":{"uv":[5.0,0.0,8.0,7.0],"rotation":0,"texture":"#2","tintindex":0},"up":{"uv":[8.0,0.0,5.0,1.0],"rotation":270,"texture":"#2","tintindex":0},"down":{"uv":[5.0,6.0,8.0,7.0],"rotation":270,"texture":"#2","tintindex":0}}},{"from":[7.8,15.428572,6.285714],"to":[8.228572,17.714287,8.571428],"rotation":{"angle":0.0,"axis":"y","origin":[8.014286,16.57143,7.428571]},"faces":{"east":{"uv":[1.0,5.0,5.0,1.0],"rotation":180,"texture":"#2","tintindex":0},"south":{"uv":[4.0,1.0,5.0,5.0],"rotation":0,"texture":"#2","tintindex":0},"north":{"uv":[1.0,1.0,2.0,5.0],"rotation":0,"texture":"#2","tintindex":0},"west":{"uv":[1.0,1.0,5.0,5.0],"rotation":0,"texture":"#2","tintindex":0},"up":{"uv":[5.0,1.0,1.0,2.0],"rotation":270,"texture":"#2","tintindex":0},"down":{"uv":[1.0,4.0,5.0,5.0],"rotation":270,"texture":"#2","tintindex":0}}},{"from":[7.8,10.857143,10.857143],"to":[8.228572,17.714287,11.428572],"rotation":{"angle":0.0,"axis":"y","origin":[8.0,-6.8571434,8.0]},"faces":{"east":{"uv":[9.0,13.0,10.0,1.0],"rotation":180,"texture":"#2","tintindex":0},"south":{"uv":[9.0,1.0,10.0,13.0],"rotation":0,"texture":"#2","tintindex":0},"north":{"uv":[9.0,1.0,10.0,13.0],"rotation":0,"texture":"#2","tintindex":0},"west":{"uv":[9.0,1.0,10.0,13.0],"rotation":0,"texture":"#2","tintindex":0},"up":{"uv":[10.0,1.0,9.0,2.0],"rotation":270,"texture":"#2","tintindex":0},"down":{"uv":[9.0,12.0,10.0,13.0],"rotation":270,"texture":"#2","tintindex":0}}},{"from":[7.8,13.714286,10.285714],"to":[8.228572,17.142857,10.857143],"rotation":{"angle":0.0,"axis":"y","origin":[8.0,-6.8571434,8.0]},"faces":{"east":{"uv":[8.0,8.0,9.0,2.0],"rotation":180,"texture":"#2","tintindex":0},"south":{"uv":[8.0,2.0,9.0,8.0],"rotation":0,"texture":"#2","tintindex":0},"north":{"uv":[8.0,2.0,9.0,8.0],"rotation":0,"texture":"#2","tintindex":0},"west":{"uv":[8.0,2.0,9.0,8.0],"rotation":0,"texture":"#2","tintindex":0},"up":{"uv":[9.0,2.0,8.0,3.0],"rotation":270,"texture":"#2","tintindex":0},"down":{"uv":[8.0,7.0,9.0,8.0],"rotation":270,"texture":"#2","tintindex":0}}},{"from":[7.8,10.857143,12.0],"to":[8.228572,17.142857,12.571428],"rotation":{"angle":0.0,"axis":"y","origin":[8.0,-6.8571434,8.0]},"faces":{"east":{"uv":[11.0,13.0,12.0,2.0],"rotation":180,"texture":"#2","tintindex":0},"south":{"uv":[11.0,2.0,12.0,13.0],"rotation":0,"texture":"#2","tintindex":0},"north":{"uv":[11.0,2.0,12.0,13.0],"rotation":0,"texture":"#2","tintindex":0},"west":{"uv":[11.0,2.0,12.0,13.0],"rotation":0,"texture":"#2","tintindex":0},"up":{"uv":[12.0,2.0,11.0,3.0],"rotation":270,"texture":"#2","tintindex":0},"down":{"uv":[11.0,12.0,12.0,13.0],"rotation":270,"texture":"#2","tintindex":0}}},{"from":[7.8,10.857143,11.428572],"to":[8.228572,16.57143,12.0],"rotation":{"angle":0.0,"axis":"y","origin":[8.0,-6.8571434,8.0]},"faces":{"east":{"uv":[10.0,13.0,11.0,3.0],"rotation":180,"texture":"#2","tintindex":0},"south":{"uv":[10.0,3.0,11.0,13.0],"rotation":0,"texture":"#2","tintindex":0},"north":{"uv":[10.0,3.0,11.0,13.0],"rotation":0,"texture":"#2","tintindex":0},"west":{"uv":[10.0,3.0,11.0,13.0],"rotation":0,"texture":"#2","tintindex":0},"up":{"uv":[11.0,3.0,10.0,4.0],"rotation":270,"texture":"#2","tintindex":0},"down":{"uv":[10.0,12.0,11.0,13.0],"rotation":270,"texture":"#2","tintindex":0}}},{"from":[7.8,10.857143,12.571428],"to":[8.228572,16.57143,13.142858],"rotation":{"angle":0.0,"axis":"y","origin":[8.0,-6.8571434,8.0]},"faces":{"east":{"uv":[12.0,13.0,13.0,3.0],"rotation":180,"texture":"#2","tintindex":0},"south":{"uv":[12.0,3.0,13.0,13.0],"rotation":0,"texture":"#2","tintindex":0},"north":{"uv":[12.0,3.0,13.0,13.0],"rotation":0,"texture":"#2","tintindex":0},"west":{"uv":[12.0,3.0,13.0,13.0],"rotation":0,"texture":"#2","tintindex":0},"up":{"uv":[13.0,3.0,12.0,4.0],"rotation":270,"texture":"#2","tintindex":0},"down":{"uv":[12.0,12.0,13.0,13.0],"rotation":270,"texture":"#2","tintindex":0}}},{"from":[7.8,14.285715,6.857143],"to":[8.228572,15.428572,8.571428],"rotation":{"angle":0.0,"axis":"y","origin":[8.0,-6.8571434,8.0]},"faces":{"east":{"uv":[2.0,7.0,5.0,5.0],"rotation":180,"texture":"#2","tintindex":0},"south":{"uv":[4.0,5.0,5.0,7.0],"rotation":0,"texture":"#2","tintindex":0},"north":{"uv":[2.0,5.0,3.0,7.0],"rotation":0,"texture":"#2","tintindex":0},"west":{"uv":[2.0,5.0,5.0,7.0],"rotation":0,"texture":"#2","tintindex":0},"up":{"uv":[5.0,5.0,2.0,6.0],"rotation":270,"texture":"#2","tintindex":0},"down":{"uv":[2.0,6.0,5.0,7.0],"rotation":270,"texture":"#2","tintindex":0}}},{"from":[7.8,12.0,13.142858],"to":[8.228572,15.428572,13.714286],"rotation":{"angle":0.0,"axis":"y","origin":[8.0,-6.8571434,8.0]},"faces":{"east":{"uv":[13.0,11.0,14.0,5.0],"rotation":180,"texture":"#2","tintindex":0},"south":{"uv":[13.0,5.0,14.0,11.0],"rotation":0,"texture":"#2","tintindex":0},"north":{"uv":[13.0,5.0,14.0,11.0],"rotation":0,"texture":"#2","tintindex":0},"west":{"uv":[13.0,5.0,14.0,11.0],"rotation":0,"texture":"#2","tintindex":0},"up":{"uv":[14.0,5.0,13.0,6.0],"rotation":270,"texture":"#2","tintindex":0},"down":{"uv":[13.0,10.0,14.0,11.0],"rotation":270,"texture":"#2","tintindex":0}}},{"from":[7.8,13.714286,9.714286],"to":[8.228572,14.285715,10.285714],"rotation":{"angle":0.0,"axis":"y","origin":[8.0,-6.8571434,8.0]},"faces":{"east":{"uv":[7.0,8.0,8.0,7.0],"rotation":180,"texture":"#2","tintindex":0},"south":{"uv":[7.0,7.0,8.0,8.0],"rotation":0,"texture":"#2","tintindex":0},"north":{"uv":[7.0,7.0,8.0,8.0],"rotation":0,"texture":"#2","tintindex":0},"west":{"uv":[7.0,7.0,8.0,8.0],"rotation":0,"texture":"#2","tintindex":0},"up":{"uv":[8.0,7.0,7.0,8.0],"rotation":270,"texture":"#2","tintindex":0},"down":{"uv":[7.0,7.0,8.0,8.0],"rotation":270,"texture":"#2","tintindex":0}}},{"from":[5.40776,11.935466,5.513692],"to":[10.655761,12.575466,5.8336916],"rotation":{"angle":0.0,"axis":"y","origin":[0.3914399,12.489706,1.7941394]},"faces":{"east":{"uv":[4.879,0.879,4.996,0.996],"rotation":0,"texture":"#0","tintindex":0},"south":{"uv":[8.629,3.754,9.746,3.871],"rotation":0,"texture":"#0","tintindex":0},"north":{"uv":[8.5,4.5,9.5,4.625],"rotation":0,"texture":"#0","tintindex":0},"west":{"uv":[8.004,8.254,8.121,8.371],"rotation":0,"texture":"#0","tintindex":0},"up":{"uv":[9.871,5.246,8.754,5.129],"rotation":0,"texture":"#0","tintindex":0},"down":{"uv":[0.0,0.0,8.2,0.5],"rotation":0,"texture":"#missing","tintindex":0}}},{"from":[6.11176,12.575466,5.513692],"to":[9.95176,13.215466,6.7936916],"rotation":{"angle":0.0,"axis":"y","origin":[0.3914399,12.489706,1.7941394]},"faces":{"east":{"uv":[6.129,1.504,6.371,1.621],"rotation":0,"texture":"#0","tintindex":0},"south":{"uv":[9.379,6.004,10.246,6.121],"rotation":0,"texture":"#0","tintindex":0},"north":{"uv":[9.379,5.754,10.246,5.871],"rotation":0,"texture":"#0","tintindex":0},"west":{"uv":[6.504,2.879,6.746,2.996],"rotation":0,"texture":"#0","tintindex":0},"up":{"uv":[8.996,2.746,8.129,2.504],"rotation":0,"texture":"#0","tintindex":0},"down":{"uv":[0.0,0.0,6.0,2.0],"rotation":0,"texture":"#missing","tintindex":0}}},{"from":[6.7517605,13.215466,5.513692],"to":[9.311761,13.855466,6.7936916],"rotation":{"angle":0.0,"axis":"y","origin":[0.3914399,12.489706,1.7941394]},"faces":{"east":{"uv":[7.754,2.504,7.996,2.621],"rotation":0,"texture":"#0","tintindex":0},"south":{"uv":[11.004,9.004,11.496,9.121],"rotation":0,"texture":"#0","tintindex":0},"north":{"uv":[11.004,8.754,11.496,8.871],"rotation":0,"texture":"#0","tintindex":0},"west":{"uv":[7.004,10.629,7.246,10.746],"rotation":0,"texture":"#0","tintindex":0},"up":{"uv":[9.371,2.371,8.879,2.129],"rotation":0,"texture":"#0","tintindex":0},"down":{"uv":[0.0,0.0,4.0,2.0],"rotation":0,"texture":"#missing","tintindex":0}}},{"from":[9.95176,10.015466,5.513692],"to":[10.655761,11.935466,5.8336916],"rotation":{"angle":0.0,"axis":"y","origin":[5.77658,10.951095,1.7941394]},"faces":{"east":{"uv":[4.379,7.629,4.496,7.996],"rotation":0,"texture":"#0","tintindex":0},"south":{"uv":[5.629,8.129,5.746,8.496],"rotation":0,"texture":"#0","tintindex":0},"north":{"uv":[3.754,7.129,3.871,7.496],"rotation":0,"texture":"#0","tintindex":0},"west":{"uv":[0.0,0.0,0.5,3.0],"rotation":0,"texture":"#missing","tintindex":0},"up":{"uv":[0.0,0.0,1.1,0.5],"rotation":0,"texture":"#missing","tintindex":0},"down":{"uv":[10.621,1.879,10.504,1.996],"rotation":0,"texture":"#0","tintindex":0}}},{"from":[5.40776,10.015466,5.513692],"to":[6.11176,11.935466,5.8336916],"rotation":{"angle":0.0,"axis":"y","origin":[-10.19306,10.951095,1.7941394]},"faces":{"east":{"uv":[0.0,0.0,0.5,3.0],"rotation":0,"texture":"#missing","tintindex":0},"south":{"uv":[0.379,11.879,0.496,12.246],"rotation":0,"texture":"#0","tintindex":0},"north":{"uv":[9.754,11.754,9.871,12.121],"rotation":0,"texture":"#0","tintindex":0},"west":{"uv":[1.004,11.879,1.121,12.246],"rotation":0,"texture":"#0","tintindex":0},"up":{"uv":[0.0,0.0,1.1,0.5],"rotation":0,"texture":"#missing","tintindex":0},"down":{"uv":[1.496,12.629,1.379,12.746],"rotation":0,"texture":"#0","tintindex":0}}},{"from":[6.11176,11.295465,5.8336854],"to":[9.95176,12.575466,6.6029973],"rotation":{"angle":0.0,"axis":"y","origin":[3.4686627,10.951095,1.7941394]},"faces":{"east":{"uv":[0.0,0.0,1.20205,2.0],"rotation":0,"texture":"#missing","tintindex":0},"south":{"uv":[0.0,0.0,6.0,2.0],"rotation":0,"texture":"#missing","tintindex":0},"north":{"uv":[8.129,2.879,8.996,3.121],"rotation":0,"texture":"#0","tintindex":0},"west":{"uv":[0.0,0.0,1.20205,2.0],"rotation":0,"texture":"#missing","tintindex":0},"up":{"uv":[0.0,0.0,6.0,1.20205],"rotation":0,"texture":"#missing","tintindex":0},"down":{"uv":[0.0,0.0,6.0,1.20205],"rotation":0,"texture":"#missing","tintindex":0}}},{"from":[6.11176,12.575466,6.7936854],"to":[9.95176,13.215466,9.673685],"rotation":{"angle":0.0,"axis":"y","origin":[0.3914399,12.489706,1.7941394]},"faces":{"east":{"uv":[5.504,5.254,6.121,5.371],"rotation":0,"texture":"#0","tintindex":0},"south":{"uv":[9.379,6.504,10.246,6.621],"rotation":0,"texture":"#0","tintindex":0},"north":{"uv":[9.379,6.254,10.246,6.371],"rotation":0,"texture":"#0","tintindex":0},"west":{"uv":[9.254,10.879,9.871,10.996],"rotation":0,"texture":"#0","tintindex":0},"up":{"uv":[4.996,6.121,4.129,5.504],"rotation":0,"texture":"#0","tintindex":0},"down":{"uv":[0.0,0.0,6.0,4.5],"rotation":0,"texture":"#missing","tintindex":0}}},{"from":[7.3917603,13.055466,9.673685],"to":[8.671761,13.215466,10.313685],"rotation":{"angle":0.0,"axis":"y","origin":[0.3914399,12.489706,1.7941394]},"faces":{"east":{"uv":[12.629,1.379,12.746,1.496],"rotation":0,"texture":"#0","tintindex":0},"south":{"uv":[12.129,7.504,12.371,7.621],"rotation":0,"texture":"#0","tintindex":0},"north":{"uv":[12.129,7.254,12.371,7.371],"rotation":0,"texture":"#0","tintindex":0},"west":{"uv":[1.629,12.629,1.746,12.746],"rotation":0,"texture":"#0","tintindex":0},"up":{"uv":[12.371,7.871,12.129,7.754],"rotation":0,"texture":"#0","tintindex":0},"down":{"uv":[0.0,0.0,2.0,1.0],"rotation":0,"texture":"#missing","tintindex":0}}},{"from":[5.7917604,12.575466,5.8336854],"to":[10.271761,13.055466,10.313685],"rotation":{"angle":0.0,"axis":"y","origin":[0.3914399,12.489706,1.7941394]},"faces":{"east":{"uv":[8.879,6.879,9.871,6.996],"rotation":0,"texture":"#0","tintindex":0},"south":{"uv":[9.004,4.754,9.996,4.871],"rotation":0,"texture":"#0","tintindex":0},"north":{"uv":[8.754,8.254,9.746,8.371],"rotation":0,"texture":"#0","tintindex":0},"west":{"uv":[9.004,8.504,9.996,8.621],"rotation":0,"texture":"#0","tintindex":0},"up":{"uv":[4.746,0.996,3.754,0.004],"rotation":0,"texture":"#0","tintindex":0},"down":{"uv":[0.0,0.0,7.0,7.0],"rotation":0,"texture":"#missing","tintindex":0}}},{"from":[6.11176,12.575466,10.313685],"to":[9.95176,12.895466,10.633686],"rotation":{"angle":0.0,"axis":"y","origin":[0.3914399,12.489706,1.7941394]},"faces":{"east":{"uv":[12.629,1.629,12.746,1.746],"rotation":0,"texture":"#0","tintindex":0},"south":{"uv":[9.504,0.379,10.371,0.496],"rotation":0,"texture":"#0","tintindex":0},"north":{"uv":[0.004,9.504,0.871,9.621],"rotation":0,"texture":"#0","tintindex":0},"west":{"uv":[1.879,12.629,1.996,12.746],"rotation":0,"texture":"#0","tintindex":0},"up":{"uv":[10.371,0.746,9.504,0.629],"rotation":0,"texture":"#0","tintindex":0},"down":{"uv":[0.0,0.0,6.0,0.5],"rotation":0,"texture":"#missing","tintindex":0}}},{"from":[9.95176,9.375465,5.8336854],"to":[10.591761,12.575466,10.313685],"rotation":{"angle":0.0,"axis":"y","origin":[5.77658,10.951095,1.7941394]},"faces":{"east":{"uv":[1.004,4.629,1.996,5.371],"rotation":0,"texture":"#0","tintindex":0},"south":{"uv":[1.25,10.0,1.367,10.742],"rotation":0,"texture":"#0","tintindex":0},"north":{"uv":[5.879,0.004,5.996,0.746],"rotation":0,"texture":"#0","tintindex":0},"west":{"uv":[0.0,0.0,7.0,5.0],"rotation":0,"texture":"#missing","tintindex":0},"up":{"uv":[4.121,9.746,4.004,8.754],"rotation":0,"texture":"#0","tintindex":0},"down":{"uv":[3.121,9.004,3.004,9.996],"rotation":0,"texture":"#0","tintindex":0}}},{"from":[5.8510947,9.375465,10.24502],"to":[10.331095,12.575466,10.88502],"rotation":{"angle":0.0,"axis":"y","origin":[-2.90936,10.951095,9.077839]},"faces":{"east":{"uv":[1.254,10.004,1.371,10.746],"rotation":0,"texture":"#0","tintindex":0},"south":{"uv":[3.254,4.629,4.246,5.371],"rotation":0,"texture":"#0","tintindex":0},"north":{"uv":[0.0,0.0,7.0,5.0],"rotation":0,"texture":"#missing","tintindex":0},"west":{"uv":[1.504,10.004,1.621,10.746],"rotation":0,"texture":"#0","tintindex":0},"up":{"uv":[9.996,8.871,9.004,8.754],"rotation":0,"texture":"#0","tintindex":0},"down":{"uv":[9.996,9.004,9.004,9.121],"rotation":0,"texture":"#0","tintindex":0}}},{"from":[6.3470945,8.735465,9.76502],"to":[9.867095,9.375465,10.40502],"rotation":{"angle":0.0,"axis":"y","origin":[-2.90936,10.951095,9.077839]},"faces":{"east":{"uv":[12.629,1.879,12.746,1.996],"rotation":0,"texture":"#0","tintindex":0},"south":{"uv":[9.879,3.129,10.621,3.246],"rotation":0,"texture":"#0","tintindex":0},"north":{"uv":[0.0,0.0,5.5,1.0],"rotation":0,"texture":"#missing","tintindex":0},"west":{"uv":[2.629,12.629,2.746,12.746],"rotation":0,"texture":"#0","tintindex":0},"up":{"uv":[10.621,3.871,9.879,3.754],"rotation":0,"texture":"#0","tintindex":0},"down":{"uv":[10.621,5.379,9.879,5.496],"rotation":0,"texture":"#0","tintindex":0}}},{"from":[5.775666,8.164037,9.76502],"to":[10.3470955,8.735465,10.40502],"rotation":{"angle":0.0,"axis":"y","origin":[-2.90936,10.951095,9.077839]},"faces":{"east":{"uv":[12.629,1.879,12.746,1.996],"rotation":0,"texture":"#0","tintindex":0},"south":{"uv":[9.0,4.75,10.0,4.875],"rotation":0,"texture":"#0","tintindex":0},"north":{"uv":[0.0,0.0,5.5,1.0],"rotation":0,"texture":"#missing","tintindex":0},"west":{"uv":[2.629,12.629,2.746,12.746],"rotation":0,"texture":"#0","tintindex":0},"up":{"uv":[10.621,3.871,9.879,3.754],"rotation":0,"texture":"#0","tintindex":0},"down":{"uv":[10.621,5.379,9.879,5.496],"rotation":0,"texture":"#0","tintindex":0}}},{"from":[5.775666,7.992608,9.479305],"to":[10.3470955,8.164037,10.119306],"rotation":{"angle":0.0,"axis":"y","origin":[-2.90936,10.951095,9.077839]},"faces":{"east":{"uv":[12.629,1.879,12.746,1.996],"rotation":0,"texture":"#0","tintindex":0},"south":{"uv":[9.0,4.75,10.0,4.875],"rotation":0,"texture":"#0","tintindex":0},"north":{"uv":[0.0,0.0,5.5,1.0],"rotation":0,"texture":"#missing","tintindex":0},"west":{"uv":[2.629,12.629,2.746,12.746],"rotation":0,"texture":"#0","tintindex":0},"up":{"uv":[10.621,3.871,9.879,3.754],"rotation":0,"texture":"#0","tintindex":0},"down":{"uv":[10.621,5.379,9.879,5.496],"rotation":0,"texture":"#0","tintindex":0}}},{"from":[6.3470945,7.4554653,8.80502],"to":[9.867095,8.095466,9.60502],"rotation":{"angle":0.0,"axis":"y","origin":[-2.90936,10.951095,9.077839]},"faces":{"east":{"uv":[12.629,3.629,12.746,3.746],"rotation":0,"texture":"#0","tintindex":0},"south":{"uv":[10.004,1.379,10.746,1.496],"rotation":0,"texture":"#0","tintindex":0},"north":{"uv":[0.0,0.0,5.5,1.0],"rotation":0,"texture":"#missing","tintindex":0},"west":{"uv":[4.129,12.629,4.246,12.746],"rotation":0,"texture":"#0","tintindex":0},"up":{"uv":[10.746,1.746,10.004,1.629],"rotation":0,"texture":"#0","tintindex":0},"down":{"uv":[2.496,10.004,1.754,10.121],"rotation":0,"texture":"#0","tintindex":0}}},{"from":[5.4717603,9.375465,5.8336854],"to":[6.11176,12.575466,10.313685],"rotation":{"angle":0.0,"axis":"y","origin":[-10.19306,10.951095,1.7941394]},"faces":{"east":{"uv":[0.0,0.0,7.0,5.0],"rotation":0,"texture":"#missing","tintindex":0},"south":{"uv":[4.129,10.004,4.246,10.746],"rotation":0,"texture":"#0","tintindex":0},"north":{"uv":[2.629,10.004,2.746,10.746],"rotation":0,"texture":"#0","tintindex":0},"west":{"uv":[4.379,4.629,5.371,5.371],"rotation":0,"texture":"#0","tintindex":0},"up":{"uv":[8.121,9.996,8.004,9.004],"rotation":0,"texture":"#0","tintindex":0},"down":{"uv":[8.371,9.004,8.254,9.996],"rotation":0,"texture":"#0","tintindex":0}}},{"from":[5.9997606,8.591465,5.9936852],"to":[10.04776,12.575466,6.4896855],"rotation":{"angle":0.0,"axis":"y","origin":[-10.19306,10.951095,1.7941394]},"faces":{"east":{"uv":[7.504,9.379,7.621,10.246],"rotation":0,"texture":"#0","tintindex":0},"south":{"uv":[3.754,3.629,4.621,4.496],"rotation":0,"texture":"#0","tintindex":0},"north":{"uv":[3.754,2.629,4.621,3.496],"rotation":0,"texture":"#0","tintindex":0},"west":{"uv":[7.754,9.379,7.871,10.246],"rotation":0,"texture":"#0","tintindex":0},"up":{"uv":[10.371,0.996,9.504,0.879],"rotation":0,"texture":"#0","tintindex":0},"down":{"uv":[1.871,9.504,1.004,9.621],"rotation":0,"texture":"#0","tintindex":0}}},{"from":[5.9997606,8.591465,6.4096856],"to":[10.04776,12.575466,9.689686],"rotation":{"angle":0.0,"axis":"y","origin":[-10.19306,10.951095,1.7941394]},"faces":{"east":{"uv":[4.754,2.629,5.496,3.496],"rotation":0,"texture":"#0","tintindex":0},"south":{"uv":[0.004,4.629,0.871,5.496],"rotation":0,"texture":"#0","tintindex":0},"north":{"uv":[2.254,4.504,3.121,5.371],"rotation":0,"texture":"#0","tintindex":0},"west":{"uv":[4.754,3.629,5.496,4.496],"rotation":0,"texture":"#0","tintindex":0},"up":{"uv":[5.746,0.746,4.879,0.004],"rotation":0,"texture":"#0","tintindex":0},"down":{"uv":[5.996,0.879,5.129,1.621],"rotation":0,"texture":"#0","tintindex":0}}},{"from":[5.4717603,8.095466,5.8336854],"to":[6.183189,9.375465,7.7536855],"rotation":{"angle":0.0,"axis":"y","origin":[-10.19306,10.951095,1.7941394]},"faces":{"east":{"uv":[0.0,0.0,3.0,2.0],"rotation":0,"texture":"#missing","tintindex":0},"south":{"uv":[9.129,12.129,9.246,12.371],"rotation":0,"texture":"#0","tintindex":0},"north":{"uv":[8.879,12.129,8.996,12.371],"rotation":0,"texture":"#0","tintindex":0},"west":{"uv":[6.754,0.629,7.121,0.871],"rotation":0,"texture":"#0","tintindex":0},"up":{"uv":[1.371,12.246,1.254,11.879],"rotation":0,"texture":"#0","tintindex":0},"down":{"uv":[1.871,11.879,1.754,12.246],"rotation":0,"texture":"#0","tintindex":0}}},{"from":[9.95176,8.095466,5.8336854],"to":[10.591761,9.375465,7.7536855],"rotation":{"angle":0.0,"axis":"y","origin":[26.25658,10.951095,1.7941394]},"faces":{"east":{"uv":[6.879,3.504,7.246,3.746],"rotation":0,"texture":"#0","tintindex":0},"south":{"uv":[12.129,10.379,12.246,10.621],"rotation":0,"texture":"#0","tintindex":0},"north":{"uv":[12.129,10.004,12.246,10.246],"rotation":0,"texture":"#0","tintindex":0},"west":{"uv":[0.0,0.0,3.0,2.0],"rotation":0,"texture":"#missing","tintindex":0},"up":{"uv":[2.121,12.246,2.004,11.879],"rotation":0,"texture":"#0","tintindex":0},"down":{"uv":[2.996,11.879,2.879,12.246],"rotation":0,"texture":"#0","tintindex":0}}},{"from":[5.4717603,8.735465,7.7536855],"to":[6.11176,9.375465,9.033686],"rotation":{"angle":0.0,"axis":"y","origin":[-10.19306,10.951095,1.7941394]},"faces":{"east":{"uv":[0.0,0.0,2.0,1.0],"rotation":0,"texture":"#missing","tintindex":0},"south":{"uv":[12.629,4.504,12.746,4.621],"rotation":0,"texture":"#0","tintindex":0},"north":{"uv":[12.629,4.254,12.746,4.371],"rotation":0,"texture":"#0","tintindex":0},"west":{"uv":[12.129,10.754,12.371,10.871],"rotation":0,"texture":"#0","tintindex":0},"up":{"uv":[12.246,11.246,12.129,11.004],"rotation":0,"texture":"#0","tintindex":0},"down":{"uv":[12.246,11.379,12.129,11.621],"rotation":0,"texture":"#0","tintindex":0}}},{"from":[9.95176,8.735465,7.7536855],"to":[10.591761,9.375465,9.033686],"rotation":{"angle":0.0,"axis":"y","origin":[26.25658,10.951095,1.7941394]},"faces":{"east":{"uv":[11.504,12.129,11.746,12.246],"rotation":0,"texture":"#0","tintindex":0},"south":{"uv":[12.629,5.004,12.746,5.121],"rotation":0,"texture":"#0","tintindex":0},"north":{"uv":[12.629,4.754,12.746,4.871],"rotation":0,"texture":"#0","tintindex":0},"west":{"uv":[0.0,0.0,2.0,1.0],"rotation":0,"texture":"#missing","tintindex":0},"up":{"uv":[12.246,11.996,12.129,11.754],"rotation":0,"texture":"#0","tintindex":0},"down":{"uv":[11.996,12.129,11.879,12.371],"rotation":0,"texture":"#0","tintindex":0}}},{"from":[9.79176,8.735465,6.3136854],"to":[10.431761,9.375465,10.296543],"rotation":{"angle":0.0,"axis":"y","origin":[26.25658,10.951095,1.7941394]},"faces":{"east":{"uv":[2.004,9.504,2.871,9.621],"rotation":0,"texture":"#0","tintindex":0},"south":{"uv":[12.629,5.504,12.746,5.621],"rotation":0,"texture":"#0","tintindex":0},"north":{"uv":[12.629,5.254,12.746,5.371],"rotation":0,"texture":"#0","tintindex":0},"west":{"uv":[0.0,0.0,6.0,1.0],"rotation":0,"texture":"#missing","tintindex":0},"up":{"uv":[9.621,2.996,9.504,2.129],"rotation":0,"texture":"#0","tintindex":0},"down":{"uv":[3.746,9.504,3.629,10.371],"rotation":0,"texture":"#0","tintindex":0}}},{"from":[5.7117605,8.735465,6.1708283],"to":[6.3517604,9.375465,10.296543],"rotation":{"angle":0.0,"axis":"y","origin":[-10.19306,10.951095,1.7941394]},"faces":{"east":{"uv":[0.0,0.0,6.0,1.0],"rotation":0,"texture":"#missing","tintindex":0},"south":{"uv":[12.629,6.004,12.746,6.121],"rotation":0,"texture":"#0","tintindex":0},"north":{"uv":[12.629,5.754,12.746,5.871],"rotation":0,"texture":"#0","tintindex":0},"west":{"uv":[4.254,9.504,5.121,9.621],"rotation":0,"texture":"#0","tintindex":0},"up":{"uv":[5.371,10.371,5.254,9.504],"rotation":0,"texture":"#0","tintindex":0},"down":{"uv":[5.621,9.504,5.504,10.371],"rotation":0,"texture":"#0","tintindex":0}}},{"from":[6.0797606,9.375465,6.4256854],"to":[6.7197604,10.015466,10.265686],"rotation":{"angle":0.0,"axis":"y","origin":[-10.19306,10.951095,1.7941394]},"faces":{"east":{"uv":[0.0,0.0,6.0,1.0],"rotation":0,"texture":"#missing","tintindex":0},"south":{"uv":[12.629,6.504,12.746,6.621],"rotation":0,"texture":"#0","tintindex":0},"north":{"uv":[12.629,6.254,12.746,6.371],"rotation":0,"texture":"#0","tintindex":0},"west":{"uv":[9.629,7.504,10.496,7.621],"rotation":0,"texture":"#0","tintindex":0},"up":{"uv":[5.871,10.371,5.754,9.504],"rotation":0,"texture":"#0","tintindex":0},"down":{"uv":[6.121,9.504,6.004,10.371],"rotation":0,"texture":"#0","tintindex":0}}},{"from":[9.311761,9.375465,6.4096856],"to":[9.95176,10.015466,10.249685],"rotation":{"angle":0.0,"axis":"y","origin":[-10.19306,10.951095,1.7941394]},"faces":{"east":{"uv":[0.0,0.0,6.0,1.0],"rotation":0,"texture":"#missing","tintindex":0},"south":{"uv":[12.629,6.754,12.746,6.871],"rotation":0,"texture":"#0","tintindex":0},"north":{"uv":[6.754,12.629,6.871,12.746],"rotation":0,"texture":"#0","tintindex":0},"west":{"uv":[9.629,7.754,10.496,7.871],"rotation":0,"texture":"#0","tintindex":0},"up":{"uv":[6.621,10.371,6.504,9.504],"rotation":0,"texture":"#0","tintindex":0},"down":{"uv":[6.871,9.504,6.754,10.371],"rotation":0,"texture":"#0","tintindex":0}}},{"from":[9.79176,7.952608,6.3136854],"to":[10.431761,8.735465,9.833686],"rotation":{"angle":0.0,"axis":"y","origin":[10.111761,8.344037,8.073686]},"faces":{"east":{"uv":[4.379,10.004,5.121,10.121],"rotation":0,"texture":"#0","tintindex":0},"south":{"uv":[12.629,8.004,12.746,8.121],"rotation":0,"texture":"#0","tintindex":0},"north":{"uv":[12.629,7.004,12.746,7.121],"rotation":0,"texture":"#0","tintindex":0},"west":{"uv":[0.0,0.0,5.5,1.0],"rotation":0,"texture":"#missing","tintindex":0},"up":{"uv":[9.621,10.746,9.504,10.004],"rotation":0,"texture":"#0","tintindex":0},"down":{"uv":[9.871,10.004,9.754,10.746],"rotation":0,"texture":"#0","tintindex":0}}},{"from":[5.7117605,7.952608,6.3136854],"to":[6.3517604,8.735465,10.1194],"rotation":{"angle":0.0,"axis":"y","origin":[-10.19306,10.951095,1.7941394]},"faces":{"east":{"uv":[0.0,0.0,5.5,1.0],"rotation":0,"texture":"#missing","tintindex":0},"south":{"uv":[12.629,8.879,12.746,8.996],"rotation":0,"texture":"#0","tintindex":0},"north":{"uv":[12.629,8.629,12.746,8.746],"rotation":0,"texture":"#0","tintindex":0},"west":{"uv":[10.004,5.004,10.746,5.121],"rotation":0,"texture":"#0","tintindex":0},"up":{"uv":[10.121,10.746,10.004,10.004],"rotation":0,"texture":"#0","tintindex":0},"down":{"uv":[2.996,10.129,2.879,10.871],"rotation":0,"texture":"#0","tintindex":0}}},{"from":[9.631761,7.4554653,6.4736853],"to":[10.271761,8.095466,9.193686],"rotation":{"angle":0.0,"axis":"y","origin":[26.25658,10.951095,1.7941394]},"faces":{"east":{"uv":[0.004,11.004,0.621,11.121],"rotation":0,"texture":"#0","tintindex":0},"south":{"uv":[12.629,9.879,12.746,9.996],"rotation":0,"texture":"#0","tintindex":0},"north":{"uv":[12.629,9.629,12.746,9.746],"rotation":0,"texture":"#0","tintindex":0},"west":{"uv":[0.0,0.0,4.25,1.0],"rotation":0,"texture":"#missing","tintindex":0},"up":{"uv":[5.996,11.121,5.879,10.504],"rotation":0,"texture":"#0","tintindex":0},"down":{"uv":[1.621,10.879,1.504,11.496],"rotation":0,"texture":"#0","tintindex":0}}},{"from":[6.11176,7.7754655,6.153692],"to":[9.95176,8.095466,6.7936916],"rotation":{"angle":0.0,"axis":"y","origin":[9.95176,7.7754655,4.0736856]},"faces":{"east":{"uv":[12.629,10.129,12.746,10.246],"rotation":0,"texture":"#0","tintindex":0},"south":{"uv":[9.629,9.254,10.496,9.371],"rotation":0,"texture":"#0","tintindex":0},"north":{"uv":[9.629,8.004,10.496,8.121],"rotation":0,"texture":"#0","tintindex":0},"west":{"uv":[12.629,11.004,12.746,11.121],"rotation":0,"texture":"#0","tintindex":0},"up":{"uv":[10.496,9.621,9.629,9.504],"rotation":0,"texture":"#0","tintindex":0},"down":{"uv":[0.871,9.754,0.004,9.871],"rotation":0,"texture":"#0","tintindex":0}}},{"from":[6.4957604,7.4554653,6.473692],"to":[9.631761,7.7754655,7.113692],"rotation":{"angle":0.0,"axis":"y","origin":[9.95176,7.7754655,4.0736856]},"faces":{"east":{"uv":[12.629,11.254,12.746,11.371],"rotation":0,"texture":"#0","tintindex":0},"south":{"uv":[2.754,11.004,3.371,11.121],"rotation":0,"texture":"#0","tintindex":0},"north":{"uv":[2.004,11.004,2.621,11.121],"rotation":0,"texture":"#0","tintindex":0},"west":{"uv":[12.629,11.504,12.746,11.621],"rotation":0,"texture":"#0","tintindex":0},"up":{"uv":[4.371,11.121,3.754,11.004],"rotation":0,"texture":"#0","tintindex":0},"down":{"uv":[11.621,4.754,11.004,4.871],"rotation":0,"texture":"#0","tintindex":0}}},{"from":[6.11176,7.135465,6.7936916],"to":[9.95176,7.4554653,7.433692],"rotation":{"angle":0.0,"axis":"y","origin":[9.95176,7.7754655,4.0736856]},"faces":{"east":{"uv":[12.629,11.754,12.746,11.871],"rotation":0,"texture":"#0","tintindex":0},"south":{"uv":[2.004,9.754,2.871,9.871],"rotation":0,"texture":"#0","tintindex":0},"north":{"uv":[1.004,9.754,1.871,9.871],"rotation":0,"texture":"#0","tintindex":0},"west":{"uv":[12.629,12.004,12.746,12.121],"rotation":0,"texture":"#0","tintindex":0},"up":{"uv":[10.621,2.246,9.754,2.129],"rotation":0,"texture":"#0","tintindex":0},"down":{"uv":[10.621,2.379,9.754,2.496],"rotation":0,"texture":"#0","tintindex":0}}},{"from":[6.11176,8.095466,5.8336916],"to":[9.95176,8.319466,6.473692],"rotation":{"angle":0.0,"axis":"y","origin":[9.95176,7.7754655,4.0736856]},"faces":{"east":{"uv":[12.629,12.254,12.746,12.371],"rotation":0,"texture":"#0","tintindex":0},"south":{"uv":[9.754,2.879,10.621,2.996],"rotation":0,"texture":"#0","tintindex":0},"north":{"uv":[9.754,2.629,10.621,2.746],"rotation":0,"texture":"#0","tintindex":0},"west":{"uv":[12.629,12.504,12.746,12.621],"rotation":0,"texture":"#0","tintindex":0},"up":{"uv":[10.621,4.121,9.754,4.004],"rotation":0,"texture":"#0","tintindex":0},"down":{"uv":[5.121,9.754,4.254,9.871],"rotation":0,"texture":"#0","tintindex":0}}},{"from":[5.8717604,7.4554653,6.4736853],"to":[6.51176,8.095466,9.193686],"rotation":{"angle":0.0,"axis":"y","origin":[-10.19306,10.951095,1.7941394]},"faces":{"east":{"uv":[0.0,0.0,4.25,1.0],"rotation":0,"texture":"#missing","tintindex":0},"south":{"uv":[12.754,0.254,12.871,0.371],"rotation":0,"texture":"#0","tintindex":0},"north":{"uv":[12.754,0.004,12.871,0.121],"rotation":0,"texture":"#0","tintindex":0},"west":{"uv":[11.004,8.504,11.621,8.621],"rotation":0,"texture":"#0","tintindex":0},"up":{"uv":[10.121,11.496,10.004,10.879],"rotation":0,"texture":"#0","tintindex":0},"down":{"uv":[0.871,11.004,0.754,11.621],"rotation":0,"texture":"#0","tintindex":0}}},{"from":[9.311761,8.735465,5.513692],"to":[10.591761,10.015466,5.8336916],"rotation":{"angle":0.0,"axis":"y","origin":[5.77658,10.951095,1.7941394]},"faces":{"east":{"uv":[12.129,12.129,12.246,12.371],"rotation":0,"texture":"#0","tintindex":0},"south":{"uv":[0.0,0.0,2.0,2.0],"rotation":0,"texture":"#missing","tintindex":0},"north":{"uv":[6.879,11.129,7.121,11.371],"rotation":0,"texture":"#0","tintindex":0},"west":{"uv":[0.004,12.254,0.121,12.496],"rotation":0,"texture":"#0","tintindex":0},"up":{"uv":[12.496,1.121,12.254,1.004],"rotation":0,"texture":"#0","tintindex":0},"down":{"uv":[12.496,1.254,12.254,1.371],"rotation":0,"texture":"#0","tintindex":0}}},{"from":[5.7546177,7.449751,5.7136917],"to":[10.3060465,8.729752,6.033692],"rotation":{"angle":0.0,"axis":"y","origin":[5.77658,9.6653805,1.9941397]},"faces":{"east":{"uv":[12.629,1.004,12.746,1.246],"rotation":0,"texture":"#0","tintindex":0},"south":{"uv":[0.0,0.0,2.0,2.0],"rotation":0,"texture":"#missing","tintindex":0},"north":{"uv":[7.879,4.754,8.871,4.996],"rotation":0,"texture":"#0","tintindex":0},"west":{"uv":[1.129,12.629,1.246,12.871],"rotation":0,"texture":"#0","tintindex":0},"up":{"uv":[10.246,3.621,9.254,3.504],"rotation":0,"texture":"#0","tintindex":0},"down":{"uv":[10.371,1.879,9.379,1.996],"rotation":0,"texture":"#0","tintindex":0}}},{"from":[5.4717603,8.735465,5.513692],"to":[6.7517605,10.015466,5.8336916],"rotation":{"angle":0.0,"axis":"y","origin":[-10.19306,10.951095,1.7941394]},"faces":{"east":{"uv":[1.504,12.254,1.621,12.496],"rotation":0,"texture":"#0","tintindex":0},"south":{"uv":[0.0,0.0,2.0,2.0],"rotation":0,"texture":"#missing","tintindex":0},"north":{"uv":[11.129,7.379,11.371,7.621],"rotation":0,"texture":"#0","tintindex":0},"west":{"uv":[12.254,3.254,12.371,3.496],"rotation":0,"texture":"#0","tintindex":0},"up":{"uv":[12.496,4.621,12.254,4.504],"rotation":0,"texture":"#0","tintindex":0},"down":{"uv":[5.246,12.254,5.004,12.371],"rotation":0,"texture":"#0","tintindex":0}}},{"from":[8.671761,8.095466,5.513692],"to":[9.95176,8.735465,5.8336916],"rotation":{"angle":0.0,"axis":"y","origin":[5.77658,10.951095,1.7941394]},"faces":{"east":{"uv":[12.754,0.504,12.871,0.621],"rotation":0,"texture":"#0","tintindex":0},"south":{"uv":[0.0,0.0,2.0,1.0],"rotation":0,"texture":"#missing","tintindex":0},"north":{"uv":[12.254,8.629,12.496,8.746],"rotation":0,"texture":"#0","tintindex":0},"west":{"uv":[12.754,2.129,12.871,2.246],"rotation":0,"texture":"#0","tintindex":0},"up":{"uv":[12.496,8.996,12.254,8.879],"rotation":0,"texture":"#0","tintindex":0},"down":{"uv":[9.996,12.254,9.754,12.371],"rotation":0,"texture":"#0","tintindex":0}}},{"from":[7.3917603,6.8154655,5.513692],"to":[8.671761,8.575465,5.8336916],"rotation":{"angle":0.0,"axis":"y","origin":[5.77658,10.951095,1.7941394]},"faces":{"east":{"uv":[3.129,11.879,3.246,12.246],"rotation":0,"texture":"#0","tintindex":0},"south":{"uv":[0.0,0.0,2.0,2.75],"rotation":0,"texture":"#missing","tintindex":0},"north":{"uv":[7.004,10.129,7.246,10.496],"rotation":0,"texture":"#0","tintindex":0},"west":{"uv":[4.754,11.879,4.871,12.246],"rotation":0,"texture":"#0","tintindex":0},"up":{"uv":[12.621,0.121,12.379,0.004],"rotation":0,"texture":"#0","tintindex":0},"down":{"uv":[0.496,12.379,0.254,12.496],"rotation":0,"texture":"#0","tintindex":0}}},{"from":[6.11176,8.095466,5.513692],"to":[7.3917603,8.735465,5.8336916],"rotation":{"angle":0.0,"axis":"y","origin":[-10.19306,10.951095,1.7941394]},"faces":{"east":{"uv":[12.754,2.379,12.871,2.496],"rotation":0,"texture":"#0","tintindex":0},"south":{"uv":[0.0,0.0,2.0,1.0],"rotation":0,"texture":"#missing","tintindex":0},"north":{"uv":[12.379,0.254,12.621,0.371],"rotation":0,"texture":"#0","tintindex":0},"west":{"uv":[3.129,12.754,3.246,12.871],"rotation":0,"texture":"#0","tintindex":0},"up":{"uv":[12.621,0.621,12.379,0.504],"rotation":0,"texture":"#0","tintindex":0},"down":{"uv":[0.871,12.379,0.629,12.496],"rotation":0,"texture":"#0","tintindex":0}}},{"from":[8.671761,7.471465,5.513692],"to":[9.21576,8.095466,5.513692],"rotation":{"angle":0.0,"axis":"y","origin":[5.77658,10.951095,1.7941394]},"faces":{"east":{"uv":[2.129,4.629,2.121,4.746],"rotation":0,"texture":"#0","tintindex":0},"south":{"uv":[3.629,12.754,3.746,12.871],"rotation":0,"texture":"#0","tintindex":0},"north":{"uv":[3.379,12.754,3.496,12.871],"rotation":0,"texture":"#0","tintindex":0},"west":{"uv":[2.129,4.879,2.121,4.996],"rotation":0,"texture":"#0","tintindex":0},"up":{"uv":[2.371,4.379,2.254,4.371],"rotation":0,"texture":"#0","tintindex":0},"down":{"uv":[3.371,4.504,3.254,4.496],"rotation":0,"texture":"#0","tintindex":0}}},{"from":[6.7517605,7.4554653,5.513692],"to":[7.3917603,8.095466,5.8336916],"rotation":{"angle":0.0,"axis":"y","origin":[-10.19306,10.951095,1.7941394]},"faces":{"east":{"uv":[12.754,3.879,12.871,3.996],"rotation":0,"texture":"#0","tintindex":0},"south":{"uv":[4.379,12.754,4.496,12.871],"rotation":0,"texture":"#0","tintindex":0},"north":{"uv":[3.879,12.754,3.996,12.871],"rotation":0,"texture":"#0","tintindex":0},"west":{"uv":[4.629,12.754,4.746,12.871],"rotation":0,"texture":"#0","tintindex":0},"up":{"uv":[4.996,12.871,4.879,12.754],"rotation":0,"texture":"#0","tintindex":0},"down":{"uv":[5.246,12.754,5.129,12.871],"rotation":0,"texture":"#0","tintindex":0}}},{"from":[7.3917603,11.295465,5.353692],"to":[8.671761,13.215466,5.9936914],"rotation":{"angle":0.0,"axis":"y","origin":[3.4686627,10.951095,1.7941394]},"faces":{"east":{"uv":[11.879,5.254,11.996,5.621],"rotation":0,"texture":"#0","tintindex":0},"south":{"uv":[0.0,0.0,2.0,3.0],"rotation":0,"texture":"#missing","tintindex":0},"north":{"uv":[8.004,10.129,8.246,10.496],"rotation":0,"texture":"#0","tintindex":0},"west":{"uv":[11.879,5.754,11.996,6.121],"rotation":0,"texture":"#0","tintindex":0},"up":{"uv":[0.0,0.0,2.0,1.0],"rotation":0,"texture":"#missing","tintindex":0},"down":{"uv":[1.246,12.379,1.004,12.496],"rotation":0,"texture":"#0","tintindex":0}}},{"from":[8.671761,10.655465,5.513692],"to":[9.95176,11.935466,5.9629974],"rotation":{"angle":0.0,"axis":"y","origin":[3.4686627,10.951095,1.7941394]},"faces":{"east":{"uv":[0.0,0.0,0.70204,2.0],"rotation":0,"texture":"#missing","tintindex":0},"south":{"uv":[0.0,0.0,2.0,2.0],"rotation":0,"texture":"#missing","tintindex":0},"north":{"uv":[11.129,7.754,11.371,7.996],"rotation":0,"texture":"#0","tintindex":0},"west":{"uv":[12.379,1.504,12.496,1.746],"rotation":0,"texture":"#0","tintindex":0},"up":{"uv":[0.0,0.0,2.0,0.70204],"rotation":0,"texture":"#missing","tintindex":0},"down":{"uv":[1.996,12.379,1.754,12.496],"rotation":0,"texture":"#0","tintindex":0}}},{"from":[8.671761,8.735465,5.513692],"to":[8.99176,10.655465,5.9629974],"rotation":{"angle":0.0,"axis":"y","origin":[3.4686627,10.951095,1.7941394]},"faces":{"east":{"uv":[6.379,11.879,6.496,12.246],"rotation":0,"texture":"#0","tintindex":0},"south":{"uv":[0.0,0.0,0.5,3.0],"rotation":0,"texture":"#missing","tintindex":0},"north":{"uv":[5.879,11.879,5.996,12.246],"rotation":0,"texture":"#0","tintindex":0},"west":{"uv":[6.629,11.879,6.746,12.246],"rotation":0,"texture":"#0","tintindex":0},"up":{"uv":[0.0,0.0,0.5,0.70204],"rotation":0,"texture":"#missing","tintindex":0},"down":{"uv":[0.0,0.0,0.5,0.70204],"rotation":0,"texture":"#missing","tintindex":0}}},{"from":[7.07176,8.735465,5.513692],"to":[7.3917603,10.655465,5.9629974],"rotation":{"angle":0.0,"axis":"y","origin":[3.4686627,10.951095,1.7941394]},"faces":{"east":{"uv":[7.129,11.879,7.246,12.246],"rotation":0,"texture":"#0","tintindex":0},"south":{"uv":[0.0,0.0,0.5,3.0],"rotation":0,"texture":"#missing","tintindex":0},"north":{"uv":[11.879,6.754,11.996,7.121],"rotation":0,"texture":"#0","tintindex":0},"west":{"uv":[7.379,11.879,7.496,12.246],"rotation":0,"texture":"#0","tintindex":0},"up":{"uv":[0.0,0.0,0.5,0.70204],"rotation":0,"texture":"#missing","tintindex":0},"down":{"uv":[0.0,0.0,0.5,0.70204],"rotation":0,"texture":"#missing","tintindex":0}}},{"from":[6.11176,10.655465,5.513692],"to":[7.3917603,11.935466,5.9629974],"rotation":{"angle":0.0,"axis":"y","origin":[3.4686627,10.951095,1.7941394]},"faces":{"east":{"uv":[12.379,1.879,12.496,2.121],"rotation":0,"texture":"#0","tintindex":0},"south":{"uv":[0.0,0.0,2.0,2.0],"rotation":0,"texture":"#missing","tintindex":0},"north":{"uv":[8.379,11.129,8.621,11.371],"rotation":0,"texture":"#0","tintindex":0},"west":{"uv":[0.0,0.0,0.70204,2.0],"rotation":0,"texture":"#missing","tintindex":0},"up":{"uv":[0.0,0.0,2.0,0.70204],"rotation":0,"texture":"#missing","tintindex":0},"down":{"uv":[12.621,2.254,12.379,2.371],"rotation":0,"texture":"#0","tintindex":0}}},{"from":[6.11176,10.015466,5.513692],"to":[6.7517605,10.655465,5.9629974],"rotation":{"angle":0.0,"axis":"y","origin":[3.4686627,10.951095,1.7941394]},"faces":{"east":{"uv":[5.629,12.754,5.746,12.871],"rotation":0,"texture":"#0","tintindex":0},"south":{"uv":[0.0,0.0,1.0,1.0],"rotation":0,"texture":"#missing","tintindex":0},"north":{"uv":[5.379,12.754,5.496,12.871],"rotation":0,"texture":"#0","tintindex":0},"west":{"uv":[0.0,0.0,0.70204,1.0],"rotation":0,"texture":"#missing","tintindex":0},"up":{"uv":[0.0,0.0,1.0,0.70204],"rotation":0,"texture":"#missing","tintindex":0},"down":{"uv":[0.0,0.0,1.0,0.70204],"rotation":0,"texture":"#missing","tintindex":0}}},{"from":[9.311761,10.015466,5.513692],"to":[9.95176,10.655465,5.9629974],"rotation":{"angle":0.0,"axis":"y","origin":[3.4686627,10.951095,1.7941394]},"faces":{"east":{"uv":[0.0,0.0,0.70204,1.0],"rotation":0,"texture":"#missing","tintindex":0},"south":{"uv":[0.0,0.0,1.0,1.0],"rotation":0,"texture":"#missing","tintindex":0},"north":{"uv":[5.879,12.754,5.996,12.871],"rotation":0,"texture":"#0","tintindex":0},"west":{"uv":[6.129,12.754,6.246,12.871],"rotation":0,"texture":"#0","tintindex":0},"up":{"uv":[0.0,0.0,1.0,0.70204],"rotation":0,"texture":"#missing","tintindex":0},"down":{"uv":[0.0,0.0,1.0,0.70204],"rotation":0,"texture":"#missing","tintindex":0}}},{"from":[7.7117605,8.095466,5.4415636],"to":[8.351761,14.495466,5.8900757],"rotation":{"angle":0.0,"axis":"y","origin":[3.4686627,12.537788,1.0248337]},"faces":{"east":{"uv":[6.254,8.629,6.371,9.996],"rotation":0,"texture":"#0","tintindex":0},"south":{"uv":[7.004,8.629,7.121,9.996],"rotation":0,"texture":"#0","tintindex":0},"north":{"uv":[3.379,8.379,3.496,9.746],"rotation":0,"texture":"#0","tintindex":0},"west":{"uv":[7.254,8.629,7.371,9.996],"rotation":0,"texture":"#0","tintindex":0},"up":{"uv":[6.496,12.871,6.379,12.754],"rotation":0,"texture":"#0","tintindex":0},"down":{"uv":[7.121,12.754,7.004,12.871],"rotation":0,"texture":"#0","tintindex":0}}},{"from":[7.5517607,13.215466,6.721564],"to":[8.511761,13.855466,10.210076],"rotation":{"angle":0.0,"axis":"y","origin":[3.4686627,12.537788,1.0248337]},"faces":{"east":{"uv":[10.004,6.754,10.746,6.871],"rotation":0,"texture":"#0","tintindex":0},"south":{"uv":[2.754,12.379,2.996,12.496],"rotation":0,"texture":"#0","tintindex":0},"north":{"uv":[12.379,2.504,12.621,2.621],"rotation":0,"texture":"#0","tintindex":0},"west":{"uv":[10.129,4.754,10.871,4.871],"rotation":0,"texture":"#0","tintindex":0},"up":{"uv":[2.496,4.246,2.254,3.504],"rotation":0,"texture":"#0","tintindex":0},"down":{"uv":[7.371,7.754,7.129,8.496],"rotation":0,"texture":"#0","tintindex":0}}},{"from":[7.7117605,12.575466,10.241564],"to":[8.351761,13.855466,11.5215645],"rotation":{"angle":0.0,"axis":"y","origin":[3.4686627,12.537788,1.0248337]},"faces":{"east":{"uv":[8.754,11.129,8.996,11.371],"rotation":0,"texture":"#0","tintindex":0},"south":{"uv":[3.129,12.379,3.246,12.621],"rotation":0,"texture":"#0","tintindex":0},"north":{"uv":[12.379,2.754,12.496,2.996],"rotation":0,"texture":"#0","tintindex":0},"west":{"uv":[9.129,11.129,9.371,11.371],"rotation":0,"texture":"#0","tintindex":0},"up":{"uv":[12.496,3.871,12.379,3.629],"rotation":0,"texture":"#0","tintindex":0},"down":{"uv":[4.496,12.379,4.379,12.621],"rotation":0,"texture":"#0","tintindex":0}}},{"from":[7.7117605,10.655465,10.881564],"to":[8.351761,12.575466,11.5215645],"rotation":{"angle":0.0,"axis":"y","origin":[3.4686627,12.537788,1.0248337]},"faces":{"east":{"uv":[11.879,11.129,11.996,11.496],"rotation":0,"texture":"#0","tintindex":0},"south":{"uv":[11.879,11.629,11.996,11.996],"rotation":0,"texture":"#0","tintindex":0},"north":{"uv":[11.879,10.629,11.996,10.996],"rotation":0,"texture":"#0","tintindex":0},"west":{"uv":[2.254,12.004,2.371,12.371],"rotation":0,"texture":"#0","tintindex":0},"up":{"uv":[7.371,12.871,7.254,12.754],"rotation":0,"texture":"#0","tintindex":0},"down":{"uv":[12.871,7.254,12.754,7.371],"rotation":0,"texture":"#0","tintindex":0}}},{"from":[7.7117605,13.855466,6.721564],"to":[8.351761,14.495466,10.210076],"rotation":{"angle":0.0,"axis":"y","origin":[3.4686627,12.537788,1.0248337]},"faces":{"east":{"uv":[10.129,8.504,10.871,8.621],"rotation":0,"texture":"#0","tintindex":0},"south":{"uv":[12.754,7.504,12.871,7.621],"rotation":0,"texture":"#0","tintindex":0},"north":{"uv":[7.504,12.754,7.621,12.871],"rotation":0,"texture":"#0","tintindex":0},"west":{"uv":[10.129,8.754,10.871,8.871],"rotation":0,"texture":"#0","tintindex":0},"up":{"uv":[6.371,10.871,6.254,10.129],"rotation":0,"texture":"#0","tintindex":0},"down":{"uv":[1.871,10.254,1.754,10.996],"rotation":0,"texture":"#0","tintindex":0}}}],"textures":{"0":"modelengine:entity/fallenwarden1","1":"modelengine:entity/boneshadin1_warden","2":"modelengine:entity/reditexture"},"display":{"head":{"translation":[0.0,-6.4,0.0],"scale":[4.0,4.0,4.0]}}}