{"elements":[{"from":[7.82534,7.5835576,-4.3517523],"to":[8.568197,8.326414,-0.75175285],"rotation":{"angle":0.0,"axis":"y","origin":[8.164355,7.203303,2.0721269]},"faces":{"east":{"uv":[7.25,1.0,8.75,1.25],"rotation":0,"texture":"#4","tintindex":0},"south":{"uv":[8.0,2.0,8.25,2.25],"rotation":0,"texture":"#4","tintindex":0},"north":{"uv":[5.75,2.5,6.0,2.75],"rotation":0,"texture":"#4","tintindex":0},"west":{"uv":[7.25,1.5,8.75,1.75],"rotation":0,"texture":"#4","tintindex":0},"up":{"uv":[2.25,8.5,2.0,7.0],"rotation":0,"texture":"#4","tintindex":0},"down":{"uv":[7.5,5.75,7.25,7.25],"rotation":0,"texture":"#4","tintindex":0}}},{"from":[7.511054,7.269272,-4.9517536],"to":[8.882483,8.6407,-3.5803242],"rotation":{"angle":45.0,"axis":"x","origin":[8.196769,7.954986,-4.266039]},"faces":{"east":{"uv":[0.0,8.5,0.5,9.0],"rotation":0,"texture":"#4","tintindex":0},"south":{"uv":[8.5,2.0,9.0,2.5],"rotation":0,"texture":"#4","tintindex":0},"north":{"uv":[8.0,5.0,8.5,5.5],"rotation":0,"texture":"#4","tintindex":0},"west":{"uv":[8.5,2.75,9.0,3.25],"rotation":0,"texture":"#4","tintindex":0},"up":{"uv":[5.5,9.0,5.0,8.5],"rotation":0,"texture":"#4","tintindex":0},"down":{"uv":[9.0,5.75,8.5,6.25],"rotation":0,"texture":"#4","tintindex":0}}},{"from":[7.819626,7.577843,12.671105],"to":[8.573912,8.332129,17.425392],"rotation":{"angle":0.0,"axis":"y","origin":[8.196769,7.954986,15.905391]},"faces":{"east":{"uv":[4.5,5.5,6.5,5.75],"rotation":0,"texture":"#4","tintindex":0},"south":{"uv":[10.5,7.75,10.75,8.0],"rotation":0,"texture":"#4","tintindex":0},"north":{"uv":[6.5,10.5,6.75,10.75],"rotation":0,"texture":"#4","tintindex":0},"west":{"uv":[5.75,2.0,7.75,2.25],"rotation":0,"texture":"#4","tintindex":0},"up":{"uv":[4.75,8.0,4.5,6.0],"rotation":0,"texture":"#4","tintindex":0},"down":{"uv":[5.25,6.0,5.0,8.0],"rotation":0,"texture":"#4","tintindex":0}}},{"from":[7.91534,3.2713304,-9.261711],"to":[8.486769,4.414188,-6.975998],"rotation":{"angle":22.5,"axis":"x","origin":[8.201055,5.271331,-7.8331404]},"faces":{"east":{"uv":[6.0,1.0,7.0,1.5],"rotation":0,"texture":"#4","tintindex":0},"south":{"uv":[6.75,9.75,7.0,10.25],"rotation":0,"texture":"#4","tintindex":0},"north":{"uv":[9.75,5.5,10.0,6.0],"rotation":0,"texture":"#4","tintindex":0},"west":{"uv":[6.0,4.25,7.0,4.75],"rotation":0,"texture":"#4","tintindex":0},"up":{"uv":[6.0,9.5,5.75,8.5],"rotation":0,"texture":"#4","tintindex":0},"down":{"uv":[7.25,8.5,7.0,9.5],"rotation":0,"texture":"#4","tintindex":0}}},{"from":[7.9176254,4.147727,-10.178223],"to":[8.484483,4.9512777,-9.374672],"rotation":{"angle":-22.5,"axis":"x","origin":[8.201055,4.71687,-9.609081]},"faces":{"east":{"uv":[10.5,8.75,10.75,9.0],"rotation":0,"texture":"#4","tintindex":0},"south":{"uv":[10.5,9.25,10.75,9.5],"rotation":0,"texture":"#4","tintindex":0},"north":{"uv":[10.5,8.25,10.75,8.5],"rotation":0,"texture":"#4","tintindex":0},"west":{"uv":[10.5,9.75,10.75,10.0],"rotation":0,"texture":"#4","tintindex":0},"up":{"uv":[10.75,10.5,10.5,10.25],"rotation":0,"texture":"#4","tintindex":0},"down":{"uv":[11.0,0.0,10.75,0.25],"rotation":0,"texture":"#4","tintindex":0}}},{"from":[7.91934,4.0379896,-6.23775],"to":[8.482768,5.744275,-5.102893],"rotation":{"angle":-45.0,"axis":"x","origin":[8.201055,4.605418,-5.9560356]},"faces":{"east":{"uv":[7.25,4.0,7.75,4.75],"rotation":0,"texture":"#4","tintindex":0},"south":{"uv":[1.5,9.0,1.75,9.75],"rotation":0,"texture":"#4","tintindex":0},"north":{"uv":[9.0,0.75,9.25,1.5],"rotation":0,"texture":"#4","tintindex":0},"west":{"uv":[7.5,0.0,8.0,0.75],"rotation":0,"texture":"#4","tintindex":0},"up":{"uv":[10.0,7.5,9.75,7.0],"rotation":0,"texture":"#4","tintindex":0},"down":{"uv":[10.25,0.5,10.0,1.0],"rotation":0,"texture":"#4","tintindex":0}}},{"from":[7.9176254,3.9290504,-5.3869286],"to":[8.484483,5.067336,-4.248643],"rotation":{"angle":22.5,"axis":"x","origin":[8.201055,4.4981933,-4.8177853]},"faces":{"east":{"uv":[7.5,8.5,8.0,9.0],"rotation":0,"texture":"#4","tintindex":0},"south":{"uv":[2.0,10.0,2.25,10.5],"rotation":0,"texture":"#4","tintindex":0},"north":{"uv":[1.5,10.0,1.75,10.5],"rotation":0,"texture":"#4","tintindex":0},"west":{"uv":[8.25,8.5,8.75,9.0],"rotation":0,"texture":"#4","tintindex":0},"up":{"uv":[2.75,10.5,2.5,10.0],"rotation":0,"texture":"#4","tintindex":0},"down":{"uv":[10.25,2.75,10.0,3.25],"rotation":0,"texture":"#4","tintindex":0}}},{"from":[7.91534,3.2713304,-6.9229374],"to":[8.486769,4.414188,-5.2086515],"rotation":{"angle":-22.5,"axis":"x","origin":[8.201055,5.271331,-6.065794]},"faces":{"east":{"uv":[2.5,7.5,3.25,8.0],"rotation":0,"texture":"#4","tintindex":0},"south":{"uv":[3.5,10.0,3.75,10.5],"rotation":0,"texture":"#4","tintindex":0},"north":{"uv":[3.0,10.0,3.25,10.5],"rotation":0,"texture":"#4","tintindex":0},"west":{"uv":[7.5,2.5,8.25,3.0],"rotation":0,"texture":"#4","tintindex":0},"up":{"uv":[9.25,9.0,9.0,8.25],"rotation":0,"texture":"#4","tintindex":0},"down":{"uv":[0.25,9.25,0.0,10.0],"rotation":0,"texture":"#4","tintindex":0}}},{"from":[7.913054,3.0932717,-7.808895],"to":[8.489055,7.097843,-6.0900383],"rotation":{"angle":0.0,"axis":"y","origin":[8.201055,6.809843,-13.235182]},"faces":{"east":{"uv":[1.0,1.0,1.75,2.75],"rotation":0,"texture":"#4","tintindex":0},"south":{"uv":[6.75,5.75,7.0,7.5],"rotation":0,"texture":"#4","tintindex":0},"north":{"uv":[3.75,6.75,4.0,8.5],"rotation":0,"texture":"#4","tintindex":0},"west":{"uv":[2.0,1.0,2.75,2.75],"rotation":0,"texture":"#4","tintindex":0},"up":{"uv":[9.5,2.5,9.25,1.75],"rotation":0,"texture":"#4","tintindex":0},"down":{"uv":[4.25,9.25,4.0,10.0],"rotation":0,"texture":"#4","tintindex":0}}},{"from":[7.91934,4.0379896,-8.7960415],"to":[8.482768,5.744275,-7.6611843],"rotation":{"angle":45.0,"axis":"x","origin":[8.201055,4.605418,-7.9428988]},"faces":{"east":{"uv":[5.5,7.5,6.0,8.25],"rotation":0,"texture":"#4","tintindex":0},"south":{"uv":[5.0,9.25,5.25,10.0],"rotation":0,"texture":"#4","tintindex":0},"north":{"uv":[4.5,9.25,4.75,10.0],"rotation":0,"texture":"#4","tintindex":0},"west":{"uv":[7.25,7.5,7.75,8.25],"rotation":0,"texture":"#4","tintindex":0},"up":{"uv":[10.25,5.25,10.0,4.75],"rotation":0,"texture":"#4","tintindex":0},"down":{"uv":[6.25,10.0,6.0,10.5],"rotation":0,"texture":"#4","tintindex":0}}},{"from":[7.91534,11.495784,-9.261711],"to":[8.486769,12.638641,-6.975998],"rotation":{"angle":-22.5,"axis":"x","origin":[8.201055,10.638641,-7.8331404]},"faces":{"east":{"uv":[5.5,6.0,6.5,6.5],"rotation":0,"texture":"#4","tintindex":0},"south":{"uv":[10.0,7.75,10.25,8.25],"rotation":0,"texture":"#4","tintindex":0},"north":{"uv":[10.0,6.25,10.25,6.75],"rotation":0,"texture":"#4","tintindex":0},"west":{"uv":[6.25,2.5,7.25,3.0],"rotation":0,"texture":"#4","tintindex":0},"up":{"uv":[2.25,9.75,2.0,8.75],"rotation":0,"texture":"#4","tintindex":0},"down":{"uv":[3.75,8.75,3.5,9.75],"rotation":0,"texture":"#4","tintindex":0}}},{"from":[7.9176254,10.958694,-10.178223],"to":[8.484483,11.762245,-9.374672],"rotation":{"angle":22.5,"axis":"x","origin":[8.201055,11.193102,-9.609081]},"faces":{"east":{"uv":[1.0,10.75,1.25,11.0],"rotation":0,"texture":"#4","tintindex":0},"south":{"uv":[10.75,1.25,11.0,1.5],"rotation":0,"texture":"#4","tintindex":0},"north":{"uv":[0.5,10.75,0.75,11.0],"rotation":0,"texture":"#4","tintindex":0},"west":{"uv":[1.5,10.75,1.75,11.0],"rotation":0,"texture":"#4","tintindex":0},"up":{"uv":[11.0,2.0,10.75,1.75],"rotation":0,"texture":"#4","tintindex":0},"down":{"uv":[2.25,10.75,2.0,11.0],"rotation":0,"texture":"#4","tintindex":0}}},{"from":[7.91934,10.165697,-6.23775],"to":[8.482768,11.871983,-5.102893],"rotation":{"angle":45.0,"axis":"x","origin":[8.201055,11.304554,-5.9560356]},"faces":{"east":{"uv":[7.75,5.75,8.25,6.5],"rotation":0,"texture":"#4","tintindex":0},"south":{"uv":[9.25,7.0,9.5,7.75],"rotation":0,"texture":"#4","tintindex":0},"north":{"uv":[9.25,5.5,9.5,6.25],"rotation":0,"texture":"#4","tintindex":0},"west":{"uv":[6.25,7.75,6.75,8.5],"rotation":0,"texture":"#4","tintindex":0},"up":{"uv":[10.25,9.0,10.0,8.5],"rotation":0,"texture":"#4","tintindex":0},"down":{"uv":[10.25,9.25,10.0,9.75],"rotation":0,"texture":"#4","tintindex":0}}},{"from":[7.9176254,10.842636,-5.3869286],"to":[8.484483,11.980921,-4.248643],"rotation":{"angle":-22.5,"axis":"x","origin":[8.201055,11.411778,-4.8177853]},"faces":{"east":{"uv":[8.75,3.5,9.25,4.0],"rotation":0,"texture":"#4","tintindex":0},"south":{"uv":[10.0,10.0,10.25,10.5],"rotation":0,"texture":"#4","tintindex":0},"north":{"uv":[9.5,10.0,9.75,10.5],"rotation":0,"texture":"#4","tintindex":0},"west":{"uv":[8.75,4.25,9.25,4.75],"rotation":0,"texture":"#4","tintindex":0},"up":{"uv":[0.25,10.75,0.0,10.25],"rotation":0,"texture":"#4","tintindex":0},"down":{"uv":[10.5,1.25,10.25,1.75],"rotation":0,"texture":"#4","tintindex":0}}},{"from":[7.91534,11.495784,-6.9229374],"to":[8.486769,12.638641,-5.2086515],"rotation":{"angle":22.5,"axis":"x","origin":[8.201055,10.638641,-6.065794]},"faces":{"east":{"uv":[7.5,3.25,8.25,3.75],"rotation":0,"texture":"#4","tintindex":0},"south":{"uv":[4.0,10.25,4.25,10.75],"rotation":0,"texture":"#4","tintindex":0},"north":{"uv":[10.25,2.0,10.5,2.5],"rotation":0,"texture":"#4","tintindex":0},"west":{"uv":[7.75,6.75,8.5,7.25],"rotation":0,"texture":"#4","tintindex":0},"up":{"uv":[7.75,10.0,7.5,9.25],"rotation":0,"texture":"#4","tintindex":0},"down":{"uv":[8.25,9.25,8.0,10.0],"rotation":0,"texture":"#4","tintindex":0}}},{"from":[7.913054,8.812129,-7.808895],"to":[8.489055,12.8167,-6.0900383],"rotation":{"angle":0.0,"axis":"y","origin":[8.201055,9.100129,-13.235182]},"faces":{"east":{"uv":[1.0,3.0,1.75,4.75],"rotation":0,"texture":"#4","tintindex":0},"south":{"uv":[1.5,7.0,1.75,8.75],"rotation":0,"texture":"#4","tintindex":0},"north":{"uv":[1.0,7.0,1.25,8.75],"rotation":0,"texture":"#4","tintindex":0},"west":{"uv":[3.0,1.0,3.75,2.75],"rotation":0,"texture":"#4","tintindex":0},"up":{"uv":[8.75,10.0,8.5,9.25],"rotation":0,"texture":"#4","tintindex":0},"down":{"uv":[9.25,9.25,9.0,10.0],"rotation":0,"texture":"#4","tintindex":0}}},{"from":[7.91934,10.165697,-8.7960415],"to":[8.482768,11.871983,-7.6611843],"rotation":{"angle":-45.0,"axis":"x","origin":[8.201055,11.304554,-7.9428988]},"faces":{"east":{"uv":[8.0,4.0,8.5,4.75],"rotation":0,"texture":"#4","tintindex":0},"south":{"uv":[9.5,2.75,9.75,3.5],"rotation":0,"texture":"#4","tintindex":0},"north":{"uv":[9.5,0.75,9.75,1.5],"rotation":0,"texture":"#4","tintindex":0},"west":{"uv":[8.0,7.5,8.5,8.25],"rotation":0,"texture":"#4","tintindex":0},"up":{"uv":[4.75,10.75,4.5,10.25],"rotation":0,"texture":"#4","tintindex":0},"down":{"uv":[5.25,10.25,5.0,10.75],"rotation":0,"texture":"#4","tintindex":0}}},{"from":[8.06334,4.790208,-14.434031],"to":[8.34334,5.2987795,-13.296888],"rotation":{"angle":22.5,"axis":"x","origin":[8.174768,7.954986,-7.886507]},"faces":{"east":{"uv":[6.0,5.0,6.5,5.25],"rotation":0,"texture":"#4","tintindex":0},"south":{"uv":[2.5,10.75,2.75,11.0],"rotation":0,"texture":"#4","tintindex":0},"north":{"uv":[10.75,2.25,11.0,2.5],"rotation":0,"texture":"#4","tintindex":0},"west":{"uv":[10.25,5.5,10.75,5.75],"rotation":0,"texture":"#4","tintindex":0},"up":{"uv":[10.5,7.5,10.25,7.0],"rotation":0,"texture":"#4","tintindex":0},"down":{"uv":[7.5,10.25,7.25,10.75],"rotation":0,"texture":"#4","tintindex":0}}},{"from":[8.058768,2.0826826,-13.321455],"to":[8.347912,2.6797848,-12.724358],"rotation":{"angle":45.0,"axis":"x","origin":[8.174768,7.73631,-7.358576]},"faces":{"east":{"uv":[3.5,10.75,3.75,11.0],"rotation":0,"texture":"#4","tintindex":0},"south":{"uv":[5.5,10.75,5.75,11.0],"rotation":0,"texture":"#4","tintindex":0},"north":{"uv":[3.0,10.75,3.25,11.0],"rotation":0,"texture":"#4","tintindex":0},"west":{"uv":[6.0,10.75,6.25,11.0],"rotation":0,"texture":"#4","tintindex":0},"up":{"uv":[11.0,7.0,10.75,6.75],"rotation":0,"texture":"#4","tintindex":0},"down":{"uv":[11.0,7.25,10.75,7.5],"rotation":0,"texture":"#4","tintindex":0}}},{"from":[8.06334,10.611193,-14.434031],"to":[8.34334,11.119764,-13.296888],"rotation":{"angle":-22.5,"axis":"x","origin":[8.174768,7.954986,-7.886507]},"faces":{"east":{"uv":[7.75,10.25,8.25,10.5],"rotation":0,"texture":"#4","tintindex":0},"south":{"uv":[8.25,10.75,8.5,11.0],"rotation":0,"texture":"#4","tintindex":0},"north":{"uv":[7.75,10.75,8.0,11.0],"rotation":0,"texture":"#4","tintindex":0},"west":{"uv":[8.5,10.25,9.0,10.5],"rotation":0,"texture":"#4","tintindex":0},"up":{"uv":[10.75,1.0,10.5,0.5],"rotation":0,"texture":"#4","tintindex":0},"down":{"uv":[10.75,2.75,10.5,3.25],"rotation":0,"texture":"#4","tintindex":0}}},{"from":[8.060483,7.654986,-15.237467],"to":[8.346197,8.254986,-14.09461],"rotation":{"angle":0.0,"axis":"y","origin":[8.20334,7.954986,-16.09461]},"faces":{"east":{"uv":[10.5,3.5,11.0,3.75],"rotation":0,"texture":"#4","tintindex":0},"south":{"uv":[9.25,10.75,9.5,11.0],"rotation":0,"texture":"#4","tintindex":0},"north":{"uv":[8.75,10.75,9.0,11.0],"rotation":0,"texture":"#4","tintindex":0},"west":{"uv":[10.5,4.0,11.0,4.25],"rotation":0,"texture":"#4","tintindex":0},"up":{"uv":[10.75,5.0,10.5,4.5],"rotation":0,"texture":"#4","tintindex":0},"down":{"uv":[10.75,6.0,10.5,6.5],"rotation":0,"texture":"#4","tintindex":0}}},{"from":[8.062197,7.826811,-10.860657],"to":[8.344482,8.394811,-9.149801],"rotation":{"angle":22.5,"axis":"x","origin":[8.20334,8.110811,-9.719515]},"faces":{"east":{"uv":[2.5,6.25,3.25,6.5],"rotation":0,"texture":"#4","tintindex":0},"south":{"uv":[10.25,10.75,10.5,11.0],"rotation":0,"texture":"#4","tintindex":0},"north":{"uv":[9.75,10.75,10.0,11.0],"rotation":0,"texture":"#4","tintindex":0},"west":{"uv":[9.5,3.75,10.25,4.0],"rotation":0,"texture":"#4","tintindex":0},"up":{"uv":[9.75,8.75,9.5,8.0],"rotation":0,"texture":"#4","tintindex":0},"down":{"uv":[9.75,9.0,9.5,9.75],"rotation":0,"texture":"#4","tintindex":0}}},{"from":[8.062197,7.296485,-10.817162],"to":[8.344482,7.864485,-9.106304],"rotation":{"angle":-22.5,"axis":"x","origin":[8.20334,7.580485,-10.247446]},"faces":{"east":{"uv":[9.5,4.25,10.25,4.5],"rotation":0,"texture":"#4","tintindex":0},"south":{"uv":[0.0,11.0,0.25,11.25],"rotation":0,"texture":"#4","tintindex":0},"north":{"uv":[10.75,10.75,11.0,11.0],"rotation":0,"texture":"#4","tintindex":0},"west":{"uv":[9.75,0.0,10.5,0.25],"rotation":0,"texture":"#4","tintindex":0},"up":{"uv":[0.75,10.5,0.5,9.75],"rotation":0,"texture":"#4","tintindex":0},"down":{"uv":[1.25,9.75,1.0,10.5],"rotation":0,"texture":"#4","tintindex":0}}},{"from":[8.058197,7.666986,-10.668325],"to":[8.348483,8.242986,-8.378038],"rotation":{"angle":0.0,"axis":"y","origin":[8.20334,7.954986,-10.951752]},"faces":{"east":{"uv":[8.75,5.0,9.75,5.25],"rotation":0,"texture":"#4","tintindex":0},"south":{"uv":[11.0,2.75,11.25,3.0],"rotation":0,"texture":"#4","tintindex":0},"north":{"uv":[11.0,0.5,11.25,0.75],"rotation":0,"texture":"#4","tintindex":0},"west":{"uv":[8.75,6.5,9.75,6.75],"rotation":0,"texture":"#4","tintindex":0},"up":{"uv":[6.5,9.75,6.25,8.75],"rotation":0,"texture":"#4","tintindex":0},"down":{"uv":[9.0,7.0,8.75,8.0],"rotation":0,"texture":"#4","tintindex":0}}},{"from":[8.060483,7.097843,-14.09461],"to":[8.346197,8.812129,-10.6660385],"rotation":{"angle":0.0,"axis":"y","origin":[8.20334,7.954986,-12.09461]},"faces":{"east":{"uv":[2.0,4.0,3.5,4.75],"rotation":0,"texture":"#4","tintindex":0},"south":{"uv":[5.5,9.75,5.75,10.5],"rotation":0,"texture":"#4","tintindex":0},"north":{"uv":[9.75,1.75,10.0,2.5],"rotation":0,"texture":"#4","tintindex":0},"west":{"uv":[4.0,2.0,5.5,2.75],"rotation":0,"texture":"#4","tintindex":0},"up":{"uv":[2.75,9.75,2.5,8.25],"rotation":0,"texture":"#4","tintindex":0},"down":{"uv":[3.25,8.25,3.0,9.75],"rotation":0,"texture":"#4","tintindex":0}}},{"from":[7.6319113,7.097843,-8.380323],"to":[8.774769,8.812129,-4.3803234],"rotation":{"angle":0.0,"axis":"y","origin":[8.20334,7.954986,-13.237467]},"faces":{"east":{"uv":[2.0,3.0,3.75,3.75],"rotation":0,"texture":"#4","tintindex":0},"south":{"uv":[4.25,8.25,4.75,9.0],"rotation":0,"texture":"#4","tintindex":0},"north":{"uv":[8.25,0.0,8.75,0.75],"rotation":0,"texture":"#4","tintindex":0},"west":{"uv":[4.0,1.0,5.75,1.75],"rotation":0,"texture":"#4","tintindex":0},"up":{"uv":[1.5,6.75,1.0,5.0],"rotation":0,"texture":"#4","tintindex":0},"down":{"uv":[2.25,5.0,1.75,6.75],"rotation":0,"texture":"#4","tintindex":0}}},{"from":[7.911054,7.6692715,-3.808895],"to":[8.482483,8.240701,12.762533],"rotation":{"angle":0.0,"axis":"y","origin":[8.196769,7.954986,4.476819]},"faces":{"east":{"uv":[0.0,0.0,7.25,0.25],"rotation":0,"texture":"#4","tintindex":0},"south":{"uv":[4.5,11.0,4.75,11.25],"rotation":0,"texture":"#4","tintindex":0},"north":{"uv":[4.0,11.0,4.25,11.25],"rotation":0,"texture":"#4","tintindex":0},"west":{"uv":[0.0,0.5,7.25,0.75],"rotation":0,"texture":"#4","tintindex":0},"up":{"uv":[0.25,8.25,0.0,1.0],"rotation":0,"texture":"#4","tintindex":0},"down":{"uv":[0.75,1.0,0.5,8.25],"rotation":0,"texture":"#4","tintindex":0}}},{"from":[7.345054,6.812129,-7.9948854],"to":[9.05934,9.097843,-5.7091713],"rotation":{"angle":-45.0,"axis":"x","origin":[8.202197,7.954986,-6.852029]},"faces":{"east":{"uv":[4.0,3.0,5.0,4.0],"rotation":0,"texture":"#4","tintindex":0},"south":{"uv":[6.0,4.0,5.25,3.0],"rotation":0,"texture":"#4","tintindex":0},"north":{"uv":[2.5,5.0,3.25,6.0],"rotation":0,"texture":"#4","tintindex":0},"west":{"uv":[3.75,4.25,4.75,5.25],"rotation":0,"texture":"#4","tintindex":0},"up":{"uv":[6.0,4.0,5.25,3.0],"rotation":0,"texture":"#4","tintindex":0},"down":{"uv":[4.25,5.5,3.5,6.5],"rotation":0,"texture":"#4","tintindex":0}}},{"from":[7.05934,7.3835573,-7.423457],"to":[9.345055,8.526415,-6.2805996],"rotation":{"angle":-45.0,"axis":"x","origin":[8.202197,7.954986,-6.852029]},"faces":{"east":{"uv":[9.0,0.0,9.5,0.5],"rotation":0,"texture":"#4","tintindex":0},"south":{"uv":[2.5,6.75,3.5,7.25],"rotation":0,"texture":"#4","tintindex":0},"north":{"uv":[6.25,3.25,7.25,3.75],"rotation":0,"texture":"#4","tintindex":0},"west":{"uv":[0.75,9.0,1.25,9.5],"rotation":0,"texture":"#4","tintindex":0},"up":{"uv":[7.75,5.5,6.75,5.0],"rotation":0,"texture":"#4","tintindex":0},"down":{"uv":[6.5,6.75,5.5,7.25],"rotation":0,"texture":"#4","tintindex":0}}}],"textures":{"4":"modelengine:entity/em_warden_lanceaxe"},"display":{"head":{"translation":[0.0,-6.4,0.0],"scale":[4.0,4.0,4.0]}}}