{"elements":[{"from":[-10.285715,-4.57143,8.0],"to":[26.285715,32.0,8.0],"rotation":{"angle":0.0,"axis":"y","origin":[0.0,-4.57143,3.4285712]},"faces":{"east":{"uv":[0.0,0.0,0.0,16.0],"rotation":0,"texture":"#2","tintindex":0},"south":{"uv":[8.0,0.0,4.0,4.0],"rotation":0,"texture":"#2","tintindex":0},"north":{"uv":[4.0,0.0,8.0,4.0],"rotation":0,"texture":"#2","tintindex":0},"west":{"uv":[0.0,0.0,0.0,16.0],"rotation":0,"texture":"#2","tintindex":0},"up":{"uv":[0.0,0.0,16.0,0.0],"rotation":0,"texture":"#2","tintindex":0},"down":{"uv":[0.0,0.0,16.0,0.0],"rotation":0,"texture":"#2","tintindex":0}}},{"from":[8.0,-4.57143,-10.285715],"to":[8.0,32.0,26.285715],"rotation":{"angle":0.0,"axis":"y","origin":[8.0,13.714285,8.0]},"faces":{"east":{"uv":[8.0,0.0,4.0,4.0],"rotation":0,"texture":"#2","tintindex":0},"south":{"uv":[0.0,0.0,0.0,16.0],"rotation":0,"texture":"#2","tintindex":0},"north":{"uv":[0.0,0.0,0.0,16.0],"rotation":0,"texture":"#2","tintindex":0},"west":{"uv":[4.0,0.0,8.0,4.0],"rotation":0,"texture":"#2","tintindex":0},"up":{"uv":[16.0,0.0,0.0,0.0],"rotation":90,"texture":"#2","tintindex":0},"down":{"uv":[16.0,0.0,0.0,0.0],"rotation":270,"texture":"#2","tintindex":0}}}],"textures":{"2":"modelengine:entity/ravager_explosion_2"},"display":{"head":{"translation":[0.0,43.88572,0.0],"scale":[4.0,4.0,4.0]}}}