{
	"credit": "Made with Blockbench",
	"texture_size": [64, 64],
	"textures": {
		"2": "modelengine:entity/bulb_amethyst"
	},
	"elements": [
		{
			"from": [2, 1.91667, 2.98333],
			"to": [14, 9.91667, 12.98333],
			"rotation": {"angle": 0, "axis": "y", "origin": [8, 8.91667, 7.98333]},
			"faces": {
				"north": {"uv": [3, 0, 6, 2], "texture": "#2"},
				"east": {"uv": [2.5, 6.25, 5, 8.25], "texture": "#2"},
				"south": {"uv": [3, 2, 6, 4], "texture": "#2"},
				"west": {"uv": [5, 6.25, 7.5, 8.25], "texture": "#2"},
				"up": {"uv": [3, 2.5, 0, 0], "texture": "#2"},
				"down": {"uv": [3, 2.5, 0, 5], "texture": "#2"}
			}
		},
		{
			"from": [3, 5.91667, 1.98333],
			"to": [6, 8.91667, 2.98333],
			"rotation": {"angle": 0, "axis": "y", "origin": [8, 8.91667, 7.98333]},
			"faces": {
				"north": {"uv": [8.5, 6, 9.25, 6.75], "texture": "#2"},
				"east": {"uv": [0.75, 9.25, 1, 10], "texture": "#2"},
				"south": {"uv": [8.5, 6.75, 9.25, 7.5], "texture": "#2"},
				"west": {"uv": [1.5, 9.25, 1.75, 10], "texture": "#2"},
				"up": {"uv": [2.5, 9.5, 1.75, 9.25], "texture": "#2"},
				"down": {"uv": [10, 2.5, 9.25, 2.75], "texture": "#2"}
			}
		},
		{
			"from": [10, 5.91667, 1.98333],
			"to": [13, 8.91667, 2.98333],
			"rotation": {"angle": 0, "axis": "y", "origin": [8, 8.91667, 7.98333]},
			"faces": {
				"north": {"uv": [1.5, 8.5, 2.25, 9.25], "texture": "#2"},
				"east": {"uv": [2.25, 8.5, 2.5, 9.25], "texture": "#2"},
				"south": {"uv": [8.5, 2.5, 9.25, 3.25], "texture": "#2"},
				"west": {"uv": [0.5, 9.25, 0.75, 10], "texture": "#2"},
				"up": {"uv": [9.5, 6, 8.75, 5.75], "texture": "#2"},
				"down": {"uv": [9.75, 2.25, 9, 2.5], "texture": "#2"}
			}
		},
		{
			"from": [10, -0.08333, 6.98333],
			"to": [12, 2.91667, 9.98333],
			"rotation": {"angle": 0, "axis": "y", "origin": [8, 8.91667, 7.98333]},
			"faces": {
				"north": {"uv": [9, 1.5, 9.5, 2.25], "texture": "#2"},
				"east": {"uv": [8.5, 7.5, 9.25, 8.25], "texture": "#2"},
				"south": {"uv": [5.5, 9, 6, 9.75], "texture": "#2"},
				"west": {"uv": [8.5, 8.25, 9.25, 9], "texture": "#2"},
				"up": {"uv": [6.5, 9.75, 6, 9], "texture": "#2"},
				"down": {"uv": [7, 9, 6.5, 9.75], "texture": "#2"}
			}
		},
		{
			"from": [4, -0.08333, 6.98333],
			"to": [6, 2.91667, 9.98333],
			"rotation": {"angle": 0, "axis": "y", "origin": [8, 8.91667, 7.98333]},
			"faces": {
				"north": {"uv": [7, 9, 7.5, 9.75], "texture": "#2"},
				"east": {"uv": [8.75, 3.25, 9.5, 4], "texture": "#2"},
				"south": {"uv": [7.5, 9, 8, 9.75], "texture": "#2"},
				"west": {"uv": [8.75, 4, 9.5, 4.75], "texture": "#2"},
				"up": {"uv": [8.5, 9.75, 8, 9], "texture": "#2"},
				"down": {"uv": [9, 9, 8.5, 9.75], "texture": "#2"}
			}
		},
		{
			"from": [13, 1.91667, 6.98333],
			"to": [15, 6.91667, 9.98333],
			"rotation": {"angle": 0, "axis": "y", "origin": [7, 8.91667, 7.98333]},
			"faces": {
				"north": {"uv": [2.5, 5, 3, 6.25], "texture": "#2"},
				"east": {"uv": [8, 3.5, 8.75, 4.75], "texture": "#2"},
				"south": {"uv": [8.5, 0, 9, 1.25], "texture": "#2"},
				"west": {"uv": [8, 4.75, 8.75, 6], "texture": "#2"},
				"up": {"uv": [9.5, 0.75, 9, 0], "texture": "#2"},
				"down": {"uv": [9.5, 0.75, 9, 1.5], "texture": "#2"}
			}
		},
		{
			"from": [1, 1.91667, 6.98333],
			"to": [3, 6.91667, 9.98333],
			"rotation": {"angle": 0, "axis": "y", "origin": [9, 8.91667, 7.98333]},
			"faces": {
				"north": {"uv": [1, 8.5, 1.5, 9.75], "texture": "#2"},
				"east": {"uv": [2.5, 8.25, 3.25, 9.5], "texture": "#2"},
				"south": {"uv": [8.5, 1.25, 9, 2.5], "texture": "#2"},
				"west": {"uv": [3.25, 8.25, 4, 9.5], "texture": "#2"},
				"up": {"uv": [9.5, 9.75, 9, 9], "texture": "#2"},
				"down": {"uv": [0.5, 9.25, 0, 10], "texture": "#2"}
			}
		},
		{
			"from": [3, 9.91667, 7.98333],
			"to": [13, 18.91667, 7.98333],
			"rotation": {"angle": 0, "axis": "y", "origin": [8, 3.91667, 8.98333]},
			"faces": {
				"north": {"uv": [3, 4, 5.5, 6.25], "texture": "#2"},
				"east": {"uv": [0, 0, 0, 2.25], "texture": "#2"},
				"south": {"uv": [5.5, 4, 3, 6.25], "texture": "#2"},
				"west": {"uv": [0, 0, 0, 2.25], "texture": "#2"},
				"up": {"uv": [2.5, 0, 0, 0], "texture": "#2"},
				"down": {"uv": [2.5, 0, 0, 0], "texture": "#2"}
			}
		},
		{
			"from": [6, 9.91667, 4.98333],
			"to": [10, 12.91667, 8.98333],
			"rotation": {"angle": 0, "axis": "y", "origin": [8, 3.91667, 8.98333]},
			"faces": {
				"north": {"uv": [5.5, 8.25, 6.5, 9], "texture": "#2"},
				"east": {"uv": [6.5, 8.25, 7.5, 9], "texture": "#2"},
				"south": {"uv": [7.5, 8.25, 8.5, 9], "texture": "#2"},
				"west": {"uv": [0, 8.5, 1, 9.25], "texture": "#2"},
				"up": {"uv": [8.5, 7.25, 7.5, 6.25], "texture": "#2"},
				"down": {"uv": [8.5, 7.25, 7.5, 8.25], "texture": "#2"}
			}
		},
		{
			"from": [9, 9.91667, 6.98333],
			"to": [12, 11.91667, 10.98333],
			"rotation": {"angle": 0, "axis": "y", "origin": [10, 3.91667, 10.98333]},
			"faces": {
				"north": {"uv": [8.75, 4.75, 9.5, 5.25], "texture": "#2"},
				"east": {"uv": [6, 3.5, 7, 4], "texture": "#2"},
				"south": {"uv": [8.75, 5.25, 9.5, 5.75], "texture": "#2"},
				"west": {"uv": [7, 3.5, 8, 4], "texture": "#2"},
				"up": {"uv": [4.75, 9.25, 4, 8.25], "texture": "#2"},
				"down": {"uv": [5.5, 8.25, 4.75, 9.25], "texture": "#2"}
			}
		},
		{
			"from": [8, 9.91667, 2.98333],
			"to": [8, 18.91667, 12.98333],
			"rotation": {"angle": 0, "axis": "y", "origin": [8, 14.41667, 7.98333]},
			"faces": {
				"north": {"uv": [0, 0, 0, 2.25], "texture": "#2"},
				"east": {"uv": [5.5, 4, 8, 6.25], "texture": "#2"},
				"south": {"uv": [0, 0, 0, 2.25], "texture": "#2"},
				"west": {"uv": [8, 4, 5.5, 6.25], "texture": "#2"},
				"up": {"uv": [0, 2.5, 0, 0], "texture": "#2"},
				"down": {"uv": [0, 0, 0, 2.5], "texture": "#2"}
			}
		},
		{
			"from": [3.27792, 9.57412, 2.98333],
			"to": [3.27792, 14.57412, 12.98333],
			"rotation": {"angle": 22.5, "axis": "z", "origin": [3.27792, 14.07412, 7.98333]},
			"faces": {
				"north": {"uv": [0, 0, 0, 1.25], "texture": "#2"},
				"east": {"uv": [2.5, 7.25, 0, 8.5], "texture": "#2"},
				"south": {"uv": [0, 0, 0, 1.25], "texture": "#2"},
				"west": {"uv": [0, 7.25, 2.5, 8.5], "texture": "#2"},
				"up": {"uv": [0, 2.5, 0, 0], "texture": "#2"},
				"down": {"uv": [0, 0, 0, 2.5], "texture": "#2"}
			}
		}
	],
	"gui_light": "front",
	"display": {
		"gui": {
			"rotation": [19, 180, 0],
			"translation": [0, -2.25, 0],
			"scale": [0.75, 0.75, 0.75]
		}
	},
	"groups": [
		{
			"name": "h_bulb",
			"origin": [8, 3.91667, 8.98333],
			"color": 0,
			"children": [
				0,
				1,
				2,
				{
					"name": "h_right_leg",
					"origin": [11, 2.91667, 7.98333],
					"color": 0,
					"children": [3]
				},
				{
					"name": "h_left_leg",
					"origin": [5, 2.91667, 7.98333],
					"color": 0,
					"children": [4]
				},
				{
					"name": "h_right_arm",
					"origin": [14, 6.91667, 8.48333],
					"color": 0,
					"children": [5]
				},
				{
					"name": "h_left_arm",
					"origin": [2, 6.91667, 8.48333],
					"color": 0,
					"children": [6]
				},
				7,
				8,
				9,
				10,
				11
			]
		}
	]
}