{
	"credit": "Made with Blockbench",
	"texture_size": [64, 64],
	"textures": {
		"0": "modelengine:entity/miner_mole",
		"particle": "Desktop/incubator_pets/miner_mole"
	},
	"elements": [
		{
			"from": [3.5, 12, 3.5],
			"to": [12.5, 17, 12.5],
			"rotation": {"angle": 0, "axis": "y", "origin": [7, 8, 8]},
			"faces": {
				"north": {"uv": [4, 4.5, 6.25, 5.75], "texture": "#0"},
				"east": {"uv": [5, 0, 7.25, 1.25], "texture": "#0"},
				"south": {"uv": [5, 1.25, 7.25, 2.5], "texture": "#0"},
				"west": {"uv": [5, 2.5, 7.25, 3.75], "texture": "#0"},
				"up": {"uv": [5, 2.25, 2.75, 0], "texture": "#0"},
				"down": {"uv": [5, 2.25, 2.75, 4.5], "texture": "#0"}
			}
		},
		{
			"from": [2.5, 12, 1.5],
			"to": [13.5, 14, 10.5],
			"rotation": {"angle": 0, "axis": "y", "origin": [7, 8, 8]},
			"faces": {
				"north": {"uv": [6.25, 5, 9, 5.5], "texture": "#0"},
				"east": {"uv": [8.25, 4.25, 10.5, 4.75], "texture": "#0"},
				"south": {"uv": [8, 5.5, 10.75, 6], "texture": "#0"},
				"west": {"uv": [5, 8.25, 7.25, 8.75], "texture": "#0"},
				"up": {"uv": [2.75, 2.25, 0, 0], "texture": "#0"},
				"down": {"uv": [2.75, 2.25, 0, 4.5], "texture": "#0"}
			}
		},
		{
			"from": [5.5, 14, 2.5],
			"to": [10.5, 19, 5.5],
			"rotation": {"angle": 0, "axis": "y", "origin": [7, 8, 8]},
			"faces": {
				"north": {"uv": [7.25, 0, 8.5, 1.25], "texture": "#0"},
				"east": {"uv": [0, 8.75, 0.75, 10], "texture": "#0"},
				"south": {"uv": [7.25, 1.25, 8.5, 2.5], "texture": "#0"},
				"west": {"uv": [0.75, 8.75, 1.5, 10], "texture": "#0"},
				"up": {"uv": [6.25, 4.5, 5, 3.75], "texture": "#0"},
				"down": {"uv": [10, 2, 8.75, 2.75], "texture": "#0"}
			}
		}
	],
	"gui_light": "front",
	"display": {
		"thirdperson_righthand": {
			"rotation": [23, 32, 0],
			"translation": [0, -3, -1.25],
			"scale": [0.65, 0.65, 0.65]
		},
		"thirdperson_lefthand": {
			"rotation": [23, 32, 0],
			"translation": [0, -3, -1.25],
			"scale": [0.65, 0.65, 0.65]
		},
		"firstperson_righthand": {
			"rotation": [5, 105, -11],
			"scale": [0.65, 0.65, 0.65]
		},
		"firstperson_lefthand": {
			"rotation": [5, 105, -11],
			"scale": [0.65, 0.65, 0.65]
		},
		"ground": {
			"rotation": [20, 0, 0],
			"translation": [0, -4.75, 0],
			"scale": [0.65, 0.65, 0.65]
		},
		"gui": {
			"rotation": [15, -165, 0],
			"translation": [0, -4.75, 0]
		},
		"head": {
			"rotation": [6, 0, 0],
			"translation": [0, -5.75, -0.25],
			"scale": [1.65, 1.65, 1.65]
		},
		"fixed": {
			"rotation": [-90, 0, 0],
			"translation": [0, 0, 4.75]
		}
	},
	"groups": [
		{
			"name": "torso",
			"origin": [8, 4, 8],
			"color": 0,
			"children": [
				{
					"name": "arm_right",
					"origin": [11, 8, 8],
					"color": 0,
					"children": [
						{
							"name": "pickaxe",
							"origin": [11.5, 2.75, 7.625],
							"color": 0,
							"children": []
						}
					]
				},
				{
					"name": "arm_left",
					"origin": [5, 8, 8],
					"color": 0,
					"children": []
				},
				{
					"name": "leg_right",
					"origin": [11, 4, 8],
					"color": 0,
					"children": []
				},
				{
					"name": "leg_left",
					"origin": [5, 4, 8],
					"color": 0,
					"children": []
				},
				{
					"name": "h_head",
					"origin": [8, 8, 8],
					"color": 0,
					"children": [0, 1, 2]
				}
			]
		}
	]
}