{"elements":[{"from":[5.8514285,7.2799997,7.2799997],"to":[10.148571,8.72,8.72],"rotation":{"angle":22.5,"axis":"x","origin":[8.0,8.0,8.0]},"faces":{"east":{"uv":[11.5,6.5,12.5,7.5],"rotation":0,"texture":"#0","tintindex":0},"south":{"uv":[8.0,3.5,11.5,4.5],"rotation":0,"texture":"#0","tintindex":0},"north":{"uv":[6.0,2.5,9.5,3.5],"rotation":0,"texture":"#0","tintindex":0},"west":{"uv":[7.5,11.5,8.5,12.5],"rotation":0,"texture":"#0","tintindex":0},"up":{"uv":[11.5,5.5,8.0,4.5],"rotation":0,"texture":"#0","tintindex":0},"down":{"uv":[11.5,5.5,8.0,6.5],"rotation":0,"texture":"#0","tintindex":0}}},{"from":[10.285714,8.857143,8.857143],"to":[5.714286,7.142857,7.142857],"rotation":{"angle":22.5,"axis":"x","origin":[8.0,8.0,8.0]},"faces":{"east":{"uv":[15.5,15.5,16.0,16.0],"rotation":0,"texture":"#0","tintindex":0},"south":{"uv":[15.5,15.5,16.0,16.0],"rotation":0,"texture":"#0","tintindex":0},"north":{"uv":[15.5,15.5,16.0,16.0],"rotation":0,"texture":"#0","tintindex":0},"west":{"uv":[15.5,15.5,16.0,16.0],"rotation":0,"texture":"#0","tintindex":0},"up":{"uv":[15.5,15.5,16.0,16.0],"rotation":0,"texture":"#0","tintindex":0},"down":{"uv":[15.5,15.5,16.0,16.0],"rotation":0,"texture":"#0","tintindex":0}}},{"from":[6.285714,6.857143,5.428571],"to":[9.714286,8.0,8.285714],"rotation":{"angle":0.0,"axis":"y","origin":[8.0,5.714286,11.142858]},"faces":{"east":{"uv":[9.0,7.5,11.5,8.5],"rotation":0,"texture":"#0","tintindex":0},"south":{"uv":[9.0,0.0,12.0,1.0],"rotation":0,"texture":"#0","tintindex":0},"north":{"uv":[0.0,9.0,3.0,10.0],"rotation":0,"texture":"#0","tintindex":0},"west":{"uv":[9.5,2.0,12.0,3.0],"rotation":0,"texture":"#0","tintindex":0},"up":{"uv":[9.0,2.5,6.0,0.0],"rotation":0,"texture":"#0","tintindex":0},"down":{"uv":[5.0,6.5,2.0,9.0],"rotation":0,"texture":"#0","tintindex":0}}},{"from":[9.857143,8.142858,8.428572],"to":[6.142857,6.714286,5.285714],"rotation":{"angle":0.0,"axis":"y","origin":[8.0,5.714286,11.142858]},"faces":{"east":{"uv":[15.5,15.5,16.0,16.0],"rotation":0,"texture":"#0","tintindex":0},"south":{"uv":[15.5,15.5,16.0,16.0],"rotation":0,"texture":"#0","tintindex":0},"north":{"uv":[15.5,15.5,16.0,16.0],"rotation":0,"texture":"#0","tintindex":0},"west":{"uv":[15.5,15.5,16.0,16.0],"rotation":0,"texture":"#0","tintindex":0},"up":{"uv":[15.5,15.5,16.0,16.0],"rotation":0,"texture":"#0","tintindex":0},"down":{"uv":[15.5,15.0,16.0,15.5],"rotation":0,"texture":"#0","tintindex":0}}},{"from":[8.285714,7.714286,5.442857],"to":[8.857143,8.285714,5.442857],"rotation":{"angle":45.0,"axis":"z","origin":[8.571428,8.0,5.428571]},"faces":{"east":{"uv":[9.0,7.5,11.5,8.5],"rotation":0,"texture":"#0","tintindex":0},"south":{"uv":[0.0,14.0,0.5,14.5],"rotation":0,"texture":"#0","tintindex":0},"north":{"uv":[0.0,14.0,0.5,14.5],"rotation":0,"texture":"#0","tintindex":0},"west":{"uv":[9.5,2.0,12.0,3.0],"rotation":0,"texture":"#0","tintindex":0},"up":{"uv":[9.0,2.5,6.0,0.0],"rotation":0,"texture":"#0","tintindex":0},"down":{"uv":[5.0,6.5,2.0,9.0],"rotation":0,"texture":"#0","tintindex":0}}},{"from":[7.142857,7.714286,5.442857],"to":[7.714286,8.285714,5.442857],"rotation":{"angle":-45.0,"axis":"z","origin":[7.428571,8.0,5.428571]},"faces":{"east":{"uv":[12.0,2.0,9.5,3.0],"rotation":0,"texture":"#0","tintindex":0},"south":{"uv":[0.5,14.0,0.0,14.5],"rotation":0,"texture":"#0","tintindex":0},"north":{"uv":[0.5,14.0,0.0,14.5],"rotation":0,"texture":"#0","tintindex":0},"west":{"uv":[11.5,7.5,9.0,8.5],"rotation":0,"texture":"#0","tintindex":0},"up":{"uv":[6.0,2.5,9.0,0.0],"rotation":0,"texture":"#0","tintindex":0},"down":{"uv":[2.0,6.5,5.0,9.0],"rotation":0,"texture":"#0","tintindex":0}}},{"from":[9.7,8.0,5.5714283],"to":[9.7,8.571428,6.142857],"rotation":{"angle":45.0,"axis":"x","origin":[9.714857,8.0,5.5714283]},"faces":{"east":{"uv":[8.5,11.0,9.0,11.5],"rotation":0,"texture":"#0","tintindex":0},"south":{"uv":[0.0,0.0,0.0,0.5],"rotation":0,"texture":"#0","tintindex":0},"north":{"uv":[0.0,0.0,0.0,0.5],"rotation":0,"texture":"#0","tintindex":0},"west":{"uv":[8.5,11.0,9.0,11.5],"rotation":0,"texture":"#0","tintindex":0},"up":{"uv":[0.0,0.5,0.0,0.0],"rotation":0,"texture":"#0","tintindex":0},"down":{"uv":[0.0,0.0,0.0,0.5],"rotation":0,"texture":"#0","tintindex":0}}},{"from":[6.3,8.0,5.428571],"to":[6.3,8.571428,6.0],"rotation":{"angle":45.0,"axis":"x","origin":[6.285143,8.0,5.428571]},"faces":{"east":{"uv":[9.0,11.0,8.5,11.5],"rotation":0,"texture":"#0","tintindex":0},"south":{"uv":[0.0,0.0,0.0,0.5],"rotation":0,"texture":"#0","tintindex":0},"north":{"uv":[0.0,0.0,0.0,0.5],"rotation":0,"texture":"#0","tintindex":0},"west":{"uv":[9.0,11.0,8.5,11.5],"rotation":0,"texture":"#0","tintindex":0},"up":{"uv":[0.0,0.5,0.0,0.0],"rotation":0,"texture":"#0","tintindex":0},"down":{"uv":[0.0,0.0,0.0,0.5],"rotation":0,"texture":"#0","tintindex":0}}}],"textures":{"0":"modelengine:entity/eyeless_pup"},"display":{"head":{"translation":[0.0,-6.4,0.0],"scale":[4.0,4.0,4.0]}}}