{"elements":[{"from":[5.142857,6.857143,5.142857],"to":[10.857143,12.571428,10.857143],"rotation":{"angle":0.0,"axis":"y","origin":[8.571428,4.5714283,8.0]},"faces":{"east":{"uv":[4.0,2.5,6.5,5.0],"rotation":0,"texture":"#0","tintindex":0},"south":{"uv":[4.0,5.0,6.5,7.5],"rotation":0,"texture":"#0","tintindex":0},"north":{"uv":[4.0,0.0,6.5,2.5],"rotation":0,"texture":"#0","tintindex":0},"west":{"uv":[6.5,0.0,9.0,2.5],"rotation":0,"texture":"#0","tintindex":0},"up":{"uv":[9.0,5.0,6.5,2.5],"rotation":0,"texture":"#0","tintindex":0},"down":{"uv":[9.0,5.0,6.5,7.5],"rotation":0,"texture":"#0","tintindex":0}}}],"textures":{"0":"modelengine:entity/glume_baby"},"display":{"head":{"translation":[0.0,-6.4,0.0],"scale":[4.0,4.0,4.0]}}}