{"elements":[{"from":[5.714286,13.761905,5.714286],"to":[10.285714,16.047619,10.285714],"rotation":{"angle":0.0,"axis":"y","origin":[8.0,12.428572,8.0]},"faces":{"east":{"uv":[7.5,9.5,9.5,10.5],"rotation":0,"texture":"#0","tintindex":0},"south":{"uv":[9.5,9.5,11.5,10.5],"rotation":0,"texture":"#0","tintindex":0},"north":{"uv":[5.5,9.5,7.5,10.5],"rotation":0,"texture":"#0","tintindex":0},"west":{"uv":[0.0,10.0,2.0,11.0],"rotation":0,"texture":"#0","tintindex":0},"up":{"uv":[6.0,9.5,4.0,7.5],"rotation":0,"texture":"#0","tintindex":0},"down":{"uv":[8.0,7.5,6.0,9.5],"rotation":0,"texture":"#0","tintindex":0}}},{"from":[3.4285712,11.476191,3.4285712],"to":[12.571428,13.761905,12.571428],"rotation":{"angle":0.0,"axis":"y","origin":[8.0,12.428572,8.0]},"faces":{"east":{"uv":[8.0,7.5,12.0,8.5],"rotation":0,"texture":"#0","tintindex":0},"south":{"uv":[8.0,8.5,12.0,9.5],"rotation":0,"texture":"#0","tintindex":0},"north":{"uv":[0.0,8.0,4.0,9.0],"rotation":0,"texture":"#0","tintindex":0},"west":{"uv":[0.0,9.0,4.0,10.0],"rotation":0,"texture":"#0","tintindex":0},"up":{"uv":[4.0,4.0,0.0,0.0],"rotation":0,"texture":"#0","tintindex":0},"down":{"uv":[4.0,4.0,0.0,8.0],"rotation":0,"texture":"#0","tintindex":0}}},{"from":[6.285714,8.047619,6.285714],"to":[9.714286,11.476191,9.714286],"rotation":{"angle":0.0,"axis":"y","origin":[8.0,12.428572,8.0]},"faces":{"east":{"uv":[9.0,1.5,10.5,3.0],"rotation":0,"texture":"#0","tintindex":0},"south":{"uv":[9.0,3.0,10.5,4.5],"rotation":0,"texture":"#0","tintindex":0},"north":{"uv":[9.0,0.0,10.5,1.5],"rotation":0,"texture":"#0","tintindex":0},"west":{"uv":[9.0,4.5,10.5,6.0],"rotation":0,"texture":"#0","tintindex":0},"up":{"uv":[10.5,7.5,9.0,6.0],"rotation":0,"texture":"#0","tintindex":0},"down":{"uv":[5.5,9.5,4.0,11.0],"rotation":0,"texture":"#0","tintindex":0}}}],"textures":{"0":"modelengine:entity/glume_baby"},"display":{"head":{"translation":[0.0,-6.4,0.0],"scale":[4.0,4.0,4.0]}}}