{"elements":[{"from":[6.5714283,6.1987195,6.7055044],"to":[8.857143,9.055862,9.562648],"rotation":{"angle":0.0,"axis":"y","origin":[10.571428,5.0558624,8.41979]},"faces":{"east":{"uv":[2.0,10.0,3.25,11.25],"rotation":0,"texture":"#0","tintindex":0},"south":{"uv":[10.5,2.5,11.5,3.75],"rotation":0,"texture":"#0","tintindex":0},"north":{"uv":[10.5,1.25,11.5,2.5],"rotation":0,"texture":"#0","tintindex":0},"west":{"uv":[10.5,0.0,11.75,1.25],"rotation":0,"texture":"#0","tintindex":0},"up":{"uv":[11.5,5.0,10.5,3.75],"rotation":0,"texture":"#0","tintindex":0},"down":{"uv":[11.5,5.0,10.5,6.25],"rotation":0,"texture":"#0","tintindex":0}}},{"from":[6.857143,5.427374,6.858935],"to":[8.571428,6.5702314,8.001792],"rotation":{"angle":-22.5,"axis":"x","origin":[7.428571,5.9988027,7.716078]},"faces":{"east":{"uv":[8.5,10.5,9.0,11.0],"rotation":0,"texture":"#0","tintindex":0},"south":{"uv":[3.25,10.5,4.0,11.0],"rotation":0,"texture":"#0","tintindex":0},"north":{"uv":[3.25,10.0,4.0,10.5],"rotation":0,"texture":"#0","tintindex":0},"west":{"uv":[9.0,10.5,9.5,11.0],"rotation":0,"texture":"#0","tintindex":0},"up":{"uv":[6.25,11.0,5.5,10.5],"rotation":0,"texture":"#0","tintindex":0},"down":{"uv":[7.0,10.5,6.25,11.0],"rotation":0,"texture":"#0","tintindex":0}}},{"from":[6.857143,5.142857,7.142857],"to":[8.571428,6.285714,8.285714],"rotation":{"angle":0.0,"axis":"y","origin":[7.428571,5.714286,8.0]},"faces":{"east":{"uv":[9.5,10.5,10.0,11.0],"rotation":0,"texture":"#0","tintindex":0},"south":{"uv":[10.5,6.75,11.25,7.25],"rotation":0,"texture":"#0","tintindex":0},"north":{"uv":[10.5,6.25,11.25,6.75],"rotation":0,"texture":"#0","tintindex":0},"west":{"uv":[10.0,10.5,10.5,11.0],"rotation":0,"texture":"#0","tintindex":0},"up":{"uv":[7.75,11.0,7.0,10.5],"rotation":0,"texture":"#0","tintindex":0},"down":{"uv":[8.5,10.5,7.75,11.0],"rotation":0,"texture":"#0","tintindex":0}}}],"textures":{"0":"modelengine:entity/glume_baby"},"display":{"head":{"translation":[0.0,-6.4,0.0],"scale":[4.0,4.0,4.0]}}}