{
   "littleroom.mechanicalbull.bull1":{
		 "sounds": [
			"littleroom/mechanicalbull/bull1"
		 ]
	},
   "littleroom.mechanicalbull.bull2":{
		 "sounds": [
			"littleroom/mechanicalbull/bull2"
		 ]
	},
   "littleroom.mechanicalbull.kickoff":{
		 "sounds": [
			"littleroom/mechanicalbull/kickoff"
		 ]
	},
   "littleroom.mechanicalbull.riding1":{
		 "sounds": [
			"littleroom/mechanicalbull/riding1"
		 ]
	},
   "littleroom.mechanicalbull.riding2":{
		 "sounds": [
			"littleroom/mechanicalbull/riding2"
		 ]
	},
   "littleroom.mechanicalbull.riding3":{
		 "sounds": [
			"littleroom/mechanicalbull/riding3"
		 ]
	}
}
