{"elements":[{"from":[7.428571,7.714286,2.7142854],"to":[8.571428,8.285714,6.142857],"rotation":{"angle":0.0,"axis":"y","origin":[8.571428,7.428571,17.57143]},"faces":{"east":{"uv":[5.5,4.0,8.5,4.5],"rotation":0,"texture":"#1","tintindex":0},"south":{"uv":[5.5,5.5,6.5,6.0],"rotation":0,"texture":"#1","tintindex":0},"north":{"uv":[5.5,5.0,6.5,5.5],"rotation":0,"texture":"#1","tintindex":0},"west":{"uv":[5.5,4.5,8.5,5.0],"rotation":0,"texture":"#1","tintindex":0},"up":{"uv":[4.5,7.0,3.5,4.0],"rotation":0,"texture":"#1","tintindex":0},"down":{"uv":[5.5,4.0,4.5,7.0],"rotation":0,"texture":"#1","tintindex":0}}},{"from":[6.0,7.428571,6.142857],"to":[10.0,8.571428,10.142858],"rotation":{"angle":0.0,"axis":"y","origin":[8.571428,7.428571,17.57143]},"faces":{"east":{"uv":[3.5,1.0,7.0,2.0],"rotation":0,"texture":"#1","tintindex":0},"south":{"uv":[3.5,2.0,7.0,3.0],"rotation":0,"texture":"#1","tintindex":0},"north":{"uv":[3.5,0.0,7.0,1.0],"rotation":0,"texture":"#1","tintindex":0},"west":{"uv":[3.5,3.0,7.0,4.0],"rotation":0,"texture":"#1","tintindex":0},"up":{"uv":[3.5,3.5,0.0,0.0],"rotation":0,"texture":"#1","tintindex":0},"down":{"uv":[3.5,3.5,0.0,7.0],"rotation":0,"texture":"#1","tintindex":0}}}],"textures":{"1":"modelengine:entity/lrd_petcandy"},"display":{"head":{"translation":[0.0,-6.4,0.0],"scale":[4.0,4.0,4.0]}}}