{"elements":[{"from":[5.428571,7.9868183,5.428571],"to":[10.571428,10.272532,10.571428],"rotation":{"angle":0.0,"axis":"y","origin":[8.0,-1.1560392,8.0]},"faces":{"east":{"uv":[8.75,7.75,11.0,8.75],"rotation":0,"texture":"#0","tintindex":0},"south":{"uv":[11.0,7.75,8.75,8.75],"rotation":0,"texture":"#0","tintindex":0},"north":{"uv":[8.75,7.75,11.0,8.75],"rotation":0,"texture":"#0","tintindex":0},"west":{"uv":[8.75,7.75,11.0,8.75],"rotation":0,"texture":"#0","tintindex":0},"up":{"uv":[6.25,10.25,4.0,8.0],"rotation":0,"texture":"#0","tintindex":0},"down":{"uv":[10.25,4.0,8.0,6.25],"rotation":0,"texture":"#0","tintindex":0}}},{"from":[6.857143,9.937798,4.620449],"to":[9.142858,11.652083,4.620449],"rotation":{"angle":-45.0,"axis":"x","origin":[5.142857,11.080654,4.620449]},"faces":{"east":{"uv":[0.0,0.0,0.0,0.75],"rotation":0,"texture":"#0","tintindex":0},"south":{"uv":[10.5,7.0,11.5,7.75],"rotation":0,"texture":"#0","tintindex":0},"north":{"uv":[10.5,7.0,11.5,7.75],"rotation":0,"texture":"#0","tintindex":0},"west":{"uv":[0.0,0.0,0.0,0.75],"rotation":0,"texture":"#0","tintindex":0},"up":{"uv":[1.0,0.0,0.0,0.0],"rotation":0,"texture":"#0","tintindex":0},"down":{"uv":[1.0,0.0,0.0,0.0],"rotation":0,"texture":"#0","tintindex":0}}},{"from":[6.857143,11.652083,4.620449],"to":[9.142858,11.652083,6.9061637],"rotation":{"angle":-45.0,"axis":"x","origin":[5.142857,11.080654,4.620449]},"faces":{"east":{"uv":[0.0,0.0,1.0,0.0],"rotation":0,"texture":"#0","tintindex":0},"south":{"uv":[0.0,0.0,1.0,0.0],"rotation":0,"texture":"#0","tintindex":0},"north":{"uv":[0.0,0.0,1.0,0.0],"rotation":0,"texture":"#0","tintindex":0},"west":{"uv":[0.0,0.0,1.0,0.0],"rotation":0,"texture":"#0","tintindex":0},"up":{"uv":[8.0,11.5,7.0,10.5],"rotation":0,"texture":"#0","tintindex":0},"down":{"uv":[8.0,10.25,7.0,11.25],"rotation":0,"texture":"#0","tintindex":0}}},{"from":[6.857143,10.272532,6.857143],"to":[9.142858,11.986818,9.142858],"rotation":{"angle":0.0,"axis":"y","origin":[5.142857,11.41539,3.142857]},"faces":{"east":{"uv":[11.0,8.5,12.0,9.25],"rotation":0,"texture":"#0","tintindex":0},"south":{"uv":[11.0,10.75,12.0,11.5],"rotation":0,"texture":"#0","tintindex":0},"north":{"uv":[11.0,7.75,12.0,8.5],"rotation":0,"texture":"#0","tintindex":0},"west":{"uv":[4.0,11.25,5.0,12.0],"rotation":0,"texture":"#0","tintindex":0},"up":{"uv":[10.0,11.75,9.0,10.75],"rotation":0,"texture":"#0","tintindex":0},"down":{"uv":[11.75,9.75,10.75,10.75],"rotation":0,"texture":"#0","tintindex":0}}},{"from":[6.857143,11.5536375,6.2362895],"to":[9.142858,13.267923,6.2362895],"rotation":{"angle":-45.0,"axis":"x","origin":[5.142857,12.696495,6.2362895]},"faces":{"east":{"uv":[0.0,0.0,0.0,0.75],"rotation":0,"texture":"#0","tintindex":0},"south":{"uv":[6.0,11.5,7.0,12.25],"rotation":0,"texture":"#0","tintindex":0},"north":{"uv":[6.0,11.5,7.0,12.25],"rotation":0,"texture":"#0","tintindex":0},"west":{"uv":[0.0,0.0,0.0,0.75],"rotation":0,"texture":"#0","tintindex":0},"up":{"uv":[1.0,0.0,0.0,0.0],"rotation":0,"texture":"#0","tintindex":0},"down":{"uv":[1.0,0.0,0.0,0.0],"rotation":0,"texture":"#0","tintindex":0}}},{"from":[5.428571,10.272532,5.428571],"to":[10.571428,11.41539,5.428571],"rotation":{"angle":0.0,"axis":"y","origin":[8.0,-1.1560392,8.0]},"faces":{"east":{"uv":[0.0,0.0,0.0,0.5],"rotation":0,"texture":"#0","tintindex":0},"south":{"uv":[10.5,6.0,12.75,6.5],"rotation":0,"texture":"#0","tintindex":0},"north":{"uv":[10.5,6.0,12.75,6.5],"rotation":0,"texture":"#0","tintindex":0},"west":{"uv":[0.0,0.0,0.0,0.5],"rotation":0,"texture":"#0","tintindex":0},"up":{"uv":[2.25,0.0,0.0,0.0],"rotation":0,"texture":"#0","tintindex":0},"down":{"uv":[2.25,0.0,0.0,0.0],"rotation":0,"texture":"#0","tintindex":0}}},{"from":[5.714286,10.272532,5.714286],"to":[10.285714,11.41539,10.285714],"rotation":{"angle":0.0,"axis":"y","origin":[5.142857,11.41539,3.142857]},"faces":{"east":{"uv":[14.0,4.5,16.0,5.0],"rotation":0,"texture":"#0","tintindex":0},"south":{"uv":[14.0,5.0,16.0,5.5],"rotation":0,"texture":"#0","tintindex":0},"north":{"uv":[14.0,4.0,16.0,4.5],"rotation":0,"texture":"#0","tintindex":0},"west":{"uv":[14.0,5.5,16.0,6.0],"rotation":0,"texture":"#0","tintindex":0},"up":{"uv":[16.0,2.0,14.0,0.0],"rotation":0,"texture":"#0","tintindex":0},"down":{"uv":[16.0,2.0,14.0,4.0],"rotation":0,"texture":"#0","tintindex":0}}},{"from":[10.571428,10.272532,5.428571],"to":[10.571428,11.41539,10.571428],"rotation":{"angle":0.0,"axis":"y","origin":[8.0,-1.1560392,8.0]},"faces":{"east":{"uv":[10.5,6.0,12.75,6.5],"rotation":0,"texture":"#0","tintindex":0},"south":{"uv":[0.0,0.0,0.0,0.5],"rotation":0,"texture":"#0","tintindex":0},"north":{"uv":[0.0,0.0,0.0,0.5],"rotation":0,"texture":"#0","tintindex":0},"west":{"uv":[10.5,6.0,12.75,6.5],"rotation":0,"texture":"#0","tintindex":0},"up":{"uv":[2.25,0.0,0.0,0.0],"rotation":90,"texture":"#0","tintindex":0},"down":{"uv":[2.25,0.0,0.0,0.0],"rotation":270,"texture":"#0","tintindex":0}}},{"from":[9.763711,11.5536375,6.857143],"to":[9.763711,13.267923,9.142858],"rotation":{"angle":-45.0,"axis":"z","origin":[9.763711,12.696495,5.142857]},"faces":{"east":{"uv":[6.0,11.5,7.0,12.25],"rotation":0,"texture":"#0","tintindex":0},"south":{"uv":[0.0,0.0,0.0,0.75],"rotation":0,"texture":"#0","tintindex":0},"north":{"uv":[0.0,0.0,0.0,0.75],"rotation":0,"texture":"#0","tintindex":0},"west":{"uv":[6.0,11.5,7.0,12.25],"rotation":0,"texture":"#0","tintindex":0},"up":{"uv":[1.0,0.0,0.0,0.0],"rotation":90,"texture":"#0","tintindex":0},"down":{"uv":[1.0,0.0,0.0,0.0],"rotation":270,"texture":"#0","tintindex":0}}},{"from":[11.379551,9.937798,6.857143],"to":[11.379551,11.652083,9.142858],"rotation":{"angle":-45.0,"axis":"z","origin":[11.379551,11.080654,5.142857]},"faces":{"east":{"uv":[10.5,7.0,11.5,7.75],"rotation":0,"texture":"#0","tintindex":0},"south":{"uv":[0.0,0.0,0.0,0.75],"rotation":0,"texture":"#0","tintindex":0},"north":{"uv":[0.0,0.0,0.0,0.75],"rotation":0,"texture":"#0","tintindex":0},"west":{"uv":[10.5,7.0,11.5,7.75],"rotation":0,"texture":"#0","tintindex":0},"up":{"uv":[1.0,0.0,0.0,0.0],"rotation":90,"texture":"#0","tintindex":0},"down":{"uv":[1.0,0.0,0.0,0.0],"rotation":270,"texture":"#0","tintindex":0}}},{"from":[9.093836,11.652083,6.857143],"to":[11.379551,11.652083,9.142858],"rotation":{"angle":-45.0,"axis":"z","origin":[11.379551,11.080654,5.142857]},"faces":{"east":{"uv":[0.0,0.0,1.0,0.0],"rotation":0,"texture":"#0","tintindex":0},"south":{"uv":[0.0,0.0,1.0,0.0],"rotation":0,"texture":"#0","tintindex":0},"north":{"uv":[0.0,0.0,1.0,0.0],"rotation":0,"texture":"#0","tintindex":0},"west":{"uv":[0.0,0.0,1.0,0.0],"rotation":0,"texture":"#0","tintindex":0},"up":{"uv":[8.0,11.5,7.0,10.5],"rotation":90,"texture":"#0","tintindex":0},"down":{"uv":[8.0,10.25,7.0,11.25],"rotation":270,"texture":"#0","tintindex":0}}},{"from":[5.428571,10.272532,10.571428],"to":[10.571428,11.41539,10.571428],"rotation":{"angle":0.0,"axis":"y","origin":[8.0,-1.1560392,8.0]},"faces":{"east":{"uv":[0.0,0.0,0.0,0.5],"rotation":0,"texture":"#0","tintindex":0},"south":{"uv":[10.5,6.0,12.75,6.5],"rotation":0,"texture":"#0","tintindex":0},"north":{"uv":[10.5,6.0,12.75,6.5],"rotation":0,"texture":"#0","tintindex":0},"west":{"uv":[0.0,0.0,0.0,0.5],"rotation":0,"texture":"#0","tintindex":0},"up":{"uv":[2.25,0.0,0.0,0.0],"rotation":180,"texture":"#0","tintindex":0},"down":{"uv":[2.25,0.0,0.0,0.0],"rotation":180,"texture":"#0","tintindex":0}}},{"from":[6.857143,11.5536375,9.763711],"to":[9.142858,13.267923,9.763711],"rotation":{"angle":45.0,"axis":"x","origin":[10.857143,12.696495,9.763711]},"faces":{"east":{"uv":[0.0,0.0,0.0,0.75],"rotation":0,"texture":"#0","tintindex":0},"south":{"uv":[6.0,11.5,7.0,12.25],"rotation":0,"texture":"#0","tintindex":0},"north":{"uv":[6.0,11.5,7.0,12.25],"rotation":0,"texture":"#0","tintindex":0},"west":{"uv":[0.0,0.0,0.0,0.75],"rotation":0,"texture":"#0","tintindex":0},"up":{"uv":[1.0,0.0,0.0,0.0],"rotation":180,"texture":"#0","tintindex":0},"down":{"uv":[1.0,0.0,0.0,0.0],"rotation":180,"texture":"#0","tintindex":0}}},{"from":[6.857143,9.937798,11.379551],"to":[9.142858,11.652083,11.379551],"rotation":{"angle":45.0,"axis":"x","origin":[10.857143,11.080654,11.379551]},"faces":{"east":{"uv":[0.0,0.0,0.0,0.75],"rotation":0,"texture":"#0","tintindex":0},"south":{"uv":[10.5,7.0,11.5,7.75],"rotation":0,"texture":"#0","tintindex":0},"north":{"uv":[10.5,7.0,11.5,7.75],"rotation":0,"texture":"#0","tintindex":0},"west":{"uv":[0.0,0.0,0.0,0.75],"rotation":0,"texture":"#0","tintindex":0},"up":{"uv":[1.0,0.0,0.0,0.0],"rotation":180,"texture":"#0","tintindex":0},"down":{"uv":[1.0,0.0,0.0,0.0],"rotation":180,"texture":"#0","tintindex":0}}},{"from":[6.857143,11.652083,9.093836],"to":[9.142858,11.652083,11.379551],"rotation":{"angle":45.0,"axis":"x","origin":[10.857143,11.080654,11.379551]},"faces":{"east":{"uv":[0.0,0.0,1.0,0.0],"rotation":0,"texture":"#0","tintindex":0},"south":{"uv":[0.0,0.0,1.0,0.0],"rotation":0,"texture":"#0","tintindex":0},"north":{"uv":[0.0,0.0,1.0,0.0],"rotation":0,"texture":"#0","tintindex":0},"west":{"uv":[0.0,0.0,1.0,0.0],"rotation":0,"texture":"#0","tintindex":0},"up":{"uv":[8.0,11.5,7.0,10.5],"rotation":180,"texture":"#0","tintindex":0},"down":{"uv":[8.0,10.25,7.0,11.25],"rotation":180,"texture":"#0","tintindex":0}}},{"from":[5.428571,10.272532,5.428571],"to":[5.428571,11.41539,10.571428],"rotation":{"angle":0.0,"axis":"y","origin":[8.0,-1.1560392,8.0]},"faces":{"east":{"uv":[10.5,6.0,12.75,6.5],"rotation":0,"texture":"#0","tintindex":0},"south":{"uv":[0.0,0.0,0.0,0.5],"rotation":0,"texture":"#0","tintindex":0},"north":{"uv":[0.0,0.0,0.0,0.5],"rotation":0,"texture":"#0","tintindex":0},"west":{"uv":[10.5,6.0,12.75,6.5],"rotation":0,"texture":"#0","tintindex":0},"up":{"uv":[2.25,0.0,0.0,0.0],"rotation":270,"texture":"#0","tintindex":0},"down":{"uv":[2.25,0.0,0.0,0.0],"rotation":90,"texture":"#0","tintindex":0}}},{"from":[6.2362895,11.5536375,6.857143],"to":[6.2362895,13.267923,9.142858],"rotation":{"angle":45.0,"axis":"z","origin":[6.2362895,12.696495,10.857143]},"faces":{"east":{"uv":[6.0,11.5,7.0,12.25],"rotation":0,"texture":"#0","tintindex":0},"south":{"uv":[0.0,0.0,0.0,0.75],"rotation":0,"texture":"#0","tintindex":0},"north":{"uv":[0.0,0.0,0.0,0.75],"rotation":0,"texture":"#0","tintindex":0},"west":{"uv":[6.0,11.5,7.0,12.25],"rotation":0,"texture":"#0","tintindex":0},"up":{"uv":[1.0,0.0,0.0,0.0],"rotation":270,"texture":"#0","tintindex":0},"down":{"uv":[1.0,0.0,0.0,0.0],"rotation":90,"texture":"#0","tintindex":0}}},{"from":[4.620449,9.937798,6.857143],"to":[4.620449,11.652083,9.142858],"rotation":{"angle":45.0,"axis":"z","origin":[4.620449,11.080654,10.857143]},"faces":{"east":{"uv":[10.5,7.0,11.5,7.75],"rotation":0,"texture":"#0","tintindex":0},"south":{"uv":[0.0,0.0,0.0,0.75],"rotation":0,"texture":"#0","tintindex":0},"north":{"uv":[0.0,0.0,0.0,0.75],"rotation":0,"texture":"#0","tintindex":0},"west":{"uv":[10.5,7.0,11.5,7.75],"rotation":0,"texture":"#0","tintindex":0},"up":{"uv":[1.0,0.0,0.0,0.0],"rotation":270,"texture":"#0","tintindex":0},"down":{"uv":[1.0,0.0,0.0,0.0],"rotation":90,"texture":"#0","tintindex":0}}},{"from":[4.620449,11.652083,6.857143],"to":[6.9061637,11.652083,9.142858],"rotation":{"angle":45.0,"axis":"z","origin":[4.620449,11.080654,10.857143]},"faces":{"east":{"uv":[0.0,0.0,1.0,0.0],"rotation":0,"texture":"#0","tintindex":0},"south":{"uv":[0.0,0.0,1.0,0.0],"rotation":0,"texture":"#0","tintindex":0},"north":{"uv":[0.0,0.0,1.0,0.0],"rotation":0,"texture":"#0","tintindex":0},"west":{"uv":[0.0,0.0,1.0,0.0],"rotation":0,"texture":"#0","tintindex":0},"up":{"uv":[8.0,11.5,7.0,10.5],"rotation":270,"texture":"#0","tintindex":0},"down":{"uv":[8.0,10.25,7.0,11.25],"rotation":90,"texture":"#0","tintindex":0}}}],"textures":{"0":"modelengine:entity/king_jelly"},"display":{"head":{"translation":[0.0,-6.4,0.0],"scale":[4.0,4.0,4.0]}}}