{"elements":[{"from":[5.142857,6.285714,8.0],"to":[8.571428,8.571428,8.0],"rotation":{"angle":0.0,"axis":"y","origin":[8.571428,2.8571424,12.657143]},"faces":{"east":{"uv":[0.0,0.0,0.0,1.0],"rotation":0,"texture":"#0","tintindex":0},"south":{"uv":[11.75,5.0,10.25,6.0],"rotation":0,"texture":"#0","tintindex":0},"north":{"uv":[10.25,5.0,11.75,6.0],"rotation":0,"texture":"#0","tintindex":0},"west":{"uv":[0.0,0.0,0.0,1.0],"rotation":0,"texture":"#0","tintindex":0},"up":{"uv":[1.5,0.0,0.0,0.0],"rotation":0,"texture":"#0","tintindex":0},"down":{"uv":[1.5,0.0,0.0,0.0],"rotation":0,"texture":"#0","tintindex":0}}}],"textures":{"0":"modelengine:entity/king_jelly"},"display":{"head":{"translation":[0.0,-6.4,0.0],"scale":[4.0,4.0,4.0]}}}