{"elements":[{"from":[7.4342856,5.1485715,7.4342856],"to":[8.565714,7.9942856,8.565714],"rotation":{"angle":0.0,"axis":"y","origin":[4.285714,5.142857,3.4285712]},"faces":{"east":{"uv":[9.5,0.0,10.5,2.5],"rotation":0,"texture":"#0","tintindex":0},"south":{"uv":[1.0,9.5,2.0,12.0],"rotation":0,"texture":"#0","tintindex":0},"north":{"uv":[0.0,9.5,1.0,12.0],"rotation":0,"texture":"#0","tintindex":0},"west":{"uv":[4.5,9.5,5.5,12.0],"rotation":0,"texture":"#0","tintindex":0},"up":{"uv":[12.5,6.0,11.5,5.0],"rotation":0,"texture":"#0","tintindex":0},"down":{"uv":[6.5,11.5,5.5,12.5],"rotation":0,"texture":"#0","tintindex":0}}},{"from":[8.714286,8.142858,8.714286],"to":[7.285714,5.0,7.285714],"rotation":{"angle":0.0,"axis":"y","origin":[4.285714,5.142857,3.4285712]},"faces":{"east":{"uv":[15.5,15.5,16.0,16.0],"rotation":0,"texture":"#0","tintindex":0},"south":{"uv":[15.5,15.5,16.0,16.0],"rotation":0,"texture":"#0","tintindex":0},"north":{"uv":[15.5,15.5,16.0,16.0],"rotation":0,"texture":"#0","tintindex":0},"west":{"uv":[15.5,15.5,16.0,16.0],"rotation":0,"texture":"#0","tintindex":0},"up":{"uv":[15.5,15.5,16.0,16.0],"rotation":0,"texture":"#0","tintindex":0},"down":{"uv":[15.5,15.5,16.0,16.0],"rotation":0,"texture":"#0","tintindex":0}}},{"from":[7.285714,5.0,7.285714],"to":[8.714286,5.8571424,8.714286],"rotation":{"angle":0.0,"axis":"y","origin":[4.285714,5.142857,3.4285712]},"faces":{"east":{"uv":[12.0,7.5,13.0,8.0],"rotation":0,"texture":"#0","tintindex":0},"south":{"uv":[12.0,8.0,13.0,8.5],"rotation":0,"texture":"#0","tintindex":0},"north":{"uv":[7.0,12.0,8.0,12.5],"rotation":0,"texture":"#0","tintindex":0},"west":{"uv":[12.0,8.5,13.0,9.0],"rotation":0,"texture":"#0","tintindex":0},"up":{"uv":[9.5,12.5,8.5,11.5],"rotation":0,"texture":"#0","tintindex":0},"down":{"uv":[12.5,9.5,11.5,10.5],"rotation":0,"texture":"#0","tintindex":0}}},{"from":[8.857143,6.0,8.857143],"to":[7.142857,4.8571424,7.142857],"rotation":{"angle":0.0,"axis":"y","origin":[4.285714,5.142857,3.4285712]},"faces":{"east":{"uv":[15.5,15.5,16.0,16.0],"rotation":0,"texture":"#0","tintindex":0},"south":{"uv":[15.5,15.5,16.0,16.0],"rotation":0,"texture":"#0","tintindex":0},"north":{"uv":[15.5,15.5,16.0,16.0],"rotation":0,"texture":"#0","tintindex":0},"west":{"uv":[15.5,15.5,16.0,16.0],"rotation":0,"texture":"#0","tintindex":0},"up":{"uv":[15.5,16.0,16.0,16.0],"rotation":0,"texture":"#0","tintindex":0},"down":{"uv":[15.5,15.0,16.0,15.5],"rotation":0,"texture":"#0","tintindex":0}}}],"textures":{"0":"modelengine:entity/cracko"},"display":{"head":{"translation":[0.0,-6.4,0.0],"scale":[4.0,4.0,4.0]}}}