{"elements":[{"from":[7.4342856,6.2914286,7.4342856],"to":[8.565714,7.9942856,8.565714],"rotation":{"angle":0.0,"axis":"y","origin":[11.714286,6.285714,3.4285712]},"faces":{"east":{"uv":[8.0,0.0,8.5,0.75],"rotation":0,"texture":"#0","tintindex":0},"south":{"uv":[8.0,2.5,8.5,3.25],"rotation":0,"texture":"#0","tintindex":0},"north":{"uv":[3.0,7.75,3.5,8.5],"rotation":0,"texture":"#0","tintindex":0},"west":{"uv":[8.0,4.5,8.5,5.25],"rotation":0,"texture":"#0","tintindex":0},"up":{"uv":[8.75,1.75,8.25,1.25],"rotation":0,"texture":"#0","tintindex":0},"down":{"uv":[8.75,1.75,8.25,2.25],"rotation":0,"texture":"#0","tintindex":0}}},{"from":[7.285714,6.142857,7.285714],"to":[8.714286,7.0,8.714286],"rotation":{"angle":0.0,"axis":"y","origin":[11.714286,6.285714,3.4285712]},"faces":{"east":{"uv":[8.5,7.0,9.0,7.25],"rotation":0,"texture":"#0","tintindex":0},"south":{"uv":[7.25,8.5,7.75,8.75],"rotation":0,"texture":"#0","tintindex":0},"north":{"uv":[8.5,6.75,9.0,7.0],"rotation":0,"texture":"#0","tintindex":0},"west":{"uv":[8.5,7.25,9.0,7.5],"rotation":0,"texture":"#0","tintindex":0},"up":{"uv":[9.0,3.75,8.5,3.25],"rotation":0,"texture":"#0","tintindex":0},"down":{"uv":[4.0,8.5,3.5,9.0],"rotation":0,"texture":"#0","tintindex":0}}},{"from":[8.857143,7.142857,8.857143],"to":[7.142857,6.0,7.142857],"rotation":{"angle":0.0,"axis":"y","origin":[11.714286,6.285714,3.4285712]},"faces":{"east":{"uv":[0.25,15.75,0.0,16.0],"rotation":0,"texture":"#0","tintindex":0},"south":{"uv":[0.25,15.75,0.0,16.0],"rotation":0,"texture":"#0","tintindex":0},"north":{"uv":[0.25,15.75,0.0,16.0],"rotation":0,"texture":"#0","tintindex":0},"west":{"uv":[0.25,15.75,0.0,16.0],"rotation":0,"texture":"#0","tintindex":0},"up":{"uv":[0.25,15.75,0.0,16.0],"rotation":0,"texture":"#0","tintindex":0},"down":{"uv":[16.0,15.75,15.75,16.0],"rotation":0,"texture":"#0","tintindex":0}}},{"from":[8.714286,8.142858,8.714286],"to":[7.285714,6.142857,7.285714],"rotation":{"angle":0.0,"axis":"y","origin":[11.714286,6.285714,3.4285712]},"faces":{"east":{"uv":[0.25,15.75,0.0,16.0],"rotation":0,"texture":"#0","tintindex":0},"south":{"uv":[0.25,15.75,0.0,16.0],"rotation":0,"texture":"#0","tintindex":0},"north":{"uv":[0.25,15.75,0.0,16.0],"rotation":0,"texture":"#0","tintindex":0},"west":{"uv":[0.25,15.75,0.0,16.0],"rotation":0,"texture":"#0","tintindex":0},"up":{"uv":[0.25,15.75,0.0,16.0],"rotation":0,"texture":"#0","tintindex":0},"down":{"uv":[16.0,15.75,15.75,16.0],"rotation":0,"texture":"#0","tintindex":0}}}],"textures":{"0":"modelengine:entity/employee"},"display":{"head":{"translation":[0.0,-6.4,0.0],"scale":[4.0,4.0,4.0]}}}