{"elements":[{"from":[5.142857,8.0,4.0],"to":[10.285714,11.428572,9.142858],"rotation":{"angle":0.0,"axis":"y","origin":[8.0,-1.7142859,4.5714283]},"faces":{"east":{"uv":[7.125,1.375,8.25,2.125],"rotation":0,"texture":"#0","tintindex":0},"south":{"uv":[7.125,2.125,8.25,2.875],"rotation":0,"texture":"#0","tintindex":0},"north":{"uv":[0.0,7.125,1.125,7.875],"rotation":0,"texture":"#0","tintindex":0},"west":{"uv":[3.375,7.125,4.5,7.875],"rotation":0,"texture":"#0","tintindex":0},"up":{"uv":[1.125,3.625,0.0,2.5],"rotation":0,"texture":"#0","tintindex":0},"down":{"uv":[2.25,3.375,1.125,4.5],"rotation":0,"texture":"#0","tintindex":0}}},{"from":[6.857143,7.428571,2.8571424],"to":[8.571428,10.285714,4.0],"rotation":{"angle":0.0,"axis":"y","origin":[8.0,-1.7142859,4.5714283]},"faces":{"east":{"uv":[10.5,0.75,10.75,1.375],"rotation":0,"texture":"#0","tintindex":0},"south":{"uv":[0.375,10.375,0.75,11.0],"rotation":0,"texture":"#0","tintindex":0},"north":{"uv":[0.0,10.375,0.375,11.0],"rotation":0,"texture":"#0","tintindex":0},"west":{"uv":[10.5,1.375,10.75,2.0],"rotation":0,"texture":"#0","tintindex":0},"up":{"uv":[10.625,11.0,10.25,10.75],"rotation":0,"texture":"#0","tintindex":0},"down":{"uv":[11.125,10.25,10.75,10.5],"rotation":0,"texture":"#0","tintindex":0}}},{"from":[6.285714,6.285714,3.4285712],"to":[9.142858,9.142858,3.4285712],"rotation":{"angle":0.0,"axis":"y","origin":[8.0,-1.7142859,4.5714283]},"faces":{"east":{"uv":[0.0,0.0,0.0,0.625],"rotation":0,"texture":"#0","tintindex":0},"south":{"uv":[5.125,9.375,5.75,10.0],"rotation":0,"texture":"#0","tintindex":0},"north":{"uv":[1.125,9.125,1.75,9.75],"rotation":0,"texture":"#0","tintindex":0},"west":{"uv":[0.0,0.0,0.0,0.625],"rotation":0,"texture":"#0","tintindex":0},"up":{"uv":[0.625,0.0,0.0,0.0],"rotation":0,"texture":"#0","tintindex":0},"down":{"uv":[0.625,0.0,0.0,0.0],"rotation":0,"texture":"#0","tintindex":0}}}],"textures":{"0":"modelengine:entity/gp2_goblin_warrior_parts"},"display":{"head":{"translation":[0.0,-6.4,0.0],"scale":[4.0,4.0,4.0]}}}