{"elements":[{"from":[5.142857,8.0,4.0],"to":[10.285714,11.428572,9.142858],"rotation":{"angle":0.0,"axis":"y","origin":[8.0,-1.7142859,4.5714283]},"faces":{"east":{"uv":[2.25,7.25,3.375,8.0],"rotation":0,"texture":"#0","tintindex":0},"south":{"uv":[7.375,2.875,8.5,3.625],"rotation":0,"texture":"#0","tintindex":0},"north":{"uv":[1.125,7.25,2.25,8.0],"rotation":0,"texture":"#0","tintindex":0},"west":{"uv":[4.5,7.625,5.625,8.375],"rotation":0,"texture":"#0","tintindex":0},"up":{"uv":[3.375,4.5,2.25,3.375],"rotation":0,"texture":"#0","tintindex":0},"down":{"uv":[4.5,3.375,3.375,4.5],"rotation":0,"texture":"#0","tintindex":0}}},{"from":[6.857143,7.428571,2.8571424],"to":[8.571428,10.285714,4.0],"rotation":{"angle":0.0,"axis":"y","origin":[8.0,-1.7142859,4.5714283]},"faces":{"east":{"uv":[1.5,10.5,1.75,11.125],"rotation":0,"texture":"#0","tintindex":0},"south":{"uv":[1.125,10.375,1.5,11.0],"rotation":0,"texture":"#0","tintindex":0},"north":{"uv":[0.75,10.375,1.125,11.0],"rotation":0,"texture":"#0","tintindex":0},"west":{"uv":[5.125,10.5,5.375,11.125],"rotation":0,"texture":"#0","tintindex":0},"up":{"uv":[11.125,10.75,10.75,10.5],"rotation":0,"texture":"#0","tintindex":0},"down":{"uv":[11.0,10.75,10.625,11.0],"rotation":0,"texture":"#0","tintindex":0}}}],"textures":{"0":"modelengine:entity/gp2_goblin_warrior_parts"},"display":{"head":{"translation":[0.0,-6.4,0.0],"scale":[4.0,4.0,4.0]}}}