{"elements":[{"from":[5.142857,8.0,4.0],"to":[10.285714,11.428572,9.142858],"rotation":{"angle":0.0,"axis":"y","origin":[8.0,-1.7142859,4.5714283]},"faces":{"east":{"uv":[6.875,0.625,8.0,1.375],"rotation":0,"texture":"#0","tintindex":0},"south":{"uv":[4.5,6.875,5.625,7.625],"rotation":0,"texture":"#0","tintindex":0},"north":{"uv":[6.75,6.25,7.875,7.0],"rotation":0,"texture":"#0","tintindex":0},"west":{"uv":[7.0,3.625,8.125,4.375],"rotation":0,"texture":"#0","tintindex":0},"up":{"uv":[2.375,3.375,1.25,2.25],"rotation":0,"texture":"#0","tintindex":0},"down":{"uv":[3.5,0.0,2.375,1.125],"rotation":0,"texture":"#0","tintindex":0}}},{"from":[6.857143,7.428571,2.8571424],"to":[8.571428,10.285714,4.0],"rotation":{"angle":0.0,"axis":"y","origin":[8.0,-1.7142859,4.5714283]},"faces":{"east":{"uv":[8.5,10.375,8.75,11.0],"rotation":0,"texture":"#0","tintindex":0},"south":{"uv":[6.375,10.25,6.75,10.875],"rotation":0,"texture":"#0","tintindex":0},"north":{"uv":[6.0,10.25,6.375,10.875],"rotation":0,"texture":"#0","tintindex":0},"west":{"uv":[8.75,10.375,9.0,11.0],"rotation":0,"texture":"#0","tintindex":0},"up":{"uv":[7.5,10.875,7.125,10.625],"rotation":0,"texture":"#0","tintindex":0},"down":{"uv":[11.125,9.5,10.75,9.75],"rotation":0,"texture":"#0","tintindex":0}}}],"textures":{"0":"modelengine:entity/gp2_goblin_warrior_parts"},"display":{"head":{"translation":[0.0,-6.4,0.0],"scale":[4.0,4.0,4.0]}}}