{"elements":[{"from":[5.142857,8.0,4.0],"to":[10.285714,11.428572,9.142858],"rotation":{"angle":0.0,"axis":"y","origin":[8.0,-1.7142859,4.5714283]},"faces":{"east":{"uv":[6.75,7.75,7.875,8.5],"rotation":0,"texture":"#0","tintindex":0},"south":{"uv":[0.0,7.875,1.125,8.625],"rotation":0,"texture":"#0","tintindex":0},"north":{"uv":[5.625,7.75,6.75,8.5],"rotation":0,"texture":"#0","tintindex":0},"west":{"uv":[3.375,7.875,4.5,8.625],"rotation":0,"texture":"#0","tintindex":0},"up":{"uv":[4.625,1.125,3.5,0.0],"rotation":0,"texture":"#0","tintindex":0},"down":{"uv":[4.625,1.125,3.5,2.25],"rotation":0,"texture":"#0","tintindex":0}}},{"from":[8.571428,10.285714,3.9428568],"to":[11.428572,12.0,3.9428568],"rotation":{"angle":0.0,"axis":"y","origin":[8.0,-1.7142859,4.5714283]},"faces":{"east":{"uv":[0.0,0.0,0.0,0.375],"rotation":0,"texture":"#0","tintindex":0},"south":{"uv":[10.25,8.125,10.875,8.5],"rotation":0,"texture":"#0","tintindex":0},"north":{"uv":[10.25,5.875,10.875,6.25],"rotation":0,"texture":"#0","tintindex":0},"west":{"uv":[0.0,0.0,0.0,0.375],"rotation":0,"texture":"#0","tintindex":0},"up":{"uv":[0.625,0.0,0.0,0.0],"rotation":0,"texture":"#0","tintindex":0},"down":{"uv":[0.625,0.0,0.0,0.0],"rotation":0,"texture":"#0","tintindex":0}}},{"from":[4.0,10.285714,3.9428568],"to":[6.857143,12.0,3.9428568],"rotation":{"angle":0.0,"axis":"y","origin":[130.28572,-1.7142859,4.5714283]},"faces":{"east":{"uv":[0.0,0.0,0.0,0.375],"rotation":0,"texture":"#0","tintindex":0},"south":{"uv":[10.375,6.625,11.0,7.0],"rotation":0,"texture":"#0","tintindex":0},"north":{"uv":[10.375,6.25,11.0,6.625],"rotation":0,"texture":"#0","tintindex":0},"west":{"uv":[0.0,0.0,0.0,0.375],"rotation":0,"texture":"#0","tintindex":0},"up":{"uv":[0.625,0.0,0.0,0.0],"rotation":0,"texture":"#0","tintindex":0},"down":{"uv":[0.625,0.0,0.0,0.0],"rotation":0,"texture":"#0","tintindex":0}}},{"from":[6.857143,7.428571,2.8571424],"to":[8.571428,10.285714,4.0],"rotation":{"angle":0.0,"axis":"y","origin":[8.0,-1.7142859,4.5714283]},"faces":{"east":{"uv":[5.375,10.5,5.625,11.125],"rotation":0,"texture":"#0","tintindex":0},"south":{"uv":[4.75,10.375,5.125,11.0],"rotation":0,"texture":"#0","tintindex":0},"north":{"uv":[10.375,3.875,10.75,4.5],"rotation":0,"texture":"#0","tintindex":0},"west":{"uv":[10.5,9.5,10.75,10.125],"rotation":0,"texture":"#0","tintindex":0},"up":{"uv":[11.25,0.5,10.875,0.25],"rotation":0,"texture":"#0","tintindex":0},"down":{"uv":[2.125,10.875,1.75,11.125],"rotation":0,"texture":"#0","tintindex":0}}}],"textures":{"0":"modelengine:entity/gp2_goblin_warrior_parts"},"display":{"head":{"translation":[0.0,-6.4,0.0],"scale":[4.0,4.0,4.0]}}}