{"elements":[{"from":[5.142857,8.0,4.0],"to":[10.285714,11.428572,9.142858],"rotation":{"angle":0.0,"axis":"y","origin":[8.0,-1.7142859,4.5714283]},"faces":{"east":{"uv":[7.0,5.125,8.125,5.875],"rotation":0,"texture":"#0","tintindex":0},"south":{"uv":[5.625,7.0,6.75,7.75],"rotation":0,"texture":"#0","tintindex":0},"north":{"uv":[7.0,4.375,8.125,5.125],"rotation":0,"texture":"#0","tintindex":0},"west":{"uv":[6.75,7.0,7.875,7.75],"rotation":0,"texture":"#0","tintindex":0},"up":{"uv":[3.5,2.25,2.375,1.125],"rotation":0,"texture":"#0","tintindex":0},"down":{"uv":[3.5,2.25,2.375,3.375],"rotation":0,"texture":"#0","tintindex":0}}},{"from":[6.857143,7.428571,2.8571424],"to":[8.571428,10.285714,4.0],"rotation":{"angle":0.0,"axis":"y","origin":[8.0,-1.7142859,4.5714283]},"faces":{"east":{"uv":[9.0,10.375,9.25,11.0],"rotation":0,"texture":"#0","tintindex":0},"south":{"uv":[7.625,10.25,8.0,10.875],"rotation":0,"texture":"#0","tintindex":0},"north":{"uv":[6.75,10.25,7.125,10.875],"rotation":0,"texture":"#0","tintindex":0},"west":{"uv":[9.25,10.375,9.5,11.0],"rotation":0,"texture":"#0","tintindex":0},"up":{"uv":[11.125,10.0,10.75,9.75],"rotation":0,"texture":"#0","tintindex":0},"down":{"uv":[11.125,10.0,10.75,10.25],"rotation":0,"texture":"#0","tintindex":0}}},{"from":[5.714286,8.0,3.4285712],"to":[9.714286,9.142858,3.4285712],"rotation":{"angle":0.0,"axis":"y","origin":[8.0,-1.7142859,4.5714283]},"faces":{"east":{"uv":[0.0,0.0,0.0,0.25],"rotation":0,"texture":"#0","tintindex":0},"south":{"uv":[10.375,7.5,11.25,7.75],"rotation":0,"texture":"#0","tintindex":0},"north":{"uv":[10.375,7.25,11.25,7.5],"rotation":0,"texture":"#0","tintindex":0},"west":{"uv":[0.0,0.0,0.0,0.25],"rotation":0,"texture":"#0","tintindex":0},"up":{"uv":[0.875,0.0,0.0,0.0],"rotation":0,"texture":"#0","tintindex":0},"down":{"uv":[0.875,0.0,0.0,0.0],"rotation":0,"texture":"#0","tintindex":0}}}],"textures":{"0":"modelengine:entity/gp2_goblin_warrior_parts"},"display":{"head":{"translation":[0.0,-6.4,0.0],"scale":[4.0,4.0,4.0]}}}