{"elements":[{"from":[5.714286,8.0,3.4285712],"to":[6.857143,9.142858,4.0],"rotation":{"angle":0.0,"axis":"y","origin":[8.0,-1.1428576,4.0]},"faces":{"east":{"uv":[5.625,10.0,5.75,10.25],"rotation":0,"texture":"#0","tintindex":0},"south":{"uv":[10.875,3.25,11.125,3.5],"rotation":0,"texture":"#0","tintindex":0},"north":{"uv":[3.125,10.875,3.375,11.125],"rotation":0,"texture":"#0","tintindex":0},"west":{"uv":[1.75,10.5,1.875,10.75],"rotation":0,"texture":"#0","tintindex":0},"up":{"uv":[7.375,3.0,7.125,2.875],"rotation":0,"texture":"#0","tintindex":0},"down":{"uv":[8.5,2.75,8.25,2.875],"rotation":0,"texture":"#0","tintindex":0}}},{"from":[5.428571,8.0,4.0],"to":[5.428571,8.571428,8.0],"rotation":{"angle":0.0,"axis":"y","origin":[8.0,-1.1428576,4.0]},"faces":{"east":{"uv":[10.75,1.625,11.625,1.75],"rotation":0,"texture":"#0","tintindex":0},"south":{"uv":[0.0,0.0,0.0,0.125],"rotation":0,"texture":"#0","tintindex":0},"north":{"uv":[0.0,0.0,0.0,0.125],"rotation":0,"texture":"#0","tintindex":0},"west":{"uv":[10.75,1.75,11.625,1.875],"rotation":0,"texture":"#0","tintindex":0},"up":{"uv":[0.0,0.875,0.0,0.0],"rotation":0,"texture":"#0","tintindex":0},"down":{"uv":[0.0,0.0,0.0,0.875],"rotation":0,"texture":"#0","tintindex":0}}},{"from":[10.0,8.0,4.0],"to":[10.0,8.571428,8.0],"rotation":{"angle":0.0,"axis":"y","origin":[8.0,-1.1428576,4.0]},"faces":{"east":{"uv":[10.75,1.875,11.625,2.0],"rotation":0,"texture":"#0","tintindex":0},"south":{"uv":[0.0,0.0,0.0,0.125],"rotation":0,"texture":"#0","tintindex":0},"north":{"uv":[0.0,0.0,0.0,0.125],"rotation":0,"texture":"#0","tintindex":0},"west":{"uv":[3.125,10.75,4.0,10.875],"rotation":0,"texture":"#0","tintindex":0},"up":{"uv":[0.0,0.875,0.0,0.0],"rotation":0,"texture":"#0","tintindex":0},"down":{"uv":[0.0,0.0,0.0,0.875],"rotation":0,"texture":"#0","tintindex":0}}},{"from":[5.142857,6.285714,3.4285712],"to":[10.285714,8.0,8.0],"rotation":{"angle":0.0,"axis":"y","origin":[8.0,-1.1428576,4.0]},"faces":{"east":{"uv":[9.5,1.125,10.5,1.5],"rotation":0,"texture":"#0","tintindex":0},"south":{"uv":[9.0,9.125,10.125,9.5],"rotation":0,"texture":"#0","tintindex":0},"north":{"uv":[9.125,8.25,10.25,8.625],"rotation":0,"texture":"#0","tintindex":0},"west":{"uv":[9.5,1.5,10.5,1.875],"rotation":0,"texture":"#0","tintindex":0},"up":{"uv":[5.875,6.125,4.75,5.125],"rotation":0,"texture":"#0","tintindex":0},"down":{"uv":[1.125,5.375,0.0,6.375],"rotation":0,"texture":"#0","tintindex":0}}},{"from":[6.285714,4.0,3.4285712],"to":[8.571428,6.285714,3.4285712],"rotation":{"angle":22.5,"axis":"x","origin":[7.428571,6.285714,3.4285712]},"faces":{"east":{"uv":[0.0,0.0,0.0,0.5],"rotation":0,"texture":"#0","tintindex":0},"south":{"uv":[10.125,8.875,10.625,9.375],"rotation":0,"texture":"#0","tintindex":0},"north":{"uv":[7.125,10.125,7.625,10.625],"rotation":0,"texture":"#0","tintindex":0},"west":{"uv":[0.0,0.0,0.0,0.5],"rotation":0,"texture":"#0","tintindex":0},"up":{"uv":[0.5,0.0,0.0,0.0],"rotation":0,"texture":"#0","tintindex":0},"down":{"uv":[0.5,0.0,0.0,0.0],"rotation":0,"texture":"#0","tintindex":0}}},{"from":[5.428571,8.0,3.7142854],"to":[10.0,8.571428,3.7142854],"rotation":{"angle":0.0,"axis":"y","origin":[8.0,-1.1428576,4.0]},"faces":{"east":{"uv":[0.0,0.0,0.0,0.125],"rotation":0,"texture":"#0","tintindex":0},"south":{"uv":[10.625,5.25,11.625,5.375],"rotation":0,"texture":"#0","tintindex":0},"north":{"uv":[10.625,5.125,11.625,5.25],"rotation":0,"texture":"#0","tintindex":0},"west":{"uv":[0.0,0.0,0.0,0.125],"rotation":0,"texture":"#0","tintindex":0},"up":{"uv":[1.0,0.0,0.0,0.0],"rotation":0,"texture":"#0","tintindex":0},"down":{"uv":[1.0,0.0,0.0,0.0],"rotation":0,"texture":"#0","tintindex":0}}}],"textures":{"0":"modelengine:entity/gp2_goblin_warrior_parts"},"display":{"head":{"translation":[0.0,-6.4,0.0],"scale":[4.0,4.0,4.0]}}}