{"elements":[{"from":[5.714286,8.0,3.4285712],"to":[6.857143,9.142858,4.0],"rotation":{"angle":0.0,"axis":"y","origin":[8.0,-1.1428576,4.0]},"faces":{"east":{"uv":[7.75,8.5,7.875,8.75],"rotation":0,"texture":"#0","tintindex":0},"south":{"uv":[7.125,9.375,7.375,9.625],"rotation":0,"texture":"#0","tintindex":0},"north":{"uv":[4.25,8.875,4.5,9.125],"rotation":0,"texture":"#0","tintindex":0},"west":{"uv":[8.5,9.25,8.625,9.5],"rotation":0,"texture":"#0","tintindex":0},"up":{"uv":[1.375,5.5,1.125,5.375],"rotation":0,"texture":"#0","tintindex":0},"down":{"uv":[5.625,3.0,5.375,3.125],"rotation":0,"texture":"#0","tintindex":0}}},{"from":[8.571428,8.0,3.4285712],"to":[9.714286,9.142858,4.0],"rotation":{"angle":0.0,"axis":"y","origin":[8.0,-1.1428576,4.0]},"faces":{"east":{"uv":[6.75,10.875,6.875,11.125],"rotation":0,"texture":"#0","tintindex":0},"south":{"uv":[4.5,10.875,4.75,11.125],"rotation":0,"texture":"#0","tintindex":0},"north":{"uv":[10.875,3.625,11.125,3.875],"rotation":0,"texture":"#0","tintindex":0},"west":{"uv":[6.875,10.875,7.0,11.125],"rotation":0,"texture":"#0","tintindex":0},"up":{"uv":[9.625,3.25,9.375,3.125],"rotation":0,"texture":"#0","tintindex":0},"down":{"uv":[9.875,0.25,9.625,0.375],"rotation":0,"texture":"#0","tintindex":0}}},{"from":[5.428571,8.0,4.0],"to":[5.428571,8.571428,8.0],"rotation":{"angle":0.0,"axis":"y","origin":[8.0,-1.1428576,4.0]},"faces":{"east":{"uv":[10.75,0.125,11.625,0.25],"rotation":0,"texture":"#0","tintindex":0},"south":{"uv":[0.0,0.0,0.0,0.125],"rotation":0,"texture":"#0","tintindex":0},"north":{"uv":[0.0,0.0,0.0,0.125],"rotation":0,"texture":"#0","tintindex":0},"west":{"uv":[10.75,0.75,11.625,0.875],"rotation":0,"texture":"#0","tintindex":0},"up":{"uv":[0.0,0.875,0.0,0.0],"rotation":0,"texture":"#0","tintindex":0},"down":{"uv":[0.0,0.0,0.0,0.875],"rotation":0,"texture":"#0","tintindex":0}}},{"from":[10.0,8.0,4.0],"to":[10.0,8.571428,8.0],"rotation":{"angle":0.0,"axis":"y","origin":[8.0,-1.1428576,4.0]},"faces":{"east":{"uv":[10.75,0.875,11.625,1.0],"rotation":0,"texture":"#0","tintindex":0},"south":{"uv":[0.0,0.0,0.0,0.125],"rotation":0,"texture":"#0","tintindex":0},"north":{"uv":[0.0,0.0,0.0,0.125],"rotation":0,"texture":"#0","tintindex":0},"west":{"uv":[10.75,1.0,11.625,1.125],"rotation":0,"texture":"#0","tintindex":0},"up":{"uv":[0.0,0.875,0.0,0.0],"rotation":0,"texture":"#0","tintindex":0},"down":{"uv":[0.0,0.0,0.0,0.875],"rotation":0,"texture":"#0","tintindex":0}}},{"from":[5.142857,6.285714,3.4285712],"to":[10.285714,8.0,8.0],"rotation":{"angle":0.0,"axis":"y","origin":[8.0,-1.1428576,4.0]},"faces":{"east":{"uv":[9.375,7.375,10.375,7.75],"rotation":0,"texture":"#0","tintindex":0},"south":{"uv":[9.125,0.375,10.25,0.75],"rotation":0,"texture":"#0","tintindex":0},"north":{"uv":[0.0,9.125,1.125,9.5],"rotation":0,"texture":"#0","tintindex":0},"west":{"uv":[9.375,7.75,10.375,8.125],"rotation":0,"texture":"#0","tintindex":0},"up":{"uv":[5.75,1.0,4.625,0.0],"rotation":0,"texture":"#0","tintindex":0},"down":{"uv":[5.75,1.0,4.625,2.0],"rotation":0,"texture":"#0","tintindex":0}}},{"from":[5.428571,8.0,3.7142854],"to":[10.0,8.571428,3.7142854],"rotation":{"angle":0.0,"axis":"y","origin":[8.0,-1.1428576,4.0]},"faces":{"east":{"uv":[0.0,0.0,0.0,0.125],"rotation":0,"texture":"#0","tintindex":0},"south":{"uv":[10.625,4.75,11.625,4.875],"rotation":0,"texture":"#0","tintindex":0},"north":{"uv":[10.625,4.625,11.625,4.75],"rotation":0,"texture":"#0","tintindex":0},"west":{"uv":[0.0,0.0,0.0,0.125],"rotation":0,"texture":"#0","tintindex":0},"up":{"uv":[1.0,0.0,0.0,0.0],"rotation":0,"texture":"#0","tintindex":0},"down":{"uv":[1.0,0.0,0.0,0.0],"rotation":0,"texture":"#0","tintindex":0}}}],"textures":{"0":"modelengine:entity/gp2_goblin_warrior_parts"},"display":{"head":{"translation":[0.0,-6.4,0.0],"scale":[4.0,4.0,4.0]}}}