{"elements":[{"from":[5.714286,8.0,3.4285712],"to":[6.857143,9.142858,4.0],"rotation":{"angle":0.0,"axis":"y","origin":[8.0,-1.1428576,4.0]},"faces":{"east":{"uv":[1.0,9.5,1.125,9.75],"rotation":0,"texture":"#0","tintindex":0},"south":{"uv":[10.875,2.25,11.125,2.5],"rotation":0,"texture":"#0","tintindex":0},"north":{"uv":[10.25,10.5,10.5,10.75],"rotation":0,"texture":"#0","tintindex":0},"west":{"uv":[4.375,9.5,4.5,9.75],"rotation":0,"texture":"#0","tintindex":0},"up":{"uv":[5.875,6.25,5.625,6.125],"rotation":0,"texture":"#0","tintindex":0},"down":{"uv":[7.125,1.375,6.875,1.5],"rotation":0,"texture":"#0","tintindex":0}}},{"from":[5.428571,8.0,4.0],"to":[5.428571,8.571428,8.0],"rotation":{"angle":0.0,"axis":"y","origin":[8.0,-1.1428576,4.0]},"faces":{"east":{"uv":[10.75,1.125,11.625,1.25],"rotation":0,"texture":"#0","tintindex":0},"south":{"uv":[0.0,0.0,0.0,0.125],"rotation":0,"texture":"#0","tintindex":0},"north":{"uv":[0.0,0.0,0.0,0.125],"rotation":0,"texture":"#0","tintindex":0},"west":{"uv":[10.75,1.25,11.625,1.375],"rotation":0,"texture":"#0","tintindex":0},"up":{"uv":[0.0,0.875,0.0,0.0],"rotation":0,"texture":"#0","tintindex":0},"down":{"uv":[0.0,0.0,0.0,0.875],"rotation":0,"texture":"#0","tintindex":0}}},{"from":[10.0,8.0,4.0],"to":[10.0,8.571428,8.0],"rotation":{"angle":0.0,"axis":"y","origin":[8.0,-1.1428576,4.0]},"faces":{"east":{"uv":[10.75,1.375,11.625,1.5],"rotation":0,"texture":"#0","tintindex":0},"south":{"uv":[0.0,0.0,0.0,0.125],"rotation":0,"texture":"#0","tintindex":0},"north":{"uv":[0.0,0.0,0.0,0.125],"rotation":0,"texture":"#0","tintindex":0},"west":{"uv":[10.75,1.5,11.625,1.625],"rotation":0,"texture":"#0","tintindex":0},"up":{"uv":[0.0,0.875,0.0,0.0],"rotation":0,"texture":"#0","tintindex":0},"down":{"uv":[0.0,0.0,0.0,0.875],"rotation":0,"texture":"#0","tintindex":0}}},{"from":[5.142857,6.285714,3.4285712],"to":[10.285714,8.0,8.0],"rotation":{"angle":0.0,"axis":"y","origin":[8.0,-1.1428576,4.0]},"faces":{"east":{"uv":[0.0,9.5,1.0,9.875],"rotation":0,"texture":"#0","tintindex":0},"south":{"uv":[9.125,5.875,10.25,6.25],"rotation":0,"texture":"#0","tintindex":0},"north":{"uv":[3.375,9.125,4.5,9.5],"rotation":0,"texture":"#0","tintindex":0},"west":{"uv":[9.5,0.75,10.5,1.125],"rotation":0,"texture":"#0","tintindex":0},"up":{"uv":[5.875,5.125,4.75,4.125],"rotation":0,"texture":"#0","tintindex":0},"down":{"uv":[6.0,2.0,4.875,3.0],"rotation":0,"texture":"#0","tintindex":0}}},{"from":[5.428571,8.0,3.7142854],"to":[10.0,8.571428,3.7142854],"rotation":{"angle":0.0,"axis":"y","origin":[8.0,-1.1428576,4.0]},"faces":{"east":{"uv":[0.0,0.0,0.0,0.125],"rotation":0,"texture":"#0","tintindex":0},"south":{"uv":[10.625,5.0,11.625,5.125],"rotation":0,"texture":"#0","tintindex":0},"north":{"uv":[10.625,4.875,11.625,5.0],"rotation":0,"texture":"#0","tintindex":0},"west":{"uv":[0.0,0.0,0.0,0.125],"rotation":0,"texture":"#0","tintindex":0},"up":{"uv":[1.0,0.0,0.0,0.0],"rotation":0,"texture":"#0","tintindex":0},"down":{"uv":[1.0,0.0,0.0,0.0],"rotation":0,"texture":"#0","tintindex":0}}}],"textures":{"0":"modelengine:entity/gp2_goblin_warrior_parts"},"display":{"head":{"translation":[0.0,-6.4,0.0],"scale":[4.0,4.0,4.0]}}}