{"elements":[{"from":[5.714286,8.0,3.4285712],"to":[6.857143,9.142858,4.0],"rotation":{"angle":0.0,"axis":"y","origin":[8.0,-1.1428576,4.0]},"faces":{"east":{"uv":[1.125,3.125,1.25,3.375],"rotation":0,"texture":"#0","tintindex":0},"south":{"uv":[4.25,8.625,4.5,8.875],"rotation":0,"texture":"#0","tintindex":0},"north":{"uv":[4.625,2.0,4.875,2.25],"rotation":0,"texture":"#0","tintindex":0},"west":{"uv":[7.875,0.375,8.0,0.625],"rotation":0,"texture":"#0","tintindex":0},"up":{"uv":[5.125,3.125,4.875,3.0],"rotation":0,"texture":"#0","tintindex":0},"down":{"uv":[5.375,3.0,5.125,3.125],"rotation":0,"texture":"#0","tintindex":0}}},{"from":[5.428571,8.0,4.0],"to":[5.428571,8.571428,8.0],"rotation":{"angle":0.0,"axis":"y","origin":[8.0,-1.1428576,4.0]},"faces":{"east":{"uv":[9.375,8.125,10.25,8.25],"rotation":0,"texture":"#0","tintindex":0},"south":{"uv":[0.0,0.0,0.0,0.125],"rotation":0,"texture":"#0","tintindex":0},"north":{"uv":[0.0,0.0,0.0,0.125],"rotation":0,"texture":"#0","tintindex":0},"west":{"uv":[10.625,8.875,11.5,9.0],"rotation":0,"texture":"#0","tintindex":0},"up":{"uv":[0.0,0.875,0.0,0.0],"rotation":0,"texture":"#0","tintindex":0},"down":{"uv":[0.0,0.0,0.0,0.875],"rotation":0,"texture":"#0","tintindex":0}}},{"from":[10.0,8.0,4.0],"to":[10.0,8.571428,8.0],"rotation":{"angle":0.0,"axis":"y","origin":[8.0,-1.1428576,4.0]},"faces":{"east":{"uv":[10.625,9.0,11.5,9.125],"rotation":0,"texture":"#0","tintindex":0},"south":{"uv":[0.0,0.0,0.0,0.125],"rotation":0,"texture":"#0","tintindex":0},"north":{"uv":[0.0,0.0,0.0,0.125],"rotation":0,"texture":"#0","tintindex":0},"west":{"uv":[10.625,9.125,11.5,9.25],"rotation":0,"texture":"#0","tintindex":0},"up":{"uv":[0.0,0.875,0.0,0.0],"rotation":0,"texture":"#0","tintindex":0},"down":{"uv":[0.0,0.0,0.0,0.875],"rotation":0,"texture":"#0","tintindex":0}}},{"from":[5.142857,6.285714,3.4285712],"to":[10.285714,8.0,8.0],"rotation":{"angle":0.0,"axis":"y","origin":[8.0,-1.1428576,4.0]},"faces":{"east":{"uv":[5.75,9.375,6.75,9.75],"rotation":0,"texture":"#0","tintindex":0},"south":{"uv":[5.125,9.0,6.25,9.375],"rotation":0,"texture":"#0","tintindex":0},"north":{"uv":[8.5,3.25,9.625,3.625],"rotation":0,"texture":"#0","tintindex":0},"west":{"uv":[9.375,6.25,10.375,6.625],"rotation":0,"texture":"#0","tintindex":0},"up":{"uv":[2.5,5.5,1.375,4.5],"rotation":0,"texture":"#0","tintindex":0},"down":{"uv":[3.625,4.5,2.5,5.5],"rotation":0,"texture":"#0","tintindex":0}}},{"from":[6.285714,4.5714283,3.4285712],"to":[9.142858,6.285714,3.4285712],"rotation":{"angle":-22.5,"axis":"x","origin":[7.714286,6.285714,3.4285712]},"faces":{"east":{"uv":[0.0,0.0,0.0,0.375],"rotation":0,"texture":"#0","tintindex":0},"south":{"uv":[10.25,3.125,10.875,3.5],"rotation":0,"texture":"#0","tintindex":0},"north":{"uv":[10.25,0.25,10.875,0.625],"rotation":0,"texture":"#0","tintindex":0},"west":{"uv":[0.0,0.0,0.0,0.375],"rotation":0,"texture":"#0","tintindex":0},"up":{"uv":[0.625,0.0,0.0,0.0],"rotation":0,"texture":"#0","tintindex":0},"down":{"uv":[0.625,0.0,0.0,0.0],"rotation":0,"texture":"#0","tintindex":0}}},{"from":[5.428571,8.0,3.7142854],"to":[10.0,8.571428,3.7142854],"rotation":{"angle":0.0,"axis":"y","origin":[8.0,-1.1428576,4.0]},"faces":{"east":{"uv":[0.0,0.0,0.0,0.125],"rotation":0,"texture":"#0","tintindex":0},"south":{"uv":[10.5,2.0,11.5,2.125],"rotation":0,"texture":"#0","tintindex":0},"north":{"uv":[9.125,8.625,10.125,8.75],"rotation":0,"texture":"#0","tintindex":0},"west":{"uv":[0.0,0.0,0.0,0.125],"rotation":0,"texture":"#0","tintindex":0},"up":{"uv":[1.0,0.0,0.0,0.0],"rotation":0,"texture":"#0","tintindex":0},"down":{"uv":[1.0,0.0,0.0,0.0],"rotation":0,"texture":"#0","tintindex":0}}}],"textures":{"0":"modelengine:entity/gp2_goblin_warrior_parts"},"display":{"head":{"translation":[0.0,-6.4,0.0],"scale":[4.0,4.0,4.0]}}}