{"elements":[{"from":[6.4,0.2587757,4.8],"to":[7.2,1.0587759,5.2],"rotation":{"angle":0.0,"axis":"y","origin":[8.0,-6.141224,5.2]},"faces":{"east":{"uv":[6.5,10.875,6.625,11.125],"rotation":0,"texture":"#0","tintindex":0},"south":{"uv":[3.625,10.875,3.875,11.125],"rotation":0,"texture":"#0","tintindex":0},"north":{"uv":[3.375,10.875,3.625,11.125],"rotation":0,"texture":"#0","tintindex":0},"west":{"uv":[6.625,10.875,6.75,11.125],"rotation":0,"texture":"#0","tintindex":0},"up":{"uv":[5.375,8.5,5.125,8.375],"rotation":0,"texture":"#0","tintindex":0},"down":{"uv":[5.625,8.375,5.375,8.5],"rotation":0,"texture":"#0","tintindex":0}}},{"from":[6.2,0.2587757,5.2],"to":[6.2,0.6587758,8.0],"rotation":{"angle":0.0,"axis":"y","origin":[8.0,-6.141224,5.2]},"faces":{"east":{"uv":[10.75,3.875,11.625,4.0],"rotation":0,"texture":"#0","tintindex":0},"south":{"uv":[0.0,0.0,0.0,0.125],"rotation":0,"texture":"#0","tintindex":0},"north":{"uv":[0.0,0.0,0.0,0.125],"rotation":0,"texture":"#0","tintindex":0},"west":{"uv":[10.75,4.0,11.625,4.125],"rotation":0,"texture":"#0","tintindex":0},"up":{"uv":[0.0,0.875,0.0,0.0],"rotation":0,"texture":"#0","tintindex":0},"down":{"uv":[0.0,0.0,0.0,0.875],"rotation":0,"texture":"#0","tintindex":0}}},{"from":[9.4,0.2587757,5.2],"to":[9.4,0.6587758,8.0],"rotation":{"angle":0.0,"axis":"y","origin":[8.0,-6.141224,5.2]},"faces":{"east":{"uv":[10.75,4.125,11.625,4.25],"rotation":0,"texture":"#0","tintindex":0},"south":{"uv":[0.0,0.0,0.0,0.125],"rotation":0,"texture":"#0","tintindex":0},"north":{"uv":[0.0,0.0,0.0,0.125],"rotation":0,"texture":"#0","tintindex":0},"west":{"uv":[10.75,4.25,11.625,4.375],"rotation":0,"texture":"#0","tintindex":0},"up":{"uv":[0.0,0.875,0.0,0.0],"rotation":0,"texture":"#0","tintindex":0},"down":{"uv":[0.0,0.0,0.0,0.875],"rotation":0,"texture":"#0","tintindex":0}}},{"from":[6.0,-0.9412241,4.8],"to":[9.6,0.2587757,8.0],"rotation":{"angle":0.0,"axis":"y","origin":[8.0,-6.141224,5.2]},"faces":{"east":{"uv":[9.5,1.875,10.5,2.25],"rotation":0,"texture":"#0","tintindex":0},"south":{"uv":[9.375,2.75,10.5,3.125],"rotation":0,"texture":"#0","tintindex":0},"north":{"uv":[7.375,9.25,8.5,9.625],"rotation":0,"texture":"#0","tintindex":0},"west":{"uv":[3.375,9.5,4.375,9.875],"rotation":0,"texture":"#0","tintindex":0},"up":{"uv":[2.25,6.5,1.125,5.5],"rotation":0,"texture":"#0","tintindex":0},"down":{"uv":[3.375,5.5,2.25,6.5],"rotation":0,"texture":"#0","tintindex":0}}},{"from":[5.8469267,-1.7107763,4.8],"to":[5.8469267,-0.91077614,8.0],"rotation":{"angle":-22.5,"axis":"z","origin":[5.8469267,-1.3107758,6.4]},"faces":{"east":{"uv":[3.5,3.375,4.5,3.125],"rotation":0,"texture":"#0","tintindex":0},"south":{"uv":[0.0,0.0,0.0,0.25],"rotation":0,"texture":"#0","tintindex":0},"north":{"uv":[0.0,0.0,0.0,0.25],"rotation":0,"texture":"#0","tintindex":0},"west":{"uv":[10.125,5.625,11.125,5.875],"rotation":0,"texture":"#0","tintindex":0},"up":{"uv":[0.0,1.0,0.0,0.0],"rotation":0,"texture":"#0","tintindex":0},"down":{"uv":[0.0,0.0,0.0,1.0],"rotation":0,"texture":"#0","tintindex":0}}},{"from":[16.299435,31.199999,4.8],"to":[16.299435,32.0,8.0],"rotation":{"angle":22.5,"axis":"z","origin":[95.753075,-1.3107758,6.4]},"faces":{"east":{"uv":[8.625,10.125,9.625,10.375],"rotation":0,"texture":"#0","tintindex":0},"south":{"uv":[0.0,0.0,0.0,0.25],"rotation":0,"texture":"#0","tintindex":0},"north":{"uv":[0.0,0.0,0.0,0.25],"rotation":0,"texture":"#0","tintindex":0},"west":{"uv":[4.5,3.375,3.5,3.125],"rotation":0,"texture":"#0","tintindex":0},"up":{"uv":[0.0,1.0,0.0,0.0],"rotation":0,"texture":"#0","tintindex":0},"down":{"uv":[0.0,0.0,0.0,1.0],"rotation":0,"texture":"#0","tintindex":0}}},{"from":[6.0,-1.3242769,2.8762736],"to":[9.6,-1.3242769,4.876273],"rotation":{"angle":-22.5,"axis":"x","origin":[7.8,-1.3242769,3.8762736]},"faces":{"east":{"uv":[0.0,0.0,0.625,0.0],"rotation":0,"texture":"#0","tintindex":0},"south":{"uv":[0.0,0.0,1.125,0.0],"rotation":0,"texture":"#0","tintindex":0},"north":{"uv":[0.0,0.0,1.125,0.0],"rotation":0,"texture":"#0","tintindex":0},"west":{"uv":[0.0,0.0,0.625,0.0],"rotation":0,"texture":"#0","tintindex":0},"up":{"uv":[9.125,1.0,8.0,0.375],"rotation":0,"texture":"#0","tintindex":0},"down":{"uv":[2.25,8.0,1.125,8.625],"rotation":0,"texture":"#0","tintindex":0}}},{"from":[6.2,0.2587757,5.0],"to":[9.4,0.6587758,5.0],"rotation":{"angle":0.0,"axis":"y","origin":[8.0,-6.141224,5.2]},"faces":{"east":{"uv":[0.0,0.0,0.0,0.125],"rotation":0,"texture":"#0","tintindex":0},"south":{"uv":[10.625,5.5,11.625,5.625],"rotation":0,"texture":"#0","tintindex":0},"north":{"uv":[10.625,5.375,11.625,5.5],"rotation":0,"texture":"#0","tintindex":0},"west":{"uv":[0.0,0.0,0.0,0.125],"rotation":0,"texture":"#0","tintindex":0},"up":{"uv":[1.0,0.0,0.0,0.0],"rotation":0,"texture":"#0","tintindex":0},"down":{"uv":[1.0,0.0,0.0,0.0],"rotation":0,"texture":"#0","tintindex":0}}}],"textures":{"0":"modelengine:entity/gp2_goblin_warrior_parts"},"display":{"head":{"translation":[0.0,24.564898,0.0],"scale":[4.0,4.0,4.0]}}}