{"elements":[{"from":[4.034663,6.793764,5.714286],"to":[8.034663,9.079478,8.0],"rotation":{"angle":0.0,"axis":"y","origin":[18.320377,1.0794783,1.7142854]},"faces":{"east":{"uv":[5.125,10.0,5.625,10.5],"rotation":0,"texture":"#0","tintindex":0},"south":{"uv":[5.125,8.5,6.0,9.0],"rotation":0,"texture":"#0","tintindex":0},"north":{"uv":[8.5,2.75,9.375,3.25],"rotation":0,"texture":"#0","tintindex":0},"west":{"uv":[10.0,9.5,10.5,10.0],"rotation":0,"texture":"#0","tintindex":0},"up":{"uv":[6.875,9.0,6.0,8.5],"rotation":0,"texture":"#0","tintindex":0},"down":{"uv":[7.75,8.5,6.875,9.0],"rotation":0,"texture":"#0","tintindex":0}}},{"from":[3.142857,5.714286,5.428571],"to":[5.428571,8.0,8.285714],"rotation":{"angle":45.0,"axis":"z","origin":[3.4285712,6.857143,6.857143]},"faces":{"east":{"uv":[9.5,4.625,10.125,5.125],"rotation":0,"texture":"#0","tintindex":0},"south":{"uv":[0.5,9.875,1.0,10.375],"rotation":0,"texture":"#0","tintindex":0},"north":{"uv":[0.0,9.875,0.5,10.375],"rotation":0,"texture":"#0","tintindex":0},"west":{"uv":[9.5,5.125,10.125,5.625],"rotation":0,"texture":"#0","tintindex":0},"up":{"uv":[9.5,10.125,9.0,9.5],"rotation":0,"texture":"#0","tintindex":0},"down":{"uv":[10.0,9.5,9.5,10.125],"rotation":0,"texture":"#0","tintindex":0}}}],"textures":{"0":"modelengine:entity/gp2_goblin_warrior_parts"},"display":{"head":{"translation":[0.0,-6.4,0.0],"scale":[4.0,4.0,4.0]}}}