{"elements":[{"from":[8.0,6.0,8.0],"to":[8.0,10.0,13.142858],"rotation":{"angle":0.0,"axis":"y","origin":[8.0,8.0,10.571428]},"faces":{"east":{"uv":[0.0,3.625,1.125,4.5],"rotation":0,"texture":"#0","tintindex":0},"south":{"uv":[0.0,0.0,0.0,0.875],"rotation":0,"texture":"#0","tintindex":0},"north":{"uv":[0.0,0.0,0.0,0.875],"rotation":0,"texture":"#0","tintindex":0},"west":{"uv":[3.375,5.5,4.5,6.375],"rotation":0,"texture":"#0","tintindex":0},"up":{"uv":[0.0,1.125,0.0,0.0],"rotation":0,"texture":"#0","tintindex":0},"down":{"uv":[0.0,0.0,0.0,1.125],"rotation":0,"texture":"#0","tintindex":0}}},{"from":[6.857143,6.5714283,10.285714],"to":[9.142858,8.857143,10.285714],"rotation":{"angle":0.0,"axis":"y","origin":[8.0,8.0,10.571428]},"faces":{"east":{"uv":[0.0,0.0,0.0,0.5],"rotation":0,"texture":"#0","tintindex":0},"south":{"uv":[6.25,9.75,6.75,10.25],"rotation":0,"texture":"#0","tintindex":0},"north":{"uv":[5.75,9.75,6.25,10.25],"rotation":0,"texture":"#0","tintindex":0},"west":{"uv":[0.0,0.0,0.0,0.5],"rotation":0,"texture":"#0","tintindex":0},"up":{"uv":[0.5,0.0,0.0,0.0],"rotation":0,"texture":"#0","tintindex":0},"down":{"uv":[0.5,0.0,0.0,0.0],"rotation":0,"texture":"#0","tintindex":0}}}],"textures":{"0":"modelengine:entity/gp2_goblin_warrior_parts"},"display":{"head":{"translation":[0.0,-6.4,0.0],"scale":[4.0,4.0,4.0]}}}