{"elements":[{"from":[7.142857,6.285714,-4.714286],"to":[8.857143,9.714286,0.42857122],"rotation":{"angle":0.0,"axis":"y","origin":[-26.0,-0.8571434,-9.857143]},"faces":{"east":{"uv":[6.0,1.5,7.125,2.25],"rotation":0,"texture":"#0","tintindex":0},"south":{"uv":[1.5,9.75,1.875,10.5],"rotation":0,"texture":"#0","tintindex":0},"north":{"uv":[8.25,9.625,8.625,10.375],"rotation":0,"texture":"#0","tintindex":0},"west":{"uv":[6.0,2.25,7.125,3.0],"rotation":0,"texture":"#0","tintindex":0},"up":{"uv":[2.125,9.75,1.75,8.625],"rotation":0,"texture":"#0","tintindex":0},"down":{"uv":[9.0,8.75,8.625,9.875],"rotation":0,"texture":"#0","tintindex":0}}},{"from":[7.142857,7.142857,0.42857122],"to":[8.285714,8.857143,10.142858],"rotation":{"angle":0.0,"axis":"y","origin":[-26.0,-0.8571434,-9.857143]},"faces":{"east":{"uv":[7.0,5.875,9.125,6.25],"rotation":0,"texture":"#0","tintindex":0},"south":{"uv":[8.0,1.0,8.25,1.375],"rotation":0,"texture":"#0","tintindex":0},"north":{"uv":[4.5,4.125,4.75,4.5],"rotation":0,"texture":"#0","tintindex":0},"west":{"uv":[7.5,0.0,9.625,0.375],"rotation":0,"texture":"#0","tintindex":0},"up":{"uv":[2.5,10.125,2.25,8.0],"rotation":0,"texture":"#0","tintindex":0},"down":{"uv":[2.75,8.0,2.5,10.125],"rotation":0,"texture":"#0","tintindex":0}}}],"textures":{"0":"modelengine:entity/gp2_goblin_warrior_parts"},"display":{"head":{"translation":[0.0,-6.4,0.0],"scale":[4.0,4.0,4.0]}}}