{"elements":[{"from":[2.8571424,8.0,8.0],"to":[13.142858,8.0,14.285715],"rotation":{"angle":0.0,"axis":"y","origin":[8.571428,3.4285712,6.857143]},"faces":{"east":{"uv":[0.0,0.0,0.6875,0.0],"rotation":0,"texture":"#1","tintindex":0},"south":{"uv":[0.0,0.0,1.125,0.0],"rotation":0,"texture":"#1","tintindex":0},"north":{"uv":[0.0,0.0,1.125,0.0],"rotation":0,"texture":"#1","tintindex":0},"west":{"uv":[0.0,0.0,0.6875,0.0],"rotation":0,"texture":"#1","tintindex":0},"up":{"uv":[3.375,2.75,2.25,2.0625],"rotation":0,"texture":"#1","tintindex":0},"down":{"uv":[3.375,2.0625,2.25,2.75],"rotation":0,"texture":"#1","tintindex":0}}}],"textures":{"1":"modelengine:entity/astral_archon_2"},"display":{"head":{"translation":[0.0,-6.4,0.0],"scale":[4.0,4.0,4.0]}}}