{"elements":[{"from":[5.428571,7.428571,5.714286],"to":[10.571428,12.571428,9.714286],"rotation":{"angle":0.0,"axis":"y","origin":[8.0,8.0,9.714286]},"faces":{"east":{"uv":[3.6875,6.4375,4.125,7.0],"rotation":0,"texture":"#1","tintindex":0},"south":{"uv":[5.625,4.5625,6.1875,5.125],"rotation":0,"texture":"#1","tintindex":0},"north":{"uv":[5.1875,5.5,5.75,6.0625],"rotation":0,"texture":"#1","tintindex":0},"west":{"uv":[6.5,0.4375,6.9375,1.0],"rotation":0,"texture":"#1","tintindex":0},"up":{"uv":[7.0625,1.4375,6.5,1.0],"rotation":0,"texture":"#1","tintindex":0},"down":{"uv":[6.3125,6.5,5.75,6.9375],"rotation":0,"texture":"#1","tintindex":0}}},{"from":[9.714286,5.714286,4.5714283],"to":[16.57143,8.0,10.857143],"rotation":{"angle":45.0,"axis":"z","origin":[9.428572,5.714286,7.428571]},"faces":{"east":{"uv":[6.8125,5.625,7.5,5.875],"rotation":0,"texture":"#1","tintindex":0},"south":{"uv":[6.8125,4.875,7.5625,5.125],"rotation":0,"texture":"#1","tintindex":0},"north":{"uv":[6.5,1.4375,7.25,1.6875],"rotation":0,"texture":"#1","tintindex":0},"west":{"uv":[6.9375,0.4375,7.625,0.6875],"rotation":0,"texture":"#1","tintindex":0},"up":{"uv":[5.625,5.5,4.875,4.8125],"rotation":0,"texture":"#1","tintindex":0},"down":{"uv":[4.375,5.125,3.625,5.8125],"rotation":0,"texture":"#1","tintindex":0}}},{"from":[7.428571,5.714286,4.5714283],"to":[9.714286,14.857143,10.857143],"rotation":{"angle":45.0,"axis":"z","origin":[9.428572,5.714286,7.428571]},"faces":{"east":{"uv":[2.25,3.4375,2.9375,4.4375],"rotation":0,"texture":"#1","tintindex":0},"south":{"uv":[2.3125,6.375,2.5625,7.375],"rotation":0,"texture":"#1","tintindex":0},"north":{"uv":[4.625,1.75,4.875,2.75],"rotation":0,"texture":"#1","tintindex":0},"west":{"uv":[3.9375,1.75,4.625,2.75],"rotation":0,"texture":"#1","tintindex":0},"up":{"uv":[3.875,5.0625,3.625,4.375],"rotation":0,"texture":"#1","tintindex":0},"down":{"uv":[3.3125,6.875,3.0625,7.5625],"rotation":0,"texture":"#1","tintindex":0}}}],"textures":{"1":"modelengine:entity/astral_archon_2"},"display":{"head":{"translation":[0.0,-6.4,0.0],"scale":[4.0,4.0,4.0]}}}