{"elements":[{"from":[6.857143,-1.7142859,6.5714283],"to":[9.142858,8.0,9.428572],"rotation":{"angle":0.0,"axis":"y","origin":[20.57143,-32.57143,-0.8571434]},"faces":{"east":{"uv":[2.8125,5.5,3.125,6.5625],"rotation":0,"texture":"#1","tintindex":0},"south":{"uv":[0.0,6.125,0.25,7.1875],"rotation":0,"texture":"#1","tintindex":0},"north":{"uv":[4.125,5.8125,4.375,6.875],"rotation":0,"texture":"#1","tintindex":0},"west":{"uv":[4.875,5.5,5.1875,6.5625],"rotation":0,"texture":"#1","tintindex":0},"up":{"uv":[7.8125,7.0,7.5625,6.6875],"rotation":0,"texture":"#1","tintindex":0},"down":{"uv":[7.875,0.3125,7.625,0.625],"rotation":0,"texture":"#1","tintindex":0}}}],"textures":{"1":"modelengine:entity/astral_archon_2"},"display":{"head":{"translation":[0.0,-6.4,0.0],"scale":[4.0,4.0,4.0]}}}