{"elements":[{"from":[7.9936123,7.447389,4.5714283],"to":[14.850756,10.87596,11.428572],"rotation":{"angle":45.0,"axis":"y","origin":[11.422184,8.590246,8.0]},"faces":{"east":{"uv":[6.9375,4.5,6.1875,4.875],"rotation":0,"texture":"#1","tintindex":0},"south":{"uv":[6.9375,4.125,6.1875,4.5],"rotation":0,"texture":"#1","tintindex":0},"north":{"uv":[6.5,6.125,5.75,6.5],"rotation":0,"texture":"#1","tintindex":0},"west":{"uv":[6.9375,3.75,6.1875,4.125],"rotation":0,"texture":"#1","tintindex":0},"up":{"uv":[1.3125,4.8125,2.0625,4.0625],"rotation":0,"texture":"#1","tintindex":0},"down":{"uv":[4.125,1.0,4.875,1.75],"rotation":0,"texture":"#1","tintindex":0}}},{"from":[7.177536,3.5919108,4.0],"to":[15.177536,6.449054,12.0],"rotation":{"angle":-45.0,"axis":"y","origin":[11.177536,5.020482,8.0]},"faces":{"east":{"uv":[7.1875,2.6875,6.3125,3.0],"rotation":0,"texture":"#1","tintindex":0},"south":{"uv":[7.1875,2.375,6.3125,2.6875],"rotation":0,"texture":"#1","tintindex":0},"north":{"uv":[7.1875,1.75,6.3125,2.0625],"rotation":0,"texture":"#1","tintindex":0},"west":{"uv":[7.1875,2.0625,6.3125,2.375],"rotation":0,"texture":"#1","tintindex":0},"up":{"uv":[3.25,0.875,4.125,0.0],"rotation":0,"texture":"#1","tintindex":0},"down":{"uv":[3.25,0.875,4.125,1.75],"rotation":0,"texture":"#1","tintindex":0}}}],"textures":{"1":"modelengine:entity/astral_archon_2"},"display":{"head":{"translation":[0.0,-6.4,0.0],"scale":[4.0,4.0,4.0]}}}