{"elements":[{"from":[7.142857,7.142857,8.0],"to":[8.857143,8.857143,12.0],"rotation":{"angle":0.0,"axis":"y","origin":[7.714286,8.285714,6.857143]},"faces":{"east":{"uv":[6.0,4.25,7.75,5.0],"rotation":0,"texture":"#0","tintindex":0},"south":{"uv":[6.0,8.0,6.75,8.75],"rotation":0,"texture":"#0","tintindex":0},"north":{"uv":[5.25,8.0,6.0,8.75],"rotation":0,"texture":"#0","tintindex":0},"west":{"uv":[1.25,6.25,3.0,7.0],"rotation":0,"texture":"#0","tintindex":0},"up":{"uv":[5.25,7.5,4.5,5.75],"rotation":0,"texture":"#0","tintindex":0},"down":{"uv":[6.0,6.25,5.25,8.0],"rotation":0,"texture":"#0","tintindex":0}}}],"textures":{"0":"modelengine:entity/cavalier"},"display":{"head":{"translation":[0.0,-6.4,0.0],"scale":[4.0,4.0,4.0]}}}