{"elements":[{"from":[7.714286,7.714286,-6.285715],"to":[8.285714,8.285714,8.571428],"rotation":{"angle":0.0,"axis":"y","origin":[8.0,8.0,8.0]},"faces":{"east":{"uv":[0.0,0.0,13.0,0.5],"rotation":0,"texture":"#1","tintindex":0},"south":{"uv":[3.0,2.0,3.5,2.5],"rotation":0,"texture":"#1","tintindex":0},"north":{"uv":[2.0,3.0,2.5,3.5],"rotation":0,"texture":"#1","tintindex":0},"west":{"uv":[0.0,0.5,13.0,1.0],"rotation":0,"texture":"#1","tintindex":0},"up":{"uv":[0.5,14.0,0.0,1.0],"rotation":0,"texture":"#1","tintindex":0},"down":{"uv":[1.0,1.0,0.5,14.0],"rotation":0,"texture":"#1","tintindex":0}}},{"from":[7.428571,7.428571,-7.4285717],"to":[8.571428,8.571428,-6.285715],"rotation":{"angle":0.0,"axis":"y","origin":[8.0,8.0,8.0]},"faces":{"east":{"uv":[1.0,2.0,2.0,3.0],"rotation":0,"texture":"#1","tintindex":0},"south":{"uv":[2.0,1.0,3.0,2.0],"rotation":0,"texture":"#1","tintindex":0},"north":{"uv":[1.0,1.0,2.0,2.0],"rotation":0,"texture":"#1","tintindex":0},"west":{"uv":[2.0,2.0,3.0,3.0],"rotation":0,"texture":"#1","tintindex":0},"up":{"uv":[2.0,4.0,1.0,3.0],"rotation":0,"texture":"#1","tintindex":0},"down":{"uv":[4.0,1.0,3.0,2.0],"rotation":0,"texture":"#1","tintindex":0}}}],"textures":{"1":"modelengine:entity/chameleon_tongue"},"display":{"head":{"translation":[0.0,-6.4,0.0],"scale":[4.0,4.0,4.0]}}}