{"elements":[{"from":[7.142857,6.857143,5.714286],"to":[8.857143,9.142858,8.0],"rotation":{"angle":0.0,"axis":"y","origin":[7.714286,5.714286,9.142858]},"faces":{"east":{"uv":[15.5,5.0,16.0,5.5],"rotation":0,"texture":"#0","tintindex":0},"south":{"uv":[15.5,5.0,16.0,5.5],"rotation":0,"texture":"#0","tintindex":0},"north":{"uv":[15.5,5.0,16.0,5.5],"rotation":0,"texture":"#0","tintindex":0},"west":{"uv":[15.5,5.0,16.0,5.5],"rotation":0,"texture":"#0","tintindex":0},"up":{"uv":[15.5,5.0,16.0,5.5],"rotation":0,"texture":"#0","tintindex":0},"down":{"uv":[15.5,5.0,16.0,5.5],"rotation":0,"texture":"#0","tintindex":0}}}],"textures":{"0":"modelengine:entity/chameleon"},"display":{"head":{"translation":[0.0,-6.4,0.0],"scale":[4.0,4.0,4.0]}}}