{"elements":[{"from":[6.142857,7.857143,5.0],"to":[9.857143,9.285714,8.142858],"rotation":{"angle":0.0,"axis":"y","origin":[8.0,9.142858,6.5714283]},"faces":{"east":{"uv":[9.0,1.0,11.5,2.0],"rotation":0,"texture":"#0","tintindex":0},"south":{"uv":[8.0,8.5,11.0,9.5],"rotation":0,"texture":"#0","tintindex":0},"north":{"uv":[5.0,8.5,8.0,9.5],"rotation":0,"texture":"#0","tintindex":0},"west":{"uv":[9.0,6.5,11.5,7.5],"rotation":0,"texture":"#0","tintindex":0},"up":{"uv":[5.0,6.5,2.0,4.0],"rotation":0,"texture":"#0","tintindex":0},"down":{"uv":[8.0,4.0,5.0,6.5],"rotation":0,"texture":"#0","tintindex":0}}},{"from":[10.0,9.428572,8.285714],"to":[6.0,7.714286,4.8571424],"rotation":{"angle":0.0,"axis":"y","origin":[8.0,9.142858,6.5714283]},"faces":{"east":{"uv":[15.5,15.5,16.0,16.0],"rotation":0,"texture":"#0","tintindex":0},"south":{"uv":[15.5,15.5,16.0,16.0],"rotation":0,"texture":"#0","tintindex":0},"north":{"uv":[15.5,15.5,16.0,16.0],"rotation":0,"texture":"#0","tintindex":0},"west":{"uv":[15.5,15.5,16.0,16.0],"rotation":0,"texture":"#0","tintindex":0},"up":{"uv":[15.5,15.0,16.0,15.5],"rotation":0,"texture":"#0","tintindex":0},"down":{"uv":[15.5,15.5,16.0,16.0],"rotation":0,"texture":"#0","tintindex":0}}},{"from":[6.285714,7.0,5.142857],"to":[6.857143,7.5714283,5.142857],"rotation":{"angle":45.0,"axis":"z","origin":[6.0,7.857143,5.142857]},"faces":{"east":{"uv":[11.5,6.5,9.0,7.5],"rotation":0,"texture":"#0","tintindex":0},"south":{"uv":[0.5,14.5,0.0,15.0],"rotation":0,"texture":"#0","tintindex":0},"north":{"uv":[0.5,14.5,0.0,15.0],"rotation":0,"texture":"#0","tintindex":0},"west":{"uv":[11.5,1.0,9.0,2.0],"rotation":0,"texture":"#0","tintindex":0},"up":{"uv":[2.0,6.5,5.0,4.0],"rotation":0,"texture":"#0","tintindex":0},"down":{"uv":[5.0,4.0,8.0,6.5],"rotation":0,"texture":"#0","tintindex":0}}},{"from":[9.142858,7.0,5.142857],"to":[9.714286,7.5714283,5.142857],"rotation":{"angle":-45.0,"axis":"z","origin":[10.0,7.857143,5.142857]},"faces":{"east":{"uv":[9.0,1.0,11.5,2.0],"rotation":0,"texture":"#0","tintindex":0},"south":{"uv":[0.0,14.5,0.5,15.0],"rotation":0,"texture":"#0","tintindex":0},"north":{"uv":[0.0,14.5,0.5,15.0],"rotation":0,"texture":"#0","tintindex":0},"west":{"uv":[9.0,6.5,11.5,7.5],"rotation":0,"texture":"#0","tintindex":0},"up":{"uv":[5.0,6.5,2.0,4.0],"rotation":0,"texture":"#0","tintindex":0},"down":{"uv":[8.0,4.0,5.0,6.5],"rotation":0,"texture":"#0","tintindex":0}}},{"from":[7.428571,7.285714,5.142857],"to":[8.571428,8.428572,5.142857],"rotation":{"angle":45.0,"axis":"z","origin":[8.0,7.857143,5.142857]},"faces":{"east":{"uv":[11.5,6.5,9.0,7.5],"rotation":0,"texture":"#0","tintindex":0},"south":{"uv":[0.0,13.0,1.0,14.0],"rotation":0,"texture":"#0","tintindex":0},"north":{"uv":[1.0,13.0,0.0,14.0],"rotation":0,"texture":"#0","tintindex":0},"west":{"uv":[11.5,1.0,9.0,2.0],"rotation":0,"texture":"#0","tintindex":0},"up":{"uv":[2.0,6.5,5.0,4.0],"rotation":0,"texture":"#0","tintindex":0},"down":{"uv":[5.0,4.0,8.0,6.5],"rotation":0,"texture":"#0","tintindex":0}}},{"from":[8.0,9.285714,5.714286],"to":[8.0,10.428572,8.0],"rotation":{"angle":0.0,"axis":"y","origin":[8.0,9.142858,6.5714283]},"faces":{"east":{"uv":[10.0,9.5,12.0,10.5],"rotation":0,"texture":"#0","tintindex":0},"south":{"uv":[0.0,0.0,0.0,1.0],"rotation":0,"texture":"#0","tintindex":0},"north":{"uv":[0.0,0.0,0.0,1.0],"rotation":0,"texture":"#0","tintindex":0},"west":{"uv":[12.0,9.5,10.0,10.5],"rotation":0,"texture":"#0","tintindex":0},"up":{"uv":[0.0,2.0,0.0,0.0],"rotation":0,"texture":"#0","tintindex":0},"down":{"uv":[0.0,0.0,0.0,2.0],"rotation":0,"texture":"#0","tintindex":0}}},{"from":[8.014286,9.142858,5.5714283],"to":[8.014286,10.571428,6.428571],"rotation":{"angle":0.0,"axis":"y","origin":[8.0,9.142858,6.5714283]},"faces":{"east":{"uv":[15.5,15.0,16.0,15.5],"rotation":0,"texture":"#0","tintindex":0},"south":{"uv":[15.5,15.5,16.0,16.0],"rotation":0,"texture":"#0","tintindex":0},"north":{"uv":[15.5,15.5,16.0,16.0],"rotation":0,"texture":"#0","tintindex":0},"west":{"uv":[15.5,15.5,16.0,16.0],"rotation":0,"texture":"#0","tintindex":0},"up":{"uv":[15.5,15.5,16.0,16.0],"rotation":0,"texture":"#0","tintindex":0},"down":{"uv":[15.5,15.5,16.0,16.0],"rotation":0,"texture":"#0","tintindex":0}}},{"from":[8.014286,9.142858,6.714286],"to":[8.014286,10.571428,8.142858],"rotation":{"angle":0.0,"axis":"y","origin":[8.0,9.142858,6.5714283]},"faces":{"east":{"uv":[15.5,15.0,16.0,15.5],"rotation":0,"texture":"#0","tintindex":0},"south":{"uv":[15.5,15.5,16.0,16.0],"rotation":0,"texture":"#0","tintindex":0},"north":{"uv":[15.5,15.5,16.0,16.0],"rotation":0,"texture":"#0","tintindex":0},"west":{"uv":[15.5,15.5,16.0,16.0],"rotation":0,"texture":"#0","tintindex":0},"up":{"uv":[15.5,15.5,16.0,16.0],"rotation":0,"texture":"#0","tintindex":0},"down":{"uv":[15.5,15.5,16.0,16.0],"rotation":0,"texture":"#0","tintindex":0}}},{"from":[8.014286,9.142858,6.142857],"to":[8.014286,10.0,7.0],"rotation":{"angle":0.0,"axis":"y","origin":[8.0,9.142858,6.5714283]},"faces":{"east":{"uv":[15.5,15.0,16.0,15.5],"rotation":0,"texture":"#0","tintindex":0},"south":{"uv":[15.5,15.5,16.0,16.0],"rotation":0,"texture":"#0","tintindex":0},"north":{"uv":[15.5,15.5,16.0,16.0],"rotation":0,"texture":"#0","tintindex":0},"west":{"uv":[15.5,15.5,16.0,16.0],"rotation":0,"texture":"#0","tintindex":0},"up":{"uv":[15.5,15.5,16.0,16.0],"rotation":0,"texture":"#0","tintindex":0},"down":{"uv":[15.5,15.5,16.0,16.0],"rotation":0,"texture":"#0","tintindex":0}}},{"from":[7.9857144,9.142858,5.5714283],"to":[7.9857144,10.571428,6.428571],"rotation":{"angle":0.0,"axis":"y","origin":[8.0,9.142858,6.5714283]},"faces":{"east":{"uv":[16.0,15.5,15.5,16.0],"rotation":0,"texture":"#0","tintindex":0},"south":{"uv":[16.0,15.5,15.5,16.0],"rotation":0,"texture":"#0","tintindex":0},"north":{"uv":[16.0,15.5,15.5,16.0],"rotation":0,"texture":"#0","tintindex":0},"west":{"uv":[16.0,15.0,15.5,15.5],"rotation":0,"texture":"#0","tintindex":0},"up":{"uv":[16.0,15.5,15.5,16.0],"rotation":0,"texture":"#0","tintindex":0},"down":{"uv":[16.0,15.5,15.5,16.0],"rotation":0,"texture":"#0","tintindex":0}}},{"from":[7.9857144,9.142858,6.714286],"to":[7.9857144,10.571428,8.142858],"rotation":{"angle":0.0,"axis":"y","origin":[8.0,9.142858,6.5714283]},"faces":{"east":{"uv":[16.0,15.5,15.5,16.0],"rotation":0,"texture":"#0","tintindex":0},"south":{"uv":[16.0,15.5,15.5,16.0],"rotation":0,"texture":"#0","tintindex":0},"north":{"uv":[16.0,15.5,15.5,16.0],"rotation":0,"texture":"#0","tintindex":0},"west":{"uv":[16.0,15.0,15.5,15.5],"rotation":0,"texture":"#0","tintindex":0},"up":{"uv":[16.0,15.5,15.5,16.0],"rotation":0,"texture":"#0","tintindex":0},"down":{"uv":[16.0,15.5,15.5,16.0],"rotation":0,"texture":"#0","tintindex":0}}},{"from":[7.9857144,9.142858,6.142857],"to":[7.9857144,10.0,7.0],"rotation":{"angle":0.0,"axis":"y","origin":[8.0,9.142858,6.5714283]},"faces":{"east":{"uv":[16.0,15.5,15.5,16.0],"rotation":0,"texture":"#0","tintindex":0},"south":{"uv":[16.0,15.5,15.5,16.0],"rotation":0,"texture":"#0","tintindex":0},"north":{"uv":[16.0,15.5,15.5,16.0],"rotation":0,"texture":"#0","tintindex":0},"west":{"uv":[16.0,15.0,15.5,15.5],"rotation":0,"texture":"#0","tintindex":0},"up":{"uv":[16.0,15.5,15.5,16.0],"rotation":0,"texture":"#0","tintindex":0},"down":{"uv":[16.0,15.5,15.5,16.0],"rotation":0,"texture":"#0","tintindex":0}}}],"textures":{"0":"modelengine:entity/eyeless_pup"},"display":{"head":{"translation":[0.0,-6.4,0.0],"scale":[4.0,4.0,4.0]}}}