{"elements":[{"from":[8.714286,8.714286,8.714286],"to":[7.285714,6.142857,7.285714],"rotation":{"angle":0.0,"axis":"y","origin":[9.142858,6.285714,6.857143]},"faces":{"east":{"uv":[15.5,15.5,16.0,16.0],"rotation":0,"texture":"#0","tintindex":0},"south":{"uv":[15.5,15.5,16.0,16.0],"rotation":0,"texture":"#0","tintindex":0},"north":{"uv":[15.5,15.5,16.0,16.0],"rotation":0,"texture":"#0","tintindex":0},"west":{"uv":[15.5,15.5,16.0,16.0],"rotation":0,"texture":"#0","tintindex":0},"up":{"uv":[15.5,15.5,16.0,16.0],"rotation":0,"texture":"#0","tintindex":0},"down":{"uv":[15.5,15.5,16.0,16.0],"rotation":0,"texture":"#0","tintindex":0}}},{"from":[7.428571,6.285714,7.428571],"to":[8.571428,8.571428,8.571428],"rotation":{"angle":0.0,"axis":"y","origin":[9.142858,6.285714,6.857143]},"faces":{"east":{"uv":[7.0,9.5,6.0,11.5],"rotation":0,"texture":"#0","tintindex":0},"south":{"uv":[6.0,9.5,5.0,11.5],"rotation":0,"texture":"#0","tintindex":0},"north":{"uv":[4.0,9.0,3.0,11.0],"rotation":0,"texture":"#0","tintindex":0},"west":{"uv":[5.0,9.0,4.0,11.0],"rotation":0,"texture":"#0","tintindex":0},"up":{"uv":[11.5,5.5,12.5,4.5],"rotation":0,"texture":"#0","tintindex":0},"down":{"uv":[5.5,11.5,6.5,12.5],"rotation":0,"texture":"#0","tintindex":0}}}],"textures":{"0":"modelengine:entity/eyeless_pup"},"display":{"head":{"translation":[0.0,-6.4,0.0],"scale":[4.0,4.0,4.0]}}}