{"elements":[{"from":[7.428571,7.428571,8.0],"to":[8.571428,8.571428,9.714286],"rotation":{"angle":0.0,"axis":"y","origin":[8.0,5.142857,5.714286]},"faces":{"east":{"uv":[7.0,10.5,8.5,11.5],"rotation":0,"texture":"#0","tintindex":0},"south":{"uv":[4.5,11.5,5.5,12.5],"rotation":0,"texture":"#0","tintindex":0},"north":{"uv":[11.5,3.5,12.5,4.5],"rotation":0,"texture":"#0","tintindex":0},"west":{"uv":[10.0,10.5,11.5,11.5],"rotation":0,"texture":"#0","tintindex":0},"up":{"uv":[2.0,12.5,1.0,11.0],"rotation":0,"texture":"#0","tintindex":0},"down":{"uv":[3.0,11.0,2.0,12.5],"rotation":0,"texture":"#0","tintindex":0}}},{"from":[8.714286,8.714286,9.857143],"to":[7.285714,7.285714,7.857143],"rotation":{"angle":0.0,"axis":"y","origin":[8.0,5.142857,5.714286]},"faces":{"east":{"uv":[15.5,15.5,16.0,16.0],"rotation":0,"texture":"#0","tintindex":0},"south":{"uv":[15.5,15.5,16.0,16.0],"rotation":0,"texture":"#0","tintindex":0},"north":{"uv":[15.5,15.5,16.0,16.0],"rotation":0,"texture":"#0","tintindex":0},"west":{"uv":[15.5,15.5,16.0,16.0],"rotation":0,"texture":"#0","tintindex":0},"up":{"uv":[15.5,15.5,16.0,16.0],"rotation":0,"texture":"#0","tintindex":0},"down":{"uv":[15.5,15.5,16.0,16.0],"rotation":0,"texture":"#0","tintindex":0}}}],"textures":{"0":"modelengine:entity/eyeless_pup"},"display":{"head":{"translation":[0.0,-6.4,0.0],"scale":[4.0,4.0,4.0]}}}