{"elements":[{"from":[7.428571,9.714286,5.142857],"to":[8.571428,10.857143,7.428571],"rotation":{"angle":22.5,"axis":"x","origin":[8.0,9.714286,5.714286]},"faces":{"east":{"uv":[0.0,8.0,2.0,9.0],"rotation":0,"texture":"#0","tintindex":0},"south":{"uv":[6.5,11.5,7.5,12.5],"rotation":0,"texture":"#0","tintindex":0},"north":{"uv":[11.5,5.5,12.5,6.5],"rotation":0,"texture":"#0","tintindex":0},"west":{"uv":[7.0,9.5,9.0,10.5],"rotation":0,"texture":"#0","tintindex":0},"up":{"uv":[10.0,11.5,9.0,9.5],"rotation":0,"texture":"#0","tintindex":0},"down":{"uv":[1.0,10.0,0.0,12.0],"rotation":0,"texture":"#0","tintindex":0}}},{"from":[8.714286,11.0,7.5714283],"to":[7.285714,9.571428,5.0],"rotation":{"angle":22.5,"axis":"x","origin":[8.0,9.714286,5.714286]},"faces":{"east":{"uv":[15.5,15.5,16.0,16.0],"rotation":0,"texture":"#0","tintindex":0},"south":{"uv":[15.5,15.5,16.0,16.0],"rotation":0,"texture":"#0","tintindex":0},"north":{"uv":[15.5,15.5,16.0,16.0],"rotation":0,"texture":"#0","tintindex":0},"west":{"uv":[15.5,15.5,16.0,16.0],"rotation":0,"texture":"#0","tintindex":0},"up":{"uv":[15.5,15.5,16.0,16.0],"rotation":0,"texture":"#0","tintindex":0},"down":{"uv":[15.5,15.5,16.0,16.0],"rotation":0,"texture":"#0","tintindex":0}}},{"from":[6.857143,7.428571,5.714286],"to":[9.142858,9.714286,10.285714],"rotation":{"angle":0.0,"axis":"y","origin":[8.0,6.285714,8.0]},"faces":{"east":{"uv":[0.0,0.0,4.0,2.0],"rotation":0,"texture":"#0","tintindex":0},"south":{"uv":[7.0,6.5,9.0,8.5],"rotation":0,"texture":"#0","tintindex":0},"north":{"uv":[5.0,6.5,7.0,8.5],"rotation":0,"texture":"#0","tintindex":0},"west":{"uv":[0.0,2.0,4.0,4.0],"rotation":0,"texture":"#0","tintindex":0},"up":{"uv":[2.0,8.0,0.0,4.0],"rotation":0,"texture":"#0","tintindex":0},"down":{"uv":[6.0,0.0,4.0,4.0],"rotation":0,"texture":"#0","tintindex":0}}},{"from":[9.285714,9.857143,10.428572],"to":[6.714286,7.285714,5.5714283],"rotation":{"angle":0.0,"axis":"y","origin":[8.0,6.285714,8.0]},"faces":{"east":{"uv":[15.5,15.5,16.0,16.0],"rotation":0,"texture":"#0","tintindex":0},"south":{"uv":[15.5,15.5,16.0,16.0],"rotation":0,"texture":"#0","tintindex":0},"north":{"uv":[15.5,15.5,16.0,16.0],"rotation":0,"texture":"#0","tintindex":0},"west":{"uv":[15.5,15.5,16.0,16.0],"rotation":0,"texture":"#0","tintindex":0},"up":{"uv":[15.5,15.5,16.0,16.0],"rotation":0,"texture":"#0","tintindex":0},"down":{"uv":[15.5,15.5,16.0,16.0],"rotation":0,"texture":"#0","tintindex":0}}}],"textures":{"0":"modelengine:entity/eyeless_pup"},"display":{"head":{"translation":[0.0,-6.4,0.0],"scale":[4.0,4.0,4.0]}}}