{"elements":[{"from":[5.142857,7.8,6.285714],"to":[10.857143,12.371429,9.714286],"rotation":{"angle":0.0,"axis":"y","origin":[8.0,-3.0571432,8.0]},"faces":{"east":{"uv":[6.5,3.0,8.0,5.0],"rotation":0,"texture":"#0","tintindex":0},"south":{"uv":[2.5,2.0,5.0,4.0],"rotation":0,"texture":"#0","tintindex":0},"north":{"uv":[2.5,0.0,5.0,2.0],"rotation":0,"texture":"#0","tintindex":0},"west":{"uv":[6.5,5.0,8.0,7.0],"rotation":0,"texture":"#0","tintindex":0},"up":{"uv":[7.5,3.0,5.0,1.5],"rotation":0,"texture":"#0","tintindex":0},"down":{"uv":[6.5,5.5,4.0,7.0],"rotation":0,"texture":"#0","tintindex":0}}},{"from":[8.571428,11.228572,6.857143],"to":[10.285714,12.942858,9.142858],"rotation":{"angle":45.0,"axis":"z","origin":[9.428572,12.085714,8.0]},"faces":{"east":{"uv":[11.75,1.75,12.75,2.5],"rotation":0,"texture":"#0","tintindex":0},"south":{"uv":[2.75,13.0,3.5,13.75],"rotation":0,"texture":"#0","tintindex":0},"north":{"uv":[2.0,13.0,2.75,13.75],"rotation":0,"texture":"#0","tintindex":0},"west":{"uv":[2.5,11.75,3.5,12.5],"rotation":0,"texture":"#0","tintindex":0},"up":{"uv":[12.5,3.5,11.75,2.5],"rotation":0,"texture":"#0","tintindex":0},"down":{"uv":[6.0,11.75,5.25,12.75],"rotation":0,"texture":"#0","tintindex":0}}},{"from":[6.285714,11.685715,6.285714],"to":[9.714286,15.685715,9.714286],"rotation":{"angle":-22.5,"axis":"x","origin":[8.0,11.4,8.0]},"faces":{"east":{"uv":[0.0,8.0,1.5,9.75],"rotation":0,"texture":"#0","tintindex":0},"south":{"uv":[1.5,8.0,3.0,9.75],"rotation":0,"texture":"#0","tintindex":0},"north":{"uv":[7.5,7.0,9.0,8.75],"rotation":0,"texture":"#0","tintindex":0},"west":{"uv":[8.0,1.75,9.5,3.5],"rotation":0,"texture":"#0","tintindex":0},"up":{"uv":[4.5,10.25,3.0,8.75],"rotation":0,"texture":"#0","tintindex":0},"down":{"uv":[6.0,8.75,4.5,10.25],"rotation":0,"texture":"#0","tintindex":0}}},{"from":[3.6,12.371429,7.428571],"to":[6.457143,13.514286,8.571428],"rotation":{"angle":-22.5,"axis":"y","origin":[6.742857,12.942858,8.0]},"faces":{"east":{"uv":[6.25,13.75,6.75,14.25],"rotation":0,"texture":"#0","tintindex":0},"south":{"uv":[12.5,1.0,13.75,1.5],"rotation":0,"texture":"#0","tintindex":0},"north":{"uv":[12.25,5.0,13.5,5.5],"rotation":0,"texture":"#0","tintindex":0},"west":{"uv":[6.75,13.75,7.25,14.25],"rotation":0,"texture":"#0","tintindex":0},"up":{"uv":[3.25,13.0,2.0,12.5],"rotation":0,"texture":"#0","tintindex":0},"down":{"uv":[13.75,2.5,12.5,3.0],"rotation":0,"texture":"#0","tintindex":0}}},{"from":[1.2214284,12.807143,6.5714283],"to":[4.0785713,13.378572,7.142857],"rotation":{"angle":22.5,"axis":"z","origin":[4.3642855,12.807143,6.5714283]},"faces":{"east":{"uv":[14.5,0.25,14.75,0.5],"rotation":0,"texture":"#0","tintindex":0},"south":{"uv":[13.5,8.5,14.75,8.75],"rotation":0,"texture":"#0","tintindex":0},"north":{"uv":[13.5,8.25,14.75,8.5],"rotation":0,"texture":"#0","tintindex":0},"west":{"uv":[14.5,1.5,14.75,1.75],"rotation":0,"texture":"#0","tintindex":0},"up":{"uv":[14.75,9.0,13.5,8.75],"rotation":0,"texture":"#0","tintindex":0},"down":{"uv":[14.75,9.0,13.5,9.25],"rotation":0,"texture":"#0","tintindex":0}}},{"from":[7.43121,12.5293865,8.686733],"to":[8.574067,13.672244,11.543877],"rotation":{"angle":45.0,"axis":"x","origin":[7.9556394,12.85713,9.000705]},"faces":{"east":{"uv":[12.5,3.0,13.75,3.5],"rotation":0,"texture":"#0","tintindex":0},"south":{"uv":[10.0,13.75,10.5,14.25],"rotation":0,"texture":"#0","tintindex":0},"north":{"uv":[7.25,13.75,7.75,14.25],"rotation":0,"texture":"#0","tintindex":0},"west":{"uv":[3.25,12.5,4.5,13.0],"rotation":0,"texture":"#0","tintindex":0},"up":{"uv":[1.25,13.75,0.75,12.5],"rotation":0,"texture":"#0","tintindex":0},"down":{"uv":[5.0,12.5,4.5,13.75],"rotation":0,"texture":"#0","tintindex":0}}},{"from":[7.6229258,11.019242,10.638203],"to":[8.194354,11.590672,12.923918],"rotation":{"angle":0.0,"axis":"y","origin":[7.9556394,12.85713,9.000705]},"faces":{"east":{"uv":[13.75,10.0,14.75,10.25],"rotation":0,"texture":"#0","tintindex":0},"south":{"uv":[14.5,2.25,14.75,2.5],"rotation":0,"texture":"#0","tintindex":0},"north":{"uv":[14.5,1.75,14.75,2.0],"rotation":0,"texture":"#0","tintindex":0},"west":{"uv":[13.75,10.25,14.75,10.5],"rotation":0,"texture":"#0","tintindex":0},"up":{"uv":[8.0,14.75,7.75,13.75],"rotation":0,"texture":"#0","tintindex":0},"down":{"uv":[10.75,13.75,10.5,14.75],"rotation":0,"texture":"#0","tintindex":0}}},{"from":[5.714286,11.228572,6.857143],"to":[7.428571,12.942858,9.142858],"rotation":{"angle":-45.0,"axis":"z","origin":[6.5714283,12.085714,8.0]},"faces":{"east":{"uv":[11.75,7.0,12.75,7.75],"rotation":0,"texture":"#0","tintindex":0},"south":{"uv":[5.75,13.0,6.5,13.75],"rotation":0,"texture":"#0","tintindex":0},"north":{"uv":[3.5,13.0,4.25,13.75],"rotation":0,"texture":"#0","tintindex":0},"west":{"uv":[11.75,7.75,12.75,8.5],"rotation":0,"texture":"#0","tintindex":0},"up":{"uv":[10.75,12.75,10.0,11.75],"rotation":0,"texture":"#0","tintindex":0},"down":{"uv":[11.5,11.75,10.75,12.75],"rotation":0,"texture":"#0","tintindex":0}}},{"from":[9.657143,12.542857,7.6571426],"to":[12.514286,13.685715,8.8],"rotation":{"angle":-45.0,"axis":"z","origin":[9.3714285,13.114286,8.228572]},"faces":{"east":{"uv":[13.75,10.5,14.25,11.0],"rotation":0,"texture":"#0","tintindex":0},"south":{"uv":[12.5,6.0,13.75,6.5],"rotation":0,"texture":"#0","tintindex":0},"north":{"uv":[12.5,5.5,13.75,6.0],"rotation":0,"texture":"#0","tintindex":0},"west":{"uv":[10.75,13.75,11.25,14.25],"rotation":0,"texture":"#0","tintindex":0},"up":{"uv":[13.75,7.0,12.5,6.5],"rotation":0,"texture":"#0","tintindex":0},"down":{"uv":[12.75,12.5,11.5,13.0],"rotation":0,"texture":"#0","tintindex":0}}},{"from":[11.514286,10.742857,7.6571426],"to":[14.3714285,11.314286,8.228572],"rotation":{"angle":-45.0,"axis":"y","origin":[11.228572,10.742857,7.6571426]},"faces":{"east":{"uv":[14.5,2.5,14.75,2.75],"rotation":0,"texture":"#0","tintindex":0},"south":{"uv":[13.5,12.5,14.75,12.75],"rotation":0,"texture":"#0","tintindex":0},"north":{"uv":[10.0,13.5,11.25,13.75],"rotation":0,"texture":"#0","tintindex":0},"west":{"uv":[14.5,2.75,14.75,3.0],"rotation":0,"texture":"#0","tintindex":0},"up":{"uv":[14.75,13.0,13.5,12.75],"rotation":0,"texture":"#0","tintindex":0},"down":{"uv":[14.75,13.0,13.5,13.25],"rotation":0,"texture":"#0","tintindex":0}}}],"textures":{"0":"modelengine:entity/em_dyerftum1"},"display":{"head":{"translation":[0.0,-6.4,0.0],"scale":[4.0,4.0,4.0]}}}