{"elements":[{"from":[7.2678046,3.4342856,7.412537],"to":[8.399233,8.565714,8.543965],"rotation":{"angle":0.0,"axis":"y","origin":[7.833519,6.285714,7.9782515]},"faces":{"east":{"uv":[9.0,11.0,9.5,13.25],"rotation":0,"texture":"#0","tintindex":0},"south":{"uv":[9.5,11.0,10.0,13.25],"rotation":0,"texture":"#0","tintindex":0},"north":{"uv":[8.5,11.0,9.0,13.25],"rotation":0,"texture":"#0","tintindex":0},"west":{"uv":[11.25,7.0,11.75,9.25],"rotation":0,"texture":"#0","tintindex":0},"up":{"uv":[14.5,0.5,14.0,0.0],"rotation":0,"texture":"#0","tintindex":0},"down":{"uv":[14.5,1.5,14.0,2.0],"rotation":0,"texture":"#0","tintindex":0}}},{"from":[8.182091,4.0057144,5.6982512],"to":[8.74209,4.565714,7.972537],"rotation":{"angle":-22.5,"axis":"y","origin":[8.4620905,4.285714,7.1211085]},"faces":{"east":{"uv":[14.0,0.5,15.0,0.75],"rotation":0,"texture":"#0","tintindex":0},"south":{"uv":[14.5,5.5,14.75,5.75],"rotation":0,"texture":"#0","tintindex":0},"north":{"uv":[5.5,14.5,5.75,14.75],"rotation":0,"texture":"#0","tintindex":0},"west":{"uv":[14.0,2.0,15.0,2.25],"rotation":0,"texture":"#0","tintindex":0},"up":{"uv":[14.25,4.5,14.0,3.5],"rotation":0,"texture":"#0","tintindex":0},"down":{"uv":[4.5,14.0,4.25,15.0],"rotation":0,"texture":"#0","tintindex":0}}},{"from":[6.9249477,4.0057144,6.26968],"to":[7.4849477,4.565714,7.972537],"rotation":{"angle":22.5,"axis":"y","origin":[7.2049475,4.285714,7.1211085]},"faces":{"east":{"uv":[14.25,1.25,15.0,1.5],"rotation":0,"texture":"#0","tintindex":0},"south":{"uv":[14.5,6.0,14.75,6.25],"rotation":0,"texture":"#0","tintindex":0},"north":{"uv":[14.5,5.75,14.75,6.0],"rotation":0,"texture":"#0","tintindex":0},"west":{"uv":[6.5,14.25,7.25,14.5],"rotation":0,"texture":"#0","tintindex":0},"up":{"uv":[7.5,15.0,7.25,14.25],"rotation":0,"texture":"#0","tintindex":0},"down":{"uv":[7.75,14.25,7.5,15.0],"rotation":0,"texture":"#0","tintindex":0}}},{"from":[7.9386764,4.0057144,7.962217],"to":[8.498676,4.565714,9.665074],"rotation":{"angle":45.0,"axis":"y","origin":[8.0,4.285714,8.571428]},"faces":{"east":{"uv":[14.25,7.0,15.0,7.25],"rotation":0,"texture":"#0","tintindex":0},"south":{"uv":[6.5,14.5,6.75,14.75],"rotation":0,"texture":"#0","tintindex":0},"north":{"uv":[14.5,6.25,14.75,6.5],"rotation":0,"texture":"#0","tintindex":0},"west":{"uv":[14.25,7.25,15.0,7.5],"rotation":0,"texture":"#0","tintindex":0},"up":{"uv":[14.5,10.0,14.25,9.25],"rotation":0,"texture":"#0","tintindex":0},"down":{"uv":[9.75,14.25,9.5,15.0],"rotation":0,"texture":"#0","tintindex":0}}}],"textures":{"0":"modelengine:entity/em_dyerftum1"},"display":{"head":{"translation":[0.0,-6.4,0.0],"scale":[4.0,4.0,4.0]}}}