{"elements":[{"from":[5.714286,1.1428566,8.0],"to":[10.285714,8.0,8.0],"rotation":{"angle":0.0,"axis":"y","origin":[1.7142854,4.5714283,11.428572]},"faces":{"east":{"uv":[0.0,0.0,0.0,0.75],"rotation":0,"texture":"#5","tintindex":0},"south":{"uv":[1.0,8.75,0.5,9.5],"rotation":0,"texture":"#5","tintindex":0},"north":{"uv":[0.5,8.75,1.0,9.5],"rotation":0,"texture":"#5","tintindex":0},"west":{"uv":[0.0,0.0,0.0,0.75],"rotation":0,"texture":"#5","tintindex":0},"up":{"uv":[0.0,0.0,0.5,0.0],"rotation":0,"texture":"#5","tintindex":0},"down":{"uv":[0.0,0.0,0.5,0.0],"rotation":0,"texture":"#5","tintindex":0}}}],"textures":{"5":"modelengine:entity/azriel_parts"},"display":{"head":{"translation":[0.0,-6.4,0.0],"scale":[4.0,4.0,4.0]}}}