{
  "portraitScale": 2.6,
  "portraitTranslation": [-0.15, 2.1, 0.0],
  "profileScale": 0.65,
  "profileTranslation": [0.0, 0.76, 0.0],
  "rootBone": "gallade_mega",
  "animations": {
    "faint": "q.bedrock_primary('gallade_mega', 'faint', q.curve('one'))",
    "cry": "q.bedrock_stateful('gallade_mega', 'cry')"
  },
  "poses": {
    "battle-standing": {
      "poseTypes": ["STAND", "WALK"],
      "isBattle": true,
      "animations": [
        "q.look('head')",
        "q.bedrock('gallade_mega', 'battle_idle')"
      ],
      "quirks": [
        "q.bedrock_quirk('gallade_mega', 'blink')",
        "q.bedrock_quirk('gallade_mega', 'battle_quirk')"
      ]
    },
    "standing": {
      "poseTypes": ["STAND", "NONE", "PORTRAIT", "PROFILE"],
      "isBattle": false,
      "animations": [
        "q.look('head')",
        "q.bedrock('gallade_mega', 'ground_idle')"
      ],
      "quirks": [
        "q.bedrock_quirk('gallade_mega', 'blink')",
        "q.bedrock_quirk('gallade_mega', 'echo')"
      ]
    },
    "walking": {
      "poseTypes": ["WALK"],
      "animations": [
        "q.look('head')",
        "q.bedrock('gallade_mega', 'ground_walk')"
      ]
    },
    "sleeping": {
      "poseTypes": ["SLEEP"],
      "animations": ["q.bedrock('gallade_mega', 'sleep')"]
    }
  }
}
