{"elements":[{"from":[6.857143,2.8571424,6.857143],"to":[8.0,8.0,9.714286],"rotation":{"angle":0.0,"axis":"y","origin":[7.428571,6.857143,7.428571]},"faces":{"east":{"uv":[7.5625,9.25,7.25,9.8125],"rotation":0,"texture":"#5","tintindex":0},"south":{"uv":[3.125,8.75,3.0,9.3125],"rotation":0,"texture":"#5","tintindex":0},"north":{"uv":[7.9375,8.5,7.8125,9.0625],"rotation":0,"texture":"#5","tintindex":0},"west":{"uv":[7.25,9.25,6.9375,9.8125],"rotation":0,"texture":"#5","tintindex":0},"up":{"uv":[2.125,7.5625,2.25,7.25],"rotation":0,"texture":"#5","tintindex":0},"down":{"uv":[0.875,9.5,1.0,9.8125],"rotation":0,"texture":"#5","tintindex":0}}},{"from":[3.4285712,2.8571424,6.857143],"to":[6.857143,4.5714283,9.714286],"rotation":{"angle":0.0,"axis":"y","origin":[5.428571,4.0,7.428571]},"faces":{"east":{"uv":[9.8125,3.0,9.5,3.1875],"rotation":0,"texture":"#5","tintindex":0},"south":{"uv":[9.25,8.25,8.875,8.4375],"rotation":0,"texture":"#5","tintindex":0},"north":{"uv":[8.8125,7.125,8.4375,7.3125],"rotation":0,"texture":"#5","tintindex":0},"west":{"uv":[3.3125,9.5,3.0,9.6875],"rotation":0,"texture":"#5","tintindex":0},"up":{"uv":[8.9375,4.75,9.3125,4.4375],"rotation":0,"texture":"#5","tintindex":0},"down":{"uv":[9.3125,4.875,9.6875,5.1875],"rotation":0,"texture":"#5","tintindex":0}}},{"from":[0.5714283,2.8571424,6.857143],"to":[3.4285712,2.8571424,9.714286],"rotation":{"angle":0.0,"axis":"y","origin":[5.428571,4.0,7.428571]},"faces":{"east":{"uv":[0.3125,0.0,0.0,0.0],"rotation":0,"texture":"#5","tintindex":0},"south":{"uv":[0.3125,0.0,0.0,0.0],"rotation":0,"texture":"#5","tintindex":0},"north":{"uv":[0.3125,0.0,0.0,0.0],"rotation":0,"texture":"#5","tintindex":0},"west":{"uv":[0.3125,0.0,0.0,0.0],"rotation":0,"texture":"#5","tintindex":0},"up":{"uv":[9.4375,1.1875,9.75,0.875],"rotation":0,"texture":"#5","tintindex":0},"down":{"uv":[9.4375,0.875,9.75,1.1875],"rotation":0,"texture":"#5","tintindex":0}}}],"textures":{"5":"modelengine:entity/azriel_parts"},"display":{"head":{"translation":[0.0,-6.4,0.0],"scale":[4.0,4.0,4.0]}}}