{"elements":[{"from":[5.714286,6.857143,6.857143],"to":[10.285714,13.714286,9.714286],"rotation":{"angle":0.0,"axis":"y","origin":[8.0,8.0,7.5714283]},"faces":{"east":{"uv":[7.25,6.0,6.0,9.0],"rotation":0,"texture":"#0","tintindex":0},"south":{"uv":[3.0,3.0,5.0,6.0],"rotation":0,"texture":"#0","tintindex":0},"north":{"uv":[3.0,0.0,5.0,3.0],"rotation":0,"texture":"#0","tintindex":0},"west":{"uv":[6.0,6.0,7.25,9.0],"rotation":0,"texture":"#0","tintindex":0},"up":{"uv":[8.5,8.5,7.25,6.5],"rotation":270,"texture":"#0","tintindex":0},"down":{"uv":[1.25,8.0,0.0,10.0],"rotation":90,"texture":"#0","tintindex":0}}},{"from":[6.285714,4.5714283,6.857143],"to":[9.714286,6.857143,6.857143],"rotation":{"angle":0.0,"axis":"y","origin":[8.0,8.0,7.5714283]},"faces":{"east":{"uv":[0.0,0.0,0.0,1.0],"rotation":0,"texture":"#0","tintindex":0},"south":{"uv":[10.75,0.0,9.25,1.0],"rotation":0,"texture":"#0","tintindex":0},"north":{"uv":[9.25,0.0,10.75,1.0],"rotation":0,"texture":"#0","tintindex":0},"west":{"uv":[0.0,0.0,0.0,1.0],"rotation":0,"texture":"#0","tintindex":0},"up":{"uv":[0.0,1.5,0.0,0.0],"rotation":270,"texture":"#0","tintindex":0},"down":{"uv":[0.0,0.0,0.0,1.5],"rotation":90,"texture":"#0","tintindex":0}}}],"textures":{"0":"modelengine:entity/parry_knight_dmg"},"display":{"head":{"translation":[0.0,-6.4,0.0],"scale":[4.0,4.0,4.0]}}}