{"elements":[{"from":[5.714286,8.0,5.714286],"to":[10.285714,12.571428,10.285714],"rotation":{"angle":0.0,"axis":"y","origin":[9.714286,4.529587,9.362219]},"faces":{"east":{"uv":[5.0,4.0,7.0,6.0],"rotation":0,"texture":"#0","tintindex":0},"south":{"uv":[0.0,6.0,2.0,8.0],"rotation":0,"texture":"#0","tintindex":0},"north":{"uv":[5.0,2.0,7.0,4.0],"rotation":0,"texture":"#0","tintindex":0},"west":{"uv":[7.0,4.0,5.0,6.0],"rotation":0,"texture":"#0","tintindex":0},"up":{"uv":[4.0,8.0,2.0,6.0],"rotation":270,"texture":"#0","tintindex":0},"down":{"uv":[6.0,6.0,4.0,8.0],"rotation":90,"texture":"#0","tintindex":0}}},{"from":[5.428571,8.0,5.428571],"to":[10.571428,10.285714,7.714286],"rotation":{"angle":0.0,"axis":"y","origin":[9.714286,4.529587,9.362219]},"faces":{"east":{"uv":[4.75,10.5,5.75,11.5],"rotation":0,"texture":"#0","tintindex":0},"south":{"uv":[3.5,8.0,5.75,9.0],"rotation":0,"texture":"#0","tintindex":0},"north":{"uv":[1.25,8.0,3.5,9.0],"rotation":0,"texture":"#0","tintindex":0},"west":{"uv":[3.75,10.5,4.75,11.5],"rotation":0,"texture":"#0","tintindex":0},"up":{"uv":[9.25,2.25,8.25,0.0],"rotation":270,"texture":"#0","tintindex":0},"down":{"uv":[9.5,6.5,8.5,8.75],"rotation":90,"texture":"#0","tintindex":0}}},{"from":[8.0,10.20203,10.153009],"to":[8.0,14.202031,14.153009],"rotation":{"angle":0.0,"axis":"y","origin":[9.714286,4.529587,9.362219]},"faces":{"east":{"uv":[7.25,4.75,9.0,6.5],"rotation":0,"texture":"#0","tintindex":0},"south":{"uv":[0.0,0.0,0.0,1.75],"rotation":0,"texture":"#0","tintindex":0},"north":{"uv":[0.0,0.0,0.0,1.75],"rotation":0,"texture":"#0","tintindex":0},"west":{"uv":[9.0,4.75,7.25,6.5],"rotation":0,"texture":"#0","tintindex":0},"up":{"uv":[1.75,0.0,0.0,0.0],"rotation":270,"texture":"#0","tintindex":0},"down":{"uv":[1.75,0.0,0.0,0.0],"rotation":90,"texture":"#0","tintindex":0}}},{"from":[6.285714,13.059174,10.153009],"to":[9.714286,13.059174,13.010153],"rotation":{"angle":0.0,"axis":"y","origin":[9.714286,4.529587,9.362219]},"faces":{"east":{"uv":[0.0,0.0,1.25,0.0],"rotation":0,"texture":"#0","tintindex":0},"south":{"uv":[0.0,0.0,1.5,0.0],"rotation":0,"texture":"#0","tintindex":0},"north":{"uv":[0.0,0.0,1.5,0.0],"rotation":0,"texture":"#0","tintindex":0},"west":{"uv":[0.0,0.0,1.25,0.0],"rotation":0,"texture":"#0","tintindex":0},"up":{"uv":[8.75,3.75,10.0,2.25],"rotation":270,"texture":"#0","tintindex":0},"down":{"uv":[10.0,2.25,8.75,3.75],"rotation":90,"texture":"#0","tintindex":0}}}],"textures":{"0":"modelengine:entity/parry_knight_dmg"},"display":{"head":{"translation":[0.0,-6.4,0.0],"scale":[4.0,4.0,4.0]}}}