{"elements":[{"from":[7.714286,5.714286,7.142857],"to":[9.428572,8.0,9.428572],"rotation":{"angle":0.0,"axis":"y","origin":[10.0,7.958158,9.076505]},"faces":{"east":{"uv":[11.75,1.0,10.75,2.0],"rotation":0,"texture":"#0","tintindex":0},"south":{"uv":[8.75,11.25,8.0,12.25],"rotation":0,"texture":"#0","tintindex":0},"north":{"uv":[11.75,11.0,11.0,12.0],"rotation":0,"texture":"#0","tintindex":0},"west":{"uv":[11.75,2.0,10.75,3.0],"rotation":0,"texture":"#0","tintindex":0},"up":{"uv":[9.75,11.25,8.75,12.0],"rotation":270,"texture":"#0","tintindex":0},"down":{"uv":[10.75,12.0,9.75,11.25],"rotation":90,"texture":"#0","tintindex":0}}}],"textures":{"0":"modelengine:entity/parry_knight_dmg"},"display":{"head":{"translation":[0.0,-6.4,0.0],"scale":[4.0,4.0,4.0]}}}