{"elements":[{"from":[5.714286,8.0,8.0],"to":[10.285714,28.57143,8.0],"rotation":{"angle":0.0,"axis":"y","origin":[14.857143,8.0,17.142857]},"faces":{"east":{"uv":[12.25,0.0,12.25,2.25],"rotation":0,"texture":"#0","tintindex":0},"south":{"uv":[13.125,0.0,13.625,2.25],"rotation":0,"texture":"#0","tintindex":0},"north":{"uv":[13.125,0.0,13.625,2.25],"rotation":0,"texture":"#0","tintindex":0},"west":{"uv":[12.25,0.0,12.25,2.25],"rotation":0,"texture":"#0","tintindex":0},"up":{"uv":[0.0,0.0,0.5,0.0],"rotation":0,"texture":"#0","tintindex":0},"down":{"uv":[0.0,0.0,0.5,0.0],"rotation":0,"texture":"#0","tintindex":0}}},{"from":[8.0,8.0,5.714286],"to":[8.0,28.57143,10.285714],"rotation":{"angle":0.0,"axis":"y","origin":[8.0,18.285715,8.0]},"faces":{"east":{"uv":[12.375,0.0,12.875,2.25],"rotation":0,"texture":"#0","tintindex":0},"south":{"uv":[12.25,0.0,12.25,2.25],"rotation":0,"texture":"#0","tintindex":0},"north":{"uv":[12.25,0.0,12.25,2.25],"rotation":0,"texture":"#0","tintindex":0},"west":{"uv":[12.375,0.0,12.875,2.25],"rotation":0,"texture":"#0","tintindex":0},"up":{"uv":[0.0,0.0,0.5,0.0],"rotation":270,"texture":"#0","tintindex":0},"down":{"uv":[0.0,0.0,0.5,0.0],"rotation":90,"texture":"#0","tintindex":0}}}],"textures":{"0":"modelengine:entity/wendigo_full"},"display":{"head":{"translation":[0.0,-6.4,0.0],"scale":[4.0,4.0,4.0]}}}