{"elements":[{"from":[8.0,8.0,3.7142854],"to":[8.0,12.571428,12.285715],"rotation":{"angle":0.0,"axis":"y","origin":[14.285715,4.0,8.857143]},"faces":{"east":{"uv":[6.125,5.5625,7.0625,6.0625],"rotation":0,"texture":"#0","tintindex":0},"south":{"uv":[0.0,0.0,0.0,0.5],"rotation":0,"texture":"#0","tintindex":0},"north":{"uv":[0.0,0.0,0.0,0.5],"rotation":0,"texture":"#0","tintindex":0},"west":{"uv":[6.0625,6.125,7.0,6.625],"rotation":0,"texture":"#0","tintindex":0},"up":{"uv":[0.0,0.9375,0.0,0.0],"rotation":0,"texture":"#0","tintindex":0},"down":{"uv":[0.0,0.0,0.0,0.9375],"rotation":0,"texture":"#0","tintindex":0}}}],"textures":{"0":"modelengine:entity/wendigo_full"},"display":{"head":{"translation":[0.0,-6.4,0.0],"scale":[4.0,4.0,4.0]}}}