{"elements":[{"from":[6.857143,0.5714283,8.0],"to":[9.714286,8.0,11.428572],"rotation":{"angle":0.0,"axis":"y","origin":[8.0,6.857143,17.142857]},"faces":{"east":{"uv":[7.75,6.875,7.375,7.6875],"rotation":0,"texture":"#0","tintindex":0},"south":{"uv":[5.3125,7.5625,5.0,8.375],"rotation":0,"texture":"#0","tintindex":0},"north":{"uv":[3.125,7.5625,2.8125,8.375],"rotation":0,"texture":"#0","tintindex":0},"west":{"uv":[2.5,7.25,2.125,8.0625],"rotation":0,"texture":"#0","tintindex":0},"up":{"uv":[1.875,8.4375,2.1875,8.0625],"rotation":0,"texture":"#0","tintindex":0},"down":{"uv":[2.1875,8.0625,2.5,8.4375],"rotation":0,"texture":"#0","tintindex":0}}},{"from":[7.623038,0.5714283,11.276112],"to":[7.623038,8.0,15.276112],"rotation":{"angle":22.5,"axis":"y","origin":[7.623038,4.0,13.276112]},"faces":{"east":{"uv":[7.375,6.625,6.9375,7.4375],"rotation":0,"texture":"#0","tintindex":0},"south":{"uv":[0.0,0.0,0.0,0.8125],"rotation":0,"texture":"#0","tintindex":0},"north":{"uv":[0.0,0.0,0.0,0.8125],"rotation":0,"texture":"#0","tintindex":0},"west":{"uv":[4.125,6.875,3.6875,7.6875],"rotation":0,"texture":"#0","tintindex":0},"up":{"uv":[0.0,0.4375,0.0,0.0],"rotation":0,"texture":"#0","tintindex":0},"down":{"uv":[0.0,0.0,0.0,0.4375],"rotation":0,"texture":"#0","tintindex":0}}}],"textures":{"0":"modelengine:entity/wendigo_full"},"display":{"head":{"translation":[0.0,-6.4,0.0],"scale":[4.0,4.0,4.0]}}}