{"elements":[{"from":[6.857143,-6.285715,5.142857],"to":[9.142858,8.0,8.0],"rotation":{"angle":0.0,"axis":"y","origin":[16.57143,0.0,-9.714287]},"faces":{"east":{"uv":[2.1875,5.6875,2.5,7.25],"rotation":0,"texture":"#0","tintindex":0},"south":{"uv":[6.25,6.625,6.5,8.1875],"rotation":0,"texture":"#0","tintindex":0},"north":{"uv":[6.0,6.625,6.25,8.1875],"rotation":0,"texture":"#0","tintindex":0},"west":{"uv":[6.125,3.5,6.4375,5.0625],"rotation":0,"texture":"#0","tintindex":0},"up":{"uv":[1.0625,4.5625,0.8125,4.25],"rotation":0,"texture":"#0","tintindex":0},"down":{"uv":[0.8125,5.0,0.5625,5.3125],"rotation":0,"texture":"#0","tintindex":0}}},{"from":[6.091776,-6.285715,7.8477592],"to":[6.091776,8.0,11.847759],"rotation":{"angle":-22.5,"axis":"y","origin":[6.091776,0.85714245,9.847759]},"faces":{"east":{"uv":[2.6875,4.0625,3.125,5.625],"rotation":0,"texture":"#0","tintindex":0},"south":{"uv":[0.0,0.0,0.0,1.5625],"rotation":0,"texture":"#0","tintindex":0},"north":{"uv":[0.0,0.0,0.0,1.5625],"rotation":0,"texture":"#0","tintindex":0},"west":{"uv":[3.125,4.0625,3.5625,5.625],"rotation":0,"texture":"#0","tintindex":0},"up":{"uv":[0.0,0.4375,0.0,0.0],"rotation":0,"texture":"#0","tintindex":0},"down":{"uv":[0.0,0.0,0.0,0.4375],"rotation":0,"texture":"#0","tintindex":0}}}],"textures":{"0":"modelengine:entity/wendigo_full"},"display":{"head":{"translation":[0.0,-6.4,0.0],"scale":[4.0,4.0,4.0]}}}