{"elements":[{"from":[4.5714283,-4.5714293,6.857143],"to":[7.428571,4.0,10.857143],"rotation":{"angle":0.0,"axis":"y","origin":[14.285715,-12.57143,-6.8571434]},"faces":{"east":{"uv":[5.125,6.625,5.5625,7.5625],"rotation":0,"texture":"#0","tintindex":0},"south":{"uv":[1.1875,7.4375,1.5,8.375],"rotation":0,"texture":"#0","tintindex":0},"north":{"uv":[0.875,7.4375,1.1875,8.375],"rotation":0,"texture":"#0","tintindex":0},"west":{"uv":[5.5625,6.625,6.0,7.5625],"rotation":0,"texture":"#0","tintindex":0},"up":{"uv":[4.375,8.4375,4.0625,8.0],"rotation":0,"texture":"#0","tintindex":0},"down":{"uv":[4.6875,8.0,4.375,8.4375],"rotation":0,"texture":"#0","tintindex":0}}},{"from":[2.1327043,-0.57142925,9.581581],"to":[4.989847,9.142858,9.581581],"rotation":{"angle":45.0,"axis":"y","origin":[3.561276,4.285714,9.581581]},"faces":{"east":{"uv":[0.0,0.0,0.0,1.0625],"rotation":0,"texture":"#0","tintindex":0},"south":{"uv":[7.1875,0.0,7.5,1.0625],"rotation":0,"texture":"#0","tintindex":0},"north":{"uv":[4.6875,7.125,5.0,8.1875],"rotation":0,"texture":"#0","tintindex":0},"west":{"uv":[0.0,0.0,0.0,1.0625],"rotation":0,"texture":"#0","tintindex":0},"up":{"uv":[0.3125,0.0,0.0,0.0],"rotation":0,"texture":"#0","tintindex":0},"down":{"uv":[0.3125,0.0,0.0,0.0],"rotation":0,"texture":"#0","tintindex":0}}},{"from":[4.5714283,4.0,5.142857],"to":[8.0,9.142858,10.857143],"rotation":{"angle":0.0,"axis":"y","origin":[14.285715,-12.57143,-6.8571434]},"faces":{"east":{"uv":[7.0,6.0625,7.625,6.625],"rotation":0,"texture":"#0","tintindex":0},"south":{"uv":[7.6875,4.5,8.0625,5.0625],"rotation":0,"texture":"#0","tintindex":0},"north":{"uv":[7.6875,2.3125,8.0625,2.875],"rotation":0,"texture":"#0","tintindex":0},"west":{"uv":[7.0625,4.625,7.6875,5.1875],"rotation":0,"texture":"#0","tintindex":0},"up":{"uv":[8.0,6.375,7.625,5.75],"rotation":0,"texture":"#0","tintindex":0},"down":{"uv":[4.0625,7.6875,3.6875,8.3125],"rotation":0,"texture":"#0","tintindex":0}}},{"from":[5.3367953,-1.1428576,10.704902],"to":[5.3367953,9.142858,14.704903],"rotation":{"angle":22.5,"axis":"y","origin":[5.3367953,4.0,12.704903]},"faces":{"east":{"uv":[4.6875,6.0,5.125,7.125],"rotation":0,"texture":"#0","tintindex":0},"south":{"uv":[0.0,0.0,0.0,1.125],"rotation":0,"texture":"#0","tintindex":0},"north":{"uv":[0.0,0.0,0.0,1.125],"rotation":0,"texture":"#0","tintindex":0},"west":{"uv":[6.0625,1.375,6.5,2.5],"rotation":0,"texture":"#0","tintindex":0},"up":{"uv":[0.0,0.4375,0.0,0.0],"rotation":0,"texture":"#0","tintindex":0},"down":{"uv":[0.0,0.0,0.0,0.4375],"rotation":0,"texture":"#0","tintindex":0}}}],"textures":{"0":"modelengine:entity/wendigo_full"},"display":{"head":{"translation":[0.0,-6.4,0.0],"scale":[4.0,4.0,4.0]}}}