{"elements":[{"from":[4.5714283,5.714286,7.428571],"to":[11.428572,17.142857,12.571428],"rotation":{"angle":22.5,"axis":"x","origin":[8.0,13.142858,11.428572]},"faces":{"east":{"uv":[2.125,3.75,2.6875,5.0],"rotation":0,"texture":"#0","tintindex":0},"south":{"uv":[2.0,2.5,2.75,3.75],"rotation":0,"texture":"#0","tintindex":0},"north":{"uv":[1.25,2.5,2.0,3.75],"rotation":0,"texture":"#0","tintindex":0},"west":{"uv":[3.8125,2.875,4.375,4.125],"rotation":0,"texture":"#0","tintindex":0},"up":{"uv":[7.25,1.8125,6.5,1.25],"rotation":0,"texture":"#0","tintindex":0},"down":{"uv":[7.25,1.8125,6.5,2.375],"rotation":0,"texture":"#0","tintindex":0}}},{"from":[8.0,5.714286,12.571428],"to":[8.0,17.142857,16.0],"rotation":{"angle":22.5,"axis":"x","origin":[8.0,13.142858,11.428572]},"faces":{"east":{"uv":[2.5,6.3125,2.875,7.5625],"rotation":0,"texture":"#0","tintindex":0},"south":{"uv":[0.0,0.0,0.0,1.25],"rotation":0,"texture":"#0","tintindex":0},"north":{"uv":[0.0,0.0,0.0,1.25],"rotation":0,"texture":"#0","tintindex":0},"west":{"uv":[2.875,6.3125,3.25,7.5625],"rotation":0,"texture":"#0","tintindex":0},"up":{"uv":[0.0,0.375,0.0,0.0],"rotation":0,"texture":"#0","tintindex":0},"down":{"uv":[0.0,0.0,0.0,0.375],"rotation":0,"texture":"#0","tintindex":0}}}],"textures":{"0":"modelengine:entity/wendigo_full"},"display":{"head":{"translation":[0.0,-6.4,0.0],"scale":[4.0,4.0,4.0]}}}