{
   "littleroom.dreadroot.attack_1":{
		 "sounds": [
			"littleroom/dreadroot/attack_1"
		 ]
	},
   "littleroom.dreadroot.crunch":{
		 "sounds": [
			"littleroom/dreadroot/crunch_1",
			"littleroom/dreadroot/crunch_2",
			"littleroom/dreadroot/crunch_3",
			"littleroom/dreadroot/crunch_4"
		 ]
	},
   "littleroom.dreadroot.swing_1":{
		 "sounds": [
			"littleroom/dreadroot/swing_1"
		 ]
	},
   "littleroom.dreadroot.ground":{
		 "sounds": [
			"littleroom/dreadroot/ground_1",
			"littleroom/dreadroot/ground_2",
			"littleroom/dreadroot/ground_3",
			"littleroom/dreadroot/ground_4"
		 ]
	},
   "littleroom.dreadroot.groan":{
		 "sounds": [
			"littleroom/dreadroot/groan"
		 ]
	},
   "littleroom.dreadroot.pop":{
		 "sounds": [
			"littleroom/dreadroot/pop"
		 ]
	},
   "littleroom.dreadroot.awaken":{
		 "sounds": [
			"littleroom/dreadroot/awaken"
		 ]
	},
   "littleroom.dreadroot.rumble":{
		 "sounds": [
			"littleroom/dreadroot/rumble"
		 ]
	},
   "littleroom.dreadroot.mudmass_hit":{
		 "sounds": [
			"littleroom/dreadroot/mudmass_hit"
		 ]
	}
}
