{"elements":[{"from":[9.142858,8.142858,1.7142854],"to":[11.428572,10.428572,4.0],"rotation":{"angle":0.0,"axis":"y","origin":[10.857143,9.285714,2.8571424]},"faces":{"east":{"uv":[12.25,4.75,13.25,5.75],"rotation":0,"texture":"#0","tintindex":0},"south":{"uv":[12.25,5.75,13.25,6.75],"rotation":0,"texture":"#0","tintindex":0},"north":{"uv":[12.0,10.0,13.0,11.0],"rotation":0,"texture":"#0","tintindex":0},"west":{"uv":[12.25,6.75,13.25,7.75],"rotation":0,"texture":"#0","tintindex":0},"up":{"uv":[1.0,13.5,0.0,12.5],"rotation":0,"texture":"#0","tintindex":0},"down":{"uv":[13.5,0.0,12.5,1.0],"rotation":0,"texture":"#0","tintindex":0}}},{"from":[4.8571424,5.5714283,2.2857141],"to":[11.142858,10.142858,8.0],"rotation":{"angle":0.0,"axis":"y","origin":[1.7142854,7.857143,5.142857]},"faces":{"east":{"uv":[5.5,7.5,8.0,9.5],"rotation":0,"texture":"#0","tintindex":0},"south":{"uv":[5.75,0.0,8.5,2.0],"rotation":0,"texture":"#0","tintindex":0},"north":{"uv":[5.5,5.5,8.25,7.5],"rotation":0,"texture":"#0","tintindex":0},"west":{"uv":[0.0,8.0,2.5,10.0],"rotation":0,"texture":"#0","tintindex":0},"up":{"uv":[2.75,8.0,0.0,5.5],"rotation":0,"texture":"#0","tintindex":0},"down":{"uv":[5.5,5.5,2.75,8.0],"rotation":0,"texture":"#0","tintindex":0}}}],"textures":{"0":"modelengine:entity/voras_parts"},"display":{"head":{"translation":[0.0,-6.4,0.0],"scale":[4.0,4.0,4.0]}}}