{"elements":[{"from":[3.908039,7.678919,2.8808694],"to":[13.622326,10.536062,5.1665835],"rotation":{"angle":0.0,"axis":"y","origin":[-2.377675,4.8217764,-5.6905603]},"faces":{"east":{"uv":[4.5,8.0,5.5,9.25],"rotation":0,"texture":"#0","tintindex":0},"south":{"uv":[5.75,3.25,10.0,4.5],"rotation":0,"texture":"#0","tintindex":0},"north":{"uv":[5.75,2.0,10.0,3.25],"rotation":0,"texture":"#0","tintindex":0},"west":{"uv":[4.0,12.0,5.0,13.25],"rotation":0,"texture":"#0","tintindex":0},"up":{"uv":[10.0,5.5,5.75,4.5],"rotation":0,"texture":"#0","tintindex":0},"down":{"uv":[12.25,7.5,8.0,8.5],"rotation":0,"texture":"#0","tintindex":0}}},{"from":[0.47946787,5.964633,4.0237265],"to":[7.336611,12.250348,4.0237265],"rotation":{"angle":-22.5,"axis":"z","origin":[3.908039,9.107491,4.0237265]},"faces":{"east":{"uv":[0.0,0.0,0.0,2.75],"rotation":0,"texture":"#0","tintindex":0},"south":{"uv":[0.0,2.75,3.0,5.5],"rotation":0,"texture":"#0","tintindex":0},"north":{"uv":[0.0,0.0,3.0,2.75],"rotation":0,"texture":"#0","tintindex":0},"west":{"uv":[0.0,0.0,0.0,2.75],"rotation":0,"texture":"#0","tintindex":0},"up":{"uv":[3.0,0.0,0.0,0.0],"rotation":0,"texture":"#0","tintindex":0},"down":{"uv":[3.0,0.0,0.0,0.0],"rotation":0,"texture":"#0","tintindex":0}}},{"from":[13.651041,5.3407,0.59515524],"to":[19.936756,5.3407,6.8808694],"rotation":{"angle":45.0,"axis":"z","origin":[3.9367552,-0.37358665,-7.9762745]},"faces":{"east":{"uv":[0.0,0.0,2.75,0.0],"rotation":0,"texture":"#0","tintindex":0},"south":{"uv":[0.0,0.0,2.75,0.0],"rotation":0,"texture":"#0","tintindex":0},"north":{"uv":[0.0,0.0,2.75,0.0],"rotation":0,"texture":"#0","tintindex":0},"west":{"uv":[0.0,0.0,2.75,0.0],"rotation":0,"texture":"#0","tintindex":0},"up":{"uv":[5.75,2.75,3.0,0.0],"rotation":0,"texture":"#0","tintindex":0},"down":{"uv":[5.75,2.75,3.0,5.5],"rotation":0,"texture":"#0","tintindex":0}}},{"from":[13.622326,7.678919,2.309441],"to":[18.193754,12.250348,5.7380123],"rotation":{"angle":0.0,"axis":"y","origin":[-2.377675,4.8217764,-5.6905603]},"faces":{"east":{"uv":[7.5,10.0,9.0,12.0],"rotation":0,"texture":"#0","tintindex":0},"south":{"uv":[8.25,5.5,10.25,7.5],"rotation":0,"texture":"#0","tintindex":0},"north":{"uv":[2.5,8.0,4.5,10.0],"rotation":0,"texture":"#0","tintindex":0},"west":{"uv":[9.0,10.0,10.5,12.0],"rotation":0,"texture":"#0","tintindex":0},"up":{"uv":[12.25,6.25,10.25,4.75],"rotation":0,"texture":"#0","tintindex":0},"down":{"uv":[12.5,8.5,10.5,10.0],"rotation":0,"texture":"#0","tintindex":0}}},{"from":[11.336611,10.536062,2.8808694],"to":[13.622326,11.678919,5.1665835],"rotation":{"angle":0.0,"axis":"y","origin":[-2.377675,4.8217764,-5.6905603]},"faces":{"east":{"uv":[12.0,11.0,13.0,11.5],"rotation":0,"texture":"#0","tintindex":0},"south":{"uv":[12.25,7.75,13.25,8.25],"rotation":0,"texture":"#0","tintindex":0},"north":{"uv":[8.5,1.5,9.5,2.0],"rotation":0,"texture":"#0","tintindex":0},"west":{"uv":[1.0,12.5,2.0,13.0],"rotation":0,"texture":"#0","tintindex":0},"up":{"uv":[13.0,4.75,12.0,3.75],"rotation":0,"texture":"#0","tintindex":0},"down":{"uv":[6.0,12.0,5.0,13.0],"rotation":0,"texture":"#0","tintindex":0}}}],"textures":{"0":"modelengine:entity/voras_parts"},"display":{"head":{"translation":[0.0,-6.4,0.0],"scale":[4.0,4.0,4.0]}}}