{"elements":[{"from":[2.3776746,7.678919,2.8808694],"to":[12.091961,10.536062,5.1665835],"rotation":{"angle":0.0,"axis":"y","origin":[18.377674,4.8217764,-5.6905603]},"faces":{"east":{"uv":[5.0,12.0,4.0,13.25],"rotation":0,"texture":"#0","tintindex":0},"south":{"uv":[10.0,3.25,5.75,4.5],"rotation":0,"texture":"#0","tintindex":0},"north":{"uv":[10.0,2.0,5.75,3.25],"rotation":0,"texture":"#0","tintindex":0},"west":{"uv":[5.5,8.0,4.5,9.25],"rotation":0,"texture":"#0","tintindex":0},"up":{"uv":[5.75,5.5,10.0,4.5],"rotation":0,"texture":"#0","tintindex":0},"down":{"uv":[8.0,7.5,12.25,8.5],"rotation":0,"texture":"#0","tintindex":0}}},{"from":[8.663389,5.964633,4.0237265],"to":[15.520533,12.250348,4.0237265],"rotation":{"angle":22.5,"axis":"z","origin":[12.091961,9.107491,4.0237265]},"faces":{"east":{"uv":[0.0,0.0,0.0,2.75],"rotation":0,"texture":"#0","tintindex":0},"south":{"uv":[3.0,2.75,0.0,5.5],"rotation":0,"texture":"#0","tintindex":0},"north":{"uv":[3.0,0.0,0.0,2.75],"rotation":0,"texture":"#0","tintindex":0},"west":{"uv":[0.0,0.0,0.0,2.75],"rotation":0,"texture":"#0","tintindex":0},"up":{"uv":[0.0,0.0,3.0,0.0],"rotation":0,"texture":"#0","tintindex":0},"down":{"uv":[0.0,0.0,3.0,0.0],"rotation":0,"texture":"#0","tintindex":0}}},{"from":[-3.9367561,5.3407,0.59515524],"to":[2.348959,5.3407,6.8808694],"rotation":{"angle":-45.0,"axis":"z","origin":[12.063245,-0.37358665,-7.9762745]},"faces":{"east":{"uv":[2.75,0.0,0.0,0.0],"rotation":0,"texture":"#0","tintindex":0},"south":{"uv":[2.75,0.0,0.0,0.0],"rotation":0,"texture":"#0","tintindex":0},"north":{"uv":[2.75,0.0,0.0,0.0],"rotation":0,"texture":"#0","tintindex":0},"west":{"uv":[2.75,0.0,0.0,0.0],"rotation":0,"texture":"#0","tintindex":0},"up":{"uv":[3.0,2.75,5.75,0.0],"rotation":0,"texture":"#0","tintindex":0},"down":{"uv":[3.0,2.75,5.75,5.5],"rotation":0,"texture":"#0","tintindex":0}}},{"from":[-2.1937542,7.678919,2.309441],"to":[2.3776746,12.250348,5.7380123],"rotation":{"angle":0.0,"axis":"y","origin":[18.377674,4.8217764,-5.6905603]},"faces":{"east":{"uv":[10.5,10.0,9.0,12.0],"rotation":0,"texture":"#0","tintindex":0},"south":{"uv":[10.25,5.5,8.25,7.5],"rotation":0,"texture":"#0","tintindex":0},"north":{"uv":[4.5,8.0,2.5,10.0],"rotation":0,"texture":"#0","tintindex":0},"west":{"uv":[9.0,10.0,7.5,12.0],"rotation":0,"texture":"#0","tintindex":0},"up":{"uv":[10.25,6.25,12.25,4.75],"rotation":0,"texture":"#0","tintindex":0},"down":{"uv":[10.5,8.5,12.5,10.0],"rotation":0,"texture":"#0","tintindex":0}}},{"from":[2.3776746,10.536062,2.8808694],"to":[4.663389,11.678919,5.1665835],"rotation":{"angle":0.0,"axis":"y","origin":[18.377674,4.8217764,-5.6905603]},"faces":{"east":{"uv":[2.0,12.5,1.0,13.0],"rotation":0,"texture":"#0","tintindex":0},"south":{"uv":[13.25,7.75,12.25,8.25],"rotation":0,"texture":"#0","tintindex":0},"north":{"uv":[9.5,1.5,8.5,2.0],"rotation":0,"texture":"#0","tintindex":0},"west":{"uv":[13.0,11.0,12.0,11.5],"rotation":0,"texture":"#0","tintindex":0},"up":{"uv":[12.0,4.75,13.0,3.75],"rotation":0,"texture":"#0","tintindex":0},"down":{"uv":[5.0,12.0,6.0,13.0],"rotation":0,"texture":"#0","tintindex":0}}}],"textures":{"0":"modelengine:entity/voras_parts"},"display":{"head":{"translation":[0.0,-6.4,0.0],"scale":[4.0,4.0,4.0]}}}