{"elements":[{"from":[7.857143,7.857143,7.6571426],"to":[8.428572,8.428572,7.6571426],"rotation":{"angle":0.0,"axis":"y","origin":[7.285714,5.142857,11.428572]},"faces":{"east":{"uv":[0.0,0.0,0.0,0.5],"rotation":0,"texture":"#0","tintindex":0},"south":{"uv":[5.0,15.5,5.5,16.0],"rotation":0,"texture":"#0","tintindex":0},"north":{"uv":[5.0,15.5,5.5,16.0],"rotation":0,"texture":"#0","tintindex":0},"west":{"uv":[0.0,0.0,0.0,0.5],"rotation":0,"texture":"#0","tintindex":0},"up":{"uv":[0.5,0.0,0.0,0.0],"rotation":0,"texture":"#0","tintindex":0},"down":{"uv":[0.5,0.0,0.0,0.0],"rotation":0,"texture":"#0","tintindex":0}}},{"from":[7.428571,7.428571,7.714286],"to":[8.571428,8.571428,8.857143],"rotation":{"angle":0.0,"axis":"y","origin":[7.285714,5.142857,11.428572]},"faces":{"east":{"uv":[15.0,1.0,16.0,2.0],"rotation":0,"texture":"#0","tintindex":0},"south":{"uv":[15.0,2.0,16.0,3.0],"rotation":0,"texture":"#0","tintindex":0},"north":{"uv":[15.0,0.0,16.0,1.0],"rotation":0,"texture":"#0","tintindex":0},"west":{"uv":[15.0,3.0,16.0,4.0],"rotation":0,"texture":"#0","tintindex":0},"up":{"uv":[16.0,5.0,15.0,4.0],"rotation":0,"texture":"#0","tintindex":0},"down":{"uv":[16.0,5.0,15.0,6.0],"rotation":0,"texture":"#0","tintindex":0}}}],"textures":{"0":"modelengine:entity/bunk_spiderling"},"display":{"head":{"translation":[0.0,-6.4,0.0],"scale":[4.0,4.0,4.0]}}}