{
	"credit": "Made with Blockbench",
	"texture_size": [64, 64],
	"textures": {
		"0": "littleroom_nuke:throwable_nuke",
		"particle": "littleroom_nuke:throwable_nuke"
	},
	"elements": [
		{
			"from": [2, 0, 0],
			"to": [14, 12, 13],
			"rotation": {"angle": 0, "axis": "y", "origin": [7, 1, 1]},
			"faces": {
				"north": {"uv": [0, 6, 3, 9], "texture": "#0"},
				"east": {"uv": [0, 0, 3.25, 3], "texture": "#0"},
				"south": {"uv": [6.25, 0, 9.25, 3], "texture": "#0"},
				"west": {"uv": [3.25, 0, 0, 3], "texture": "#0"},
				"up": {"uv": [6.25, 3.25, 3.25, 0], "texture": "#0"},
				"down": {"uv": [6.25, 0, 3.25, 3.25], "texture": "#0"}
			}
		},
		{
			"from": [6, 4, 13],
			"to": [10, 8, 21],
			"rotation": {"angle": 45, "axis": "z", "origin": [8, 6, 17.75]},
			"faces": {
				"north": {"uv": [9, 6.75, 10, 7.75], "texture": "#0"},
				"east": {"uv": [8, 8.25, 10, 9.25], "texture": "#0"},
				"south": {"uv": [9.25, 2, 10.25, 3], "texture": "#0"},
				"west": {"uv": [0, 9, 2, 10], "texture": "#0"},
				"up": {"uv": [3, 11, 2, 9], "texture": "#0"},
				"down": {"uv": [10.25, 0, 9.25, 2], "texture": "#0"}
			}
		},
		{
			"from": [4, 10, 16],
			"to": [12, 10, 21],
			"rotation": {"angle": 45, "axis": "z", "origin": [8, 6, 17.75]},
			"faces": {
				"north": {"uv": [0, 0, 2, 0], "texture": "#0"},
				"east": {"uv": [0, 0, 1.25, 0], "texture": "#0"},
				"south": {"uv": [0, 0, 2, 0], "texture": "#0"},
				"west": {"uv": [0, 0, 1.25, 0], "texture": "#0"},
				"up": {"uv": [5, 7.75, 3, 6.5], "texture": "#0"},
				"down": {"uv": [7, 7, 5, 8.25], "texture": "#0"}
			}
		},
		{
			"from": [4, 2, 16],
			"to": [12, 2, 21],
			"rotation": {"angle": 45, "axis": "z", "origin": [8, 6, 17.75]},
			"faces": {
				"north": {"uv": [0, 0, 2, 0], "texture": "#0"},
				"east": {"uv": [0, 0, 1.25, 0], "texture": "#0"},
				"south": {"uv": [0, 0, 2, 0], "texture": "#0"},
				"west": {"uv": [0, 0, 1.25, 0], "texture": "#0"},
				"up": {"uv": [9, 8.25, 7, 7], "texture": "#0"},
				"down": {"uv": [9.5, 3, 7.5, 4.25], "texture": "#0"}
			}
		},
		{
			"from": [4, 6, 16],
			"to": [12, 6, 21],
			"rotation": {"angle": 45, "axis": "z", "origin": [8, 6, 17.75]},
			"faces": {
				"north": {"uv": [0, 0, 2, 0], "texture": "#0"},
				"east": {"uv": [0, 0, 1.25, 0], "texture": "#0"},
				"south": {"uv": [0, 0, 2, 0], "texture": "#0"},
				"west": {"uv": [0, 0, 1.25, 0], "texture": "#0"},
				"up": {"uv": [9.5, 5.5, 7.5, 4.25], "texture": "#0"},
				"down": {"uv": [9.5, 5.5, 7.5, 6.75], "texture": "#0"}
			}
		},
		{
			"from": [4, 2, 16],
			"to": [4, 10, 21],
			"rotation": {"angle": 45, "axis": "z", "origin": [8, 6, 17.75]},
			"faces": {
				"north": {"uv": [0, 0, 0, 2], "texture": "#0"},
				"east": {"uv": [3, 7.75, 4.25, 9.75], "texture": "#0"},
				"south": {"uv": [0, 0, 0, 2], "texture": "#0"},
				"west": {"uv": [4.25, 8.25, 5.5, 10.25], "texture": "#0"},
				"up": {"uv": [0, 1.25, 0, 0], "texture": "#0"},
				"down": {"uv": [0, 0, 0, 1.25], "texture": "#0"}
			}
		},
		{
			"from": [8, 2, 16],
			"to": [8, 10, 21],
			"rotation": {"angle": 45, "axis": "z", "origin": [8, 6, 17.75]},
			"faces": {
				"north": {"uv": [0, 0, 0, 2], "texture": "#0"},
				"east": {"uv": [6.25, 3, 7.5, 5], "texture": "#0"},
				"south": {"uv": [0, 0, 0, 2], "texture": "#0"},
				"west": {"uv": [6.25, 5, 7.5, 7], "texture": "#0"},
				"up": {"uv": [0, 1.25, 0, 0], "texture": "#0"},
				"down": {"uv": [0, 0, 0, 1.25], "texture": "#0"}
			}
		},
		{
			"from": [12, 2, 16],
			"to": [12, 10, 21],
			"rotation": {"angle": 45, "axis": "z", "origin": [8, 6, 17.75]},
			"faces": {
				"north": {"uv": [0, 0, 0, 2], "texture": "#0"},
				"east": {"uv": [5.5, 8.25, 6.75, 10.25], "texture": "#0"},
				"south": {"uv": [0, 0, 0, 2], "texture": "#0"},
				"west": {"uv": [6.75, 8.25, 8, 10.25], "texture": "#0"},
				"up": {"uv": [0, 1.25, 0, 0], "texture": "#0"},
				"down": {"uv": [0, 0, 0, 1.25], "texture": "#0"}
			}
		}
	],
	"gui_light": "front",
	"display": {
		"thirdperson_righthand": {
			"rotation": [23, 38, 44],
			"translation": [1.25, 3.75, 0],
			"scale": [0.5, 0.5, 0.5]
		},
		"thirdperson_lefthand": {
			"rotation": [23, 38, 44],
			"translation": [1.25, 3.75, 0],
			"scale": [0.5, 0.5, 0.5]
		},
		"firstperson_righthand": {
			"rotation": [-101, 148, -32],
			"translation": [0.75, 3.25, -2.25],
			"scale": [0.5, 0.5, 0.5]
		},
		"firstperson_lefthand": {
			"rotation": [-101, 148, -32],
			"translation": [0.75, 3.25, -2.25],
			"scale": [0.5, 0.5, 0.5]
		},
		"ground": {
			"rotation": [-38, 0, 46],
			"translation": [0, 4.25, 0],
			"scale": [0.5, 0.5, 0.5]
		},
		"gui": {
			"rotation": [64, -138, -38],
			"translation": [0, -0.5, 0],
			"scale": [0.6, 0.6, 0.6]
		}
	}
}