{"elements":[{"from":[6.857143,6.5714283,7.142857],"to":[9.142858,8.857143,8.857143],"rotation":{"angle":0.0,"axis":"y","origin":[8.0,6.0,8.285714]},"faces":{"east":{"uv":[6.5,6.0,8.0,8.0],"rotation":0,"texture":"#0","tintindex":0},"south":{"uv":[0.0,6.0,2.0,8.0],"rotation":0,"texture":"#0","tintindex":0},"north":{"uv":[5.0,4.0,7.0,6.0],"rotation":0,"texture":"#0","tintindex":0},"west":{"uv":[7.0,3.5,8.5,5.5],"rotation":0,"texture":"#0","tintindex":0},"up":{"uv":[6.0,9.0,4.0,7.5],"rotation":0,"texture":"#0","tintindex":0},"down":{"uv":[2.0,8.0,0.0,9.5],"rotation":0,"texture":"#0","tintindex":0}}},{"from":[9.285714,9.0,9.0],"to":[6.714286,6.428571,7.0],"rotation":{"angle":0.0,"axis":"y","origin":[8.0,6.0,8.285714]},"faces":{"east":{"uv":[15.5,15.5,16.0,16.0],"rotation":0,"texture":"#0","tintindex":0},"south":{"uv":[15.5,15.5,16.0,16.0],"rotation":0,"texture":"#0","tintindex":0},"north":{"uv":[15.5,15.5,16.0,16.0],"rotation":0,"texture":"#0","tintindex":0},"west":{"uv":[15.5,15.5,16.0,16.0],"rotation":0,"texture":"#0","tintindex":0},"up":{"uv":[15.5,15.5,16.0,16.0],"rotation":0,"texture":"#0","tintindex":0},"down":{"uv":[15.5,15.5,16.0,16.0],"rotation":0,"texture":"#0","tintindex":0}}},{"from":[7.142857,7.142857,8.857143],"to":[8.857143,8.857143,11.142858],"rotation":{"angle":22.5,"axis":"x","origin":[7.142857,8.857143,8.857143]},"faces":{"east":{"uv":[8.0,0.0,10.0,1.5],"rotation":0,"texture":"#0","tintindex":0},"south":{"uv":[8.5,1.5,10.0,3.0],"rotation":0,"texture":"#0","tintindex":0},"north":{"uv":[7.5,8.0,9.0,9.5],"rotation":0,"texture":"#0","tintindex":0},"west":{"uv":[2.0,8.0,4.0,9.5],"rotation":0,"texture":"#0","tintindex":0},"up":{"uv":[9.5,7.5,8.0,5.5],"rotation":0,"texture":"#0","tintindex":0},"down":{"uv":[7.5,8.0,6.0,10.0],"rotation":0,"texture":"#0","tintindex":0}}},{"from":[9.0,9.0,11.285714],"to":[7.0,7.0,8.857143],"rotation":{"angle":22.5,"axis":"x","origin":[7.142857,8.857143,8.857143]},"faces":{"east":{"uv":[15.5,15.5,16.0,16.0],"rotation":0,"texture":"#0","tintindex":0},"south":{"uv":[15.5,15.0,16.0,15.5],"rotation":0,"texture":"#0","tintindex":0},"north":{"uv":[15.5,15.5,16.0,16.0],"rotation":0,"texture":"#0","tintindex":0},"west":{"uv":[15.5,15.5,16.0,16.0],"rotation":0,"texture":"#0","tintindex":0},"up":{"uv":[15.5,15.5,16.0,16.0],"rotation":0,"texture":"#0","tintindex":0},"down":{"uv":[15.5,15.5,16.0,16.0],"rotation":0,"texture":"#0","tintindex":0}}}],"textures":{"0":"modelengine:entity/thumpling"},"display":{"head":{"translation":[0.0,-6.4,0.0],"scale":[4.0,4.0,4.0]}}}