{"elements":[{"from":[6.285714,7.428571,5.714286],"to":[9.714286,9.714286,8.0],"rotation":{"angle":0.0,"axis":"y","origin":[8.0,5.714286,6.857143]},"faces":{"east":{"uv":[6.0,0.0,8.0,2.0],"rotation":0,"texture":"#0","tintindex":0},"south":{"uv":[0.0,2.0,3.0,4.0],"rotation":0,"texture":"#0","tintindex":0},"north":{"uv":[0.0,0.0,3.0,2.0],"rotation":0,"texture":"#0","tintindex":0},"west":{"uv":[2.0,6.0,4.0,8.0],"rotation":0,"texture":"#0","tintindex":0},"up":{"uv":[6.0,2.0,3.0,0.0],"rotation":0,"texture":"#0","tintindex":0},"down":{"uv":[6.0,2.0,3.0,4.0],"rotation":0,"texture":"#0","tintindex":0}}},{"from":[9.857143,9.857143,8.142858],"to":[6.142857,7.285714,5.5714283],"rotation":{"angle":0.0,"axis":"y","origin":[8.0,5.714286,6.857143]},"faces":{"east":{"uv":[15.5,15.5,16.0,16.0],"rotation":0,"texture":"#0","tintindex":0},"south":{"uv":[15.5,15.5,16.0,16.0],"rotation":0,"texture":"#0","tintindex":0},"north":{"uv":[15.5,15.5,16.0,16.0],"rotation":0,"texture":"#0","tintindex":0},"west":{"uv":[15.5,15.5,16.0,16.0],"rotation":0,"texture":"#0","tintindex":0},"up":{"uv":[15.5,15.0,16.0,15.5],"rotation":0,"texture":"#0","tintindex":0},"down":{"uv":[15.5,15.5,16.0,16.0],"rotation":0,"texture":"#0","tintindex":0}}},{"from":[8.714286,7.0,5.7285714],"to":[9.285714,7.5714283,5.7285714],"rotation":{"angle":-45.0,"axis":"z","origin":[9.142858,7.428571,5.7285714]},"faces":{"east":{"uv":[0.0,0.0,0.0,0.5],"rotation":0,"texture":"#0","tintindex":0},"south":{"uv":[7.5,10.5,8.0,11.0],"rotation":0,"texture":"#0","tintindex":0},"north":{"uv":[7.5,10.5,8.0,11.0],"rotation":0,"texture":"#0","tintindex":0},"west":{"uv":[0.0,0.0,0.0,0.5],"rotation":0,"texture":"#0","tintindex":0},"up":{"uv":[0.5,0.0,0.0,0.0],"rotation":0,"texture":"#0","tintindex":0},"down":{"uv":[0.5,0.0,0.0,0.0],"rotation":0,"texture":"#0","tintindex":0}}},{"from":[6.714286,7.0,5.7285714],"to":[7.285714,7.5714283,5.7285714],"rotation":{"angle":45.0,"axis":"z","origin":[6.857143,7.428571,5.7285714]},"faces":{"east":{"uv":[0.0,0.0,0.0,0.5],"rotation":0,"texture":"#0","tintindex":0},"south":{"uv":[8.0,10.5,7.5,11.0],"rotation":0,"texture":"#0","tintindex":0},"north":{"uv":[8.0,10.5,7.5,11.0],"rotation":0,"texture":"#0","tintindex":0},"west":{"uv":[0.0,0.0,0.0,0.5],"rotation":0,"texture":"#0","tintindex":0},"up":{"uv":[0.0,0.0,0.5,0.0],"rotation":0,"texture":"#0","tintindex":0},"down":{"uv":[0.0,0.0,0.5,0.0],"rotation":0,"texture":"#0","tintindex":0}}},{"from":[9.714286,7.428571,5.714286],"to":[9.714286,8.571428,6.857143],"rotation":{"angle":22.5,"axis":"y","origin":[9.714286,8.0,5.714286]},"faces":{"east":{"uv":[8.5,10.0,9.5,11.0],"rotation":0,"texture":"#0","tintindex":0},"south":{"uv":[0.0,0.0,0.0,1.0],"rotation":0,"texture":"#0","tintindex":0},"north":{"uv":[0.0,0.0,0.0,1.0],"rotation":0,"texture":"#0","tintindex":0},"west":{"uv":[9.5,10.0,8.5,11.0],"rotation":0,"texture":"#0","tintindex":0},"up":{"uv":[0.0,1.0,0.0,0.0],"rotation":0,"texture":"#0","tintindex":0},"down":{"uv":[0.0,0.0,0.0,1.0],"rotation":0,"texture":"#0","tintindex":0}}},{"from":[6.285714,7.428571,5.714286],"to":[6.285714,8.571428,6.857143],"rotation":{"angle":-22.5,"axis":"y","origin":[6.285714,8.0,5.714286]},"faces":{"east":{"uv":[8.5,10.0,9.5,11.0],"rotation":0,"texture":"#0","tintindex":0},"south":{"uv":[0.0,0.0,0.0,1.0],"rotation":0,"texture":"#0","tintindex":0},"north":{"uv":[0.0,0.0,0.0,1.0],"rotation":0,"texture":"#0","tintindex":0},"west":{"uv":[9.5,10.0,8.5,11.0],"rotation":0,"texture":"#0","tintindex":0},"up":{"uv":[0.0,1.0,0.0,0.0],"rotation":0,"texture":"#0","tintindex":0},"down":{"uv":[0.0,0.0,0.0,1.0],"rotation":0,"texture":"#0","tintindex":0}}}],"textures":{"0":"modelengine:entity/thumpling"},"display":{"head":{"translation":[0.0,-6.4,0.0],"scale":[4.0,4.0,4.0]}}}