{"elements":[{"from":[6.5657144,7.4228573,5.6942854],"to":[9.434286,8.005714,7.9914284],"rotation":{"angle":0.0,"axis":"y","origin":[8.0,6.285714,6.985714]},"faces":{"east":{"uv":[10.0,2.5,12.0,3.0],"rotation":0,"texture":"#0","tintindex":0},"south":{"uv":[9.5,7.0,12.0,7.5],"rotation":0,"texture":"#0","tintindex":0},"north":{"uv":[9.5,6.5,12.0,7.0],"rotation":0,"texture":"#0","tintindex":0},"west":{"uv":[6.0,10.0,8.0,10.5],"rotation":0,"texture":"#0","tintindex":0},"up":{"uv":[2.5,6.0,0.0,4.0],"rotation":0,"texture":"#0","tintindex":0},"down":{"uv":[5.0,4.0,2.5,6.0],"rotation":0,"texture":"#0","tintindex":0}}},{"from":[9.571428,8.142858,8.1285715],"to":[6.428571,7.285714,5.5571427],"rotation":{"angle":0.0,"axis":"y","origin":[8.0,6.285714,6.985714]},"faces":{"east":{"uv":[15.5,15.5,16.0,16.0],"rotation":0,"texture":"#0","tintindex":0},"south":{"uv":[15.5,15.5,16.0,16.0],"rotation":0,"texture":"#0","tintindex":0},"north":{"uv":[15.5,15.5,16.0,16.0],"rotation":0,"texture":"#0","tintindex":0},"west":{"uv":[15.5,15.5,16.0,16.0],"rotation":0,"texture":"#0","tintindex":0},"up":{"uv":[15.5,15.5,16.0,16.0],"rotation":0,"texture":"#0","tintindex":0},"down":{"uv":[15.5,15.0,16.0,15.5],"rotation":0,"texture":"#0","tintindex":0}}},{"from":[7.428571,7.714286,6.2714286],"to":[8.571428,8.285714,7.9857144],"rotation":{"angle":0.0,"axis":"y","origin":[8.0,6.285714,6.985714]},"faces":{"east":{"uv":[10.0,9.5,11.5,10.0],"rotation":0,"texture":"#0","tintindex":0},"south":{"uv":[7.0,5.5,8.0,6.0],"rotation":0,"texture":"#0","tintindex":0},"north":{"uv":[6.0,3.5,7.0,4.0],"rotation":0,"texture":"#0","tintindex":0},"west":{"uv":[10.5,5.0,12.0,5.5],"rotation":0,"texture":"#0","tintindex":0},"up":{"uv":[4.0,11.0,3.0,9.5],"rotation":0,"texture":"#0","tintindex":0},"down":{"uv":[10.5,5.0,9.5,6.5],"rotation":0,"texture":"#0","tintindex":0}}},{"from":[8.571428,7.714286,5.7],"to":[9.142858,8.285714,5.7],"rotation":{"angle":45.0,"axis":"z","origin":[8.857143,8.0,5.714286]},"faces":{"east":{"uv":[0.0,0.0,0.0,0.5],"rotation":0,"texture":"#0","tintindex":0},"south":{"uv":[8.0,1.5,8.5,2.0],"rotation":0,"texture":"#0","tintindex":0},"north":{"uv":[8.0,1.5,8.5,2.0],"rotation":0,"texture":"#0","tintindex":0},"west":{"uv":[0.0,0.0,0.0,0.5],"rotation":0,"texture":"#0","tintindex":0},"up":{"uv":[0.5,0.0,0.0,0.0],"rotation":0,"texture":"#0","tintindex":0},"down":{"uv":[0.5,0.0,0.0,0.0],"rotation":0,"texture":"#0","tintindex":0}}},{"from":[6.857143,7.714286,5.7],"to":[7.428571,8.285714,5.7],"rotation":{"angle":-45.0,"axis":"z","origin":[7.142857,8.0,5.714286]},"faces":{"east":{"uv":[0.0,0.0,0.0,0.5],"rotation":0,"texture":"#0","tintindex":0},"south":{"uv":[8.5,1.5,8.0,2.0],"rotation":0,"texture":"#0","tintindex":0},"north":{"uv":[8.5,1.5,8.0,2.0],"rotation":0,"texture":"#0","tintindex":0},"west":{"uv":[0.0,0.0,0.0,0.5],"rotation":0,"texture":"#0","tintindex":0},"up":{"uv":[0.0,0.0,0.5,0.0],"rotation":0,"texture":"#0","tintindex":0},"down":{"uv":[0.0,0.0,0.5,0.0],"rotation":0,"texture":"#0","tintindex":0}}}],"textures":{"0":"modelengine:entity/thumpling"},"display":{"head":{"translation":[0.0,-6.4,0.0],"scale":[4.0,4.0,4.0]}}}