{"elements":[{"from":[8.428572,9.285714,8.428572],"to":[7.0,6.714286,7.5714283],"rotation":{"angle":0.0,"axis":"y","origin":[9.714286,5.428571,6.857143]},"faces":{"east":{"uv":[16.0,15.5,15.5,16.0],"rotation":0,"texture":"#0","tintindex":0},"south":{"uv":[16.0,15.0,15.5,15.5],"rotation":0,"texture":"#0","tintindex":0},"north":{"uv":[16.0,15.5,15.5,16.0],"rotation":0,"texture":"#0","tintindex":0},"west":{"uv":[16.0,15.5,15.5,16.0],"rotation":0,"texture":"#0","tintindex":0},"up":{"uv":[16.0,15.5,15.5,16.0],"rotation":0,"texture":"#0","tintindex":0},"down":{"uv":[16.0,15.5,15.5,16.0],"rotation":0,"texture":"#0","tintindex":0}}},{"from":[7.1371427,6.8514285,7.7085714],"to":[8.291429,9.148571,8.291429],"rotation":{"angle":0.0,"axis":"y","origin":[9.714286,5.428571,6.857143]},"faces":{"east":{"uv":[8.5,10.0,8.0,12.0],"rotation":0,"texture":"#0","tintindex":0},"south":{"uv":[3.0,9.5,2.0,11.5],"rotation":0,"texture":"#0","tintindex":0},"north":{"uv":[2.0,9.5,1.0,11.5],"rotation":0,"texture":"#0","tintindex":0},"west":{"uv":[10.5,7.5,10.0,9.5],"rotation":0,"texture":"#0","tintindex":0},"up":{"uv":[8.0,8.0,9.0,7.5],"rotation":0,"texture":"#0","tintindex":0},"down":{"uv":[8.5,5.0,9.5,5.5],"rotation":0,"texture":"#0","tintindex":0}}},{"from":[7.142857,7.142857,7.428571],"to":[7.142857,7.714286,8.0],"rotation":{"angle":45.0,"axis":"x","origin":[7.142857,7.428571,7.714286]},"faces":{"east":{"uv":[11.5,8.0,11.0,8.5],"rotation":0,"texture":"#0","tintindex":0},"south":{"uv":[0.0,0.0,0.0,0.5],"rotation":0,"texture":"#0","tintindex":0},"north":{"uv":[0.0,0.0,0.0,0.5],"rotation":0,"texture":"#0","tintindex":0},"west":{"uv":[11.5,8.0,11.0,8.5],"rotation":0,"texture":"#0","tintindex":0},"up":{"uv":[0.0,0.5,0.0,0.0],"rotation":0,"texture":"#0","tintindex":0},"down":{"uv":[0.0,0.0,0.0,0.5],"rotation":0,"texture":"#0","tintindex":0}}},{"from":[7.142857,8.0,6.5714283],"to":[7.142857,8.571428,7.142857],"rotation":{"angle":45.0,"axis":"x","origin":[7.142857,7.428571,7.714286]},"faces":{"east":{"uv":[11.0,8.0,10.5,8.5],"rotation":0,"texture":"#0","tintindex":0},"south":{"uv":[0.0,0.0,0.0,0.5],"rotation":0,"texture":"#0","tintindex":0},"north":{"uv":[0.0,0.0,0.0,0.5],"rotation":0,"texture":"#0","tintindex":0},"west":{"uv":[11.0,8.0,10.5,8.5],"rotation":0,"texture":"#0","tintindex":0},"up":{"uv":[0.0,0.5,0.0,0.0],"rotation":0,"texture":"#0","tintindex":0},"down":{"uv":[0.0,0.0,0.0,0.5],"rotation":0,"texture":"#0","tintindex":0}}}],"textures":{"0":"modelengine:entity/thumpling"},"display":{"head":{"translation":[0.0,-6.4,0.0],"scale":[4.0,4.0,4.0]}}}