{"elements":[{"from":[7.428571,5.714286,7.428571],"to":[8.571428,8.0,8.571428],"rotation":{"angle":0.0,"axis":"y","origin":[9.142858,6.0,8.285714]},"faces":{"east":{"uv":[1.0,9.5,0.0,11.5],"rotation":0,"texture":"#0","tintindex":0},"south":{"uv":[10.0,7.5,9.0,9.5],"rotation":0,"texture":"#0","tintindex":0},"north":{"uv":[5.0,9.0,4.0,11.0],"rotation":0,"texture":"#0","tintindex":0},"west":{"uv":[6.0,9.0,5.0,11.0],"rotation":0,"texture":"#0","tintindex":0},"up":{"uv":[10.0,1.5,11.0,0.5],"rotation":0,"texture":"#0","tintindex":0},"down":{"uv":[10.0,1.5,11.0,2.5],"rotation":0,"texture":"#0","tintindex":0}}},{"from":[8.714286,8.142858,8.714286],"to":[7.285714,5.5714283,7.285714],"rotation":{"angle":0.0,"axis":"y","origin":[9.142858,6.0,8.285714]},"faces":{"east":{"uv":[16.0,15.5,15.5,16.0],"rotation":0,"texture":"#0","tintindex":0},"south":{"uv":[16.0,15.5,15.5,16.0],"rotation":0,"texture":"#0","tintindex":0},"north":{"uv":[16.0,15.5,15.5,16.0],"rotation":0,"texture":"#0","tintindex":0},"west":{"uv":[16.0,15.5,15.5,16.0],"rotation":0,"texture":"#0","tintindex":0},"up":{"uv":[16.0,15.5,15.5,16.0],"rotation":0,"texture":"#0","tintindex":0},"down":{"uv":[16.0,15.5,15.5,16.0],"rotation":0,"texture":"#0","tintindex":0}}}],"textures":{"0":"modelengine:entity/thumpling"},"display":{"head":{"translation":[0.0,-6.4,0.0],"scale":[4.0,4.0,4.0]}}}