{"elements":[{"from":[7.5714283,7.428571,8.0],"to":[8.714286,8.571428,8.0],"rotation":{"angle":0.0,"axis":"y","origin":[7.142857,5.285714,9.2]},"faces":{"east":{"uv":[0.0,0.0,0.0,1.0],"rotation":0,"texture":"#0","tintindex":0},"south":{"uv":[10.5,4.0,11.5,5.0],"rotation":0,"texture":"#0","tintindex":0},"north":{"uv":[11.5,4.0,10.5,5.0],"rotation":0,"texture":"#0","tintindex":0},"west":{"uv":[0.0,0.0,0.0,1.0],"rotation":0,"texture":"#0","tintindex":0},"up":{"uv":[1.0,0.0,0.0,0.0],"rotation":0,"texture":"#0","tintindex":0},"down":{"uv":[1.0,0.0,0.0,0.0],"rotation":0,"texture":"#0","tintindex":0}}}],"textures":{"0":"modelengine:entity/thumpling"},"display":{"head":{"translation":[0.0,-6.4,0.0],"scale":[4.0,4.0,4.0]}}}