{"elements":[{"from":[7.7085714,6.8514285,7.7085714],"to":[8.862857,9.148571,8.291429],"rotation":{"angle":0.0,"axis":"y","origin":[6.285714,5.428571,6.857143]},"faces":{"east":{"uv":[10.0,7.5,10.5,9.5],"rotation":0,"texture":"#0","tintindex":0},"south":{"uv":[2.0,9.5,3.0,11.5],"rotation":0,"texture":"#0","tintindex":0},"north":{"uv":[1.0,9.5,2.0,11.5],"rotation":0,"texture":"#0","tintindex":0},"west":{"uv":[8.0,10.0,8.5,12.0],"rotation":0,"texture":"#0","tintindex":0},"up":{"uv":[9.0,8.0,8.0,7.5],"rotation":0,"texture":"#0","tintindex":0},"down":{"uv":[9.5,5.0,8.5,5.5],"rotation":0,"texture":"#0","tintindex":0}}},{"from":[9.0,9.285714,8.428572],"to":[7.5714283,6.714286,7.5714283],"rotation":{"angle":0.0,"axis":"y","origin":[6.285714,5.428571,6.857143]},"faces":{"east":{"uv":[15.5,15.5,16.0,16.0],"rotation":0,"texture":"#0","tintindex":0},"south":{"uv":[15.5,15.0,16.0,15.5],"rotation":0,"texture":"#0","tintindex":0},"north":{"uv":[15.5,15.5,16.0,16.0],"rotation":0,"texture":"#0","tintindex":0},"west":{"uv":[15.5,15.5,16.0,16.0],"rotation":0,"texture":"#0","tintindex":0},"up":{"uv":[15.5,15.5,16.0,16.0],"rotation":0,"texture":"#0","tintindex":0},"down":{"uv":[15.5,15.5,16.0,16.0],"rotation":0,"texture":"#0","tintindex":0}}},{"from":[8.857143,7.142857,7.428571],"to":[8.857143,7.714286,8.0],"rotation":{"angle":45.0,"axis":"x","origin":[8.857143,7.428571,7.714286]},"faces":{"east":{"uv":[11.0,8.0,11.5,8.5],"rotation":0,"texture":"#0","tintindex":0},"south":{"uv":[0.0,0.0,0.0,0.5],"rotation":0,"texture":"#0","tintindex":0},"north":{"uv":[0.0,0.0,0.0,0.5],"rotation":0,"texture":"#0","tintindex":0},"west":{"uv":[11.0,8.0,11.5,8.5],"rotation":0,"texture":"#0","tintindex":0},"up":{"uv":[0.0,0.5,0.0,0.0],"rotation":0,"texture":"#0","tintindex":0},"down":{"uv":[0.0,0.0,0.0,0.5],"rotation":0,"texture":"#0","tintindex":0}}},{"from":[8.857143,8.0,6.5714283],"to":[8.857143,8.571428,7.142857],"rotation":{"angle":45.0,"axis":"x","origin":[8.857143,7.428571,7.714286]},"faces":{"east":{"uv":[10.5,8.0,11.0,8.5],"rotation":0,"texture":"#0","tintindex":0},"south":{"uv":[0.0,0.0,0.0,0.5],"rotation":0,"texture":"#0","tintindex":0},"north":{"uv":[0.0,0.0,0.0,0.5],"rotation":0,"texture":"#0","tintindex":0},"west":{"uv":[10.5,8.0,11.0,8.5],"rotation":0,"texture":"#0","tintindex":0},"up":{"uv":[0.0,0.5,0.0,0.0],"rotation":0,"texture":"#0","tintindex":0},"down":{"uv":[0.0,0.0,0.0,0.5],"rotation":0,"texture":"#0","tintindex":0}}}],"textures":{"0":"modelengine:entity/thumpling"},"display":{"head":{"translation":[0.0,-6.4,0.0],"scale":[4.0,4.0,4.0]}}}