{"elements":[{"from":[7.428571,5.714286,7.428571],"to":[8.571428,8.0,8.571428],"rotation":{"angle":0.0,"axis":"y","origin":[6.857143,6.0,8.285714]},"faces":{"east":{"uv":[5.0,9.0,6.0,11.0],"rotation":0,"texture":"#0","tintindex":0},"south":{"uv":[9.0,7.5,10.0,9.5],"rotation":0,"texture":"#0","tintindex":0},"north":{"uv":[4.0,9.0,5.0,11.0],"rotation":0,"texture":"#0","tintindex":0},"west":{"uv":[0.0,9.5,1.0,11.5],"rotation":0,"texture":"#0","tintindex":0},"up":{"uv":[11.0,1.5,10.0,0.5],"rotation":0,"texture":"#0","tintindex":0},"down":{"uv":[11.0,1.5,10.0,2.5],"rotation":0,"texture":"#0","tintindex":0}}},{"from":[8.714286,8.142858,8.714286],"to":[7.285714,5.5714283,7.285714],"rotation":{"angle":0.0,"axis":"y","origin":[6.857143,6.0,8.285714]},"faces":{"east":{"uv":[15.5,15.5,16.0,16.0],"rotation":0,"texture":"#0","tintindex":0},"south":{"uv":[15.5,15.5,16.0,16.0],"rotation":0,"texture":"#0","tintindex":0},"north":{"uv":[15.5,15.5,16.0,16.0],"rotation":0,"texture":"#0","tintindex":0},"west":{"uv":[15.5,15.5,16.0,16.0],"rotation":0,"texture":"#0","tintindex":0},"up":{"uv":[15.5,15.5,16.0,16.0],"rotation":0,"texture":"#0","tintindex":0},"down":{"uv":[15.5,15.5,16.0,16.0],"rotation":0,"texture":"#0","tintindex":0}}}],"textures":{"0":"modelengine:entity/thumpling"},"display":{"head":{"translation":[0.0,-6.4,0.0],"scale":[4.0,4.0,4.0]}}}