{"elements":[{"from":[6.5657144,7.7085714,6.2799997],"to":[9.434286,8.291429,8.005714],"rotation":{"angle":0.0,"axis":"y","origin":[8.0,8.0,7.714286]},"faces":{"east":{"uv":[10.5,5.5,12.0,6.0],"rotation":0,"texture":"#0","tintindex":0},"south":{"uv":[10.0,0.0,12.5,0.5],"rotation":0,"texture":"#0","tintindex":0},"north":{"uv":[7.5,9.5,10.0,10.0],"rotation":0,"texture":"#0","tintindex":0},"west":{"uv":[6.0,10.5,7.5,11.0],"rotation":0,"texture":"#0","tintindex":0},"up":{"uv":[8.5,3.5,6.0,2.0],"rotation":0,"texture":"#0","tintindex":0},"down":{"uv":[6.5,6.0,4.0,7.5],"rotation":0,"texture":"#0","tintindex":0}}},{"from":[9.571428,8.428572,8.142858],"to":[6.428571,7.5714283,6.142857],"rotation":{"angle":0.0,"axis":"y","origin":[8.0,8.0,7.714286]},"faces":{"east":{"uv":[15.5,15.5,16.0,16.0],"rotation":0,"texture":"#0","tintindex":0},"south":{"uv":[15.5,15.5,16.0,16.0],"rotation":0,"texture":"#0","tintindex":0},"north":{"uv":[15.5,15.5,16.0,16.0],"rotation":0,"texture":"#0","tintindex":0},"west":{"uv":[15.5,15.5,16.0,16.0],"rotation":0,"texture":"#0","tintindex":0},"up":{"uv":[15.5,15.0,16.0,15.5],"rotation":0,"texture":"#0","tintindex":0},"down":{"uv":[15.5,15.5,16.0,16.0],"rotation":0,"texture":"#0","tintindex":0}}},{"from":[8.571428,7.428571,6.285714],"to":[9.142858,8.0,6.285714],"rotation":{"angle":-45.0,"axis":"z","origin":[8.857143,7.714286,6.285714]},"faces":{"east":{"uv":[0.0,0.0,0.0,0.5],"rotation":0,"texture":"#0","tintindex":0},"south":{"uv":[10.5,9.0,11.0,9.5],"rotation":0,"texture":"#0","tintindex":0},"north":{"uv":[10.5,9.0,11.0,9.5],"rotation":0,"texture":"#0","tintindex":0},"west":{"uv":[0.0,0.0,0.0,0.5],"rotation":0,"texture":"#0","tintindex":0},"up":{"uv":[0.5,0.0,0.0,0.0],"rotation":0,"texture":"#0","tintindex":0},"down":{"uv":[0.5,0.0,0.0,0.0],"rotation":0,"texture":"#0","tintindex":0}}},{"from":[6.857143,7.428571,6.285714],"to":[7.428571,8.0,6.285714],"rotation":{"angle":45.0,"axis":"z","origin":[7.142857,7.714286,6.285714]},"faces":{"east":{"uv":[0.0,0.0,0.0,0.5],"rotation":0,"texture":"#0","tintindex":0},"south":{"uv":[11.0,9.0,10.5,9.5],"rotation":0,"texture":"#0","tintindex":0},"north":{"uv":[11.0,9.0,10.5,9.5],"rotation":0,"texture":"#0","tintindex":0},"west":{"uv":[0.0,0.0,0.0,0.5],"rotation":0,"texture":"#0","tintindex":0},"up":{"uv":[0.0,0.0,0.5,0.0],"rotation":0,"texture":"#0","tintindex":0},"down":{"uv":[0.0,0.0,0.5,0.0],"rotation":0,"texture":"#0","tintindex":0}}}],"textures":{"0":"modelengine:entity/thumpling"},"display":{"head":{"translation":[0.0,-6.4,0.0],"scale":[4.0,4.0,4.0]}}}