{
	"credit": "Made with Blockbench",
	"texture_size": [64, 64],
	"textures": {
		"1": "modelengine:entity/zahar_metal_gold",
		"particle": "modelengine:entity/zahar_metal_gold"
	},
	"elements": [
		{
			"from": [5, -12, 6],
			"to": [8, 11, 11],
			"rotation": {"angle": 0, "axis": "y", "origin": [7.25, -1.25, 7]},
			"faces": {
				"north": {"uv": [5, 5.75, 5.75, 11.5], "texture": "#1"},
				"east": {"uv": [4, 0, 5.25, 5.75], "texture": "#1"},
				"south": {"uv": [5.75, 5.75, 6.5, 11.5], "texture": "#1"},
				"west": {"uv": [5.25, 0, 6.5, 5.75], "texture": "#1"},
				"up": {"uv": [9, 1.25, 8.25, 0], "texture": "#1"},
				"down": {"uv": [9, 1.25, 8.25, 2.5], "texture": "#1"}
			}
		},
		{
			"from": [4, -12, 3],
			"to": [11, -5, 8],
			"rotation": {"angle": 0, "axis": "y", "origin": [7.25, -1.25, 7]},
			"faces": {
				"north": {"uv": [6.5, 0, 8.25, 1.75], "texture": "#1"},
				"east": {"uv": [2, 7.25, 3.25, 9], "texture": "#1"},
				"south": {"uv": [6.5, 1.75, 8.25, 3.5], "texture": "#1"},
				"west": {"uv": [7.5, 3.5, 8.75, 5.25], "texture": "#1"},
				"up": {"uv": [9.25, 6.5, 7.5, 5.25], "texture": "#1"},
				"down": {"uv": [9.25, 6.5, 7.5, 7.75], "texture": "#1"}
			}
		},
		{
			"from": [7, -12, 5],
			"to": [9, 24, 9],
			"rotation": {"angle": 0, "axis": "y", "origin": [7.25, -1.25, 7]},
			"faces": {
				"north": {"uv": [4, 5.75, 4.5, 14.75], "texture": "#1"},
				"east": {"uv": [0, 0, 1, 9], "texture": "#1"},
				"south": {"uv": [4.5, 5.75, 5, 14.75], "texture": "#1"},
				"west": {"uv": [1, 0, 2, 9], "texture": "#1"},
				"up": {"uv": [9.25, 5, 8.75, 4], "texture": "#1"},
				"down": {"uv": [9.25, 7.75, 8.75, 8.75], "texture": "#1"}
			}
		},
		{
			"from": [6, -12, 7],
			"to": [10, 17, 8],
			"rotation": {"angle": 0, "axis": "y", "origin": [7.25, -1.25, 7]},
			"faces": {
				"north": {"uv": [2, 0, 3, 7.25], "texture": "#1"},
				"east": {"uv": [8.25, 7.75, 8.5, 15], "texture": "#1"},
				"south": {"uv": [3, 0, 4, 7.25], "texture": "#1"},
				"west": {"uv": [8.5, 7.75, 8.75, 15], "texture": "#1"},
				"up": {"uv": [9.75, 5.25, 8.75, 5], "texture": "#1"},
				"down": {"uv": [9.75, 8.75, 8.75, 9], "texture": "#1"}
			}
		}
	],
	"display": {
		"head": {
			"rotation": [-90, 0, 0],
			"translation": [0, 1.75, -8],
			"scale": [1.4, 1.4, 1.4]
		}
	},
	"groups": [
		{
			"name": "h_bigpiece",
			"origin": [0, -20, 0],
			"color": 0,
			"children": [0, 1, 2, 3]
		}
	]
}