{"elements":[{"from":[7.1485715,4.5771427,7.1485715],"to":[8.851429,8.565714,8.851429],"rotation":{"angle":0.0,"axis":"y","origin":[6.5714283,0.5714283,8.285714]},"faces":{"east":{"uv":[0.75,9.75,1.5,11.5],"rotation":0,"texture":"#0","tintindex":0},"south":{"uv":[1.5,9.75,2.25,11.5],"rotation":0,"texture":"#0","tintindex":0},"north":{"uv":[0.0,9.75,0.75,11.5],"rotation":0,"texture":"#0","tintindex":0},"west":{"uv":[2.25,9.75,3.0,11.5],"rotation":0,"texture":"#0","tintindex":0},"up":{"uv":[9.5,14.0,8.75,13.25],"rotation":0,"texture":"#0","tintindex":0},"down":{"uv":[14.0,9.25,13.25,10.0],"rotation":0,"texture":"#0","tintindex":0}}}],"textures":{"0":"modelengine:entity/em_dyerftum1"},"display":{"head":{"translation":[0.0,-6.4,0.0],"scale":[4.0,4.0,4.0]}}}