{"elements":[{"from":[7.428571,7.428571,8.0],"to":[8.571428,8.571428,8.0],"rotation":{"angle":0.0,"axis":"y","origin":[4.8571424,1.7142854,5.485714]},"faces":{"east":{"uv":[13.5,11.0,14.5,12.0],"rotation":0,"texture":"#0","tintindex":0},"south":{"uv":[13.5,11.0,14.5,12.0],"rotation":0,"texture":"#0","tintindex":0},"north":{"uv":[13.5,11.0,14.5,12.0],"rotation":0,"texture":"#0","tintindex":0},"west":{"uv":[13.5,11.0,14.5,12.0],"rotation":0,"texture":"#0","tintindex":0},"up":{"uv":[13.5,11.0,14.5,12.0],"rotation":0,"texture":"#0","tintindex":0},"down":{"uv":[13.5,11.0,14.5,12.0],"rotation":0,"texture":"#0","tintindex":0}}}],"textures":{"0":"modelengine:entity/baby_shadow"},"display":{"head":{"translation":[0.0,-6.4,0.0],"scale":[4.0,4.0,4.0]}}}