{
	"credit": "Made with Blockbench",
	"texture_size": [128, 128],
	"textures": {
		"1": "modelengine:entity/LR_minotaur_axe"
	},
	"elements": [
		{
			"from": [6.99832, -3.59, 8.15074],
			"to": [8.19832, 8.17, 9.35074],
			"rotation": {"angle": 0, "axis": "y", "origin": [3.07832, 1.69, -7.08926]},
			"faces": {
				"north": {"uv": [4.375, 0.625, 10.5, 1.25], "rotation": 90, "texture": "#1"},
				"east": {"uv": [4, 4.375, 3.375, 10.5], "rotation": 180, "texture": "#1"},
				"south": {"uv": [4.375, 0, 10.5, 0.625], "rotation": 270, "texture": "#1"},
				"west": {"uv": [3.375, 10.5, 2.75, 4.375], "texture": "#1"},
				"up": {"uv": [6, 10.5, 6.625, 11.125], "rotation": 270, "texture": "#1"},
				"down": {"uv": [6.625, 10.5, 7.25, 11.125], "rotation": 270, "texture": "#1"}
			}
		},
		{
			"from": [6.51832, 5.77, 7.67074],
			"to": [8.67832, 6.73, 9.83074],
			"rotation": {"angle": 0, "axis": "y", "origin": [3.07832, 5.53, -7.08926]},
			"faces": {
				"north": {"uv": [8.875, 10.25, 9.375, 11.375], "rotation": 90, "texture": "#1"},
				"east": {"uv": [11.625, 0, 10.5, 0.5], "rotation": 180, "texture": "#1"},
				"south": {"uv": [10.125, 2.375, 10.625, 3.5], "rotation": 270, "texture": "#1"},
				"west": {"uv": [1.125, 11, 0, 10.5], "texture": "#1"},
				"up": {"uv": [1.125, 9.375, 0, 10.5], "rotation": 270, "texture": "#1"},
				"down": {"uv": [0, 9.375, 1.125, 10.5], "rotation": 270, "texture": "#1"}
			}
		},
		{
			"from": [6.27832, -5.51, 7.43074],
			"to": [8.91832, -3.59, 10.07074],
			"rotation": {"angle": 0, "axis": "y", "origin": [3.07832, 1.69, -7.08926]},
			"faces": {
				"north": {"uv": [9.125, 2.375, 10.125, 3.75], "rotation": 90, "texture": "#1"},
				"east": {"uv": [10.5, 4.75, 9.125, 5.75], "rotation": 180, "texture": "#1"},
				"south": {"uv": [8.5, 7.75, 9.5, 9.125], "rotation": 270, "texture": "#1"},
				"west": {"uv": [10.5, 4.75, 9.125, 3.75], "texture": "#1"},
				"up": {"uv": [7.75, 4, 9.125, 5.375], "rotation": 270, "texture": "#1"},
				"down": {"uv": [7.75, 5.375, 9.125, 6.75], "rotation": 270, "texture": "#1"}
			}
		},
		{
			"from": [6.27832, 8.17, 7.43074],
			"to": [8.91832, 15.61, 10.07074],
			"rotation": {"angle": 0, "axis": "y", "origin": [3.07832, 1.69, -7.08926]},
			"faces": {
				"north": {"uv": [3.875, 3, 7.75, 4.375], "rotation": 90, "texture": "#1"},
				"east": {"uv": [2.75, 4.375, 1.375, 8.25], "rotation": 180, "texture": "#1"},
				"south": {"uv": [7.75, 3, 3.875, 4.375], "rotation": 270, "texture": "#1"},
				"west": {"uv": [1.375, 8.25, 2.75, 4.375], "texture": "#1"},
				"up": {"uv": [6.875, 1.25, 8.25, 2.625], "rotation": 270, "texture": "#1"},
				"down": {"uv": [5, 7, 6.375, 8.375], "rotation": 270, "texture": "#1"}
			}
		},
		{
			"from": [1.23832, 13.69, 7.43074],
			"to": [6.27832, 15.61, 10.07074],
			"rotation": {"angle": 0, "axis": "y", "origin": [3.07832, 1.69, -7.08926]},
			"faces": {
				"north": {"uv": [4, 7, 5, 9.625], "rotation": 90, "texture": "#1"},
				"east": {"uv": [9.875, 6.75, 8.5, 7.75], "rotation": 180, "texture": "#1"},
				"south": {"uv": [5, 7, 4, 9.625], "rotation": 270, "texture": "#1"},
				"west": {"uv": [7.5, 9.375, 6.125, 8.375], "texture": "#1"},
				"up": {"uv": [4, 4.375, 5.375, 7], "rotation": 270, "texture": "#1"},
				"down": {"uv": [5.375, 4.375, 6.75, 7], "rotation": 270, "texture": "#1"}
			}
		},
		{
			"from": [1.23832, 15.61, 7.43074],
			"to": [3.87832, 17.29, 10.07074],
			"rotation": {"angle": 0, "axis": "y", "origin": [3.07832, 1.69, -7.08926]},
			"faces": {
				"north": {"uv": [4, 9.625, 4.875, 11], "rotation": 90, "texture": "#1"},
				"east": {"uv": [11, 1.25, 9.625, 2.125], "rotation": 180, "texture": "#1"},
				"south": {"uv": [4.875, 9.625, 4, 11], "rotation": 270, "texture": "#1"},
				"west": {"uv": [10.5, 6.625, 9.125, 5.75], "texture": "#1"},
				"up": {"uv": [6.375, 7, 7.75, 8.375], "rotation": 270, "texture": "#1"},
				"down": {"uv": [7.75, 2.625, 9.125, 4], "rotation": 270, "texture": "#1"}
			}
		},
		{
			"from": [1.71832, 5.29, 8.39074],
			"to": [4.59832, 13.69, 9.11074],
			"rotation": {"angle": 0, "axis": "y", "origin": [3.07832, 1.69, -7.08926]},
			"faces": {
				"north": {"uv": [0, 1.5, 4.375, 3], "rotation": 90, "texture": "#1"},
				"east": {"uv": [8.5, 6.75, 8.125, 11.125], "rotation": 180, "texture": "#1"},
				"south": {"uv": [4.375, 1.5, 0, 3], "rotation": 270, "texture": "#1"},
				"west": {"uv": [8.125, 11.125, 7.75, 6.75], "texture": "#1"},
				"up": {"uv": [5.625, 9.75, 6, 11.25], "rotation": 270, "texture": "#1"},
				"down": {"uv": [8.5, 10.25, 8.875, 11.75], "rotation": 270, "texture": "#1"}
			}
		},
		{
			"from": [1.36184, 5.29, 8.53137],
			"to": [1.86584, 13.69, 9.03537],
			"rotation": {"angle": 0, "axis": "y", "origin": [-6.29016, 9.49, -0.10863]},
			"faces": {
				"north": {"uv": [9.625, 2.125, 14, 2.375], "rotation": 90, "texture": "#1"},
				"east": {"uv": [7.75, 8.375, 7.5, 12.75], "rotation": 180, "texture": "#1"},
				"south": {"uv": [9.5, 8.875, 13.875, 9.125], "rotation": 270, "texture": "#1"},
				"west": {"uv": [2.75, 12.625, 2.5, 8.25], "texture": "#1"},
				"up": {"uv": [1.125, 9.375, 1.375, 9.625], "rotation": 270, "texture": "#1"},
				"down": {"uv": [10.125, 3.5, 10.375, 3.75], "rotation": 270, "texture": "#1"}
			}
		},
		{
			"from": [4.59832, 8.89, 8.39074],
			"to": [6.27832, 13.69, 9.11074],
			"rotation": {"angle": 0, "axis": "y", "origin": [3.07832, 1.69, -7.08926]},
			"faces": {
				"north": {"uv": [4.375, 2.125, 6.875, 3], "rotation": 90, "texture": "#1"},
				"east": {"uv": [10, 9.125, 9.625, 11.625], "rotation": 180, "texture": "#1"},
				"south": {"uv": [6.875, 2.125, 4.375, 3], "rotation": 270, "texture": "#1"},
				"west": {"uv": [2.375, 12.125, 2, 9.625], "texture": "#1"},
				"up": {"uv": [10.625, 2.375, 11, 3.25], "rotation": 270, "texture": "#1"},
				"down": {"uv": [10.625, 6.5, 11, 7.375], "rotation": 270, "texture": "#1"}
			}
		},
		{
			"from": [8.91832, 13.69, 7.43074],
			"to": [13.95832, 15.61, 10.07074],
			"rotation": {"angle": 0, "axis": "y", "origin": [-3.88168, 1.69, -7.08926]},
			"faces": {
				"north": {"uv": [4, 9.625, 5, 7], "rotation": 90, "texture": "#1"},
				"east": {"uv": [7.5, 8.375, 6.125, 9.375], "rotation": 180, "texture": "#1"},
				"south": {"uv": [5, 9.625, 4, 7], "rotation": 270, "texture": "#1"},
				"west": {"uv": [9.875, 7.75, 8.5, 6.75], "texture": "#1"},
				"up": {"uv": [4, 7, 5.375, 4.375], "rotation": 270, "texture": "#1"},
				"down": {"uv": [5.375, 7, 6.75, 4.375], "rotation": 270, "texture": "#1"}
			}
		},
		{
			"from": [11.31832, 15.61, 7.43074],
			"to": [13.95832, 17.29, 10.07074],
			"rotation": {"angle": 0, "axis": "y", "origin": [-3.88168, 1.69, -7.08926]},
			"faces": {
				"north": {"uv": [4, 11, 4.875, 9.625], "rotation": 90, "texture": "#1"},
				"east": {"uv": [10.5, 5.75, 9.125, 6.625], "rotation": 180, "texture": "#1"},
				"south": {"uv": [4.875, 11, 4, 9.625], "rotation": 270, "texture": "#1"},
				"west": {"uv": [11, 2.125, 9.625, 1.25], "texture": "#1"},
				"up": {"uv": [6.375, 8.375, 7.75, 7], "rotation": 270, "texture": "#1"},
				"down": {"uv": [7.75, 4, 9.125, 2.625], "rotation": 270, "texture": "#1"}
			}
		},
		{
			"from": [10.59832, 5.29, 8.39074],
			"to": [13.47832, 13.69, 9.11074],
			"rotation": {"angle": 0, "axis": "y", "origin": [-3.88168, 1.69, -7.08926]},
			"faces": {
				"north": {"uv": [0, 3, 4.375, 1.5], "rotation": 90, "texture": "#1"},
				"east": {"uv": [8.125, 6.75, 7.75, 11.125], "rotation": 180, "texture": "#1"},
				"south": {"uv": [4.375, 3, 0, 1.5], "rotation": 270, "texture": "#1"},
				"west": {"uv": [8.5, 11.125, 8.125, 6.75], "texture": "#1"},
				"up": {"uv": [5.625, 11.25, 6, 9.75], "rotation": 270, "texture": "#1"},
				"down": {"uv": [8.5, 11.75, 8.875, 10.25], "rotation": 270, "texture": "#1"}
			}
		},
		{
			"from": [13.33081, 5.29, 8.53137],
			"to": [13.83481, 13.69, 9.03537],
			"rotation": {"angle": 0, "axis": "y", "origin": [5.48681, 9.49, -0.10863]},
			"faces": {
				"north": {"uv": [9.625, 2.375, 14, 2.125], "rotation": 90, "texture": "#1"},
				"east": {"uv": [2.75, 8.25, 2.5, 12.625], "rotation": 180, "texture": "#1"},
				"south": {"uv": [9.5, 9.125, 13.875, 8.875], "rotation": 270, "texture": "#1"},
				"west": {"uv": [7.75, 12.75, 7.5, 8.375], "texture": "#1"},
				"up": {"uv": [1.125, 9.625, 1.375, 9.375], "rotation": 270, "texture": "#1"},
				"down": {"uv": [10.125, 3.75, 10.375, 3.5], "rotation": 270, "texture": "#1"}
			}
		},
		{
			"from": [8.91832, 8.89, 8.39074],
			"to": [10.59832, 13.69, 9.11074],
			"rotation": {"angle": 0, "axis": "y", "origin": [-3.88168, 1.69, -7.08926]},
			"faces": {
				"north": {"uv": [4.375, 3, 6.875, 2.125], "rotation": 90, "texture": "#1"},
				"east": {"uv": [2.375, 9.625, 2, 12.125], "rotation": 180, "texture": "#1"},
				"south": {"uv": [6.875, 3, 4.375, 2.125], "rotation": 270, "texture": "#1"},
				"west": {"uv": [10, 11.625, 9.625, 9.125], "texture": "#1"},
				"up": {"uv": [10.625, 3.25, 11, 2.375], "rotation": 270, "texture": "#1"},
				"down": {"uv": [10.625, 7.375, 11, 6.5], "rotation": 270, "texture": "#1"}
			}
		},
		{
			"from": [6.75832, -5.99, 7.91074],
			"to": [8.43832, -5.51, 9.59074],
			"rotation": {"angle": 0, "axis": "y", "origin": [3.07832, 1.69, -7.08926]},
			"faces": {
				"north": {"uv": [7.25, 10.25, 7.5, 11.125], "rotation": 90, "texture": "#1"},
				"east": {"uv": [9.125, 2.375, 8.25, 2.625], "rotation": 180, "texture": "#1"},
				"south": {"uv": [7.25, 9.375, 7.5, 10.25], "rotation": 270, "texture": "#1"},
				"west": {"uv": [7.75, 2.875, 6.875, 2.625], "texture": "#1"},
				"up": {"uv": [10, 9.125, 10.875, 10], "rotation": 270, "texture": "#1"},
				"down": {"uv": [10, 10, 10.875, 10.875], "rotation": 270, "texture": "#1"}
			}
		},
		{
			"from": [6.51832, -8.63, 7.67074],
			"to": [8.67832, -5.99, 9.83074],
			"rotation": {"angle": 0, "axis": "y", "origin": [3.07832, 1.69, -7.08926]},
			"faces": {
				"north": {"uv": [8.25, 1.25, 9.625, 2.375], "rotation": 90, "texture": "#1"},
				"east": {"uv": [6.125, 8.375, 5, 9.75], "rotation": 180, "texture": "#1"},
				"south": {"uv": [0, 8.25, 1.375, 9.375], "rotation": 270, "texture": "#1"},
				"west": {"uv": [2.5, 9.625, 1.375, 8.25], "texture": "#1"},
				"up": {"uv": [6.125, 9.375, 7.25, 10.5], "rotation": 270, "texture": "#1"},
				"down": {"uv": [9.5, 7.75, 10.625, 8.875], "rotation": 270, "texture": "#1"}
			}
		},
		{
			"from": [7.23832, -9.59, 7.67074],
			"to": [7.95832, -8.63, 9.83074],
			"rotation": {"angle": 0, "axis": "y", "origin": [3.07832, 1.69, -7.08926]},
			"faces": {
				"north": {"uv": [10.875, 4.625, 11.375, 5], "rotation": 90, "texture": "#1"},
				"east": {"uv": [3.875, 10.5, 2.75, 11], "rotation": 180, "texture": "#1"},
				"south": {"uv": [10.875, 4.25, 11.375, 4.625], "rotation": 270, "texture": "#1"},
				"west": {"uv": [11.625, 1, 10.5, 0.5], "texture": "#1"},
				"up": {"uv": [10.5, 3.5, 11.625, 3.875], "rotation": 270, "texture": "#1"},
				"down": {"uv": [10.5, 3.875, 11.625, 4.25], "rotation": 270, "texture": "#1"}
			}
		},
		{
			"from": [6.51832, -10.07, 8.39074],
			"to": [8.67832, -8.63, 9.11074],
			"rotation": {"angle": 0, "axis": "y", "origin": [3.07832, 1.69, -7.08926]},
			"faces": {
				"north": {"uv": [9.875, 6.625, 10.625, 7.75], "rotation": 90, "texture": "#1"},
				"east": {"uv": [11, 8.125, 10.625, 8.875], "rotation": 180, "texture": "#1"},
				"south": {"uv": [4.875, 9.75, 5.625, 10.875], "rotation": 270, "texture": "#1"},
				"west": {"uv": [11, 8.125, 10.625, 7.375], "texture": "#1"},
				"up": {"uv": [10.5, 4.25, 10.875, 5.375], "rotation": 270, "texture": "#1"},
				"down": {"uv": [10.5, 5.375, 10.875, 6.5], "rotation": 270, "texture": "#1"}
			}
		}
	],
	"gui_light": "front",
	"display": {
		"thirdperson_righthand": {
			"rotation": [-7, 90, 0],
			"translation": [0, 9, 0],
			"scale": [1.4, 1.4, 1.4]
		},
		"thirdperson_lefthand": {
			"rotation": [-7, 90, 0],
			"translation": [0, 9, 0],
			"scale": [1.4, 1.4, 1.4]
		},
		"firstperson_righthand": {
			"rotation": [-13, 93, 20],
			"translation": [3.75, 6.25, 0],
			"scale": [1.4, 1.4, 1.4]
		},
		"firstperson_lefthand": {
			"rotation": [-13, 93, 20],
			"translation": [3.75, 6.25, 0],
			"scale": [1.4, 1.4, 1.4]
		},
		"ground": {
			"rotation": [43, 48, 0],
			"translation": [0, 14.25, 0]
		},
		"gui": {
			"rotation": [0, 0, -45],
			"translation": [1.25, 1, 0],
			"scale": [0.6, 0.6, 0.6]
		},
		"fixed": {
			"translation": [0, 3, -3.5],
			"scale": [1.6, 1.6, 1.6]
		}
	},
	"groups": [
		{
			"name": "attachment_axe",
			"origin": [-0.40168, -0.05, -0.24966],
			"color": 0,
			"children": [0, 1, 2, 3, 4, 5, 6, 7, 8, 9, 10, 11, 12, 13, 14, 15, 16, 17]
		}
	]
}