{"elements":[{"from":[4.5714283,6.285714,-14.857143],"to":[10.857143,9.142858,7.428571],"rotation":{"angle":0.0,"axis":"y","origin":[7.428571,6.285714,33.714287]},"faces":{"east":{"uv":[16.0,15.375,11.125,16.0],"rotation":0,"texture":"#1","tintindex":0},"south":{"uv":[11.875,12.75,13.25,13.375],"rotation":0,"texture":"#1","tintindex":0},"north":{"uv":[10.5,12.75,11.875,13.375],"rotation":0,"texture":"#1","tintindex":0},"west":{"uv":[11.125,15.375,16.0,16.0],"rotation":0,"texture":"#1","tintindex":0},"up":{"uv":[16.0,16.0,14.625,11.125],"rotation":0,"texture":"#1","tintindex":0},"down":{"uv":[16.0,11.125,14.625,16.0],"rotation":0,"texture":"#1","tintindex":0}}}],"textures":{"1":"modelengine:entity/bufo_bufo_tongue"},"display":{"head":{"translation":[0.0,-6.4,0.0],"scale":[4.0,4.0,4.0]}}}