{"elements":[{"from":[6.285714,3.3747458,0.24298477],"to":[9.714286,10.803317,8.814414],"rotation":{"angle":0.0,"axis":"y","origin":[5.142857,7.374746,7.100128]},"faces":{"east":{"uv":[11.03125,5.03125,11.5,5.4375],"rotation":0,"texture":"#0","tintindex":0},"south":{"uv":[8.15625,11.90625,8.34375,12.3125],"rotation":0,"texture":"#0","tintindex":0},"north":{"uv":[10.375,11.875,10.5625,12.28125],"rotation":0,"texture":"#0","tintindex":0},"west":{"uv":[11.09375,0.40625,11.5625,0.8125],"rotation":0,"texture":"#0","tintindex":0},"up":{"uv":[8.5,7.4375,8.3125,6.96875],"rotation":0,"texture":"#0","tintindex":0},"down":{"uv":[9.03125,3.53125,8.84375,4.0],"rotation":0,"texture":"#0","tintindex":0}}},{"from":[6.857143,1.66046,0.716372],"to":[9.142858,4.517603,3.0020866],"rotation":{"angle":-45.0,"axis":"x","origin":[8.0,3.3747458,1.8592291]},"faces":{"east":{"uv":[7.96875,9.71875,8.09375,9.875],"rotation":0,"texture":"#0","tintindex":0},"south":{"uv":[8.78125,9.75,8.90625,9.90625],"rotation":0,"texture":"#0","tintindex":0},"north":{"uv":[8.78125,9.59375,8.90625,9.75],"rotation":0,"texture":"#0","tintindex":0},"west":{"uv":[7.96875,9.875,8.09375,10.03125],"rotation":0,"texture":"#0","tintindex":0},"up":{"uv":[9.53125,1.0625,9.40625,0.9375],"rotation":0,"texture":"#0","tintindex":0},"down":{"uv":[9.84375,3.09375,9.71875,3.21875],"rotation":0,"texture":"#0","tintindex":0}}}],"textures":{"0":"modelengine:entity/yukio_full"},"display":{"head":{"translation":[0.0,-6.4,0.0],"scale":[4.0,4.0,4.0]}}}