{"elements":[{"from":[4.5714283,-2.285715,2.2857141],"to":[11.428572,8.0,8.0],"rotation":{"angle":0.0,"axis":"y","origin":[23.428572,5.714286,-45.14286]},"faces":{"east":{"uv":[5.21875,11.3125,5.53125,11.875],"rotation":0,"texture":"#0","tintindex":0},"south":{"uv":[7.34375,10.9375,7.71875,11.5],"rotation":0,"texture":"#0","tintindex":0},"north":{"uv":[6.96875,10.9375,7.34375,11.5],"rotation":0,"texture":"#0","tintindex":0},"west":{"uv":[11.125,11.3125,11.4375,11.875],"rotation":0,"texture":"#0","tintindex":0},"up":{"uv":[8.875,7.96875,8.5,7.65625],"rotation":0,"texture":"#0","tintindex":0},"down":{"uv":[9.1875,2.53125,8.8125,2.84375],"rotation":0,"texture":"#0","tintindex":0}}}],"textures":{"0":"modelengine:entity/yukio_full"},"display":{"head":{"translation":[0.0,-6.4,0.0],"scale":[4.0,4.0,4.0]}}}