{"elements":[{"from":[4.5714283,1.1309142,4.5714283],"to":[10.285714,22.273773,10.285714],"rotation":{"angle":0.0,"axis":"y","origin":[9.714286,10.845201,5.142857]},"faces":{"east":{"uv":[7.03125,9.1875,7.34375,10.34375],"rotation":0,"texture":"#0","tintindex":0},"south":{"uv":[7.34375,9.1875,7.65625,10.34375],"rotation":0,"texture":"#0","tintindex":0},"north":{"uv":[6.71875,9.1875,7.03125,10.34375],"rotation":0,"texture":"#0","tintindex":0},"west":{"uv":[7.65625,9.1875,7.96875,10.34375],"rotation":0,"texture":"#0","tintindex":0},"up":{"uv":[3.5625,8.875,3.25,8.5625],"rotation":0,"texture":"#0","tintindex":0},"down":{"uv":[11.28125,4.21875,10.96875,4.53125],"rotation":0,"texture":"#0","tintindex":0}}},{"from":[8.8630905,2.8452,13.720233],"to":[18.577377,25.702345,13.720233],"rotation":{"angle":-45.0,"axis":"y","origin":[13.720233,10.845201,13.720233]},"faces":{"east":{"uv":[0.0,0.0,0.0,1.25],"rotation":0,"texture":"#0","tintindex":0},"south":{"uv":[3.5625,7.625,4.09375,8.875],"rotation":0,"texture":"#0","tintindex":0},"north":{"uv":[1.25,7.25,1.78125,8.5],"rotation":0,"texture":"#0","tintindex":0},"west":{"uv":[0.0,0.0,0.0,1.25],"rotation":0,"texture":"#0","tintindex":0},"up":{"uv":[0.53125,0.0,0.0,0.0],"rotation":0,"texture":"#0","tintindex":0},"down":{"uv":[0.53125,0.0,0.0,0.0],"rotation":0,"texture":"#0","tintindex":0}}},{"from":[9.981233,11.416629,6.1021624],"to":[17.981234,22.273773,6.1021624],"rotation":{"angle":-22.5,"axis":"y","origin":[13.981233,16.8452,6.1021624]},"faces":{"east":{"uv":[0.0,0.0,0.0,0.59375],"rotation":0,"texture":"#0","tintindex":0},"south":{"uv":[0.4375,10.0,0.875,10.59375],"rotation":0,"texture":"#0","tintindex":0},"north":{"uv":[0.875,10.0,0.4375,10.59375],"rotation":0,"texture":"#0","tintindex":0},"west":{"uv":[0.0,0.0,0.0,0.59375],"rotation":0,"texture":"#0","tintindex":0},"up":{"uv":[0.4375,0.0,0.0,0.0],"rotation":0,"texture":"#0","tintindex":0},"down":{"uv":[0.4375,0.0,0.0,0.0],"rotation":0,"texture":"#0","tintindex":0}}},{"from":[7.415409,20.571428,5.714286],"to":[12.558267,32.0,9.142858],"rotation":{"angle":-22.5,"axis":"z","origin":[10.2725525,28.571428,6.857143]},"faces":{"east":{"uv":[7.5,11.5,7.6875,12.125],"rotation":0,"texture":"#0","tintindex":0},"south":{"uv":[4.09375,11.3125,4.375,11.9375],"rotation":0,"texture":"#0","tintindex":0},"north":{"uv":[2.59375,5.09375,2.875,5.71875],"rotation":0,"texture":"#0","tintindex":0},"west":{"uv":[10.5625,11.5,10.75,12.125],"rotation":0,"texture":"#0","tintindex":0},"up":{"uv":[12.40625,9.03125,12.125,8.84375],"rotation":0,"texture":"#0","tintindex":0},"down":{"uv":[12.40625,11.84375,12.125,12.03125],"rotation":0,"texture":"#0","tintindex":0}}}],"textures":{"0":"modelengine:entity/yukio_full"},"display":{"head":{"translation":[0.0,18.790628,0.0],"scale":[4.0,4.0,4.0]}}}