{"elements":[{"from":[4.0,5.5297923,-4.312684],"to":[12.0,10.101221,9.401603],"rotation":{"angle":0.0,"axis":"y","origin":[8.0,8.9583645,-3.7412548]},"faces":{"east":{"uv":[7.53125,5.71875,8.28125,5.96875],"rotation":0,"texture":"#0","tintindex":0},"south":{"uv":[11.625,9.5625,12.0625,9.8125],"rotation":0,"texture":"#0","tintindex":0},"north":{"uv":[11.625,9.3125,12.0625,9.5625],"rotation":0,"texture":"#0","tintindex":0},"west":{"uv":[9.90625,1.875,10.65625,2.125],"rotation":0,"texture":"#0","tintindex":0},"up":{"uv":[1.375,10.1875,0.9375,9.4375],"rotation":0,"texture":"#0","tintindex":0},"down":{"uv":[9.90625,3.21875,9.46875,3.96875],"rotation":0,"texture":"#0","tintindex":0}}}],"textures":{"0":"modelengine:entity/yukio_full"},"display":{"head":{"translation":[0.0,-6.4,0.0],"scale":[4.0,4.0,4.0]}}}