{"elements":[{"from":[14.0,14.274004,-6.6687784],"to":[14.0,22.274004,4.1883655],"rotation":{"angle":0.0,"axis":"y","origin":[18.0,18.274004,9.045508]},"faces":{"east":{"uv":[4.25,10.34375,4.84375,10.78125],"rotation":0,"texture":"#0","tintindex":0},"south":{"uv":[0.0,0.0,0.0,0.4375],"rotation":0,"texture":"#0","tintindex":0},"north":{"uv":[0.0,0.0,0.0,0.4375],"rotation":0,"texture":"#0","tintindex":0},"west":{"uv":[6.59375,10.34375,7.1875,10.78125],"rotation":0,"texture":"#0","tintindex":0},"up":{"uv":[0.0,0.59375,0.0,0.0],"rotation":0,"texture":"#0","tintindex":0},"down":{"uv":[0.0,0.0,0.0,0.59375],"rotation":0,"texture":"#0","tintindex":0}}},{"from":[7.714286,15.889315,-3.0784178],"to":[7.714286,25.6036,19.778727],"rotation":{"angle":0.0,"axis":"y","origin":[7.714286,20.746456,4.350154]},"faces":{"east":{"uv":[7.78125,4.09375,9.03125,4.625],"rotation":0,"texture":"#0","tintindex":0},"south":{"uv":[0.0,0.0,0.0,0.53125],"rotation":0,"texture":"#0","tintindex":0},"north":{"uv":[0.0,0.0,0.0,0.53125],"rotation":0,"texture":"#0","tintindex":0},"west":{"uv":[7.78125,4.625,9.03125,5.15625],"rotation":0,"texture":"#0","tintindex":0},"up":{"uv":[0.0,1.25,0.0,0.0],"rotation":0,"texture":"#0","tintindex":0},"down":{"uv":[0.0,0.0,0.0,1.25],"rotation":0,"texture":"#0","tintindex":0}}},{"from":[1.4285712,14.274004,-5.525921],"to":[1.4285712,22.274004,5.3312225],"rotation":{"angle":0.0,"axis":"y","origin":[-1.4285717,18.274004,9.045508]},"faces":{"east":{"uv":[3.65625,10.28125,4.25,10.71875],"rotation":0,"texture":"#0","tintindex":0},"south":{"uv":[0.0,0.0,0.0,0.4375],"rotation":0,"texture":"#0","tintindex":0},"north":{"uv":[0.0,0.0,0.0,0.4375],"rotation":0,"texture":"#0","tintindex":0},"west":{"uv":[10.34375,2.96875,10.9375,3.40625],"rotation":0,"texture":"#0","tintindex":0},"up":{"uv":[0.0,0.59375,0.0,0.0],"rotation":0,"texture":"#0","tintindex":0},"down":{"uv":[0.0,0.0,0.0,0.59375],"rotation":0,"texture":"#0","tintindex":0}}},{"from":[-0.2857151,0.0,-6.000001],"to":[16.285715,16.0,16.285715],"rotation":{"angle":0.0,"axis":"y","origin":[8.285714,-19.428574,-39.14286]},"faces":{"east":{"uv":[4.84375,6.46875,6.0625,7.34375],"rotation":0,"texture":"#0","tintindex":0},"south":{"uv":[6.625,5.1875,7.53125,6.0625],"rotation":0,"texture":"#0","tintindex":0},"north":{"uv":[1.03125,6.375,1.9375,7.25],"rotation":0,"texture":"#0","tintindex":0},"west":{"uv":[6.0625,6.46875,7.28125,7.34375],"rotation":0,"texture":"#0","tintindex":0},"up":{"uv":[2.90625,6.96875,2.0,5.75],"rotation":0,"texture":"#0","tintindex":0},"down":{"uv":[3.8125,5.75,2.90625,6.96875],"rotation":0,"texture":"#0","tintindex":0}}},{"from":[4.285714,14.252375,-4.642661],"to":[10.0,22.823803,2.7859097],"rotation":{"angle":22.5,"axis":"x","origin":[13.428572,18.53809,-0.9283762]},"faces":{"east":{"uv":[0.34375,11.1875,0.75,11.65625],"rotation":0,"texture":"#0","tintindex":0},"south":{"uv":[9.59375,11.34375,9.90625,11.8125],"rotation":0,"texture":"#0","tintindex":0},"north":{"uv":[7.71875,11.34375,8.03125,11.8125],"rotation":0,"texture":"#0","tintindex":0},"west":{"uv":[11.1875,3.34375,11.59375,3.8125],"rotation":0,"texture":"#0","tintindex":0},"up":{"uv":[11.84375,10.3125,11.53125,9.90625],"rotation":0,"texture":"#0","tintindex":0},"down":{"uv":[11.875,0.40625,11.5625,0.8125],"rotation":0,"texture":"#0","tintindex":0}}},{"from":[7.714286,13.574368,5.160981],"to":[13.428572,22.145796,12.589553],"rotation":{"angle":-22.5,"axis":"z","origin":[10.571428,17.86008,11.160981]},"faces":{"east":{"uv":[4.8125,11.1875,5.21875,11.65625],"rotation":0,"texture":"#0","tintindex":0},"south":{"uv":[11.375,2.28125,11.6875,2.75],"rotation":0,"texture":"#0","tintindex":0},"north":{"uv":[9.90625,11.34375,10.21875,11.8125],"rotation":0,"texture":"#0","tintindex":0},"west":{"uv":[8.6875,11.21875,9.09375,11.6875],"rotation":0,"texture":"#0","tintindex":0},"up":{"uv":[11.875,1.21875,11.5625,0.8125],"rotation":0,"texture":"#0","tintindex":0},"down":{"uv":[2.8125,11.5625,2.5,11.96875],"rotation":0,"texture":"#0","tintindex":0}}},{"from":[1.9999995,16.131817,8.194509],"to":[6.5714283,23.56039,13.337366],"rotation":{"angle":22.5,"axis":"x","origin":[4.285714,18.131817,7.3373656]},"faces":{"east":{"uv":[11.59375,3.28125,11.875,3.6875],"rotation":0,"texture":"#0","tintindex":0},"south":{"uv":[11.71875,4.625,11.96875,5.03125],"rotation":0,"texture":"#0","tintindex":0},"north":{"uv":[11.71875,4.21875,11.96875,4.625],"rotation":0,"texture":"#0","tintindex":0},"west":{"uv":[11.59375,8.65625,11.875,9.0625],"rotation":0,"texture":"#0","tintindex":0},"up":{"uv":[12.28125,3.875,12.03125,3.59375],"rotation":0,"texture":"#0","tintindex":0},"down":{"uv":[12.28125,3.875,12.03125,4.15625],"rotation":0,"texture":"#0","tintindex":0}}}],"textures":{"0":"modelengine:entity/yukio_full"},"display":{"head":{"translation":[0.0,-6.4,0.0],"scale":[4.0,4.0,4.0]}}}