{"elements":[{"from":[8.0,1.5595112,-3.2000008],"to":[8.0,25.559511,32.0],"rotation":{"angle":0.0,"axis":"y","origin":[7.2567167,19.3185,12.039877]},"faces":{"east":{"uv":[6.375,1.875,3.625,3.75],"rotation":0,"texture":"#0","tintindex":0},"south":{"uv":[0.0,0.0,0.0,1.875],"rotation":0,"texture":"#0","tintindex":0},"north":{"uv":[0.0,0.0,0.0,1.875],"rotation":0,"texture":"#0","tintindex":0},"west":{"uv":[7.125,0.0,4.375,1.875],"rotation":0,"texture":"#0","tintindex":0},"up":{"uv":[0.0,3.5625,0.0,0.0],"rotation":0,"texture":"#0","tintindex":0},"down":{"uv":[0.0,0.0,0.0,3.5625],"rotation":0,"texture":"#0","tintindex":0}}},{"from":[7.6737776,16.611843,-12.28978],"to":[8.873777,19.011845,9.710221],"rotation":{"angle":-45.0,"axis":"x","origin":[7.2567167,19.3185,12.039877]},"faces":{"east":{"uv":[11.03125,2.34375,9.3125,2.53125],"rotation":0,"texture":"#0","tintindex":0},"south":{"uv":[4.84375,7.0,4.75,7.1875],"rotation":0,"texture":"#0","tintindex":0},"north":{"uv":[4.84375,6.8125,4.75,7.0],"rotation":0,"texture":"#0","tintindex":0},"west":{"uv":[11.03125,2.15625,9.3125,2.34375],"rotation":0,"texture":"#0","tintindex":0},"up":{"uv":[10.75,12.8125,10.84375,11.09375],"rotation":0,"texture":"#0","tintindex":0},"down":{"uv":[0.75,11.1875,0.84375,12.90625],"rotation":0,"texture":"#0","tintindex":0}}},{"from":[10.331753,24.800001,19.199999],"to":[10.331753,32.0,31.599998],"rotation":{"angle":22.5,"axis":"z","origin":[7.2567167,19.3185,12.039877]},"faces":{"east":{"uv":[2.15625,4.5,1.1875,5.0625],"rotation":0,"texture":"#0","tintindex":0},"south":{"uv":[0.0,0.0,0.0,0.5625],"rotation":0,"texture":"#0","tintindex":0},"north":{"uv":[0.0,0.0,0.0,0.5625],"rotation":0,"texture":"#0","tintindex":0},"west":{"uv":[5.28125,3.875,4.3125,4.4375],"rotation":0,"texture":"#0","tintindex":0},"up":{"uv":[0.0,0.96875,0.0,0.0],"rotation":0,"texture":"#0","tintindex":0},"down":{"uv":[0.0,0.0,0.0,0.96875],"rotation":0,"texture":"#0","tintindex":0}}}],"textures":{"0":"modelengine:entity/yukio_full"},"display":{"head":{"translation":[0.0,19.361956,44.800003],"scale":[4.0,4.0,4.0]}}}