{"elements":[{"from":[6.285714,3.3747458,0.24298477],"to":[9.714286,10.803317,8.814414],"rotation":{"angle":0.0,"axis":"y","origin":[10.857143,7.374746,7.100128]},"faces":{"east":{"uv":[11.59375,10.90625,11.125,11.3125],"rotation":0,"texture":"#0","tintindex":0},"south":{"uv":[8.8125,11.9375,8.625,12.34375],"rotation":0,"texture":"#0","tintindex":0},"north":{"uv":[4.28125,11.9375,4.09375,12.34375],"rotation":0,"texture":"#0","tintindex":0},"west":{"uv":[11.59375,9.09375,11.125,9.5],"rotation":0,"texture":"#0","tintindex":0},"up":{"uv":[6.3125,12.3125,6.5,11.84375],"rotation":0,"texture":"#0","tintindex":0},"down":{"uv":[11.84375,9.8125,12.03125,10.28125],"rotation":0,"texture":"#0","tintindex":0}}},{"from":[6.857143,1.66046,0.716372],"to":[9.142858,4.517603,3.0020866],"rotation":{"angle":-45.0,"axis":"x","origin":[8.0,3.3747458,1.8592291]},"faces":{"east":{"uv":[11.125,8.6875,11.0,8.84375],"rotation":0,"texture":"#0","tintindex":0},"south":{"uv":[10.40625,10.8125,10.28125,10.96875],"rotation":0,"texture":"#0","tintindex":0},"north":{"uv":[1.4375,10.5,1.3125,10.65625],"rotation":0,"texture":"#0","tintindex":0},"west":{"uv":[10.40625,10.65625,10.28125,10.8125],"rotation":0,"texture":"#0","tintindex":0},"up":{"uv":[11.59375,3.8125,11.71875,3.6875],"rotation":0,"texture":"#0","tintindex":0},"down":{"uv":[11.71875,3.6875,11.84375,3.8125],"rotation":0,"texture":"#0","tintindex":0}}}],"textures":{"0":"modelengine:entity/yukio_full"},"display":{"head":{"translation":[0.0,-6.4,0.0],"scale":[4.0,4.0,4.0]}}}