{"elements":[{"from":[3.4285712,-4.5714293,-1.7142859],"to":[12.0,8.0,8.0],"rotation":{"angle":0.0,"axis":"y","origin":[6.285714,6.857143,-3.4285717]},"faces":{"east":{"uv":[9.5625,4.46875,9.03125,5.15625],"rotation":0,"texture":"#0","tintindex":0},"south":{"uv":[9.96875,5.15625,9.5,5.84375],"rotation":0,"texture":"#0","tintindex":0},"north":{"uv":[9.96875,0.0,9.5,0.6875],"rotation":0,"texture":"#0","tintindex":0},"west":{"uv":[5.375,5.75,4.84375,6.4375],"rotation":0,"texture":"#0","tintindex":0},"up":{"uv":[10.625,7.0625,11.09375,6.53125],"rotation":0,"texture":"#0","tintindex":0},"down":{"uv":[4.84375,10.65625,5.3125,11.1875],"rotation":0,"texture":"#0","tintindex":0}}},{"from":[5.142857,-14.857143,-1.7142859],"to":[12.0,-4.5714293,5.714286],"rotation":{"angle":0.0,"axis":"y","origin":[6.285714,6.857143,-3.4285717]},"faces":{"east":{"uv":[6.96875,10.78125,6.5625,11.34375],"rotation":0,"texture":"#0","tintindex":0},"south":{"uv":[6.5,10.875,6.125,11.4375],"rotation":0,"texture":"#0","tintindex":0},"north":{"uv":[6.125,10.875,5.75,11.4375],"rotation":0,"texture":"#0","tintindex":0},"west":{"uv":[1.625,10.78125,1.21875,11.34375],"rotation":0,"texture":"#0","tintindex":0},"up":{"uv":[1.90625,11.75,2.28125,11.34375],"rotation":0,"texture":"#0","tintindex":0},"down":{"uv":[6.5,11.34375,6.875,11.75],"rotation":0,"texture":"#0","tintindex":0}}}],"textures":{"0":"modelengine:entity/yukio_full"},"display":{"head":{"translation":[0.0,-6.4,0.0],"scale":[4.0,4.0,4.0]}}}