{"elements":[{"from":[6.285714,3.3747458,0.24298477],"to":[9.714286,10.803317,8.814414],"rotation":{"angle":0.0,"axis":"y","origin":[10.857143,7.374746,7.100128]},"faces":{"east":{"uv":[11.59375,8.6875,11.125,9.09375],"rotation":0,"texture":"#0","tintindex":0},"south":{"uv":[12.125,1.15625,11.9375,1.5625],"rotation":0,"texture":"#0","tintindex":0},"north":{"uv":[11.9375,11.90625,11.75,12.3125],"rotation":0,"texture":"#0","tintindex":0},"west":{"uv":[10.75,11.09375,10.28125,11.5],"rotation":0,"texture":"#0","tintindex":0},"up":{"uv":[11.84375,4.15625,12.03125,3.6875],"rotation":0,"texture":"#0","tintindex":0},"down":{"uv":[6.125,11.84375,6.3125,12.3125],"rotation":0,"texture":"#0","tintindex":0}}},{"from":[6.857143,1.66046,0.716372],"to":[9.142858,4.517603,3.0020866],"rotation":{"angle":-45.0,"axis":"x","origin":[8.0,3.3747458,1.8592291]},"faces":{"east":{"uv":[1.4375,10.34375,1.3125,10.5],"rotation":0,"texture":"#0","tintindex":0},"south":{"uv":[8.09375,10.1875,7.96875,10.34375],"rotation":0,"texture":"#0","tintindex":0},"north":{"uv":[6.71875,10.15625,6.59375,10.3125],"rotation":0,"texture":"#0","tintindex":0},"west":{"uv":[1.4375,10.1875,1.3125,10.34375],"rotation":0,"texture":"#0","tintindex":0},"up":{"uv":[1.625,11.34375,1.75,11.21875],"rotation":0,"texture":"#0","tintindex":0},"down":{"uv":[11.53125,10.3125,11.65625,10.4375],"rotation":0,"texture":"#0","tintindex":0}}}],"textures":{"0":"modelengine:entity/yukio_full"},"display":{"head":{"translation":[0.0,-6.4,0.0],"scale":[4.0,4.0,4.0]}}}