{"elements":[{"from":[9.714286,-7.4285717,6.285714],"to":[16.0,5.714286,14.857143],"rotation":{"angle":0.0,"axis":"y","origin":[10.857143,0.5714283,3.4285712]},"faces":{"east":{"uv":[3.1875,9.25,2.71875,9.96875],"rotation":0,"texture":"#0","tintindex":0},"south":{"uv":[11.0,8.3125,10.65625,9.03125],"rotation":0,"texture":"#0","tintindex":0},"north":{"uv":[11.0,7.59375,10.65625,8.3125],"rotation":0,"texture":"#0","tintindex":0},"west":{"uv":[2.71875,9.25,2.25,9.96875],"rotation":0,"texture":"#0","tintindex":0},"up":{"uv":[1.21875,11.8125,1.5625,11.34375],"rotation":0,"texture":"#0","tintindex":0},"down":{"uv":[1.5625,11.34375,1.90625,11.8125],"rotation":0,"texture":"#0","tintindex":0}}},{"from":[14.57778,-1.7142859,18.291258],"to":[24.292067,21.142857,18.291258],"rotation":{"angle":-45.0,"axis":"y","origin":[19.434923,6.857143,18.291258]},"faces":{"east":{"uv":[0.0,0.0,0.0,1.25],"rotation":0,"texture":"#0","tintindex":0},"south":{"uv":[3.5625,7.625,4.09375,8.875],"rotation":0,"texture":"#0","tintindex":0},"north":{"uv":[4.09375,7.625,3.5625,8.875],"rotation":0,"texture":"#0","tintindex":0},"west":{"uv":[0.0,0.0,0.0,1.25],"rotation":0,"texture":"#0","tintindex":0},"up":{"uv":[0.0,0.0,0.53125,0.0],"rotation":0,"texture":"#0","tintindex":0},"down":{"uv":[0.0,0.0,0.53125,0.0],"rotation":0,"texture":"#0","tintindex":0}}},{"from":[15.161625,10.111725,7.548296],"to":[23.161625,20.968868,7.548296],"rotation":{"angle":22.5,"axis":"z","origin":[19.733053,14.39744,10.405439]},"faces":{"east":{"uv":[0.0,0.0,0.0,0.59375],"rotation":0,"texture":"#0","tintindex":0},"south":{"uv":[10.5,7.15625,10.0625,7.75],"rotation":0,"texture":"#0","tintindex":0},"north":{"uv":[10.09375,7.15625,10.53125,7.75],"rotation":0,"texture":"#0","tintindex":0},"west":{"uv":[0.0,0.0,0.0,0.59375],"rotation":0,"texture":"#0","tintindex":0},"up":{"uv":[0.0,0.0,0.4375,0.0],"rotation":0,"texture":"#0","tintindex":0},"down":{"uv":[0.0,0.0,0.4375,0.0],"rotation":0,"texture":"#0","tintindex":0}}},{"from":[14.285715,18.285715,2.8571424],"to":[14.285715,26.285715,13.714286],"rotation":{"angle":0.0,"axis":"y","origin":[13.142858,22.857143,9.428572]},"faces":{"east":{"uv":[9.3125,10.21875,8.71875,10.65625],"rotation":0,"texture":"#0","tintindex":0},"south":{"uv":[0.0,0.0,0.0,0.4375],"rotation":0,"texture":"#0","tintindex":0},"north":{"uv":[0.0,0.0,0.0,0.4375],"rotation":0,"texture":"#0","tintindex":0},"west":{"uv":[5.53125,10.21875,4.9375,10.65625],"rotation":0,"texture":"#0","tintindex":0},"up":{"uv":[0.0,0.59375,0.0,0.0],"rotation":0,"texture":"#0","tintindex":0},"down":{"uv":[0.0,0.0,0.0,0.59375],"rotation":0,"texture":"#0","tintindex":0}}},{"from":[16.304482,11.540297,10.119724],"to":[24.304482,11.540297,20.976868],"rotation":{"angle":-45.0,"axis":"y","origin":[19.733053,14.39744,10.405439]},"faces":{"east":{"uv":[0.59375,0.0,0.0,0.0],"rotation":0,"texture":"#0","tintindex":0},"south":{"uv":[0.4375,0.0,0.0,0.0],"rotation":0,"texture":"#0","tintindex":0},"north":{"uv":[0.4375,0.0,0.0,0.0],"rotation":0,"texture":"#0","tintindex":0},"west":{"uv":[0.59375,0.0,0.0,0.0],"rotation":0,"texture":"#0","tintindex":0},"up":{"uv":[0.4375,10.59375,0.875,10.0],"rotation":0,"texture":"#0","tintindex":0},"down":{"uv":[0.4375,10.0,0.875,10.59375],"rotation":0,"texture":"#0","tintindex":0}}},{"from":[8.0,5.714286,2.8571424],"to":[16.0,18.285715,14.857143],"rotation":{"angle":0.0,"axis":"y","origin":[10.857143,17.142857,3.4285712]},"faces":{"east":{"uv":[9.5,5.84375,8.84375,6.53125],"rotation":0,"texture":"#0","tintindex":0},"south":{"uv":[9.53125,9.53125,9.09375,10.21875],"rotation":0,"texture":"#0","tintindex":0},"north":{"uv":[9.96875,8.84375,9.53125,9.53125],"rotation":0,"texture":"#0","tintindex":0},"west":{"uv":[9.5,5.15625,8.84375,5.84375],"rotation":0,"texture":"#0","tintindex":0},"up":{"uv":[9.90625,3.75,10.34375,3.09375],"rotation":0,"texture":"#0","tintindex":0},"down":{"uv":[8.28125,9.90625,8.71875,10.5625],"rotation":0,"texture":"#0","tintindex":0}}},{"from":[14.226676,14.067022,9.142858],"to":[18.798105,27.781307,14.285715],"rotation":{"angle":-22.5,"axis":"z","origin":[16.51239,20.924166,11.714286]},"faces":{"east":{"uv":[11.125,10.90625,10.84375,11.65625],"rotation":0,"texture":"#0","tintindex":0},"south":{"uv":[9.59375,11.21875,9.34375,11.96875],"rotation":0,"texture":"#0","tintindex":0},"north":{"uv":[9.34375,11.21875,9.09375,11.96875],"rotation":0,"texture":"#0","tintindex":0},"west":{"uv":[4.8125,10.78125,4.53125,11.53125],"rotation":0,"texture":"#0","tintindex":0},"up":{"uv":[6.8125,12.25,7.0625,11.96875],"rotation":0,"texture":"#0","tintindex":0},"down":{"uv":[5.46875,12.0,5.71875,12.28125],"rotation":0,"texture":"#0","tintindex":0}}},{"from":[9.655248,12.352736,-0.57142925],"to":[14.226676,20.924166,4.5714283],"rotation":{"angle":-22.5,"axis":"x","origin":[11.940962,21.495594,1.9999995]},"faces":{"east":{"uv":[7.15625,11.5,6.875,11.96875],"rotation":0,"texture":"#0","tintindex":0},"south":{"uv":[8.625,11.5625,8.375,12.03125],"rotation":0,"texture":"#0","tintindex":0},"north":{"uv":[3.8125,6.96875,3.5625,7.4375],"rotation":0,"texture":"#0","tintindex":0},"west":{"uv":[4.09375,11.40625,3.8125,11.875],"rotation":0,"texture":"#0","tintindex":0},"up":{"uv":[12.0,7.28125,12.25,7.0],"rotation":0,"texture":"#0","tintindex":0},"down":{"uv":[0.21875,12.03125,0.46875,12.3125],"rotation":0,"texture":"#0","tintindex":0}}}],"textures":{"0":"modelengine:entity/yukio_full"},"display":{"head":{"translation":[0.0,-6.4,0.0],"scale":[4.0,4.0,4.0]}}}