{"elements":[{"from":[6.285714,3.3747458,0.24298477],"to":[9.714286,10.803317,8.814414],"rotation":{"angle":0.0,"axis":"y","origin":[10.857143,7.374746,7.100128]},"faces":{"east":{"uv":[11.65625,0.0,11.1875,0.40625],"rotation":0,"texture":"#0","tintindex":0},"south":{"uv":[12.15625,4.15625,11.96875,4.5625],"rotation":0,"texture":"#0","tintindex":0},"north":{"uv":[2.6875,11.96875,2.5,12.375],"rotation":0,"texture":"#0","tintindex":0},"west":{"uv":[11.625,9.5,11.15625,9.90625],"rotation":0,"texture":"#0","tintindex":0},"up":{"uv":[3.71875,12.34375,3.90625,11.875],"rotation":0,"texture":"#0","tintindex":0},"down":{"uv":[3.90625,11.875,4.09375,12.34375],"rotation":0,"texture":"#0","tintindex":0}}},{"from":[6.857143,1.66046,0.716372],"to":[9.142858,4.517603,3.0020866],"rotation":{"angle":-45.0,"axis":"x","origin":[8.0,3.3747458,1.8592291]},"faces":{"east":{"uv":[8.625,12.03125,8.5,12.1875],"rotation":0,"texture":"#0","tintindex":0},"south":{"uv":[2.8125,11.96875,2.6875,12.125],"rotation":0,"texture":"#0","tintindex":0},"north":{"uv":[0.75,11.8125,0.625,11.96875],"rotation":0,"texture":"#0","tintindex":0},"west":{"uv":[3.40625,11.9375,3.28125,12.09375],"rotation":0,"texture":"#0","tintindex":0},"up":{"uv":[3.28125,12.21875,3.40625,12.09375],"rotation":0,"texture":"#0","tintindex":0},"down":{"uv":[2.84375,12.1875,2.96875,12.3125],"rotation":0,"texture":"#0","tintindex":0}}}],"textures":{"0":"modelengine:entity/yukio_full"},"display":{"head":{"translation":[0.0,-6.4,0.0],"scale":[4.0,4.0,4.0]}}}