{"elements":[{"from":[8.0,1.6501203,-2.8000002],"to":[8.0,29.65012,32.0],"rotation":{"angle":0.0,"axis":"y","origin":[6.8,12.05012,6.4]},"faces":{"east":{"uv":[2.71875,2.1875,0.0,4.375],"rotation":0,"texture":"#0","tintindex":0},"south":{"uv":[0.0,0.0,0.0,2.1875],"rotation":0,"texture":"#0","tintindex":0},"north":{"uv":[0.0,0.0,0.0,2.1875],"rotation":0,"texture":"#0","tintindex":0},"west":{"uv":[3.5625,0.0,0.84375,2.1875],"rotation":0,"texture":"#0","tintindex":0},"up":{"uv":[0.0,2.71875,0.0,0.0],"rotation":0,"texture":"#0","tintindex":0},"down":{"uv":[0.0,0.0,0.0,2.71875],"rotation":0,"texture":"#0","tintindex":0}}},{"from":[3.370387,4.3771243,-1.8617496],"to":[8.970387,11.977125,-1.8617496],"rotation":{"angle":-22.5,"axis":"x","origin":[4.570387,25.777124,-2.6617498]},"faces":{"east":{"uv":[0.0,0.0,0.0,0.59375],"rotation":0,"texture":"#0","tintindex":0},"south":{"uv":[8.0625,10.34375,7.625,10.9375],"rotation":0,"texture":"#0","tintindex":0},"north":{"uv":[7.625,10.34375,8.0625,10.9375],"rotation":0,"texture":"#0","tintindex":0},"west":{"uv":[0.0,0.0,0.0,0.59375],"rotation":0,"texture":"#0","tintindex":0},"up":{"uv":[0.0,0.0,0.4375,0.0],"rotation":0,"texture":"#0","tintindex":0},"down":{"uv":[0.0,0.0,0.4375,0.0],"rotation":0,"texture":"#0","tintindex":0}}},{"from":[0.57038736,3.9114056,6.673473],"to":[7.370387,19.911407,6.673473],"rotation":{"angle":-22.5,"axis":"x","origin":[3.970387,9.511406,6.673473]},"faces":{"east":{"uv":[0.0,0.0,0.0,1.25],"rotation":0,"texture":"#0","tintindex":0},"south":{"uv":[6.21875,8.40625,5.6875,9.65625],"rotation":0,"texture":"#0","tintindex":0},"north":{"uv":[5.6875,8.40625,5.15625,9.65625],"rotation":0,"texture":"#0","tintindex":0},"west":{"uv":[0.0,0.0,0.0,1.25],"rotation":0,"texture":"#0","tintindex":0},"up":{"uv":[0.0,0.0,0.53125,0.0],"rotation":0,"texture":"#0","tintindex":0},"down":{"uv":[0.0,0.0,0.53125,0.0],"rotation":0,"texture":"#0","tintindex":0}}},{"from":[7.370387,4.0000005,3.2811322],"to":[9.770387,32.0,5.6811323],"rotation":{"angle":-22.5,"axis":"x","origin":[6.8,12.05012,6.4]},"faces":{"east":{"uv":[1.8125,9.03125,1.625,11.21875],"rotation":0,"texture":"#0","tintindex":0},"south":{"uv":[9.09375,7.65625,8.90625,9.84375],"rotation":0,"texture":"#0","tintindex":0},"north":{"uv":[1.625,8.5,1.4375,10.6875],"rotation":0,"texture":"#0","tintindex":0},"west":{"uv":[8.28125,8.5,8.09375,10.6875],"rotation":0,"texture":"#0","tintindex":0},"up":{"uv":[7.5625,3.5625,7.75,3.375],"rotation":0,"texture":"#0","tintindex":0},"down":{"uv":[4.53125,12.21875,4.71875,12.40625],"rotation":0,"texture":"#0","tintindex":0}}}],"textures":{"0":"modelengine:entity/yukio_full"},"display":{"head":{"translation":[0.0,1.1328521,0.0],"scale":[4.0,4.0,4.0]}}}