{"elements":[{"from":[6.285714,3.3747458,0.24298477],"to":[9.714286,10.803317,8.814414],"rotation":{"angle":0.0,"axis":"y","origin":[10.857143,7.374746,7.100128]},"faces":{"east":{"uv":[11.5625,6.875,11.09375,7.28125],"rotation":0,"texture":"#0","tintindex":0},"south":{"uv":[11.75,11.90625,11.5625,12.3125],"rotation":0,"texture":"#0","tintindex":0},"north":{"uv":[11.5625,11.90625,11.375,12.3125],"rotation":0,"texture":"#0","tintindex":0},"west":{"uv":[11.5625,6.46875,11.09375,6.875],"rotation":0,"texture":"#0","tintindex":0},"up":{"uv":[9.8125,12.28125,10.0,11.8125],"rotation":0,"texture":"#0","tintindex":0},"down":{"uv":[10.0,11.8125,10.1875,12.28125],"rotation":0,"texture":"#0","tintindex":0}}},{"from":[6.857143,1.66046,0.716372],"to":[9.142858,4.517603,3.0020866],"rotation":{"angle":-45.0,"axis":"x","origin":[8.0,3.3747458,1.8592291]},"faces":{"east":{"uv":[3.1875,10.125,3.0625,10.28125],"rotation":0,"texture":"#0","tintindex":0},"south":{"uv":[8.09375,10.03125,7.96875,10.1875],"rotation":0,"texture":"#0","tintindex":0},"north":{"uv":[3.1875,9.96875,3.0625,10.125],"rotation":0,"texture":"#0","tintindex":0},"west":{"uv":[6.71875,10.0,6.59375,10.15625],"rotation":0,"texture":"#0","tintindex":0},"up":{"uv":[1.3125,10.78125,1.4375,10.65625],"rotation":0,"texture":"#0","tintindex":0},"down":{"uv":[10.28125,10.96875,10.40625,11.09375],"rotation":0,"texture":"#0","tintindex":0}}}],"textures":{"0":"modelengine:entity/yukio_full"},"display":{"head":{"translation":[0.0,-6.4,0.0],"scale":[4.0,4.0,4.0]}}}