{"elements":[{"from":[5.2,7.599925,8.0],"to":[10.8,16.399925,20.0],"rotation":{"angle":0.0,"axis":"y","origin":[8.0,-5.200075,-29.600002]},"faces":{"east":{"uv":[7.15625,8.5,8.09375,9.1875],"rotation":0,"texture":"#0","tintindex":0},"south":{"uv":[4.5,9.65625,4.9375,10.34375],"rotation":0,"texture":"#0","tintindex":0},"north":{"uv":[4.0625,9.59375,4.5,10.28125],"rotation":0,"texture":"#0","tintindex":0},"west":{"uv":[2.3125,8.5625,3.25,9.25],"rotation":0,"texture":"#0","tintindex":0},"up":{"uv":[9.53125,9.53125,9.09375,8.59375],"rotation":0,"texture":"#0","tintindex":0},"down":{"uv":[0.4375,9.1875,0.0,10.125],"rotation":0,"texture":"#0","tintindex":0}}},{"from":[10.8,16.122444,6.8451076],"to":[10.8,22.922445,22.845108],"rotation":{"angle":-22.5,"axis":"z","origin":[10.8,19.522446,14.845108]},"faces":{"east":{"uv":[0.0,7.96875,1.25,8.5],"rotation":0,"texture":"#0","tintindex":0},"south":{"uv":[0.0,0.0,0.0,0.53125],"rotation":0,"texture":"#0","tintindex":0},"north":{"uv":[0.0,0.0,0.0,0.53125],"rotation":0,"texture":"#0","tintindex":0},"west":{"uv":[7.125,7.96875,8.375,8.5],"rotation":0,"texture":"#0","tintindex":0},"up":{"uv":[0.0,1.25,0.0,0.0],"rotation":0,"texture":"#0","tintindex":0},"down":{"uv":[0.0,0.0,0.0,1.25],"rotation":0,"texture":"#0","tintindex":0}}},{"from":[10.541344,16.500679,6.4],"to":[17.341343,16.500679,22.400002],"rotation":{"angle":22.5,"axis":"z","origin":[13.941343,16.500679,14.4]},"faces":{"east":{"uv":[0.0,0.0,1.25,0.0],"rotation":0,"texture":"#0","tintindex":0},"south":{"uv":[0.0,0.0,0.53125,0.0],"rotation":0,"texture":"#0","tintindex":0},"north":{"uv":[0.0,0.0,0.53125,0.0],"rotation":0,"texture":"#0","tintindex":0},"west":{"uv":[0.0,0.0,1.25,0.0],"rotation":0,"texture":"#0","tintindex":0},"up":{"uv":[8.3125,6.96875,8.84375,5.71875],"rotation":0,"texture":"#0","tintindex":0},"down":{"uv":[8.3125,5.71875,8.84375,6.96875],"rotation":0,"texture":"#0","tintindex":0}}},{"from":[-0.12848663,12.186788,9.6],"to":[5.4715137,12.186788,17.2],"rotation":{"angle":0.0,"axis":"y","origin":[2.6715136,12.186788,13.4]},"faces":{"east":{"uv":[0.0,0.0,0.59375,0.0],"rotation":0,"texture":"#0","tintindex":0},"south":{"uv":[0.0,0.0,0.4375,0.0],"rotation":0,"texture":"#0","tintindex":0},"north":{"uv":[0.0,0.0,0.4375,0.0],"rotation":0,"texture":"#0","tintindex":0},"west":{"uv":[0.0,0.0,0.59375,0.0],"rotation":0,"texture":"#0","tintindex":0},"up":{"uv":[10.84375,11.09375,10.40625,10.5],"rotation":0,"texture":"#0","tintindex":0},"down":{"uv":[2.625,10.5625,3.0625,11.15625],"rotation":0,"texture":"#0","tintindex":0}}},{"from":[10.528486,12.186788,9.6],"to":[16.128487,12.186788,17.2],"rotation":{"angle":0.0,"axis":"y","origin":[13.328486,12.186788,13.4]},"faces":{"east":{"uv":[0.0,0.0,0.59375,0.0],"rotation":0,"texture":"#0","tintindex":0},"south":{"uv":[0.0,0.0,0.4375,0.0],"rotation":0,"texture":"#0","tintindex":0},"north":{"uv":[0.0,0.0,0.4375,0.0],"rotation":0,"texture":"#0","tintindex":0},"west":{"uv":[0.0,0.0,0.59375,0.0],"rotation":0,"texture":"#0","tintindex":0},"up":{"uv":[8.71875,11.15625,8.28125,10.5625],"rotation":0,"texture":"#0","tintindex":0},"down":{"uv":[0.875,10.59375,0.4375,11.1875],"rotation":0,"texture":"#0","tintindex":0}}},{"from":[-1.3413439,16.500679,6.4],"to":[5.4586563,16.500679,22.400002],"rotation":{"angle":-22.5,"axis":"z","origin":[2.0586567,16.500679,14.4]},"faces":{"east":{"uv":[0.0,0.0,1.25,0.0],"rotation":0,"texture":"#0","tintindex":0},"south":{"uv":[0.0,0.0,0.53125,0.0],"rotation":0,"texture":"#0","tintindex":0},"north":{"uv":[0.0,0.0,0.53125,0.0],"rotation":0,"texture":"#0","tintindex":0},"west":{"uv":[0.0,0.0,1.25,0.0],"rotation":0,"texture":"#0","tintindex":0},"up":{"uv":[8.90625,9.21875,8.375,7.96875],"rotation":0,"texture":"#0","tintindex":0},"down":{"uv":[8.90625,7.96875,8.375,9.21875],"rotation":0,"texture":"#0","tintindex":0}}},{"from":[5.2,16.122444,6.8451076],"to":[5.2,22.922445,22.845108],"rotation":{"angle":22.5,"axis":"z","origin":[5.2,19.522446,14.845108]},"faces":{"east":{"uv":[2.3125,8.03125,3.5625,8.5625],"rotation":0,"texture":"#0","tintindex":0},"south":{"uv":[0.0,0.0,0.0,0.53125],"rotation":0,"texture":"#0","tintindex":0},"north":{"uv":[0.0,0.0,0.0,0.53125],"rotation":0,"texture":"#0","tintindex":0},"west":{"uv":[8.28125,1.0625,9.53125,1.59375],"rotation":0,"texture":"#0","tintindex":0},"up":{"uv":[0.0,1.25,0.0,0.0],"rotation":0,"texture":"#0","tintindex":0},"down":{"uv":[0.0,0.0,0.0,1.25],"rotation":0,"texture":"#0","tintindex":0}}},{"from":[5.6,-16.0,8.300992],"to":[10.0,-10.799999,17.100992],"rotation":{"angle":-22.5,"axis":"x","origin":[12.200001,20.600002,-56.099014]},"faces":{"east":{"uv":[9.96875,5.46875,10.65625,5.84375],"rotation":0,"texture":"#0","tintindex":0},"south":{"uv":[11.5,3.8125,11.84375,4.21875],"rotation":0,"texture":"#0","tintindex":0},"north":{"uv":[0.84375,11.46875,1.1875,11.875],"rotation":0,"texture":"#0","tintindex":0},"west":{"uv":[9.96875,8.84375,10.65625,9.25],"rotation":0,"texture":"#0","tintindex":0},"up":{"uv":[4.09375,11.40625,3.75,10.71875],"rotation":0,"texture":"#0","tintindex":0},"down":{"uv":[1.21875,10.78125,0.875,11.46875],"rotation":0,"texture":"#0","tintindex":0}}},{"from":[8.2,12.581728,15.518572],"to":[13.8,14.581728,18.718573],"rotation":{"angle":22.5,"axis":"z","origin":[11.0,13.581728,18.718573]},"faces":{"east":{"uv":[12.1875,11.0625,12.4375,11.21875],"rotation":0,"texture":"#0","tintindex":0},"south":{"uv":[12.0625,0.71875,12.5,0.875],"rotation":0,"texture":"#0","tintindex":0},"north":{"uv":[12.0625,0.71875,12.5,0.875],"rotation":0,"texture":"#0","tintindex":0},"west":{"uv":[1.40625,12.21875,1.65625,12.375],"rotation":0,"texture":"#0","tintindex":0},"up":{"uv":[12.09375,7.53125,11.65625,7.28125],"rotation":0,"texture":"#0","tintindex":0},"down":{"uv":[11.875,11.65625,11.4375,11.90625],"rotation":0,"texture":"#0","tintindex":0}}},{"from":[2.1999998,12.581728,11.518572],"to":[7.8,14.581728,14.718573],"rotation":{"angle":-22.5,"axis":"z","origin":[5.0,13.581728,18.718573]},"faces":{"east":{"uv":[1.65625,12.21875,1.90625,12.375],"rotation":0,"texture":"#0","tintindex":0},"south":{"uv":[12.09375,0.0,12.53125,0.15625],"rotation":0,"texture":"#0","tintindex":0},"north":{"uv":[8.84375,11.34375,9.28125,11.5],"rotation":0,"texture":"#0","tintindex":0},"west":{"uv":[4.40625,11.625,4.65625,11.78125],"rotation":0,"texture":"#0","tintindex":0},"up":{"uv":[12.125,2.53125,11.6875,2.28125],"rotation":0,"texture":"#0","tintindex":0},"down":{"uv":[9.0625,11.6875,8.625,11.9375],"rotation":0,"texture":"#0","tintindex":0}}},{"from":[6.251722,15.138858,14.026],"to":[9.051722,19.138859,17.226002],"rotation":{"angle":0.0,"axis":"y","origin":[5.0517216,13.138858,-69.974]},"faces":{"east":{"uv":[11.90625,6.6875,12.15625,7.0],"rotation":0,"texture":"#0","tintindex":0},"south":{"uv":[9.21875,12.09375,9.4375,12.40625],"rotation":0,"texture":"#0","tintindex":0},"north":{"uv":[9.0,12.09375,9.21875,12.40625],"rotation":0,"texture":"#0","tintindex":0},"west":{"uv":[7.90625,11.90625,8.15625,12.21875],"rotation":0,"texture":"#0","tintindex":0},"up":{"uv":[12.34375,8.84375,12.125,8.59375],"rotation":0,"texture":"#0","tintindex":0},"down":{"uv":[12.34375,11.59375,12.125,11.84375],"rotation":0,"texture":"#0","tintindex":0}}},{"from":[12.4,16.518282,12.440945],"to":[14.4,24.518282,14.440945],"rotation":{"angle":-22.5,"axis":"z","origin":[7.4,23.71828,-75.759056]},"faces":{"east":{"uv":[3.5625,11.75,3.71875,12.375],"rotation":0,"texture":"#0","tintindex":0},"south":{"uv":[6.5,11.75,6.65625,12.375],"rotation":0,"texture":"#0","tintindex":0},"north":{"uv":[3.40625,11.75,3.5625,12.375],"rotation":0,"texture":"#0","tintindex":0},"west":{"uv":[6.65625,11.75,6.8125,12.375],"rotation":0,"texture":"#0","tintindex":0},"up":{"uv":[6.96875,12.40625,6.8125,12.25],"rotation":0,"texture":"#0","tintindex":0},"down":{"uv":[12.40625,6.90625,12.25,7.0625],"rotation":0,"texture":"#0","tintindex":0}}},{"from":[1.5999999,14.918282,15.640945],"to":[3.6,22.918282,17.640945],"rotation":{"angle":22.5,"axis":"z","origin":[8.6,23.71828,-75.759056]},"faces":{"east":{"uv":[2.96875,11.78125,3.125,12.40625],"rotation":0,"texture":"#0","tintindex":0},"south":{"uv":[3.125,11.78125,3.28125,12.40625],"rotation":0,"texture":"#0","tintindex":0},"north":{"uv":[11.78125,1.21875,11.9375,1.84375],"rotation":0,"texture":"#0","tintindex":0},"west":{"uv":[5.75,11.78125,5.90625,12.40625],"rotation":0,"texture":"#0","tintindex":0},"up":{"uv":[7.125,12.40625,6.96875,12.25],"rotation":0,"texture":"#0","tintindex":0},"down":{"uv":[12.40625,7.0625,12.25,7.21875],"rotation":0,"texture":"#0","tintindex":0}}}],"textures":{"0":"modelengine:entity/yukio_full"},"display":{"head":{"translation":[0.0,-39.999702,0.0],"scale":[4.0,4.0,4.0]}}}