{"elements":[{"from":[8.0,4.0,6.5714283],"to":[8.0,8.0,9.428572],"rotation":{"angle":0.0,"axis":"y","origin":[11.428572,14.571428,7.428571]},"faces":{"east":{"uv":[5.25,7.5,4.0,9.25],"rotation":0,"texture":"#1","tintindex":0},"south":{"uv":[0.0,0.0,0.0,1.75],"rotation":0,"texture":"#1","tintindex":0},"north":{"uv":[0.0,0.0,0.0,1.75],"rotation":0,"texture":"#1","tintindex":0},"west":{"uv":[4.0,7.5,5.25,9.25],"rotation":0,"texture":"#1","tintindex":0},"up":{"uv":[0.0,1.25,0.0,0.0],"rotation":0,"texture":"#1","tintindex":0},"down":{"uv":[0.0,0.0,0.0,1.25],"rotation":0,"texture":"#1","tintindex":0}}}],"textures":{"1":"modelengine:entity/azriel_follower"},"display":{"head":{"translation":[0.0,-6.4,0.0],"scale":[4.0,4.0,4.0]}}}