{"elements":[{"from":[7.9142857,6.942857,6.6857142],"to":[10.2,8.657143,8.971429],"rotation":{"angle":0.0,"axis":"y","origin":[4.485714,6.6571426,6.9714284]},"faces":{"east":{"uv":[10.75,9.75,9.75,10.5],"rotation":0,"texture":"#1","tintindex":0},"south":{"uv":[9.75,9.75,8.75,10.5],"rotation":0,"texture":"#1","tintindex":0},"north":{"uv":[8.75,9.75,7.75,10.5],"rotation":0,"texture":"#1","tintindex":0},"west":{"uv":[10.75,7.75,9.75,8.5],"rotation":0,"texture":"#1","tintindex":0},"up":{"uv":[8.25,9.75,9.25,8.75],"rotation":0,"texture":"#1","tintindex":0},"down":{"uv":[0.0,9.0,1.0,10.0],"rotation":0,"texture":"#1","tintindex":0}}},{"from":[10.2,6.942857,7.257143],"to":[13.628572,8.085714,8.971429],"rotation":{"angle":0.0,"axis":"y","origin":[4.485714,6.6571426,6.9714284]},"faces":{"east":{"uv":[7.25,10.5,6.5,11.0],"rotation":0,"texture":"#1","tintindex":0},"south":{"uv":[1.5,10.0,0.0,10.5],"rotation":0,"texture":"#1","tintindex":0},"north":{"uv":[7.5,1.25,6.0,1.75],"rotation":0,"texture":"#1","tintindex":0},"west":{"uv":[6.5,10.5,5.75,11.0],"rotation":0,"texture":"#1","tintindex":0},"up":{"uv":[4.0,2.5,5.5,1.75],"rotation":0,"texture":"#1","tintindex":0},"down":{"uv":[8.75,2.0,10.25,2.75],"rotation":0,"texture":"#1","tintindex":0}}}],"textures":{"1":"modelengine:entity/azriel_follower"},"display":{"head":{"translation":[0.0,-6.4,0.0],"scale":[4.0,4.0,4.0]}}}