{"elements":[{"from":[7.428571,6.8894644,5.4521117],"to":[9.714286,8.032322,8.309255],"rotation":{"angle":0.0,"axis":"y","origin":[11.142858,12.032322,2.02354]},"faces":{"east":{"uv":[7.875,1.375,8.5,1.625],"rotation":0,"texture":"#0","tintindex":0},"south":{"uv":[9.25,5.875,9.75,6.125],"rotation":0,"texture":"#0","tintindex":0},"north":{"uv":[7.375,0.5,7.875,0.75],"rotation":0,"texture":"#0","tintindex":0},"west":{"uv":[7.875,3.25,8.5,3.5],"rotation":0,"texture":"#0","tintindex":0},"up":{"uv":[8.25,8.875,7.75,8.25],"rotation":0,"texture":"#0","tintindex":0},"down":{"uv":[8.75,8.25,8.25,8.875],"rotation":0,"texture":"#0","tintindex":0}}},{"from":[8.571428,7.3926578,4.6366744],"to":[9.714286,8.535515,5.7795315],"rotation":{"angle":22.5,"axis":"x","origin":[8.571428,7.9640865,4.3509603]},"faces":{"east":{"uv":[9.375,9.375,9.625,9.625],"rotation":0,"texture":"#0","tintindex":0},"south":{"uv":[3.625,9.5,3.875,9.75],"rotation":0,"texture":"#0","tintindex":0},"north":{"uv":[9.375,9.125,9.625,9.375],"rotation":0,"texture":"#0","tintindex":0},"west":{"uv":[5.875,9.5,6.125,9.75],"rotation":0,"texture":"#0","tintindex":0},"up":{"uv":[6.375,9.75,6.125,9.5],"rotation":0,"texture":"#0","tintindex":0},"down":{"uv":[6.625,9.5,6.375,9.75],"rotation":0,"texture":"#0","tintindex":0}}},{"from":[7.428571,7.285714,5.142857],"to":[8.571428,7.857143,5.714286],"rotation":{"angle":-22.5,"axis":"x","origin":[8.0,7.285714,5.142857]},"faces":{"east":{"uv":[1.375,3.0,1.5,3.125],"rotation":0,"texture":"#0","tintindex":0},"south":{"uv":[3.125,4.875,3.375,5.0],"rotation":0,"texture":"#0","tintindex":0},"north":{"uv":[4.5,2.125,4.75,2.25],"rotation":0,"texture":"#0","tintindex":0},"west":{"uv":[1.375,3.125,1.5,3.25],"rotation":0,"texture":"#0","tintindex":0},"up":{"uv":[5.75,5.0,5.5,4.875],"rotation":0,"texture":"#0","tintindex":0},"down":{"uv":[6.0,4.875,5.75,5.0],"rotation":0,"texture":"#0","tintindex":0}}}],"textures":{"0":"modelengine:entity/gp2_goblin_shaman_doppelganger"},"display":{"head":{"translation":[0.0,-6.4,0.0],"scale":[4.0,4.0,4.0]}}}