{"elements":[{"from":[6.857143,8.571428,5.142857],"to":[9.142858,9.714286,6.285714],"rotation":{"angle":0.0,"axis":"y","origin":[7.428571,7.5276337,8.142858]},"faces":{"east":{"uv":[6.5,8.75,7.0,9.25],"rotation":0,"texture":"#0","tintindex":0},"south":{"uv":[8.25,2.5,9.25,3.0],"rotation":0,"texture":"#0","tintindex":0},"north":{"uv":[8.25,2.0,9.25,2.5],"rotation":0,"texture":"#0","tintindex":0},"west":{"uv":[7.0,8.75,7.5,9.25],"rotation":0,"texture":"#0","tintindex":0},"up":{"uv":[9.25,3.5,8.25,3.0],"rotation":0,"texture":"#0","tintindex":0},"down":{"uv":[7.75,8.25,6.75,8.75],"rotation":0,"texture":"#0","tintindex":0}}},{"from":[6.285714,8.571428,6.285714],"to":[9.714286,11.428572,9.142858],"rotation":{"angle":0.0,"axis":"y","origin":[7.428571,7.5276337,8.142858]},"faces":{"east":{"uv":[1.25,5.75,0.0,7.0],"rotation":0,"texture":"#0","tintindex":0},"south":{"uv":[5.0,0.0,6.5,1.25],"rotation":0,"texture":"#0","tintindex":0},"north":{"uv":[0.0,4.5,1.5,5.75],"rotation":0,"texture":"#0","tintindex":0},"west":{"uv":[0.0,5.75,1.25,7.0],"rotation":0,"texture":"#0","tintindex":0},"up":{"uv":[6.5,2.5,5.0,1.25],"rotation":0,"texture":"#0","tintindex":0},"down":{"uv":[3.0,5.0,1.5,6.25],"rotation":0,"texture":"#0","tintindex":0}}},{"from":[6.0,8.0,6.857143],"to":[10.0,12.0,10.285714],"rotation":{"angle":0.0,"axis":"y","origin":[7.428571,7.5276337,8.142858]},"faces":{"east":{"uv":[3.25,1.75,1.75,3.5],"rotation":0,"texture":"#0","tintindex":0},"south":{"uv":[0.0,1.75,1.75,3.5],"rotation":0,"texture":"#0","tintindex":0},"north":{"uv":[0.0,0.0,1.75,1.75],"rotation":0,"texture":"#0","tintindex":0},"west":{"uv":[1.75,1.75,3.25,3.5],"rotation":0,"texture":"#0","tintindex":0},"up":{"uv":[5.0,1.5,3.25,0.0],"rotation":0,"texture":"#0","tintindex":0},"down":{"uv":[5.0,1.5,3.25,3.0],"rotation":0,"texture":"#0","tintindex":0}}},{"from":[8.571428,12.0,7.428571],"to":[9.714286,13.142858,8.0],"rotation":{"angle":0.0,"axis":"y","origin":[7.428571,7.5276337,8.142858]},"faces":{"east":{"uv":[8.75,9.0,9.0,9.5],"rotation":0,"texture":"#0","tintindex":0},"south":{"uv":[9.0,4.25,9.5,4.75],"rotation":0,"texture":"#0","tintindex":0},"north":{"uv":[9.0,0.5,9.5,1.0],"rotation":0,"texture":"#0","tintindex":0},"west":{"uv":[9.0,8.75,9.25,9.25],"rotation":0,"texture":"#0","tintindex":0},"up":{"uv":[7.25,8.25,6.75,8.0],"rotation":0,"texture":"#0","tintindex":0},"down":{"uv":[0.5,9.25,0.0,9.5],"rotation":0,"texture":"#0","tintindex":0}}},{"from":[6.285714,12.0,7.428571],"to":[7.428571,13.142858,8.0],"rotation":{"angle":0.0,"axis":"y","origin":[8.571428,7.5276337,8.142858]},"faces":{"east":{"uv":[9.25,8.75,9.0,9.25],"rotation":0,"texture":"#0","tintindex":0},"south":{"uv":[9.5,4.25,9.0,4.75],"rotation":0,"texture":"#0","tintindex":0},"north":{"uv":[9.5,0.5,9.0,1.0],"rotation":0,"texture":"#0","tintindex":0},"west":{"uv":[9.0,9.0,8.75,9.5],"rotation":0,"texture":"#0","tintindex":0},"up":{"uv":[6.75,8.25,7.25,8.0],"rotation":0,"texture":"#0","tintindex":0},"down":{"uv":[0.0,9.25,0.5,9.5],"rotation":0,"texture":"#0","tintindex":0}}}],"textures":{"0":"modelengine:entity/cavalier"},"display":{"head":{"translation":[0.0,-6.4,0.0],"scale":[4.0,4.0,4.0]}}}