{"elements":[{"from":[7.0515776,5.9486456,7.089789],"to":[9.337292,8.234361,9.375504],"rotation":{"angle":0.0,"axis":"y","origin":[4.7658634,0.8057885,8.232646]},"faces":{"east":{"uv":[6.125,5.0,6.625,5.5],"rotation":0,"texture":"#4","tintindex":0},"south":{"uv":[6.125,5.625,6.625,6.125],"rotation":0,"texture":"#4","tintindex":0},"north":{"uv":[6.125,4.375,6.625,4.875],"rotation":0,"texture":"#4","tintindex":0},"west":{"uv":[6.25,1.25,6.75,1.75],"rotation":0,"texture":"#4","tintindex":0},"up":{"uv":[2.375,6.75,1.875,6.25],"rotation":0,"texture":"#4","tintindex":0},"down":{"uv":[6.75,1.875,6.25,2.375],"rotation":0,"texture":"#4","tintindex":0}}}],"textures":{"4":"modelengine:entity/fallensoldieranimated"},"display":{"head":{"translation":[0.0,-6.4,0.0],"scale":[4.0,4.0,4.0]}}}