{"elements":[{"from":[6.016824,9.268831,5.969122],"to":[10.02331,13.313233,9.84922],"rotation":{"angle":0.0,"axis":"y","origin":[8.001108,8.282308,8.038226]},"faces":{"east":{"uv":[21.032,9.032,28.968,16.968],"rotation":0,"texture":"#missing","tintindex":0},"south":{"uv":[21.032,18.032,27.43857,24.4992],"rotation":0,"texture":"#missing","tintindex":0},"north":{"uv":[8.5,0.0,15.5,7.0],"rotation":0,"texture":"#0","tintindex":0},"west":{"uv":[21.032,27.032,28.968,34.968],"rotation":0,"texture":"#missing","tintindex":0},"up":{"uv":[7.968,35.968,0.032,28.032],"rotation":0,"texture":"#missing","tintindex":0},"down":{"uv":[16.968,28.032,9.032,35.968],"rotation":0,"texture":"#missing","tintindex":0}}},{"from":[5.463662,12.375387,5.628253],"to":[10.591637,13.00075,5.940934],"rotation":{"angle":0.0,"axis":"y","origin":[0.56207037,10.410212,1.9937696]},"faces":{"east":{"uv":[5.25,6.875,5.375,7.0],"rotation":0,"texture":"#4","tintindex":0},"south":{"uv":[7.625,0.625,8.75,0.75],"rotation":0,"texture":"#4","tintindex":0},"north":{"uv":[7.375,6.625,8.5,6.75],"rotation":0,"texture":"#4","tintindex":0},"west":{"uv":[4.125,7.125,4.25,7.25],"rotation":0,"texture":"#4","tintindex":0},"up":{"uv":[8.75,1.0,7.625,0.875],"rotation":0,"texture":"#4","tintindex":0},"down":{"uv":[0.0,0.0,8.2,0.5],"rotation":0,"texture":"#missing","tintindex":0}}},{"from":[6.1515613,13.00075,5.628253],"to":[9.903737,13.626112,6.878978],"rotation":{"angle":0.0,"axis":"y","origin":[0.56207037,10.410212,1.9937696]},"faces":{"east":{"uv":[5.625,3.125,5.875,3.25],"rotation":0,"texture":"#4","tintindex":0},"south":{"uv":[8.0,6.125,8.875,6.25],"rotation":0,"texture":"#4","tintindex":0},"north":{"uv":[8.0,5.875,8.875,6.0],"rotation":0,"texture":"#4","tintindex":0},"west":{"uv":[11.0,10.125,11.25,10.25],"rotation":0,"texture":"#4","tintindex":0},"up":{"uv":[7.75,1.5,6.875,1.25],"rotation":0,"texture":"#4","tintindex":0},"down":{"uv":[0.0,0.0,6.0,2.0],"rotation":0,"texture":"#missing","tintindex":0}}},{"from":[6.776924,13.626112,5.628253],"to":[9.278375,14.251474,6.878978],"rotation":{"angle":0.0,"axis":"y","origin":[0.56207037,10.410212,1.9937696]},"faces":{"east":{"uv":[11.0,10.375,11.25,10.5],"rotation":0,"texture":"#4","tintindex":0},"south":{"uv":[9.5,8.625,10.0,8.75],"rotation":0,"texture":"#4","tintindex":0},"north":{"uv":[9.5,8.375,10.0,8.5],"rotation":0,"texture":"#4","tintindex":0},"west":{"uv":[11.125,0.5,11.375,0.625],"rotation":0,"texture":"#4","tintindex":0},"up":{"uv":[8.25,3.25,7.75,3.0],"rotation":0,"texture":"#4","tintindex":0},"down":{"uv":[0.0,0.0,4.0,2.0],"rotation":0,"texture":"#missing","tintindex":0}}},{"from":[9.903737,10.499298,5.628253],"to":[10.591637,12.375387,5.940934],"rotation":{"angle":0.0,"axis":"y","origin":[5.824046,8.90679,1.9937696]},"faces":{"east":{"uv":[2.5,10.75,2.625,11.125],"rotation":0,"texture":"#4","tintindex":0},"south":{"uv":[10.75,2.625,10.875,3.0],"rotation":0,"texture":"#4","tintindex":0},"north":{"uv":[5.0,0.0,5.125,0.375],"rotation":0,"texture":"#4","tintindex":0},"west":{"uv":[0.0,0.0,0.5,3.0],"rotation":0,"texture":"#missing","tintindex":0},"up":{"uv":[0.0,0.0,1.1,0.5],"rotation":0,"texture":"#missing","tintindex":0},"down":{"uv":[4.25,11.5,4.125,11.625],"rotation":0,"texture":"#4","tintindex":0}}},{"from":[5.463662,10.499298,5.628253],"to":[6.1515613,12.375387,5.940934],"rotation":{"angle":0.0,"axis":"y","origin":[-9.780354,8.90679,1.9937696]},"faces":{"east":{"uv":[0.0,0.0,0.5,3.0],"rotation":0,"texture":"#missing","tintindex":0},"south":{"uv":[4.5,10.75,4.625,11.125],"rotation":0,"texture":"#4","tintindex":0},"north":{"uv":[3.625,10.75,3.75,11.125],"rotation":0,"texture":"#4","tintindex":0},"west":{"uv":[4.75,10.75,4.875,11.125],"rotation":0,"texture":"#4","tintindex":0},"up":{"uv":[0.0,0.0,1.1,0.5],"rotation":0,"texture":"#missing","tintindex":0},"down":{"uv":[11.625,4.25,11.5,4.375],"rotation":0,"texture":"#4","tintindex":0}}},{"from":[6.1515613,11.750024,5.9409275],"to":[9.903737,13.00075,6.692645],"rotation":{"angle":0.0,"axis":"y","origin":[3.5689135,8.90679,1.9937696]},"faces":{"east":{"uv":[0.0,0.0,1.20205,2.0],"rotation":0,"texture":"#missing","tintindex":0},"south":{"uv":[0.0,0.0,5.9999156,1.9999717],"rotation":0,"texture":"#missing","tintindex":0},"north":{"uv":[6.875,1.625,7.75,1.875],"rotation":0,"texture":"#4","tintindex":0},"west":{"uv":[0.0,0.0,1.20205,2.0],"rotation":0,"texture":"#missing","tintindex":0},"up":{"uv":[0.0,0.0,6.0,1.20205],"rotation":0,"texture":"#missing","tintindex":0},"down":{"uv":[0.0,0.0,6.0,1.20205],"rotation":0,"texture":"#missing","tintindex":0}}},{"from":[6.1515613,13.00075,6.8789716],"to":[9.903737,13.626112,9.693104],"rotation":{"angle":0.0,"axis":"y","origin":[0.56207037,10.410212,1.9937696]},"faces":{"east":{"uv":[9.125,9.125,9.75,9.25],"rotation":0,"texture":"#4","tintindex":0},"south":{"uv":[8.125,0.0,9.0,0.125],"rotation":0,"texture":"#4","tintindex":0},"north":{"uv":[8.0,6.375,8.875,6.5],"rotation":0,"texture":"#4","tintindex":0},"west":{"uv":[9.25,8.875,9.875,9.0],"rotation":0,"texture":"#4","tintindex":0},"up":{"uv":[2.625,4.125,1.75,3.5],"rotation":0,"texture":"#4","tintindex":0},"down":{"uv":[0.0,0.0,6.0,4.5],"rotation":0,"texture":"#missing","tintindex":0}}},{"from":[7.4022865,13.46977,9.693104],"to":[8.653012,13.626112,10.318466],"rotation":{"angle":0.0,"axis":"y","origin":[0.56207037,10.410212,1.9937696]},"faces":{"east":{"uv":[4.375,11.5,4.5,11.625],"rotation":0,"texture":"#4","tintindex":0},"south":{"uv":[11.125,1.75,11.375,1.875],"rotation":0,"texture":"#4","tintindex":0},"north":{"uv":[11.125,1.25,11.375,1.375],"rotation":0,"texture":"#4","tintindex":0},"west":{"uv":[4.625,11.5,4.75,11.625],"rotation":0,"texture":"#4","tintindex":0},"up":{"uv":[2.125,11.25,1.875,11.125],"rotation":0,"texture":"#4","tintindex":0},"down":{"uv":[0.0,0.0,2.0,1.0],"rotation":0,"texture":"#missing","tintindex":0}}},{"from":[5.83888,13.00075,5.9409275],"to":[10.216419,13.46977,10.318466],"rotation":{"angle":0.0,"axis":"y","origin":[0.56207037,10.410212,1.9937696]},"faces":{"east":{"uv":[7.75,6.875,8.75,7.0],"rotation":0,"texture":"#4","tintindex":0},"south":{"uv":[7.75,7.125,8.75,7.25],"rotation":0,"texture":"#4","tintindex":0},"north":{"uv":[7.75,3.375,8.75,3.5],"rotation":0,"texture":"#4","tintindex":0},"west":{"uv":[7.875,1.125,8.875,1.25],"rotation":0,"texture":"#4","tintindex":0},"up":{"uv":[1.0,1.0,0.0,0.0],"rotation":0,"texture":"#4","tintindex":0},"down":{"uv":[0.0,0.0,7.0,7.0],"rotation":0,"texture":"#missing","tintindex":0}}},{"from":[6.1515613,13.00075,10.318466],"to":[9.903737,13.313431,10.631147],"rotation":{"angle":0.0,"axis":"y","origin":[0.56207037,10.410212,1.9937696]},"faces":{"east":{"uv":[11.5,5.375,11.625,5.5],"rotation":0,"texture":"#4","tintindex":0},"south":{"uv":[8.125,1.875,9.0,2.0],"rotation":0,"texture":"#4","tintindex":0},"north":{"uv":[8.125,0.25,9.0,0.375],"rotation":0,"texture":"#4","tintindex":0},"west":{"uv":[5.75,11.5,5.875,11.625],"rotation":0,"texture":"#4","tintindex":0},"up":{"uv":[9.0,2.25,8.125,2.125],"rotation":0,"texture":"#4","tintindex":0},"down":{"uv":[0.0,0.0,6.0,0.5],"rotation":0,"texture":"#missing","tintindex":0}}},{"from":[9.903737,9.873936,5.9409275],"to":[10.5291,13.00075,10.318466],"rotation":{"angle":0.0,"axis":"y","origin":[5.824046,8.90679,1.9937696]},"faces":{"east":{"uv":[3.375,1.25,4.375,1.875],"rotation":0,"texture":"#4","tintindex":0},"south":{"uv":[0.5,9.125,0.625,9.75],"rotation":0,"texture":"#4","tintindex":0},"north":{"uv":[2.0,9.0,2.125,9.625],"rotation":0,"texture":"#4","tintindex":0},"west":{"uv":[0.0,0.0,7.0,5.0],"rotation":0,"texture":"#missing","tintindex":0},"up":{"uv":[6.5,8.5,6.375,7.5],"rotation":0,"texture":"#4","tintindex":0},"down":{"uv":[1.625,7.75,1.5,8.75],"rotation":0,"texture":"#4","tintindex":0}}},{"from":[5.8968573,9.873936,10.251371],"to":[10.274396,13.00075,10.876734],"rotation":{"angle":0.0,"axis":"y","origin":[-2.6632376,8.90679,9.110885]},"faces":{"east":{"uv":[3.5,9.125,3.625,9.75],"rotation":0,"texture":"#4","tintindex":0},"south":{"uv":[3.375,2.0,4.375,2.625],"rotation":0,"texture":"#4","tintindex":0},"north":{"uv":[0.0,0.0,7.0,5.0],"rotation":0,"texture":"#missing","tintindex":0},"west":{"uv":[4.125,9.25,4.25,9.875],"rotation":0,"texture":"#4","tintindex":0},"up":{"uv":[8.875,1.5,7.875,1.375],"rotation":0,"texture":"#4","tintindex":0},"down":{"uv":[8.875,1.625,7.875,1.75],"rotation":0,"texture":"#4","tintindex":0}}},{"from":[6.3815136,9.248573,9.782349],"to":[9.821008,9.873936,10.407712],"rotation":{"angle":0.0,"axis":"y","origin":[-2.6632376,8.90679,9.110885]},"faces":{"east":{"uv":[6.0,11.5,6.125,11.625],"rotation":0,"texture":"#4","tintindex":0},"south":{"uv":[8.875,3.375,9.625,3.5],"rotation":0,"texture":"#4","tintindex":0},"north":{"uv":[0.0,0.0,5.5,1.0],"rotation":0,"texture":"#missing","tintindex":0},"west":{"uv":[11.5,6.125,11.625,6.25],"rotation":0,"texture":"#4","tintindex":0},"up":{"uv":[9.625,7.0,8.875,6.875],"rotation":0,"texture":"#4","tintindex":0},"down":{"uv":[9.625,7.125,8.875,7.25],"rotation":0,"texture":"#4","tintindex":0}}},{"from":[5.823154,8.690214,9.782349],"to":[10.29003,9.248573,10.407712],"rotation":{"angle":0.0,"axis":"y","origin":[-2.6632376,8.90679,9.110885]},"faces":{"east":{"uv":[10.375,11.875,10.5,12.0],"rotation":0,"texture":"#4","tintindex":0},"south":{"uv":[8.0,4.0,9.0,4.125],"rotation":0,"texture":"#4","tintindex":0},"north":{"uv":[0.0,0.0,5.5,1.0],"rotation":0,"texture":"#missing","tintindex":0},"west":{"uv":[10.625,11.875,10.75,12.0],"rotation":0,"texture":"#4","tintindex":0},"up":{"uv":[9.0,4.375,8.0,4.25],"rotation":0,"texture":"#4","tintindex":0},"down":{"uv":[9.0,4.5,8.0,4.625],"rotation":0,"texture":"#4","tintindex":0}}},{"from":[5.823154,8.522706,9.503169],"to":[10.29003,8.690214,10.128532],"rotation":{"angle":0.0,"axis":"y","origin":[-2.6632376,8.90679,9.110885]},"faces":{"east":{"uv":[11.875,10.625,12.0,10.75],"rotation":0,"texture":"#4","tintindex":0},"south":{"uv":[8.0,4.75,9.0,4.875],"rotation":0,"texture":"#4","tintindex":0},"north":{"uv":[0.0,0.0,5.5,1.0],"rotation":0,"texture":"#missing","tintindex":0},"west":{"uv":[10.875,11.875,11.0,12.0],"rotation":0,"texture":"#4","tintindex":0},"up":{"uv":[9.0,5.125,8.0,5.0],"rotation":0,"texture":"#4","tintindex":0},"down":{"uv":[9.0,5.25,8.0,5.375],"rotation":0,"texture":"#4","tintindex":0}}},{"from":[6.3815136,7.997848,8.844305],"to":[9.821008,8.623211,9.626008],"rotation":{"angle":0.0,"axis":"y","origin":[-2.6632376,8.90679,9.110885]},"faces":{"east":{"uv":[11.5,6.625,11.625,6.75],"rotation":0,"texture":"#4","tintindex":0},"south":{"uv":[7.5,8.875,8.25,9.0],"rotation":0,"texture":"#4","tintindex":0},"north":{"uv":[0.0,0.0,5.5,1.0],"rotation":0,"texture":"#missing","tintindex":0},"west":{"uv":[11.5,7.5,11.625,7.625],"rotation":0,"texture":"#4","tintindex":0},"up":{"uv":[9.125,9.0,8.375,8.875],"rotation":0,"texture":"#4","tintindex":0},"down":{"uv":[9.75,1.0,9.0,1.125],"rotation":0,"texture":"#4","tintindex":0}}},{"from":[5.5261984,9.873936,5.9409275],"to":[6.1515613,13.00075,10.318466],"rotation":{"angle":0.0,"axis":"y","origin":[-9.780354,8.90679,1.9937696]},"faces":{"east":{"uv":[0.0,0.0,7.0,5.0],"rotation":0,"texture":"#missing","tintindex":0},"south":{"uv":[6.5,9.25,6.625,9.875],"rotation":0,"texture":"#4","tintindex":0},"north":{"uv":[4.375,9.25,4.5,9.875],"rotation":0,"texture":"#4","tintindex":0},"west":{"uv":[3.375,2.75,4.375,3.375],"rotation":0,"texture":"#4","tintindex":0},"up":{"uv":[3.375,8.75,3.25,7.75],"rotation":0,"texture":"#4","tintindex":0},"down":{"uv":[3.625,7.75,3.5,8.75],"rotation":0,"texture":"#4","tintindex":0}}},{"from":[7.2928658,8.482495,6.003463],"to":[8.7467985,13.00075,6.4881186],"rotation":{"angle":0.0,"axis":"y","origin":[8.019833,10.428936,6.3395963]},"faces":{"east":{"uv":[2.625,7.875,2.75,8.875],"rotation":0,"texture":"#4","tintindex":0},"south":{"uv":[4.5,2.375,4.875,3.375],"rotation":0,"texture":"#4","tintindex":0},"north":{"uv":[4.5,1.25,4.875,2.25],"rotation":0,"texture":"#4","tintindex":0},"west":{"uv":[0.625,8.0,0.75,9.0],"rotation":0,"texture":"#4","tintindex":0},"up":{"uv":[11.375,8.375,11.0,8.25],"rotation":0,"texture":"#4","tintindex":0},"down":{"uv":[11.375,8.5,11.0,8.625],"rotation":0,"texture":"#4","tintindex":0}}},{"from":[6.042123,9.107866,6.503754],"to":[9.997541,13.00075,9.708737],"rotation":{"angle":0.0,"axis":"y","origin":[-9.780354,8.90679,1.9937696]},"faces":{"east":{"uv":[0.0,1.875,0.75,2.75],"rotation":0,"texture":"#4","tintindex":0},"south":{"uv":[1.375,1.75,2.25,2.625],"rotation":0,"texture":"#4","tintindex":0},"north":{"uv":[1.375,0.75,2.25,1.625],"rotation":0,"texture":"#4","tintindex":0},"west":{"uv":[2.375,0.75,3.125,1.625],"rotation":0,"texture":"#4","tintindex":0},"up":{"uv":[3.25,2.5,2.375,1.75],"rotation":0,"texture":"#4","tintindex":0},"down":{"uv":[3.25,2.625,2.375,3.375],"rotation":0,"texture":"#4","tintindex":0}}},{"from":[5.5261984,8.623211,5.9409275],"to":[6.2213564,9.873936,7.8170156],"rotation":{"angle":0.0,"axis":"y","origin":[-9.780354,8.90679,1.9937696]},"faces":{"east":{"uv":[0.0,0.0,3.0,2.0],"rotation":0,"texture":"#missing","tintindex":0},"south":{"uv":[2.875,7.375,3.0,7.625],"rotation":0,"texture":"#4","tintindex":0},"north":{"uv":[1.125,0.75,1.25,1.0],"rotation":0,"texture":"#4","tintindex":0},"west":{"uv":[0.625,5.0,1.0,5.25],"rotation":0,"texture":"#4","tintindex":0},"up":{"uv":[10.875,5.875,10.75,5.5],"rotation":0,"texture":"#4","tintindex":0},"down":{"uv":[6.875,10.75,6.75,11.125],"rotation":0,"texture":"#4","tintindex":0}}},{"from":[9.903737,8.623211,5.9409275],"to":[10.5291,9.873936,7.8170156],"rotation":{"angle":0.0,"axis":"y","origin":[25.835651,8.90679,1.9937696]},"faces":{"east":{"uv":[1.25,5.5,1.625,5.75],"rotation":0,"texture":"#4","tintindex":0},"south":{"uv":[1.375,11.125,1.5,11.375],"rotation":0,"texture":"#4","tintindex":0},"north":{"uv":[6.25,11.0,6.375,11.25],"rotation":0,"texture":"#4","tintindex":0},"west":{"uv":[0.0,0.0,3.0,2.0],"rotation":0,"texture":"#missing","tintindex":0},"up":{"uv":[7.125,11.125,7.0,10.75],"rotation":0,"texture":"#4","tintindex":0},"down":{"uv":[8.0,10.75,7.875,11.125],"rotation":0,"texture":"#4","tintindex":0}}},{"from":[5.5261984,9.248573,7.8170156],"to":[6.1515613,9.873936,9.067741],"rotation":{"angle":0.0,"axis":"y","origin":[-9.780354,8.90679,1.9937696]},"faces":{"east":{"uv":[0.0,0.0,2.0,1.0],"rotation":0,"texture":"#missing","tintindex":0},"south":{"uv":[7.875,11.5,8.0,11.625],"rotation":0,"texture":"#4","tintindex":0},"north":{"uv":[7.625,11.5,7.75,11.625],"rotation":0,"texture":"#4","tintindex":0},"west":{"uv":[11.125,2.0,11.375,2.125],"rotation":0,"texture":"#4","tintindex":0},"up":{"uv":[2.375,11.375,2.25,11.125],"rotation":0,"texture":"#4","tintindex":0},"down":{"uv":[2.875,11.125,2.75,11.375],"rotation":0,"texture":"#4","tintindex":0}}},{"from":[9.903737,9.248573,7.8170156],"to":[10.5291,9.873936,9.067741],"rotation":{"angle":0.0,"axis":"y","origin":[25.835651,8.90679,1.9937696]},"faces":{"east":{"uv":[11.125,4.125,11.375,4.25],"rotation":0,"texture":"#4","tintindex":0},"south":{"uv":[11.5,8.375,11.625,8.5],"rotation":0,"texture":"#4","tintindex":0},"north":{"uv":[11.5,8.125,11.625,8.25],"rotation":0,"texture":"#4","tintindex":0},"west":{"uv":[0.0,0.0,2.0,1.0],"rotation":0,"texture":"#missing","tintindex":0},"up":{"uv":[3.125,11.375,3.0,11.125],"rotation":0,"texture":"#4","tintindex":0},"down":{"uv":[11.25,4.875,11.125,5.125],"rotation":0,"texture":"#4","tintindex":0}}},{"from":[9.747396,9.248573,6.40995],"to":[10.372759,9.873936,10.301716],"rotation":{"angle":0.0,"axis":"y","origin":[25.835651,8.90679,1.9937696]},"faces":{"east":{"uv":[8.125,2.375,9.0,2.5],"rotation":0,"texture":"#4","tintindex":0},"south":{"uv":[11.5,8.875,11.625,9.0],"rotation":0,"texture":"#4","tintindex":0},"north":{"uv":[11.5,8.625,11.625,8.75],"rotation":0,"texture":"#4","tintindex":0},"west":{"uv":[0.0,0.0,6.0,1.0],"rotation":0,"texture":"#missing","tintindex":0},"up":{"uv":[1.0,8.875,0.875,8.0],"rotation":0,"texture":"#4","tintindex":0},"down":{"uv":[1.875,8.0,1.75,8.875],"rotation":0,"texture":"#4","tintindex":0}}},{"from":[5.76071,9.248573,6.27036],"to":[6.386072,9.873936,10.301716],"rotation":{"angle":0.0,"axis":"y","origin":[-9.780354,8.90679,1.9937696]},"faces":{"east":{"uv":[0.0,0.0,6.0,1.0],"rotation":0,"texture":"#missing","tintindex":0},"south":{"uv":[10.0,11.5,10.125,11.625],"rotation":0,"texture":"#4","tintindex":0},"north":{"uv":[11.5,9.875,11.625,10.0],"rotation":0,"texture":"#4","tintindex":0},"west":{"uv":[8.125,2.625,9.0,2.75],"rotation":0,"texture":"#4","tintindex":0},"up":{"uv":[2.125,8.875,2.0,8.0],"rotation":0,"texture":"#4","tintindex":0},"down":{"uv":[7.375,8.0,7.25,8.875],"rotation":0,"texture":"#4","tintindex":0}}},{"from":[6.120293,9.873936,6.519388],"to":[6.745656,10.499298,10.2715645],"rotation":{"angle":0.0,"axis":"y","origin":[-9.780354,8.90679,1.9937696]},"faces":{"east":{"uv":[0.0,0.0,6.0,1.0],"rotation":0,"texture":"#missing","tintindex":0},"south":{"uv":[0.0,11.625,0.125,11.75],"rotation":0,"texture":"#4","tintindex":0},"north":{"uv":[11.5,11.375,11.625,11.5],"rotation":0,"texture":"#4","tintindex":0},"west":{"uv":[7.5,8.125,8.375,8.25],"rotation":0,"texture":"#4","tintindex":0},"up":{"uv":[4.875,9.0,4.75,8.125],"rotation":0,"texture":"#4","tintindex":0},"down":{"uv":[5.125,8.125,5.0,9.0],"rotation":0,"texture":"#4","tintindex":0}}},{"from":[9.278375,9.873936,6.503754],"to":[9.903737,10.499298,10.25593],"rotation":{"angle":0.0,"axis":"y","origin":[-9.780354,8.90679,1.9937696]},"faces":{"east":{"uv":[0.0,0.0,6.0,1.0],"rotation":0,"texture":"#missing","tintindex":0},"south":{"uv":[0.25,11.625,0.375,11.75],"rotation":0,"texture":"#4","tintindex":0},"north":{"uv":[11.625,0.0,11.75,0.125],"rotation":0,"texture":"#4","tintindex":0},"west":{"uv":[8.375,2.875,9.25,3.0],"rotation":0,"texture":"#4","tintindex":0},"up":{"uv":[4.25,9.125,4.125,8.25],"rotation":0,"texture":"#4","tintindex":0},"down":{"uv":[4.5,8.25,4.375,9.125],"rotation":0,"texture":"#4","tintindex":0}}},{"from":[9.747396,8.483621,6.40995],"to":[10.372759,9.248573,9.849444],"rotation":{"angle":0.0,"axis":"y","origin":[10.060078,6.359358,8.129697]},"faces":{"east":{"uv":[9.0,1.25,9.75,1.375],"rotation":0,"texture":"#4","tintindex":0},"south":{"uv":[0.5,11.625,0.625,11.75],"rotation":0,"texture":"#4","tintindex":0},"north":{"uv":[11.625,0.25,11.75,0.375],"rotation":0,"texture":"#4","tintindex":0},"west":{"uv":[0.0,0.0,5.5,1.0],"rotation":0,"texture":"#missing","tintindex":0},"up":{"uv":[6.125,9.625,6.0,8.875],"rotation":0,"texture":"#4","tintindex":0},"down":{"uv":[1.0,9.0,0.875,9.75],"rotation":0,"texture":"#4","tintindex":0}}},{"from":[5.76071,8.483621,6.40995],"to":[6.386072,9.248573,10.128624],"rotation":{"angle":0.0,"axis":"y","origin":[-9.780354,8.90679,1.9937696]},"faces":{"east":{"uv":[0.0,0.0,5.5,1.0],"rotation":0,"texture":"#missing","tintindex":0},"south":{"uv":[11.625,1.0,11.75,1.125],"rotation":0,"texture":"#4","tintindex":0},"north":{"uv":[0.75,11.625,0.875,11.75],"rotation":0,"texture":"#4","tintindex":0},"west":{"uv":[8.375,3.125,9.25,3.25],"rotation":0,"texture":"#4","tintindex":0},"up":{"uv":[6.75,9.125,6.625,8.25],"rotation":0,"texture":"#4","tintindex":0},"down":{"uv":[7.0,8.25,6.875,9.125],"rotation":0,"texture":"#4","tintindex":0}}},{"from":[9.591056,7.997848,6.5662904],"to":[10.216419,8.623211,9.224081],"rotation":{"angle":0.0,"axis":"y","origin":[25.835651,8.90679,1.9937696]},"faces":{"east":{"uv":[9.375,2.875,10.0,3.0],"rotation":0,"texture":"#4","tintindex":0},"south":{"uv":[1.625,11.625,1.75,11.75],"rotation":0,"texture":"#4","tintindex":0},"north":{"uv":[11.625,1.5,11.75,1.625],"rotation":0,"texture":"#4","tintindex":0},"west":{"uv":[0.0,0.0,4.25,1.0],"rotation":0,"texture":"#missing","tintindex":0},"up":{"uv":[6.875,9.875,6.75,9.25],"rotation":0,"texture":"#4","tintindex":0},"down":{"uv":[0.125,9.375,0.0,10.0],"rotation":0,"texture":"#4","tintindex":0}}},{"from":[6.1515613,8.31053,5.9409294],"to":[9.903737,8.623211,6.5662923],"rotation":{"angle":0.0,"axis":"y","origin":[9.903737,5.80379,4.2211804]},"faces":{"east":{"uv":[2.5,11.625,2.625,11.75],"rotation":0,"texture":"#4","tintindex":0},"south":{"uv":[7.5,8.375,8.375,8.5],"rotation":0,"texture":"#4","tintindex":0},"north":{"uv":[5.25,8.375,6.125,8.5],"rotation":0,"texture":"#4","tintindex":0},"west":{"uv":[11.625,3.625,11.75,3.75],"rotation":0,"texture":"#4","tintindex":0},"up":{"uv":[9.375,7.5,8.5,7.375],"rotation":0,"texture":"#4","tintindex":0},"down":{"uv":[9.375,7.625,8.5,7.75],"rotation":0,"texture":"#4","tintindex":0}}},{"from":[6.526779,7.997848,6.5662966],"to":[9.591056,8.31053,7.191659],"rotation":{"angle":0.0,"axis":"y","origin":[9.903737,5.80379,4.2211804]},"faces":{"east":{"uv":[11.625,4.5,11.75,4.625],"rotation":0,"texture":"#4","tintindex":0},"south":{"uv":[9.125,9.375,9.75,9.5],"rotation":0,"texture":"#4","tintindex":0},"north":{"uv":[9.375,3.125,10.0,3.25],"rotation":0,"texture":"#4","tintindex":0},"west":{"uv":[4.875,11.625,5.0,11.75],"rotation":0,"texture":"#4","tintindex":0},"up":{"uv":[2.875,9.625,2.25,9.5],"rotation":0,"texture":"#4","tintindex":0},"down":{"uv":[7.625,9.5,7.0,9.625],"rotation":0,"texture":"#4","tintindex":0}}},{"from":[6.1515613,7.685167,6.878978],"to":[9.903737,7.997848,7.5043406],"rotation":{"angle":0.0,"axis":"y","origin":[9.903737,5.80379,4.2211804]},"faces":{"east":{"uv":[5.125,11.625,5.25,11.75],"rotation":0,"texture":"#4","tintindex":0},"south":{"uv":[8.5,8.125,9.375,8.25],"rotation":0,"texture":"#4","tintindex":0},"north":{"uv":[8.5,7.875,9.375,8.0],"rotation":0,"texture":"#4","tintindex":0},"west":{"uv":[5.375,11.625,5.5,11.75],"rotation":0,"texture":"#4","tintindex":0},"up":{"uv":[9.375,8.5,8.5,8.375],"rotation":0,"texture":"#4","tintindex":0},"down":{"uv":[9.5,3.625,8.625,3.75],"rotation":0,"texture":"#4","tintindex":0}}},{"from":[6.1515613,8.623211,5.940934],"to":[9.903737,8.842088,6.5662966],"rotation":{"angle":0.0,"axis":"y","origin":[9.903737,5.80379,4.2211804]},"faces":{"east":{"uv":[11.625,5.625,11.75,5.75],"rotation":0,"texture":"#4","tintindex":0},"south":{"uv":[8.625,5.5,9.5,5.625],"rotation":0,"texture":"#4","tintindex":0},"north":{"uv":[5.25,8.625,6.125,8.75],"rotation":0,"texture":"#4","tintindex":0},"west":{"uv":[11.625,5.875,11.75,6.0],"rotation":0,"texture":"#4","tintindex":0},"up":{"uv":[9.5,6.75,8.625,6.625],"rotation":0,"texture":"#4","tintindex":0},"down":{"uv":[8.375,8.625,7.5,8.75],"rotation":0,"texture":"#4","tintindex":0}}},{"from":[5.9170504,7.997848,6.5662904],"to":[6.542413,8.623211,9.224081],"rotation":{"angle":0.0,"axis":"y","origin":[-9.780354,8.90679,1.9937696]},"faces":{"east":{"uv":[0.0,0.0,4.25,1.0],"rotation":0,"texture":"#missing","tintindex":0},"south":{"uv":[6.5,11.625,6.625,11.75],"rotation":0,"texture":"#4","tintindex":0},"north":{"uv":[6.25,11.625,6.375,11.75],"rotation":0,"texture":"#4","tintindex":0},"west":{"uv":[9.5,7.375,10.125,7.5],"rotation":0,"texture":"#4","tintindex":0},"up":{"uv":[0.375,10.0,0.25,9.375],"rotation":0,"texture":"#4","tintindex":0},"down":{"uv":[3.875,9.375,3.75,10.0],"rotation":0,"texture":"#4","tintindex":0}}},{"from":[9.278375,9.248573,5.628253],"to":[10.5291,10.499298,5.940934],"rotation":{"angle":0.0,"axis":"y","origin":[5.824046,8.90679,1.9937696]},"faces":{"east":{"uv":[5.75,11.125,5.875,11.375],"rotation":0,"texture":"#4","tintindex":0},"south":{"uv":[0.0,0.0,1.9999717,1.9999717],"rotation":0,"texture":"#missing","tintindex":0},"north":{"uv":[5.75,7.125,6.0,7.375],"rotation":0,"texture":"#4","tintindex":0},"west":{"uv":[11.125,9.125,11.25,9.375],"rotation":0,"texture":"#4","tintindex":0},"up":{"uv":[11.375,4.5,11.125,4.375],"rotation":0,"texture":"#4","tintindex":0},"down":{"uv":[11.375,6.125,11.125,6.25],"rotation":0,"texture":"#4","tintindex":0}}},{"from":[8.653003,9.248573,5.628253],"to":[9.278357,10.499298,5.940934],"rotation":{"angle":0.0,"axis":"y","origin":[5.824046,8.90679,1.9937696]},"faces":{"east":{"uv":[11.5,2.125,11.625,2.375],"rotation":0,"texture":"#4","tintindex":0},"south":{"uv":[0.0,0.0,0.9999718,1.9999717],"rotation":0,"texture":"#missing","tintindex":0},"north":{"uv":[11.5,1.75,11.625,2.0],"rotation":0,"texture":"#4","tintindex":0},"west":{"uv":[2.25,11.5,2.375,11.75],"rotation":0,"texture":"#4","tintindex":0},"up":{"uv":[12.125,1.875,12.0,1.75],"rotation":0,"texture":"#4","tintindex":0},"down":{"uv":[12.125,2.0,12.0,2.125],"rotation":0,"texture":"#4","tintindex":0}}},{"from":[6.776889,9.248573,5.628253],"to":[7.4022427,10.499298,5.940934],"rotation":{"angle":0.0,"axis":"y","origin":[5.824046,8.90679,1.9937696]},"faces":{"east":{"uv":[2.75,11.5,2.875,11.75],"rotation":0,"texture":"#4","tintindex":0},"south":{"uv":[0.0,0.0,0.9999718,1.9999717],"rotation":0,"texture":"#missing","tintindex":0},"north":{"uv":[11.5,2.5,11.625,2.75],"rotation":0,"texture":"#4","tintindex":0},"west":{"uv":[11.5,2.875,11.625,3.125],"rotation":0,"texture":"#4","tintindex":0},"up":{"uv":[12.125,2.375,12.0,2.25],"rotation":0,"texture":"#4","tintindex":0},"down":{"uv":[12.125,2.5,12.0,2.625],"rotation":0,"texture":"#4","tintindex":0}}},{"from":[8.929444,7.9922643,5.8236785],"to":[10.24992,9.24299,6.1363597],"rotation":{"angle":0.0,"axis":"y","origin":[5.824046,7.6504807,2.1891956]},"faces":{"east":{"uv":[11.25,11.375,11.375,11.625],"rotation":0,"texture":"#4","tintindex":0},"south":{"uv":[0.0,0.0,2.111507,1.9999717],"rotation":0,"texture":"#missing","tintindex":0},"north":{"uv":[9.625,10.5,9.875,10.75],"rotation":0,"texture":"#4","tintindex":0},"west":{"uv":[1.375,11.5,1.5,11.75],"rotation":0,"texture":"#4","tintindex":0},"up":{"uv":[11.75,0.625,11.5,0.5],"rotation":0,"texture":"#4","tintindex":0},"down":{"uv":[11.75,1.25,11.5,1.375],"rotation":0,"texture":"#4","tintindex":0}}},{"from":[5.8025866,7.9922643,5.8236785],"to":[7.123063,9.24299,6.1363597],"rotation":{"angle":0.0,"axis":"y","origin":[5.824046,7.6504807,2.1891956]},"faces":{"east":{"uv":[3.0,11.5,3.125,11.75],"rotation":0,"texture":"#4","tintindex":0},"south":{"uv":[0.0,0.0,2.111507,1.9999717],"rotation":0,"texture":"#missing","tintindex":0},"north":{"uv":[2.125,10.75,2.375,11.0],"rotation":0,"texture":"#4","tintindex":0},"west":{"uv":[3.5,11.5,3.625,11.75],"rotation":0,"texture":"#4","tintindex":0},"up":{"uv":[4.0,11.625,3.75,11.5],"rotation":0,"texture":"#4","tintindex":0},"down":{"uv":[11.75,4.0,11.5,4.125],"rotation":0,"texture":"#4","tintindex":0}}},{"from":[5.5261984,9.248573,5.628253],"to":[6.776924,10.499298,5.940934],"rotation":{"angle":0.0,"axis":"y","origin":[-9.780354,8.90679,1.9937696]},"faces":{"east":{"uv":[11.125,9.5,11.25,9.75],"rotation":0,"texture":"#4","tintindex":0},"south":{"uv":[0.0,0.0,1.9999717,1.9999717],"rotation":0,"texture":"#missing","tintindex":0},"north":{"uv":[2.875,8.5,3.125,8.75],"rotation":0,"texture":"#4","tintindex":0},"west":{"uv":[10.0,11.125,10.125,11.375],"rotation":0,"texture":"#4","tintindex":0},"up":{"uv":[11.375,10.0,11.125,9.875],"rotation":0,"texture":"#4","tintindex":0},"down":{"uv":[10.5,11.125,10.25,11.25],"rotation":0,"texture":"#4","tintindex":0}}},{"from":[8.653012,8.623211,5.628253],"to":[9.903737,9.248573,5.940934],"rotation":{"angle":0.0,"axis":"y","origin":[5.824046,8.90679,1.9937696]},"faces":{"east":{"uv":[6.75,11.625,6.875,11.75],"rotation":0,"texture":"#4","tintindex":0},"south":{"uv":[0.0,0.0,1.9999717,0.9999859],"rotation":0,"texture":"#missing","tintindex":0},"north":{"uv":[10.625,11.125,10.875,11.25],"rotation":0,"texture":"#4","tintindex":0},"west":{"uv":[11.625,6.875,11.75,7.0],"rotation":0,"texture":"#4","tintindex":0},"up":{"uv":[11.25,11.25,11.0,11.125],"rotation":0,"texture":"#4","tintindex":0},"down":{"uv":[11.5,0.0,11.25,0.125],"rotation":0,"texture":"#4","tintindex":0}}},{"from":[7.4022865,7.372485,5.628253],"to":[8.653012,8.466861,5.940934],"rotation":{"angle":0.0,"axis":"y","origin":[5.824046,8.90679,1.9937696]},"faces":{"east":{"uv":[11.25,2.25,11.375,2.5],"rotation":0,"texture":"#4","tintindex":0},"south":{"uv":[0.0,0.0,1.9999717,1.7499613],"rotation":0,"texture":"#missing","tintindex":0},"north":{"uv":[9.625,2.25,9.875,2.5],"rotation":0,"texture":"#4","tintindex":0},"west":{"uv":[2.5,11.25,2.625,11.5],"rotation":0,"texture":"#4","tintindex":0},"up":{"uv":[11.5,0.375,11.25,0.25],"rotation":0,"texture":"#4","tintindex":0},"down":{"uv":[11.5,1.0,11.25,1.125],"rotation":0,"texture":"#4","tintindex":0}}},{"from":[6.1515613,8.623211,5.628253],"to":[7.4022865,9.248573,5.940934],"rotation":{"angle":0.0,"axis":"y","origin":[-9.780354,8.90679,1.9937696]},"faces":{"east":{"uv":[7.0,11.625,7.125,11.75],"rotation":0,"texture":"#4","tintindex":0},"south":{"uv":[0.0,0.0,1.9999717,0.9999859],"rotation":0,"texture":"#missing","tintindex":0},"north":{"uv":[11.25,1.5,11.5,1.625],"rotation":0,"texture":"#4","tintindex":0},"west":{"uv":[7.25,11.625,7.375,11.75],"rotation":0,"texture":"#4","tintindex":0},"up":{"uv":[3.75,11.375,3.5,11.25],"rotation":0,"texture":"#4","tintindex":0},"down":{"uv":[11.5,3.75,11.25,3.875],"rotation":0,"texture":"#4","tintindex":0}}},{"from":[8.653012,8.013482,5.628253],"to":[9.18457,8.623211,5.940938],"rotation":{"angle":0.0,"axis":"y","origin":[5.824046,8.90679,1.9937696]},"faces":{"east":{"uv":[8.125,11.625,8.25,11.75],"rotation":0,"texture":"#4","tintindex":0},"south":{"uv":[8.375,11.625,8.5,11.75],"rotation":0,"texture":"#4","tintindex":0},"north":{"uv":[11.625,7.75,11.75,7.875],"rotation":0,"texture":"#4","tintindex":0},"west":{"uv":[8.625,11.625,8.75,11.75],"rotation":0,"texture":"#4","tintindex":0},"up":{"uv":[9.0,11.75,8.875,11.625],"rotation":0,"texture":"#4","tintindex":0},"down":{"uv":[9.25,11.625,9.125,11.75],"rotation":0,"texture":"#4","tintindex":0}}},{"from":[6.776924,7.997848,5.628253],"to":[7.4022865,8.623211,5.940934],"rotation":{"angle":0.0,"axis":"y","origin":[-9.780354,8.90679,1.9937696]},"faces":{"east":{"uv":[11.625,10.125,11.75,10.25],"rotation":0,"texture":"#4","tintindex":0},"south":{"uv":[10.5,11.625,10.625,11.75],"rotation":0,"texture":"#4","tintindex":0},"north":{"uv":[9.375,11.625,9.5,11.75],"rotation":0,"texture":"#4","tintindex":0},"west":{"uv":[10.75,11.625,10.875,11.75],"rotation":0,"texture":"#4","tintindex":0},"up":{"uv":[11.75,10.875,11.625,10.75],"rotation":0,"texture":"#4","tintindex":0},"down":{"uv":[11.125,11.625,11.0,11.75],"rotation":0,"texture":"#4","tintindex":0}}},{"from":[7.4022865,11.750024,5.471912],"to":[8.653012,13.626112,6.097275],"rotation":{"angle":0.0,"axis":"y","origin":[3.5689135,8.90679,1.9937696]},"faces":{"east":{"uv":[8.125,10.75,8.25,11.125],"rotation":0,"texture":"#4","tintindex":0},"south":{"uv":[0.0,0.0,1.9999717,2.9999578],"rotation":0,"texture":"#missing","tintindex":0},"north":{"uv":[1.625,9.0,1.875,9.375],"rotation":0,"texture":"#4","tintindex":0},"west":{"uv":[10.75,8.25,10.875,8.625],"rotation":0,"texture":"#4","tintindex":0},"up":{"uv":[0.0,0.0,2.0,1.0],"rotation":0,"texture":"#missing","tintindex":0},"down":{"uv":[4.125,11.25,3.875,11.375],"rotation":0,"texture":"#4","tintindex":0}}},{"from":[8.653012,11.750032,5.628253],"to":[9.903737,12.375387,6.067282],"rotation":{"angle":0.0,"axis":"y","origin":[3.5689135,8.90679,1.9937696]},"faces":{"east":{"uv":[0.0,0.0,0.70204,2.0],"rotation":0,"texture":"#missing","tintindex":0},"south":{"uv":[0.0,0.0,1.9999717,0.9999718],"rotation":0,"texture":"#missing","tintindex":0},"north":{"uv":[4.25,11.25,4.5,11.375],"rotation":0,"texture":"#4","tintindex":0},"west":{"uv":[11.5,11.625,11.625,11.75],"rotation":0,"texture":"#4","tintindex":0},"up":{"uv":[0.0,0.0,2.0,0.70204],"rotation":0,"texture":"#missing","tintindex":0},"down":{"uv":[4.875,11.25,4.625,11.375],"rotation":0,"texture":"#4","tintindex":0}}},{"from":[6.1515613,11.750032,5.628253],"to":[7.4022865,12.375387,6.067282],"rotation":{"angle":0.0,"axis":"y","origin":[3.5689135,8.90679,1.9937696]},"faces":{"east":{"uv":[11.75,0.75,11.875,0.875],"rotation":0,"texture":"#4","tintindex":0},"south":{"uv":[0.0,0.0,1.9999717,0.9999718],"rotation":0,"texture":"#missing","tintindex":0},"north":{"uv":[11.25,4.625,11.5,4.75],"rotation":0,"texture":"#4","tintindex":0},"west":{"uv":[0.0,0.0,0.70204,2.0],"rotation":0,"texture":"#missing","tintindex":0},"up":{"uv":[0.0,0.0,2.0,0.70204],"rotation":0,"texture":"#missing","tintindex":0},"down":{"uv":[11.5,5.625,11.25,5.75],"rotation":0,"texture":"#4","tintindex":0}}},{"from":[6.1515613,10.499298,5.628253],"to":[6.776924,11.124661,6.067282],"rotation":{"angle":0.0,"axis":"y","origin":[3.5689135,8.90679,1.9937696]},"faces":{"east":{"uv":[11.75,1.75,11.875,1.875],"rotation":0,"texture":"#4","tintindex":0},"south":{"uv":[0.0,0.0,0.9999859,0.9999859],"rotation":0,"texture":"#missing","tintindex":0},"north":{"uv":[1.0,11.75,1.125,11.875],"rotation":0,"texture":"#4","tintindex":0},"west":{"uv":[0.0,0.0,0.70204,1.0],"rotation":0,"texture":"#missing","tintindex":0},"up":{"uv":[0.0,0.0,1.0,0.70204],"rotation":0,"texture":"#missing","tintindex":0},"down":{"uv":[0.0,0.0,1.0,0.70204],"rotation":0,"texture":"#missing","tintindex":0}}},{"from":[9.278375,10.499298,5.628253],"to":[9.903737,11.124661,6.067282],"rotation":{"angle":0.0,"axis":"y","origin":[3.5689135,8.90679,1.9937696]},"faces":{"east":{"uv":[0.0,0.0,0.70204,1.0],"rotation":0,"texture":"#missing","tintindex":0},"south":{"uv":[0.0,0.0,0.9999859,0.9999859],"rotation":0,"texture":"#missing","tintindex":0},"north":{"uv":[1.875,11.75,2.0,11.875],"rotation":0,"texture":"#4","tintindex":0},"west":{"uv":[11.75,2.0,11.875,2.125],"rotation":0,"texture":"#4","tintindex":0},"up":{"uv":[0.0,0.0,1.0,0.70204],"rotation":0,"texture":"#missing","tintindex":0},"down":{"uv":[0.0,0.0,1.0,0.70204],"rotation":0,"texture":"#missing","tintindex":0}}},{"from":[7.714968,13.626183,5.5577745],"to":[8.340331,14.8769245,5.9960284],"rotation":{"angle":0.0,"axis":"y","origin":[3.5689135,10.457195,1.2420592]},"faces":{"east":{"uv":[6.75,11.25,6.875,11.5],"rotation":0,"texture":"#4","tintindex":0},"south":{"uv":[7.0,11.25,7.125,11.5],"rotation":0,"texture":"#4","tintindex":0},"north":{"uv":[11.25,6.625,11.375,6.875],"rotation":0,"texture":"#4","tintindex":0},"west":{"uv":[11.25,7.5,11.375,7.75],"rotation":0,"texture":"#4","tintindex":0},"up":{"uv":[11.875,2.375,11.75,2.25],"rotation":0,"texture":"#4","tintindex":0},"down":{"uv":[11.875,2.5,11.75,2.625],"rotation":0,"texture":"#4","tintindex":0}}},{"from":[7.558627,13.626112,6.879928],"to":[8.496672,14.251474,10.288654],"rotation":{"angle":0.0,"axis":"y","origin":[3.5689135,10.457195,1.2420592]},"faces":{"east":{"uv":[9.0,1.5,9.75,1.625],"rotation":0,"texture":"#4","tintindex":0},"south":{"uv":[11.25,7.0,11.5,7.125],"rotation":0,"texture":"#4","tintindex":0},"north":{"uv":[11.25,5.875,11.5,6.0],"rotation":0,"texture":"#4","tintindex":0},"west":{"uv":[9.0,5.75,9.75,5.875],"rotation":0,"texture":"#4","tintindex":0},"up":{"uv":[1.125,2.625,0.875,1.875],"rotation":0,"texture":"#4","tintindex":0},"down":{"uv":[4.625,6.5,4.375,7.25],"rotation":0,"texture":"#4","tintindex":0}}},{"from":[7.714968,13.00075,10.247993],"to":[8.340331,13.626102,11.498719],"rotation":{"angle":0.0,"axis":"y","origin":[3.5689135,10.457195,1.2420592]},"faces":{"east":{"uv":[7.75,11.25,8.0,11.375],"rotation":0,"texture":"#4","tintindex":0},"south":{"uv":[11.75,3.0,11.875,3.125],"rotation":0,"texture":"#4","tintindex":0},"north":{"uv":[11.75,2.75,11.875,2.875],"rotation":0,"texture":"#4","tintindex":0},"west":{"uv":[11.25,7.875,11.5,8.0],"rotation":0,"texture":"#4","tintindex":0},"up":{"uv":[8.25,11.5,8.125,11.25],"rotation":0,"texture":"#4","tintindex":0},"down":{"uv":[11.375,8.75,11.25,9.0],"rotation":0,"texture":"#4","tintindex":0}}},{"from":[7.714968,11.124661,10.873357],"to":[8.340331,13.00075,11.498719],"rotation":{"angle":0.0,"axis":"y","origin":[3.5689135,10.457195,1.2420592]},"faces":{"east":{"uv":[0.25,10.875,0.375,11.25],"rotation":0,"texture":"#4","tintindex":0},"south":{"uv":[1.125,10.875,1.25,11.25],"rotation":0,"texture":"#4","tintindex":0},"north":{"uv":[0.0,10.875,0.125,11.25],"rotation":0,"texture":"#4","tintindex":0},"west":{"uv":[1.625,10.875,1.75,11.25],"rotation":0,"texture":"#4","tintindex":0},"up":{"uv":[3.375,11.875,3.25,11.75],"rotation":0,"texture":"#4","tintindex":0},"down":{"uv":[11.875,3.25,11.75,3.375],"rotation":0,"texture":"#4","tintindex":0}}}],"textures":{"0":"modelengine:entity/boneshadingsoldier","4":"modelengine:entity/fallensoldieranimated"},"display":{"head":{"translation":[0.0,-6.4,0.0],"scale":[4.0,4.0,4.0]}}}