{"elements":[{"from":[6.857143,5.714286,6.857143],"to":[9.142858,8.571428,9.142858],"rotation":{"angle":0.0,"axis":"y","origin":[9.085714,0.5714283,8.0]},"faces":{"east":{"uv":[4.75,3.5,5.25,4.125],"rotation":0,"texture":"#4","tintindex":0},"south":{"uv":[2.375,4.875,2.875,5.5],"rotation":0,"texture":"#4","tintindex":0},"north":{"uv":[1.125,4.75,1.625,5.375],"rotation":0,"texture":"#4","tintindex":0},"west":{"uv":[3.0,4.875,3.5,5.5],"rotation":0,"texture":"#4","tintindex":0},"up":{"uv":[4.75,5.75,4.25,5.25],"rotation":0,"texture":"#4","tintindex":0},"down":{"uv":[5.875,3.375,5.375,3.875],"rotation":0,"texture":"#4","tintindex":0}}},{"from":[7.285714,4.5714283,7.142857],"to":[9.0,5.714286,8.857143],"rotation":{"angle":0.0,"axis":"y","origin":[9.085714,0.5714283,8.0]},"faces":{"east":{"uv":[0.0,4.0,6.0,8.0],"rotation":0,"texture":"#0","tintindex":0},"south":{"uv":[0.0,0.0,6.0,4.0],"rotation":0,"texture":"#0","tintindex":0},"north":{"uv":[0.0,4.0,6.0,8.0],"rotation":0,"texture":"#0","tintindex":0},"west":{"uv":[0.0,4.0,6.0,8.0],"rotation":0,"texture":"#0","tintindex":0},"up":{"uv":[62.968,73.968,60.032,71.032],"rotation":0,"texture":"#missing","tintindex":0},"down":{"uv":[0.0,4.0,6.0,8.0],"rotation":0,"texture":"#0","tintindex":0}}}],"textures":{"0":"modelengine:entity/boneshadingsoldier","4":"modelengine:entity/fallensoldieranimated"},"display":{"head":{"translation":[0.0,-6.4,0.0],"scale":[4.0,4.0,4.0]}}}