{"elements":[{"from":[7.142857,6.857143,7.428571],"to":[8.857143,8.142858,9.142858],"rotation":{"angle":0.0,"axis":"y","origin":[8.942857,4.0,8.285714]},"faces":{"east":{"uv":[0.0,8.0,6.0,12.0],"rotation":0,"texture":"#0","tintindex":0},"south":{"uv":[0.0,0.0,6.0,4.0],"rotation":0,"texture":"#0","tintindex":0},"north":{"uv":[0.0,8.0,6.0,12.0],"rotation":0,"texture":"#0","tintindex":0},"west":{"uv":[0.0,8.0,6.0,12.0],"rotation":0,"texture":"#0","tintindex":0},"up":{"uv":[0.0,4.0,6.0,8.0],"rotation":0,"texture":"#0","tintindex":0},"down":{"uv":[10.968,72.032,8.032,74.968],"rotation":0,"texture":"#missing","tintindex":0}}},{"from":[7.142857,7.428571,6.857143],"to":[8.857143,8.571428,7.428571],"rotation":{"angle":0.0,"axis":"y","origin":[8.942857,4.0,8.285714]},"faces":{"east":{"uv":[8.875,11.25,9.0,11.5],"rotation":0,"texture":"#4","tintindex":0},"south":{"uv":[9.125,2.25,9.5,2.5],"rotation":0,"texture":"#4","tintindex":0},"north":{"uv":[1.875,5.875,2.25,6.125],"rotation":0,"texture":"#4","tintindex":0},"west":{"uv":[9.125,11.25,9.25,11.5],"rotation":0,"texture":"#4","tintindex":0},"up":{"uv":[11.25,7.375,10.875,7.25],"rotation":0,"texture":"#4","tintindex":0},"down":{"uv":[10.625,10.875,10.25,11.0],"rotation":0,"texture":"#4","tintindex":0}}},{"from":[7.0,7.428571,7.428571],"to":[9.0,8.0,9.285714],"rotation":{"angle":0.0,"axis":"y","origin":[8.942857,4.0,8.285714]},"faces":{"east":{"uv":[10.875,10.625,11.25,10.75],"rotation":0,"texture":"#4","tintindex":0},"south":{"uv":[2.875,10.25,3.375,10.375],"rotation":0,"texture":"#4","tintindex":0},"north":{"uv":[10.25,2.125,10.75,2.25],"rotation":0,"texture":"#4","tintindex":0},"west":{"uv":[10.75,10.875,11.125,11.0],"rotation":0,"texture":"#4","tintindex":0},"up":{"uv":[7.875,5.0,7.375,4.625],"rotation":0,"texture":"#4","tintindex":0},"down":{"uv":[7.875,5.125,7.375,5.5],"rotation":0,"texture":"#4","tintindex":0}}},{"from":[6.714286,4.5714283,7.142857],"to":[9.0,6.857143,9.428572],"rotation":{"angle":0.0,"axis":"y","origin":[7.857143,10.571428,8.285714]},"faces":{"east":{"uv":[6.25,2.5,6.75,3.0],"rotation":0,"texture":"#4","tintindex":0},"south":{"uv":[4.875,6.25,5.375,6.75],"rotation":0,"texture":"#4","tintindex":0},"north":{"uv":[2.5,6.25,3.0,6.75],"rotation":0,"texture":"#4","tintindex":0},"west":{"uv":[6.125,6.25,6.625,6.75],"rotation":0,"texture":"#4","tintindex":0},"up":{"uv":[0.5,6.875,0.0,6.375],"rotation":0,"texture":"#4","tintindex":0},"down":{"uv":[7.0,0.0,6.5,0.5],"rotation":0,"texture":"#4","tintindex":0}}},{"from":[6.7,4.0,7.142857],"to":[9.042857,4.5714283,9.442858],"rotation":{"angle":0.0,"axis":"y","origin":[7.857143,8.285714,8.285714]},"faces":{"east":{"uv":[10.625,3.875,11.125,4.0],"rotation":0,"texture":"#4","tintindex":0},"south":{"uv":[10.625,4.625,11.125,4.75],"rotation":0,"texture":"#4","tintindex":0},"north":{"uv":[10.625,2.375,11.125,2.5],"rotation":0,"texture":"#4","tintindex":0},"west":{"uv":[5.125,10.625,5.625,10.75],"rotation":0,"texture":"#4","tintindex":0},"up":{"uv":[7.25,4.875,6.75,4.375],"rotation":0,"texture":"#4","tintindex":0},"down":{"uv":[7.25,5.0,6.75,5.5],"rotation":0,"texture":"#4","tintindex":0}}}],"textures":{"0":"modelengine:entity/boneshadingsoldier","4":"modelengine:entity/fallensoldieranimated"},"display":{"head":{"translation":[0.0,-6.4,0.0],"scale":[4.0,4.0,4.0]}}}