{"elements":[{"from":[7.164819,7.273116,7.142857],"to":[8.879105,8.415973,8.857143],"rotation":{"angle":0.0,"axis":"y","origin":[8.021961,7.8445444,8.0]},"faces":{"east":{"uv":[0.0,2.0,6.0,6.0],"rotation":0,"texture":"#0","tintindex":0},"south":{"uv":[0.0,0.0,6.0,4.0],"rotation":0,"texture":"#0","tintindex":0},"north":{"uv":[0.0,2.0,6.0,6.0],"rotation":0,"texture":"#0","tintindex":0},"west":{"uv":[0.0,2.0,6.0,6.0],"rotation":0,"texture":"#0","tintindex":0},"up":{"uv":[72.968,60.968,70.032,58.032],"rotation":0,"texture":"#missing","tintindex":0},"down":{"uv":[72.968,62.032,70.032,64.968],"rotation":0,"texture":"#missing","tintindex":0}}},{"from":[7.0219617,5.5588303,7.0],"to":[9.021961,7.273116,9.0],"rotation":{"angle":0.0,"axis":"y","origin":[11.450533,-1.8697414,8.0]},"faces":{"east":{"uv":[6.875,2.0,7.375,2.375],"rotation":0,"texture":"#4","tintindex":0},"south":{"uv":[2.5,6.875,3.0,7.25],"rotation":0,"texture":"#4","tintindex":0},"north":{"uv":[1.875,6.875,2.375,7.25],"rotation":0,"texture":"#4","tintindex":0},"west":{"uv":[6.875,2.5,7.375,2.875],"rotation":0,"texture":"#4","tintindex":0},"up":{"uv":[1.125,6.0,0.625,5.5],"rotation":0,"texture":"#4","tintindex":0},"down":{"uv":[6.0,4.0,5.5,4.5],"rotation":0,"texture":"#4","tintindex":0}}},{"from":[6.736247,5.5588303,7.285714],"to":[7.0219617,7.273116,7.857143],"rotation":{"angle":0.0,"axis":"y","origin":[11.021962,-1.8697414,8.0]},"faces":{"east":{"uv":[3.25,10.875,3.375,11.25],"rotation":0,"texture":"#4","tintindex":0},"south":{"uv":[10.875,4.125,11.0,4.5],"rotation":0,"texture":"#4","tintindex":0},"north":{"uv":[10.875,1.75,11.0,2.125],"rotation":0,"texture":"#4","tintindex":0},"west":{"uv":[10.875,4.875,11.0,5.25],"rotation":0,"texture":"#4","tintindex":0},"up":{"uv":[3.875,11.875,3.75,11.75],"rotation":0,"texture":"#4","tintindex":0},"down":{"uv":[4.125,11.75,4.0,11.875],"rotation":0,"texture":"#4","tintindex":0}}},{"from":[7.0219617,6.1302586,6.9142857],"to":[9.021961,6.7016873,7.0],"rotation":{"angle":0.0,"axis":"y","origin":[13.879105,5.4159727,11.714286]},"faces":{"east":{"uv":[11.75,8.25,11.875,8.375],"rotation":0,"texture":"#4","tintindex":0},"south":{"uv":[9.875,9.125,10.375,9.25],"rotation":0,"texture":"#4","tintindex":0},"north":{"uv":[9.875,6.25,10.375,6.375],"rotation":0,"texture":"#4","tintindex":0},"west":{"uv":[11.75,8.5,11.875,8.625],"rotation":0,"texture":"#4","tintindex":0},"up":{"uv":[10.375,9.5,9.875,9.375],"rotation":0,"texture":"#4","tintindex":0},"down":{"uv":[10.5,0.0,10.0,0.125],"rotation":0,"texture":"#4","tintindex":0}}},{"from":[7.0219617,6.1302586,9.0],"to":[9.021961,6.7016873,9.085714],"rotation":{"angle":0.0,"axis":"y","origin":[13.879105,5.4159727,11.714286]},"faces":{"east":{"uv":[9.625,11.75,9.75,11.875],"rotation":0,"texture":"#4","tintindex":0},"south":{"uv":[6.5,10.0,7.0,10.125],"rotation":0,"texture":"#4","tintindex":0},"north":{"uv":[10.0,4.75,10.5,4.875],"rotation":0,"texture":"#4","tintindex":0},"west":{"uv":[11.75,9.75,11.875,9.875],"rotation":0,"texture":"#4","tintindex":0},"up":{"uv":[10.5,6.875,10.0,6.75],"rotation":0,"texture":"#4","tintindex":0},"down":{"uv":[10.5,7.0,10.0,7.125],"rotation":0,"texture":"#4","tintindex":0}}},{"from":[6.9362473,6.1302586,7.0],"to":[7.0219617,6.7016873,9.0],"rotation":{"angle":0.0,"axis":"y","origin":[8.307676,5.4159727,9.857143]},"faces":{"east":{"uv":[10.0,0.25,10.5,0.375],"rotation":0,"texture":"#4","tintindex":0},"south":{"uv":[11.75,9.0,11.875,9.125],"rotation":0,"texture":"#4","tintindex":0},"north":{"uv":[11.75,8.75,11.875,8.875],"rotation":0,"texture":"#4","tintindex":0},"west":{"uv":[10.0,1.625,10.5,1.75],"rotation":0,"texture":"#4","tintindex":0},"up":{"uv":[5.875,10.375,5.75,9.875],"rotation":0,"texture":"#4","tintindex":0},"down":{"uv":[10.125,1.875,10.0,2.375],"rotation":0,"texture":"#4","tintindex":0}}},{"from":[9.021961,6.1302586,7.0],"to":[9.107676,6.7016873,9.0],"rotation":{"angle":0.0,"axis":"y","origin":[8.307676,5.4159727,9.857143]},"faces":{"east":{"uv":[10.0,2.5,10.5,2.625],"rotation":0,"texture":"#4","tintindex":0},"south":{"uv":[11.75,9.5,11.875,9.625],"rotation":0,"texture":"#4","tintindex":0},"north":{"uv":[11.75,9.25,11.875,9.375],"rotation":0,"texture":"#4","tintindex":0},"west":{"uv":[10.0,3.875,10.5,4.0],"rotation":0,"texture":"#4","tintindex":0},"up":{"uv":[4.125,10.5,4.0,10.0],"rotation":0,"texture":"#4","tintindex":0},"down":{"uv":[10.125,4.125,10.0,4.625],"rotation":0,"texture":"#4","tintindex":0}}},{"from":[6.736247,5.5588303,8.142858],"to":[7.0219617,7.273116,8.714286],"rotation":{"angle":0.0,"axis":"y","origin":[11.021962,-1.8697414,8.0]},"faces":{"east":{"uv":[5.25,10.875,5.375,11.25],"rotation":0,"texture":"#4","tintindex":0},"south":{"uv":[5.5,10.875,5.625,11.25],"rotation":0,"texture":"#4","tintindex":0},"north":{"uv":[5.0,10.875,5.125,11.25],"rotation":0,"texture":"#4","tintindex":0},"west":{"uv":[6.5,10.875,6.625,11.25],"rotation":0,"texture":"#4","tintindex":0},"up":{"uv":[4.375,11.875,4.25,11.75],"rotation":0,"texture":"#4","tintindex":0},"down":{"uv":[11.875,4.25,11.75,4.375],"rotation":0,"texture":"#4","tintindex":0}}},{"from":[6.8791046,3.2731156,6.857143],"to":[9.164819,5.5588303,9.142858],"rotation":{"angle":0.0,"axis":"y","origin":[11.450533,-1.8697414,8.0]},"faces":{"east":{"uv":[5.5,5.25,6.0,5.75],"rotation":0,"texture":"#4","tintindex":0},"south":{"uv":[5.625,1.25,6.125,1.75],"rotation":0,"texture":"#4","tintindex":0},"north":{"uv":[5.5,4.625,6.0,5.125],"rotation":0,"texture":"#4","tintindex":0},"west":{"uv":[5.625,1.875,6.125,2.375],"rotation":0,"texture":"#4","tintindex":0},"up":{"uv":[2.875,6.125,2.375,5.625],"rotation":0,"texture":"#4","tintindex":0},"down":{"uv":[6.125,2.5,5.625,3.0],"rotation":0,"texture":"#4","tintindex":0}}}],"textures":{"0":"modelengine:entity/boneshadingsoldier","4":"modelengine:entity/fallensoldieranimated"},"display":{"head":{"translation":[0.0,-6.4,0.0],"scale":[4.0,4.0,4.0]}}}