{"elements":[{"from":[6.857143,5.714286,6.857143],"to":[9.142858,8.571428,9.142858],"rotation":{"angle":0.0,"axis":"y","origin":[6.9142857,0.5714283,8.0]},"faces":{"east":{"uv":[0.0,5.0,0.5,5.625],"rotation":0,"texture":"#4","tintindex":0},"south":{"uv":[5.0,1.25,5.5,1.875],"rotation":0,"texture":"#4","tintindex":0},"north":{"uv":[4.875,4.25,5.375,4.875],"rotation":0,"texture":"#4","tintindex":0},"west":{"uv":[5.0,2.0,5.5,2.625],"rotation":0,"texture":"#4","tintindex":0},"up":{"uv":[7.0,1.125,6.5,0.625],"rotation":0,"texture":"#4","tintindex":0},"down":{"uv":[1.75,6.5,1.25,7.0],"rotation":0,"texture":"#4","tintindex":0}}},{"from":[7.0,4.5714283,7.142857],"to":[8.714286,5.714286,8.857143],"rotation":{"angle":0.0,"axis":"y","origin":[6.9142857,0.5714283,8.0]},"faces":{"east":{"uv":[0.0,4.0,6.0,8.0],"rotation":0,"texture":"#0","tintindex":0},"south":{"uv":[0.0,0.0,6.0,4.0],"rotation":0,"texture":"#0","tintindex":0},"north":{"uv":[6.0,4.0,0.0,8.0],"rotation":0,"texture":"#0","tintindex":0},"west":{"uv":[0.0,4.0,6.0,8.0],"rotation":0,"texture":"#0","tintindex":0},"up":{"uv":[14.968,74.968,12.032,72.032],"rotation":0,"texture":"#missing","tintindex":0},"down":{"uv":[0.0,4.0,6.0,8.0],"rotation":0,"texture":"#0","tintindex":0}}}],"textures":{"0":"modelengine:entity/boneshadingsoldier","4":"modelengine:entity/fallensoldieranimated"},"display":{"head":{"translation":[0.0,-6.4,0.0],"scale":[4.0,4.0,4.0]}}}