{"elements":[{"from":[7.142857,6.857143,7.428571],"to":[8.857143,8.142858,9.142858],"rotation":{"angle":0.0,"axis":"y","origin":[7.0571427,4.0,8.285714]},"faces":{"east":{"uv":[0.0,8.0,6.0,12.0],"rotation":0,"texture":"#0","tintindex":0},"south":{"uv":[0.0,0.0,6.0,4.0],"rotation":0,"texture":"#0","tintindex":0},"north":{"uv":[6.0,8.0,0.0,12.0],"rotation":0,"texture":"#0","tintindex":0},"west":{"uv":[0.0,8.0,6.0,12.0],"rotation":0,"texture":"#0","tintindex":0},"up":{"uv":[0.0,4.0,6.0,8.0],"rotation":0,"texture":"#0","tintindex":0},"down":{"uv":[54.968,72.032,52.032,74.968],"rotation":0,"texture":"#missing","tintindex":0}}},{"from":[7.142857,7.428571,6.857143],"to":[8.857143,8.571428,7.428571],"rotation":{"angle":0.0,"axis":"y","origin":[7.0571427,4.0,8.285714]},"faces":{"east":{"uv":[1.125,11.375,1.25,11.625],"rotation":0,"texture":"#4","tintindex":0},"south":{"uv":[3.0,9.125,3.375,9.375],"rotation":0,"texture":"#4","tintindex":0},"north":{"uv":[2.5,9.125,2.875,9.375],"rotation":0,"texture":"#4","tintindex":0},"west":{"uv":[2.0,11.375,2.125,11.625],"rotation":0,"texture":"#4","tintindex":0},"up":{"uv":[11.375,2.75,11.0,2.625],"rotation":0,"texture":"#4","tintindex":0},"down":{"uv":[11.375,2.875,11.0,3.0],"rotation":0,"texture":"#4","tintindex":0}}},{"from":[7.0,7.428571,7.428571],"to":[9.0,8.0,9.285714],"rotation":{"angle":0.0,"axis":"y","origin":[7.0571427,4.0,8.285714]},"faces":{"east":{"uv":[11.0,3.125,11.375,3.25],"rotation":0,"texture":"#4","tintindex":0},"south":{"uv":[7.875,10.25,8.375,10.375],"rotation":0,"texture":"#4","tintindex":0},"north":{"uv":[10.25,7.25,10.75,7.375],"rotation":0,"texture":"#4","tintindex":0},"west":{"uv":[11.0,5.375,11.375,5.5],"rotation":0,"texture":"#4","tintindex":0},"up":{"uv":[7.875,6.0,7.375,5.625],"rotation":0,"texture":"#4","tintindex":0},"down":{"uv":[7.875,6.125,7.375,6.5],"rotation":0,"texture":"#4","tintindex":0}}},{"from":[7.0,4.5714283,7.142857],"to":[9.285714,6.857143,9.428572],"rotation":{"angle":0.0,"axis":"y","origin":[8.142858,10.571428,8.285714]},"faces":{"east":{"uv":[3.75,6.5,4.25,7.0],"rotation":0,"texture":"#4","tintindex":0},"south":{"uv":[5.5,6.5,6.0,7.0],"rotation":0,"texture":"#4","tintindex":0},"north":{"uv":[3.125,6.5,3.625,7.0],"rotation":0,"texture":"#4","tintindex":0},"west":{"uv":[6.625,3.125,7.125,3.625],"rotation":0,"texture":"#4","tintindex":0},"up":{"uv":[1.125,7.25,0.625,6.75],"rotation":0,"texture":"#4","tintindex":0},"down":{"uv":[7.25,3.75,6.75,4.25],"rotation":0,"texture":"#4","tintindex":0}}},{"from":[6.957143,4.0,7.142857],"to":[9.3,4.5714283,9.442858],"rotation":{"angle":0.0,"axis":"y","origin":[8.142858,8.285714,8.285714]},"faces":{"east":{"uv":[10.625,7.0,11.125,7.125],"rotation":0,"texture":"#4","tintindex":0},"south":{"uv":[10.625,7.5,11.125,7.625],"rotation":0,"texture":"#4","tintindex":0},"north":{"uv":[10.625,6.75,11.125,6.875],"rotation":0,"texture":"#4","tintindex":0},"west":{"uv":[10.625,7.75,11.125,7.875],"rotation":0,"texture":"#4","tintindex":0},"up":{"uv":[7.25,6.125,6.75,5.625],"rotation":0,"texture":"#4","tintindex":0},"down":{"uv":[7.25,6.25,6.75,6.75],"rotation":0,"texture":"#4","tintindex":0}}}],"textures":{"0":"modelengine:entity/boneshadingsoldier","4":"modelengine:entity/fallensoldieranimated"},"display":{"head":{"translation":[0.0,-6.4,0.0],"scale":[4.0,4.0,4.0]}}}