{"elements":[{"from":[7.428571,7.428571,7.428571],"to":[8.571428,8.571428,8.571428],"rotation":{"angle":0.0,"axis":"y","origin":[3.4285712,2.8571424,6.857143]},"faces":{"east":{"uv":[3.25,10.25,3.75,10.75],"rotation":0,"texture":"#0","tintindex":0},"south":{"uv":[3.25,9.75,3.75,10.25],"rotation":0,"texture":"#0","tintindex":0},"north":{"uv":[2.75,10.25,3.25,10.75],"rotation":0,"texture":"#0","tintindex":0},"west":{"uv":[2.75,9.75,3.25,10.25],"rotation":0,"texture":"#0","tintindex":0},"up":{"uv":[3.75,9.75,4.25,10.25],"rotation":0,"texture":"#0","tintindex":0},"down":{"uv":[3.75,10.25,4.25,10.75],"rotation":0,"texture":"#0","tintindex":0}}}],"textures":{"0":"modelengine:entity/mimic"},"display":{"head":{"translation":[0.0,-6.4,0.0],"scale":[4.0,4.0,4.0]}}}