{"elements":[{"from":[7.428571,6.285714,7.428571],"to":[8.571428,8.0,9.142858],"rotation":{"angle":0.0,"axis":"y","origin":[9.714286,11.428572,8.0]},"faces":{"east":{"uv":[8.75,3.25,9.5,4.0],"rotation":0,"texture":"#0","tintindex":0},"south":{"uv":[7.5,9.0,8.0,9.75],"rotation":0,"texture":"#0","tintindex":0},"north":{"uv":[7.0,9.0,7.5,9.75],"rotation":0,"texture":"#0","tintindex":0},"west":{"uv":[8.75,4.0,9.5,4.75],"rotation":0,"texture":"#0","tintindex":0},"up":{"uv":[8.5,9.75,8.0,9.0],"rotation":0,"texture":"#0","tintindex":0},"down":{"uv":[9.0,9.0,8.5,9.75],"rotation":0,"texture":"#0","tintindex":0}}}],"textures":{"0":"modelengine:entity/bulb_amethyst"},"display":{"head":{"translation":[0.0,-6.4,0.0],"scale":[4.0,4.0,4.0]}}}